date,close
1997-07-02,8996.7197265625
1997-07-03,9027.6298828125
1997-07-04,9192.5703125
1997-07-07,9322.83984375
1997-07-08,9305.26953125
1997-07-09,9362.6796875
1997-07-10,9429.740234375
1997-07-11,9394.6298828125
1997-07-14,9593.5400390625
1997-07-15,9555.98046875
1997-07-16,9544.5595703125
1997-07-17,9571.7998046875
1997-07-18,9677.400390625
1997-07-21,9833.76953125
1997-07-22,9550.400390625
1997-07-23,9381.0595703125
1997-07-24,9632.419921875
1997-07-25,9808.91015625
1997-07-28,9923.0498046875
1997-07-29,9892.33984375
1997-07-30,9942.7900390625
1997-07-31,10066.349609375
1997-08-01,10001.5595703125
1997-08-04,10065.759765625
1997-08-05,9919.6796875
1997-08-06,9861.4697265625
1997-08-07,9840.8798828125
1997-08-08,9923.83984375
1997-08-11,9897.26953125
1997-08-12,9807.740234375
1997-08-13,9556.1201171875
1997-08-14,9632.33984375
1997-08-15,9770.7998046875
1997-08-19,9712.4501953125
1997-08-20,9855.16015625
1997-08-21,10025.1298828125
1997-08-22,10020.5498046875
1997-08-25,10011.4697265625
1997-08-26,10116.83984375
1997-08-27,10050.669921875
1997-08-28,9827.490234375
1997-09-01,9504.990234375
1997-09-02,9211.669921875
1997-09-03,9460.759765625
1997-09-04,9147.849609375
1997-09-05,9290.3896484375
1997-09-08,9149.2900390625
1997-09-09,9079.3603515625
1997-09-10,9145.1796875
1997-09-11,9115.099609375
1997-09-12,9155.240234375
1997-09-15,8932.01953125
1997-09-17,9087.5498046875
1997-09-18,9141.330078125
1997-09-19,9243.7099609375
1997-09-22,9220.990234375
1997-09-23,9073.76953125
1997-09-24,8994.01953125
1997-09-25,8791.8095703125
1997-09-26,8719.0
1997-09-30,8708.830078125
1997-10-01,8695.01953125
1997-10-02,8504.66015625
1997-10-03,8537.1796875
1997-10-06,8392.58984375
1997-10-07,8221.349609375
1997-10-08,8255.8203125
1997-10-09,8461.8701171875
1997-10-13,8463.16015625
1997-10-14,8429.349609375
1997-10-15,8262.400390625
1997-10-16,7997.81005859375
1997-10-17,7832.14990234375
1997-10-20,7316.77978515625
1997-10-21,7734.0498046875
1997-10-22,7692.47021484375
1997-10-23,7825.009765625
1997-10-24,7719.0400390625
1997-10-27,7662.52978515625
1997-10-28,7210.009765625
1997-10-29,7089.56005859375
1997-10-30,7313.39990234375
1997-11-03,7646.35009765625
1997-11-04,7785.31982421875
1997-11-05,7864.22021484375
1997-11-06,8076.77001953125
1997-11-07,7860.08984375
1997-11-10,7767.14013671875
1997-11-11,7712.16015625
1997-11-13,7554.93994140625
1997-11-14,7482.919921875
1997-11-17,7690.5400390625
1997-11-18,7644.97021484375
1997-11-19,7705.39990234375
1997-11-20,7693.2900390625
1997-11-21,7773.35009765625
1997-11-24,7756.25
1997-11-25,7759.97021484375
1997-11-26,7698.240234375
1997-11-27,7762.14990234375
1997-11-28,7797.18994140625
1997-12-01,7400.64013671875
1997-12-02,7679.52978515625
1997-12-03,7902.509765625
1997-12-04,8050.1298828125
1997-12-05,8166.8701171875
1997-12-08,8402.169921875
1997-12-09,8333.490234375
1997-12-10,8503.5498046875
1997-12-11,8270.580078125
1997-12-12,8398.26953125
1997-12-15,8241.490234375
1997-12-16,8193.650390625
1997-12-17,8347.2001953125
1997-12-18,8255.0498046875
1997-12-19,8092.580078125
1997-12-22,8104.02978515625
1997-12-23,8038.31005859375
1997-12-24,8075.0498046875
1997-12-26,8132.5
1997-12-29,8076.64990234375
1997-12-30,8145.77001953125
1997-12-31,8187.27001953125
1998-01-05,8028.6298828125
1998-01-06,7966.18017578125
1998-01-07,7835.56005859375
1998-01-08,7778.16015625
1998-01-09,7737.2001953125
1998-01-12,7375.14013671875
1998-01-13,7513.240234375
1998-01-14,7798.25
1998-01-15,7770.77001953125
1998-01-16,7799.10009765625
1998-01-19,7847.6201171875
1998-01-20,7907.68017578125
1998-01-21,8098.64990234375
1998-01-22,8085.47021484375
1998-02-02,8405.1103515625
1998-02-03,8514.1796875
1998-02-04,8470.6103515625
1998-02-05,8621.9697265625
1998-02-06,8544.1396484375
1998-02-09,8634.6103515625
1998-02-10,8567.66015625
1998-02-11,8713.419921875
1998-02-12,8800.01953125
1998-02-13,8706.4599609375
1998-02-16,8708.2900390625
1998-02-17,8782.08984375
1998-02-18,8837.33984375
1998-02-19,8978.509765625
1998-02-20,9037.48046875
1998-02-23,9147.0
1998-02-24,9066.4599609375
1998-02-25,9027.099609375
1998-02-26,9229.1904296875
1998-02-27,9202.5595703125
1998-03-02,9277.08984375
1998-03-03,9211.830078125
1998-03-04,8977.5400390625
1998-03-05,8765.3203125
1998-03-06,8847.650390625
1998-03-09,8887.3603515625
1998-03-10,8897.26953125
1998-03-11,9030.5498046875
1998-03-12,9056.3701171875
1998-03-13,9055.509765625
1998-03-16,9065.2998046875
1998-03-17,9045.5498046875
1998-03-18,8952.66015625
1998-03-19,8859.41015625
1998-03-20,8904.23046875
1998-03-23,8757.58984375
1998-03-24,8806.849609375
1998-03-25,9040.75
1998-03-26,9014.169921875
1998-03-27,9095.830078125
1998-03-30,9088.9599609375
1998-03-31,9091.16015625
1998-04-01,9041.5
1998-04-02,9013.099609375
1998-04-03,9134.0595703125
1998-04-07,9266.6796875
1998-04-08,9263.4404296875
1998-04-09,9090.3095703125
1998-04-10,9054.01953125
1998-04-13,8863.1103515625
1998-04-14,8764.580078125
1998-04-15,8807.3095703125
1998-04-16,8780.2099609375
1998-04-17,8619.490234375
1998-04-20,8508.5595703125
1998-04-21,8440.2001953125
1998-04-22,8636.509765625
1998-04-23,8613.9599609375
1998-04-24,8636.1103515625
1998-04-27,8471.6201171875
1998-04-28,8434.669921875
1998-04-29,8348.349609375
1998-04-30,8304.2099609375
1998-05-04,8360.599609375
1998-05-05,8330.150390625
1998-05-06,8325.6396484375
1998-05-07,8290.3701171875
1998-05-08,8210.83984375
1998-05-11,8378.8798828125
1998-05-12,8278.4296875
1998-05-13,8202.900390625
1998-05-14,8193.5
1998-05-15,8167.5
1998-05-18,8134.89013671875
1998-05-19,8136.27001953125
1998-05-20,8267.490234375
1998-05-21,8369.3203125
1998-05-22,8384.91015625
1998-05-25,8314.08984375
1998-05-26,8178.39013671875
1998-05-27,8068.169921875
1998-05-28,8124.5
1998-05-29,7903.33984375
1998-06-01,7606.25
1998-06-02,7565.64013671875
1998-06-03,7643.2001953125
1998-06-04,7425.9599609375
1998-06-05,7505.580078125
1998-06-08,7591.27001953125
1998-06-09,7455.6298828125
1998-06-10,7223.1298828125
1998-06-11,7210.740234375
1998-06-12,7117.10986328125
1998-06-15,7283.830078125
1998-06-16,7404.27001953125
1998-06-17,7466.3798828125
1998-06-18,7768.31005859375
1998-06-19,7754.43017578125
1998-06-22,7692.91015625
1998-06-23,7633.35986328125
1998-06-24,7670.7099609375
1998-06-25,7722.64013671875
1998-06-26,7681.9599609375
1998-06-29,7535.72998046875
1998-06-30,7548.81005859375
1998-07-02,7817.10986328125
1998-07-03,7758.6298828125
1998-07-06,7894.85009765625
1998-07-07,7845.97021484375
1998-07-08,7936.81982421875
1998-07-09,7947.52978515625
1998-07-10,7883.16015625
1998-07-13,7815.52978515625
1998-07-14,7789.22021484375
1998-07-15,7875.91015625
1998-07-16,7924.83984375
1998-07-17,8032.85986328125
1998-07-20,8047.669921875
1998-07-21,7949.2001953125
1998-07-22,7881.06005859375
1998-07-23,7879.89013671875
1998-07-24,7902.39990234375
1998-07-27,7890.2998046875
1998-07-28,7830.14013671875
1998-07-29,7775.330078125
1998-07-30,7730.43017578125
1998-07-31,7653.509765625
1998-08-03,7599.0400390625
1998-08-04,7593.14013671875
1998-08-05,7499.72998046875
1998-08-06,7471.740234375
1998-08-07,7530.02001953125
1998-08-10,7372.1201171875
1998-08-11,7383.97998046875
1998-08-12,7351.509765625
1998-08-13,7362.5498046875
1998-08-14,7348.0400390625
1998-08-17,7273.85009765625
1998-08-18,7181.58984375
1998-08-19,7293.39990234375
1998-08-20,7270.83984375
1998-08-21,7213.3701171875
1998-08-24,6957.75
1998-08-25,6908.330078125
1998-08-26,6814.330078125
1998-08-27,6813.2998046875
1998-08-28,6723.77001953125
1998-08-31,6550.10986328125
1998-09-01,6335.08984375
1998-09-02,6471.68017578125
1998-09-03,6251.3798828125
1998-09-04,6463.14990234375
1998-09-07,6800.72998046875
1998-09-08,6942.259765625
1998-09-09,6894.56982421875
1998-09-10,6803.830078125
1998-09-11,6841.830078125
1998-09-14,6860.169921875
1998-09-15,6857.9599609375
1998-09-16,6972.5400390625
1998-09-17,7000.52001953125
1998-09-18,6961.759765625
1998-09-21,7029.39990234375
1998-09-22,7033.990234375
1998-09-23,6962.169921875
1998-09-24,6979.9501953125
1998-09-25,6979.89013671875
1998-09-28,6910.60986328125
1998-09-29,6884.5
1998-09-30,6833.9501953125
1998-10-01,6702.06005859375
1998-10-02,6436.0
1998-10-06,6534.64990234375
1998-10-07,6674.89013671875
1998-10-08,6970.22998046875
1998-10-09,6944.169921875
1998-10-12,6920.4501953125
1998-10-13,6909.22021484375
1998-10-14,6819.1201171875
1998-10-15,6799.8798828125
1998-10-19,6904.56005859375
1998-10-20,6848.72021484375
1998-10-21,7021.419921875
1998-10-22,6987.7900390625
1998-10-23,7055.4599609375
1998-10-26,7050.31982421875
1998-10-27,7036.6298828125
1998-10-28,6962.08984375
1998-10-29,7016.89013671875
1998-10-30,7101.4599609375
1998-11-02,7218.08984375
1998-11-03,7071.43994140625
1998-11-04,6905.31982421875
1998-11-05,6957.27001953125
1998-11-06,6889.64990234375
1998-11-09,6957.39990234375
1998-11-10,6812.2998046875
1998-11-11,6654.7900390625
1998-11-13,6829.6201171875
1998-11-16,7003.8701171875
1998-11-17,7131.89990234375
1998-11-18,7100.14013671875
1998-11-19,7300.33984375
1998-11-20,7380.52978515625
1998-11-23,7312.259765625
1998-11-24,7435.83984375
1998-11-25,7213.5
1998-11-26,7377.85986328125
1998-11-27,7320.1201171875
1998-11-30,7177.22021484375
1998-12-01,7102.3701171875
1998-12-02,7157.22021484375
1998-12-03,7140.10986328125
1998-12-04,7201.83984375
1998-12-07,7303.33984375
1998-12-08,7212.68017578125
1998-12-09,7117.91015625
1998-12-10,7048.56982421875
1998-12-11,6939.740234375
1998-12-14,6889.5
1998-12-15,6936.81982421875
1998-12-16,6769.52001953125
1998-12-17,6650.64013671875
1998-12-18,6636.66015625
1998-12-21,6558.27978515625
1998-12-22,6782.68017578125
1998-12-23,6688.64990234375
1998-12-24,6683.0
1998-12-28,6481.64990234375
1998-12-29,6478.27001953125
1998-12-30,6462.02978515625
1998-12-31,6418.43017578125
1999-01-05,6152.43017578125
1999-01-06,6199.91015625
1999-01-07,6404.31005859375
1999-01-08,6421.75
1999-01-11,6406.990234375
1999-01-12,6363.89013671875
1999-01-13,6319.33984375
1999-01-14,6241.31982421875
1999-01-15,6454.60009765625
1999-01-18,6377.25
1999-01-19,6343.35986328125
1999-01-20,6310.7099609375
1999-01-21,6332.2001953125
1999-01-22,6228.9501953125
1999-01-25,6032.14990234375
1999-01-26,6115.64013671875
1999-01-27,6138.8701171875
1999-01-28,6063.41015625
1999-01-29,5984.0
1999-02-01,5862.7900390625
1999-02-02,5749.64013671875
1999-02-03,5743.85986328125
1999-02-04,5514.89013671875
1999-02-05,5474.7900390625
1999-02-08,5822.97998046875
1999-02-09,5723.72998046875
1999-02-10,5798.0
1999-02-22,6313.6298828125
1999-02-23,6180.93994140625
1999-02-24,6238.8701171875
1999-02-25,6275.52978515625
1999-02-26,6318.52001953125
1999-03-01,6312.25
1999-03-02,6263.5400390625
1999-03-03,6403.14013671875
1999-03-04,6393.740234375
1999-03-05,6383.08984375
1999-03-08,6431.9599609375
1999-03-09,6493.43017578125
1999-03-10,6486.60986328125
1999-03-11,6436.7998046875
1999-03-12,6462.72998046875
1999-03-15,6598.31982421875
1999-03-16,6672.22998046875
1999-03-17,6757.06982421875
1999-03-18,6895.009765625
1999-03-19,6997.2900390625
1999-03-22,7043.22998046875
1999-03-23,6945.47998046875
1999-03-24,6889.419921875
1999-03-25,6941.3798828125
1999-03-26,7033.25
1999-03-29,6901.68017578125
1999-03-30,6898.66015625
1999-03-31,6881.72021484375
1999-04-01,7018.68017578125
1999-04-02,7232.509765625
1999-04-06,7163.990234375
1999-04-07,7135.89013671875
1999-04-08,7273.41015625
1999-04-09,7265.7001953125
1999-04-12,7242.39990234375
1999-04-13,7337.85009765625
1999-04-14,7398.64990234375
1999-04-15,7498.169921875
1999-04-16,7466.81982421875
1999-04-19,7623.18017578125
1999-04-20,7627.740234375
1999-04-21,7474.16015625
1999-04-22,7494.60009765625
1999-04-23,7612.7998046875
1999-04-26,7629.08984375
1999-04-27,7550.1298828125
1999-04-28,7496.60986328125
1999-04-29,7289.6201171875
1999-04-30,7371.169921875
1999-05-03,7383.259765625
1999-05-04,7588.0400390625
1999-05-05,7572.16015625
1999-05-06,7560.0498046875
1999-05-07,7469.330078125
1999-05-10,7484.3701171875
1999-05-11,7474.4501953125
1999-05-12,7448.41015625
1999-05-13,7416.2001953125
1999-05-14,7592.52978515625
1999-05-17,7599.759765625
1999-05-18,7585.509765625
1999-05-19,7614.60009765625
1999-05-20,7608.8798828125
1999-05-21,7606.68994140625
1999-05-24,7588.22998046875
1999-05-25,7417.02978515625
1999-05-26,7426.6298828125
1999-05-27,7469.009765625
1999-05-28,7387.3701171875
1999-05-31,7316.56982421875
1999-06-01,7397.6201171875
1999-06-02,7488.02978515625
1999-06-03,7572.91015625
1999-06-04,7590.43994140625
1999-06-07,7802.68994140625
1999-06-08,7892.1298828125
1999-06-09,7957.7099609375
1999-06-10,7996.759765625
1999-06-11,7979.39990234375
1999-06-14,7973.580078125
1999-06-15,7960.0
1999-06-16,8059.02001953125
1999-06-17,8274.3603515625
1999-06-21,8413.48046875
1999-06-22,8608.91015625
1999-06-23,8492.3203125
1999-06-24,8589.3095703125
1999-06-25,8265.9599609375
1999-06-28,8281.4501953125
1999-06-29,8514.26953125
1999-06-30,8467.3701171875
1999-07-02,8572.08984375
1999-07-05,8593.349609375
1999-07-06,8454.490234375
1999-07-07,8470.0703125
1999-07-08,8592.4296875
1999-07-09,8550.26953125
1999-07-12,8463.900390625
1999-07-13,8204.5
1999-07-14,7888.66015625
1999-07-15,7918.0400390625
1999-07-16,7411.580078125
1999-07-19,7386.89013671875
1999-07-20,7806.85009765625
1999-07-21,7786.64990234375
1999-07-22,7678.669921875
1999-07-23,7724.52001953125
1999-07-26,7595.7099609375
1999-07-27,7367.97021484375
1999-07-28,7484.5
1999-07-29,7359.3701171875
1999-07-30,7413.10986328125
1999-08-02,7195.93994140625
1999-08-03,7175.18994140625
1999-08-04,7110.7998046875
1999-08-05,6959.72998046875
1999-08-06,6823.52001953125
1999-08-09,7028.009765625
1999-08-10,7269.60009765625
1999-08-11,7228.68017578125
1999-08-12,7330.240234375
1999-08-13,7626.0498046875
1999-08-16,8018.47021484375
1999-08-17,8083.43017578125
1999-08-18,7993.7099609375
1999-08-19,7964.669921875
1999-08-20,8117.419921875
1999-08-23,8119.97998046875
1999-08-24,7984.39013671875
1999-08-25,8127.08984375
1999-08-26,8097.56982421875
1999-08-27,8053.97021484375
1999-08-30,8071.35986328125
1999-08-31,8157.72998046875
1999-09-01,8273.330078125
1999-09-02,8226.150390625
1999-09-03,8073.97021484375
1999-09-06,8130.27978515625
1999-09-07,7945.759765625
1999-09-08,7973.2998046875
1999-09-09,8025.02001953125
1999-09-10,8161.4599609375
1999-09-13,8178.68994140625
1999-09-14,8092.02001953125
1999-09-15,7971.0400390625
1999-09-16,7968.89990234375
1999-09-17,7916.919921875
1999-09-20,7972.14013671875
1999-09-27,7759.93017578125
1999-09-28,7577.85009765625
1999-09-29,7615.4501953125
1999-09-30,7598.7900390625
1999-10-01,7694.990234375
1999-10-04,7685.47998046875
1999-10-05,7557.009765625
1999-10-06,7501.6298828125
1999-10-07,7612.0
1999-10-08,7552.97998046875
1999-10-11,7607.10986328125
1999-10-12,7835.3701171875
1999-10-13,7836.93994140625
1999-10-14,7879.91015625
1999-10-15,7819.08984375
1999-10-18,7745.259765625
1999-10-19,7692.9599609375
1999-10-20,7666.64013671875
1999-10-21,7654.89990234375
1999-10-22,7559.6298828125
1999-10-25,7680.8701171875
1999-10-26,7700.2900390625
1999-10-27,7701.22021484375
1999-10-28,7681.85009765625
1999-10-29,7706.669921875
1999-11-01,7814.89013671875
1999-11-02,7721.58984375
1999-11-03,7580.08984375
1999-11-04,7469.22998046875
1999-11-05,7488.259765625
1999-11-08,7401.490234375
1999-11-09,7362.68994140625
1999-11-10,7401.81005859375
1999-11-11,7532.22021484375
1999-11-15,7545.02978515625
1999-11-16,7606.2001953125
1999-11-17,7645.77978515625
1999-11-18,7718.06005859375
1999-11-19,7770.81005859375
1999-11-22,8052.31005859375
1999-11-23,8046.18994140625
1999-11-24,7921.85009765625
1999-11-25,7904.52978515625
1999-11-26,7595.43994140625
1999-11-29,7823.89990234375
1999-11-30,7720.8701171875
1999-12-01,7766.2001953125
1999-12-02,7806.259765625
1999-12-03,7933.169921875
1999-12-06,7894.4599609375
1999-12-07,7827.0498046875
1999-12-08,7811.02001953125
1999-12-09,7738.83984375
1999-12-10,7733.740234375
1999-12-13,7883.60986328125
1999-12-14,7850.14013671875
1999-12-15,7859.89013671875
1999-12-16,7739.759765625
1999-12-17,7723.22021484375
1999-12-20,7782.93994140625
1999-12-21,7934.259765625
1999-12-22,8002.759765625
1999-12-23,8083.490234375
1999-12-24,8219.4501953125
1999-12-27,8415.0703125
1999-12-28,8448.83984375
2000-01-04,8756.5498046875
2000-01-05,8849.8701171875
2000-01-06,8922.0302734375
2000-01-07,8849.8701171875
2000-01-10,9102.599609375
2000-01-11,8927.0302734375
2000-01-12,9144.650390625
2000-01-13,9107.1904296875
2000-01-14,9023.240234375
2000-01-17,9315.4296875
2000-01-18,9250.1904296875
2000-01-19,9151.4404296875
2000-01-20,9136.9501953125
2000-01-21,9255.9404296875
2000-01-24,9387.0703125
2000-01-25,9372.3701171875
2000-01-26,9581.9599609375
2000-01-27,9628.98046875
2000-01-28,9696.91015625
2000-01-31,9744.8896484375
2000-02-01,9856.3896484375
2000-02-09,10008.8798828125
2000-02-10,10057.669921875
2000-02-11,10128.669921875
2000-02-14,9971.4501953125
2000-02-15,9957.740234375
2000-02-16,10064.490234375
2000-02-17,10202.2001953125
2000-02-18,10096.3798828125
2000-02-21,9912.669921875
2000-02-22,9731.9296875
2000-02-23,9642.259765625
2000-02-24,9599.169921875
2000-02-25,9432.490234375
2000-02-29,9435.9404296875
2000-03-01,9689.099609375
2000-03-02,9543.8203125
2000-03-03,9588.0302734375
2000-03-06,9367.91015625
2000-03-07,9380.0703125
2000-03-08,9389.490234375
2000-03-09,9587.26953125
2000-03-10,9429.599609375
2000-03-13,8811.9501953125
2000-03-14,8835.580078125
2000-03-15,8640.0302734375
2000-03-16,8682.759765625
2000-03-17,8763.26953125
2000-03-20,8536.0498046875
2000-03-21,9004.48046875
2000-03-22,9069.3896484375
2000-03-23,9533.8701171875
2000-03-24,9482.6396484375
2000-03-27,9807.5703125
2000-03-28,9856.599609375
2000-03-29,9805.6904296875
2000-03-30,9931.9404296875
2000-03-31,9854.9501953125
2000-04-05,10186.169921875
2000-04-06,9969.2802734375
2000-04-07,9921.0302734375
2000-04-10,10127.48046875
2000-04-11,10068.0498046875
2000-04-12,9911.3896484375
2000-04-13,9662.599609375
2000-04-14,9374.6103515625
2000-04-17,8993.6796875
2000-04-18,9307.0302734375
2000-04-19,9104.400390625
2000-04-20,9109.0498046875
2000-04-21,9120.48046875
2000-04-24,8808.08984375
2000-04-25,8921.1201171875
2000-04-26,8535.9599609375
2000-04-27,8541.9501953125
2000-04-28,8824.3603515625
2000-05-02,8638.75
2000-05-03,8420.0
2000-05-04,8425.3798828125
2000-05-05,8698.5302734375
2000-05-08,8616.1796875
2000-05-09,8635.83984375
2000-05-10,8559.8701171875
2000-05-11,8349.91015625
2000-05-12,8560.4404296875
2000-05-15,8465.01953125
2000-05-16,8727.8203125
2000-05-17,9085.740234375
2000-05-18,9087.2099609375
2000-05-19,9119.76953125
2000-05-22,8807.5703125
2000-05-23,8671.009765625
2000-05-24,8500.41015625
2000-05-25,8438.099609375
2000-05-26,8559.4599609375
2000-05-29,8588.25
2000-05-30,8764.419921875
2000-05-31,8939.51953125
2000-06-01,8842.6298828125
2000-06-02,8883.4501953125
2000-06-05,8958.2099609375
2000-06-07,9115.4697265625
2000-06-08,9067.8798828125
2000-06-09,9036.66015625
2000-06-12,8955.4404296875
2000-06-13,8891.08984375
2000-06-14,8935.23046875
2000-06-15,8844.9697265625
2000-06-16,8832.150390625
2000-06-19,8751.099609375
2000-06-20,8690.66015625
2000-06-21,8637.599609375
2000-06-22,8771.76953125
2000-06-23,8684.9296875
2000-06-26,8529.5595703125
2000-06-27,8424.169921875
2000-06-28,8365.6298828125
2000-06-29,8120.89013671875
2000-06-30,8265.08984375
2000-07-03,8297.76953125
2000-07-04,8052.5400390625
2000-07-05,8421.740234375
2000-07-06,8289.3896484375
2000-07-07,8173.080078125
2000-07-10,8154.669921875
2000-07-11,8158.6298828125
2000-07-12,8059.75
2000-07-13,8267.66015625
2000-07-14,8497.1298828125
2000-07-17,8585.51953125
2000-07-18,8368.7802734375
2000-07-19,8411.8798828125
2000-07-20,8219.5302734375
2000-07-21,8167.3701171875
2000-07-24,8064.2001953125
2000-07-25,7900.39013671875
2000-07-26,7961.5400390625
2000-07-27,7956.27978515625
2000-07-28,8122.10986328125
2000-07-31,8114.919921875
2000-08-01,7984.64990234375
2000-08-02,7916.85009765625
2000-08-03,7844.93017578125
2000-08-04,7925.2001953125
2000-08-07,7715.990234375
2000-08-08,7797.77978515625
2000-08-09,8048.14013671875
2000-08-10,8024.68994140625
2000-08-11,7974.64990234375
2000-08-14,7848.8701171875
2000-08-15,7845.68994140625
2000-08-16,8003.52978515625
2000-08-17,8143.25
2000-08-18,8176.81982421875
2000-08-21,8257.8798828125
2000-08-22,8118.0498046875
2000-08-24,8098.83984375
2000-08-25,8026.31982421875
2000-08-28,7845.8701171875
2000-08-29,7817.490234375
2000-08-30,7543.9599609375
2000-08-31,7616.97998046875
2000-09-01,7420.06005859375
2000-09-04,7803.02001953125
2000-09-05,7785.6201171875
2000-09-06,7610.77978515625
2000-09-07,7430.93017578125
2000-09-08,7367.990234375
2000-09-11,7335.2001953125
2000-09-13,7391.66015625
2000-09-14,7152.2900390625
2000-09-15,7155.4501953125
2000-09-18,6910.14013671875
2000-09-19,6734.89990234375
2000-09-20,6880.08984375
2000-09-21,6920.89990234375
2000-09-22,6612.08984375
2000-09-25,6677.4599609375
2000-09-26,6749.02978515625
2000-09-27,6717.0400390625
2000-09-28,6564.8701171875
2000-09-29,6432.35986328125
2000-10-02,6024.06982421875
2000-10-03,6143.43994140625
2000-10-04,5997.919921875
2000-10-05,6029.64990234375
2000-10-06,6353.669921875
2000-10-09,6209.419921875
2000-10-11,6040.5498046875
2000-10-12,5805.009765625
2000-10-13,5876.10986328125
2000-10-16,5630.9501953125
2000-10-17,5702.35986328125
2000-10-18,5432.22998046875
2000-10-19,5081.27978515625
2000-10-20,5404.77978515625
2000-10-23,5608.9501953125
2000-10-24,5918.6298828125
2000-10-25,6023.77978515625
2000-10-26,5941.85009765625
2000-10-27,5805.169921875
2000-10-30,5659.080078125
2000-10-31,5544.18017578125
2000-11-01,5425.02001953125
2000-11-02,5626.080078125
2000-11-03,5796.080078125
2000-11-06,5657.47998046875
2000-11-07,5877.77001953125
2000-11-08,6067.93994140625
2000-11-09,6089.5498046875
2000-11-10,6088.740234375
2000-11-13,5793.52001953125
2000-11-14,5772.509765625
2000-11-15,5737.02001953125
2000-11-16,5454.1298828125
2000-11-17,5351.35986328125
2000-11-20,4845.2099609375
2000-11-21,5103.0
2000-11-22,5130.60986328125
2000-11-23,5146.919921875
2000-11-24,5419.990234375
2000-11-27,5433.77978515625
2000-11-28,5362.259765625
2000-11-29,5319.4599609375
2000-11-30,5256.93017578125
2000-12-01,5342.06005859375
2000-12-04,5174.02001953125
2000-12-05,5199.2001953125
2000-12-06,5170.6201171875
2000-12-07,5212.72998046875
2000-12-08,5252.830078125
2000-12-11,5284.41015625
2000-12-12,5380.08984375
2000-12-13,5384.35986328125
2000-12-14,5320.16015625
2000-12-15,5224.740234375
2000-12-18,5055.2001953125
2000-12-19,5040.25
2000-12-20,4947.89013671875
2000-12-21,4817.22021484375
2000-12-22,4811.22021484375
2000-12-26,4721.35986328125
2000-12-27,4614.6298828125
2000-12-28,4797.14013671875
2000-12-29,4743.93994140625
2001-01-02,4935.27978515625
2001-01-03,4894.7900390625
2001-01-04,5136.1298828125
2001-01-05,5295.52978515625
2001-01-08,5188.509765625
2001-01-09,5376.1201171875
2001-01-10,5436.77978515625
2001-01-11,5369.240234375
2001-01-12,5339.39990234375
2001-01-15,5379.66015625
2001-01-16,5662.93994140625
2001-01-17,5769.9501953125
2001-01-18,5847.91015625
2001-01-29,5680.06005859375
2001-01-30,5792.5
2001-01-31,5936.2001953125
2001-02-01,5897.93017578125
2001-02-02,6049.259765625
2001-02-05,5932.419921875
2001-02-06,5849.06005859375
2001-02-07,5693.580078125
2001-02-08,5758.60009765625
2001-02-09,5809.83984375
2001-02-12,5847.06982421875
2001-02-13,6027.490234375
2001-02-14,5887.68017578125
2001-02-15,6104.240234375
2001-02-16,6045.669921875
2001-02-19,5937.2998046875
2001-02-20,5971.2900390625
2001-02-21,5949.9599609375
2001-02-22,5759.0400390625
2001-02-23,5726.93017578125
2001-02-26,5716.02001953125
2001-02-27,5674.68994140625
2001-03-01,5499.85986328125
2001-03-02,5499.5400390625
2001-03-05,5609.740234375
2001-03-06,5635.06005859375
2001-03-07,5777.1298828125
2001-03-08,5711.02001953125
2001-03-09,5680.43017578125
2001-03-12,5582.669921875
2001-03-13,5610.39990234375
2001-03-14,5658.2099609375
2001-03-15,5742.740234375
2001-03-16,5783.93017578125
2001-03-19,5641.89013671875
2001-03-20,5642.7001953125
2001-03-21,5623.419921875
2001-03-22,5730.9501953125
2001-03-23,5800.5498046875
2001-03-26,5896.31982421875
2001-03-27,5884.330078125
2001-03-28,5819.39013671875
2001-03-29,5833.8798828125
2001-03-30,5797.919921875
2001-04-02,5607.72998046875
2001-04-03,5446.81982421875
2001-04-04,5405.85009765625
2001-04-06,5515.1298828125
2001-04-09,5401.830078125
2001-04-10,5353.5
2001-04-11,5467.75
2001-04-12,5533.22021484375
2001-04-13,5495.47021484375
2001-04-16,5432.27978515625
2001-04-17,5431.9501953125
2001-04-18,5508.60986328125
2001-04-19,5608.5
2001-04-20,5596.6298828125
2001-04-23,5597.7001953125
2001-04-24,5589.33984375
2001-04-25,5516.2001953125
2001-04-26,5518.72998046875
2001-04-27,5416.669921875
2001-04-30,5381.669921875
2001-05-02,5304.240234375
2001-05-03,5405.5400390625
2001-05-04,5244.0498046875
2001-05-07,5229.93017578125
2001-05-08,5176.7099609375
2001-05-09,5232.64013671875
2001-05-10,5122.169921875
2001-05-11,5232.72021484375
2001-05-14,5176.4501953125
2001-05-15,5158.7900390625
2001-05-16,5082.02001953125
2001-05-17,5143.43994140625
2001-05-18,5111.669921875
2001-05-21,4958.60986328125
2001-05-22,4991.47998046875
2001-05-23,5209.97021484375
2001-05-24,5226.7900390625
2001-05-25,5170.080078125
2001-05-28,5079.72021484375
2001-05-29,5095.259765625
2001-05-30,5057.06982421875
2001-05-31,5048.85986328125
2001-06-01,5013.9599609375
2001-06-04,4985.10986328125
2001-06-05,5065.06005859375
2001-06-06,5220.43994140625
2001-06-07,5153.35009765625
2001-06-08,5226.27978515625
2001-06-11,5271.2998046875
2001-06-12,5266.240234375
2001-06-13,5209.7099609375
2001-06-14,5119.18994140625
2001-06-15,5158.6298828125
2001-06-18,5070.52001953125
2001-06-19,5039.97998046875
2001-06-20,5029.64013671875
2001-06-21,4984.8798828125
2001-06-22,4904.33984375
2001-06-26,4785.1201171875
2001-06-27,4825.27978515625
2001-06-28,4768.5498046875
2001-06-29,4883.43017578125
2001-07-02,4886.85986328125
2001-07-03,4843.81982421875
2001-07-04,4739.16015625
2001-07-05,4709.2001953125
2001-07-06,4707.009765625
2001-07-09,4657.2998046875
2001-07-10,4616.7099609375
2001-07-11,4548.2900390625
2001-07-12,4633.5400390625
2001-07-13,4485.68017578125
2001-07-16,4368.68994140625
2001-07-17,4371.990234375
2001-07-18,4219.89013671875
2001-07-19,4190.77978515625
2001-07-20,4220.330078125
2001-07-23,4151.93017578125
2001-07-24,4040.77001953125
2001-07-25,4136.39013671875
2001-07-26,4300.41015625
2001-07-27,4320.58984375
2001-07-31,4352.97998046875
2001-08-01,4354.52001953125
2001-08-02,4490.18994140625
2001-08-03,4530.68017578125
2001-08-06,4470.72998046875
2001-08-07,4404.0
2001-08-08,4514.10009765625
2001-08-09,4448.52001953125
2001-08-10,4476.91015625
2001-08-13,4520.759765625
2001-08-14,4589.60009765625
2001-08-15,4623.10986328125
2001-08-16,4687.330078125
2001-08-17,4638.35986328125
2001-08-20,4550.35986328125
2001-08-21,4562.72998046875
2001-08-22,4487.52001953125
2001-08-23,4459.759765625
2001-08-24,4310.31982421875
2001-08-27,4384.5498046875
2001-08-28,4368.3798828125
2001-08-29,4508.68994140625
2001-08-30,4503.85986328125
2001-08-31,4509.43994140625
2001-09-03,4454.77001953125
2001-09-04,4493.52978515625
2001-09-05,4424.91015625
2001-09-06,4338.259765625
2001-09-07,4302.16015625
2001-09-10,4289.10009765625
2001-09-11,4176.93017578125
2001-09-13,3952.489990234375
2001-09-14,3774.6201171875
2001-09-18,3774.6201171875
2001-09-19,3781.169921875
2001-09-20,3698.840087890625
2001-09-21,3591.85009765625
2001-09-24,3533.510009765625
2001-09-25,3493.780029296875
2001-09-26,3625.530029296875
2001-09-27,3567.6298828125
2001-09-28,3636.93994140625
2001-10-02,3492.1201171875
2001-10-03,3446.260009765625
2001-10-04,3493.659912109375
2001-10-05,3585.4599609375
2001-10-08,3520.35009765625
2001-10-09,3618.929931640625
2001-10-11,3789.929931640625
2001-10-12,3801.5
2001-10-15,3712.820068359375
2001-10-16,3794.860107421875
2001-10-17,3817.1298828125
2001-10-18,3811.199951171875
2001-10-19,3845.6201171875
2001-10-22,3900.6201171875
2001-10-23,3874.419921875
2001-10-24,3986.669921875
2001-10-25,4012.199951171875
2001-10-26,4043.570068359375
2001-10-29,4065.10009765625
2001-10-30,3915.610107421875
2001-10-31,3903.489990234375
2001-11-01,3929.68994140625
2001-11-02,3998.47998046875
2001-11-05,4080.510009765625
2001-11-06,4082.919921875
2001-11-07,4158.14990234375
2001-11-08,4135.02978515625
2001-11-09,4123.77978515625
2001-11-12,4172.6298828125
2001-11-13,4136.5400390625
2001-11-14,4277.7001953125
2001-11-15,4403.58984375
2001-11-16,4446.6201171875
2001-11-19,4548.6298828125
2001-11-20,4455.7998046875
2001-11-21,4533.3701171875
2001-11-22,4450.02001953125
2001-11-23,4519.080078125
2001-11-26,4608.31982421875
2001-11-27,4580.330078125
2001-11-28,4447.580078125
2001-11-29,4465.830078125
2001-11-30,4441.1201171875
2001-12-03,4646.60986328125
2001-12-04,4766.43017578125
2001-12-05,4924.56005859375
2001-12-06,5208.85986328125
2001-12-07,5333.93017578125
2001-12-10,5321.27978515625
2001-12-11,5273.97021484375
2001-12-12,5539.31005859375
2001-12-13,5407.5400390625
2001-12-14,5486.72998046875
2001-12-17,5456.14990234375
2001-12-18,5329.18994140625
2001-12-19,5221.9599609375
2001-12-20,5309.10009765625
2001-12-21,5109.240234375
2001-12-24,5164.72998046875
2001-12-25,5372.81005859375
2001-12-26,5392.43017578125
2001-12-27,5332.97998046875
2001-12-28,5398.27978515625
2001-12-31,5551.240234375
2002-01-02,5600.0498046875
2002-01-03,5526.31982421875
2002-01-04,5638.52978515625
2002-01-07,5834.89013671875
2002-01-08,5810.080078125
2002-01-09,5865.5400390625
2002-01-10,5871.27978515625
2002-01-11,5687.58984375
2002-01-14,5611.85986328125
2002-01-15,5592.740234375
2002-01-16,5488.330078125
2002-01-17,5501.1298828125
2002-01-18,5522.7998046875
2002-01-21,5798.0498046875
2002-01-22,5804.10009765625
2002-01-23,5769.77978515625
2002-01-24,5801.919921875
2002-01-25,5950.64013671875
2002-01-28,6007.330078125
2002-01-29,5846.18994140625
2002-01-30,5812.669921875
2002-01-31,5872.14013671875
2002-02-01,5857.93017578125
2002-02-04,5849.85009765625
2002-02-05,5844.25
2002-02-06,5926.080078125
2002-02-18,5968.60986328125
2002-02-19,5861.66015625
2002-02-20,5692.18017578125
2002-02-21,5656.10009765625
2002-02-22,5609.830078125
2002-02-25,5510.7099609375
2002-02-26,5499.7900390625
2002-02-27,5696.10986328125
2002-03-01,5680.77978515625
2002-03-04,5874.47998046875
2002-03-05,5957.75
2002-03-06,6097.56982421875
2002-03-07,6048.14990234375
2002-03-08,6011.64990234375
2002-03-11,6196.259765625
2002-03-12,6122.5400390625
2002-03-13,6088.33984375
2002-03-14,6070.5
2002-03-15,5951.4501953125
2002-03-18,5972.10986328125
2002-03-19,5906.72998046875
2002-03-20,6059.06005859375
2002-03-21,6046.52001953125
2002-03-22,6140.419921875
2002-03-25,6219.169921875
2002-03-26,6242.64013671875
2002-03-27,6147.75
2002-03-28,6209.919921875
2002-03-29,6167.47021484375
2002-04-01,6186.43994140625
2002-04-02,6243.4599609375
2002-04-03,6294.66015625
2002-04-04,6207.08984375
2002-04-08,6190.830078125
2002-04-09,6069.85009765625
2002-04-10,6059.2099609375
2002-04-11,6073.759765625
2002-04-12,6182.58984375
2002-04-15,6196.0
2002-04-16,6257.72998046875
2002-04-17,6390.68017578125
2002-04-18,6387.2099609375
2002-04-19,6448.1201171875
2002-04-22,6462.2998046875
2002-04-23,6390.6201171875
2002-04-24,6455.39013671875
2002-04-25,6355.58984375
2002-04-26,6306.93017578125
2002-04-29,6205.08984375
2002-04-30,6065.72998046875
2002-05-02,5867.830078125
2002-05-03,5910.31982421875
2002-05-06,5642.47998046875
2002-05-07,5663.97998046875
2002-05-08,5711.52978515625
2002-05-09,5739.27978515625
2002-05-10,5807.2998046875
2002-05-13,5742.66015625
2002-05-14,5755.919921875
2002-05-15,5910.68994140625
2002-05-16,5801.47021484375
2002-05-17,5789.83984375
2002-05-20,5574.7099609375
2002-05-21,5443.18017578125
2002-05-22,5541.64013671875
2002-05-23,5549.9599609375
2002-05-24,5706.39990234375
2002-05-27,5729.89990234375
2002-05-28,5669.52978515625
2002-05-29,5623.22998046875
2002-05-30,5736.18994140625
2002-05-31,5675.64990234375
2002-06-03,5571.080078125
2002-06-04,5527.7998046875
2002-06-05,5599.419921875
2002-06-06,5591.02001953125
2002-06-07,5433.02001953125
2002-06-10,5499.330078125
2002-06-11,5405.419921875
2002-06-12,5399.9599609375
2002-06-13,5562.22998046875
2002-06-14,5562.1201171875
2002-06-17,5537.81005859375
2002-06-18,5536.419921875
2002-06-19,5399.5
2002-06-20,5445.77001953125
2002-06-21,5460.52978515625
2002-06-24,5384.89013671875
2002-06-25,5316.0400390625
2002-06-26,5123.0400390625
2002-06-27,5071.759765625
2002-06-28,5153.7099609375
2002-07-01,4969.31982421875
2002-07-02,4995.080078125
2002-07-03,5047.81982421875
2002-07-04,5130.7998046875
2002-07-05,5255.22998046875
2002-07-08,5377.85986328125
2002-07-09,5388.52001953125
2002-07-10,5262.009765625
2002-07-11,5202.58984375
2002-07-12,5416.5
2002-07-15,5393.009765625
2002-07-16,5318.009765625
2002-07-17,5250.81982421875
2002-07-18,5242.10986328125
2002-07-19,5161.919921875
2002-07-22,5043.5
2002-07-23,5159.22998046875
2002-07-24,5039.47998046875
2002-07-25,5045.06982421875
2002-07-26,4855.33984375
2002-07-29,4858.43994140625
2002-07-30,5005.0400390625
2002-07-31,4940.3798828125
2002-08-01,4916.58984375
2002-08-02,4920.89013671875
2002-08-05,4636.669921875
2002-08-06,4572.35009765625
2002-08-07,4720.72998046875
2002-08-08,4700.22998046875
2002-08-09,4851.43994140625
2002-08-12,4852.06982421875
2002-08-13,4817.93017578125
2002-08-14,4887.43017578125
2002-08-15,4931.47021484375
2002-08-16,4919.02001953125
2002-08-19,4888.0
2002-08-20,4919.259765625
2002-08-21,4887.7900390625
2002-08-22,4956.490234375
2002-08-23,4968.85009765625
2002-08-26,4935.919921875
2002-08-27,4878.85009765625
2002-08-28,4789.6298828125
2002-08-29,4800.6298828125
2002-08-30,4764.93994140625
2002-09-02,4644.580078125
2002-09-03,4588.06005859375
2002-09-04,4534.14990234375
2002-09-05,4459.3701171875
2002-09-09,4533.27001953125
2002-09-10,4668.009765625
2002-09-11,4660.52978515625
2002-09-12,4647.3701171875
2002-09-13,4580.169921875
2002-09-16,4457.16015625
2002-09-17,4633.85986328125
2002-09-18,4482.64990234375
2002-09-19,4491.31005859375
2002-09-20,4429.25
2002-09-23,4328.39990234375
2002-09-24,4286.93994140625
2002-09-25,4185.9501953125
2002-09-26,4222.22021484375
2002-09-27,4208.7998046875
2002-09-30,4191.81005859375
2002-10-01,4162.77001953125
2002-10-02,4171.759765625
2002-10-03,4075.97998046875
2002-10-04,4067.7900390625
2002-10-07,3924.0400390625
2002-10-08,3964.280029296875
2002-10-09,3947.610107421875
2002-10-11,3850.0400390625
2002-10-14,3910.97998046875
2002-10-15,4131.47021484375
2002-10-16,4223.31982421875
2002-10-17,4280.81005859375
2002-10-18,4458.169921875
2002-10-21,4463.52001953125
2002-10-22,4386.4599609375
2002-10-23,4589.8798828125
2002-10-24,4574.7998046875
2002-10-25,4564.06005859375
2002-10-28,4601.3701171875
2002-10-29,4554.1298828125
2002-10-30,4498.72998046875
2002-10-31,4579.14013671875
2002-11-01,4500.5498046875
2002-11-04,4583.68017578125
2002-11-05,4566.10009765625
2002-11-06,4725.33984375
2002-11-07,4757.97998046875
2002-11-08,4811.009765625
2002-11-11,4664.64990234375
2002-11-12,4676.47021484375
2002-11-13,4671.77001953125
2002-11-14,4665.56005859375
2002-11-15,4813.52978515625
2002-11-18,4790.60986328125
2002-11-19,4726.5
2002-11-20,4653.5
2002-11-21,4579.4501953125
2002-11-22,4707.60986328125
2002-11-25,4723.16015625
2002-11-26,4677.89013671875
2002-11-27,4633.02978515625
2002-11-28,4612.60009765625
2002-11-29,4646.68994140625
2002-12-02,4683.18017578125
2002-12-03,4793.93017578125
2002-12-04,4727.490234375
2002-12-05,4755.39990234375
2002-12-06,4738.97998046875
2002-12-09,4823.669921875
2002-12-10,4755.009765625
2002-12-11,4699.41015625
2002-12-12,4669.7001953125
2002-12-13,4588.14013671875
2002-12-16,4582.0498046875
2002-12-17,4545.6201171875
2002-12-18,4535.93017578125
2002-12-19,4549.22998046875
2002-12-20,4595.669921875
2002-12-23,4572.77001953125
2002-12-24,4544.5
2002-12-25,4484.43017578125
2002-12-26,4567.3701171875
2002-12-27,4547.31982421875
2002-12-30,4457.75
2002-12-31,4452.4501953125
2003-01-02,4524.8701171875
2003-01-03,4626.31982421875
2003-01-06,4689.85986328125
2003-01-07,4701.080078125
2003-01-08,4836.93017578125
2003-01-09,4813.72998046875
2003-01-10,4850.7998046875
2003-01-13,4991.259765625
2003-01-14,4992.419921875
2003-01-15,5017.7001953125
2003-01-16,4943.2900390625
2003-01-17,4907.77978515625
2003-01-20,4951.02978515625
2003-01-21,4945.8701171875
2003-01-22,4993.27001953125
2003-01-23,5078.7998046875
2003-01-24,5057.31982421875
2003-01-27,4972.58984375
2003-01-28,5015.16015625
2003-02-06,4833.580078125
2003-02-07,4735.3701171875
2003-02-10,4643.8701171875
2003-02-11,4618.97998046875
2003-02-12,4624.8701171875
2003-02-13,4507.9599609375
2003-02-14,4493.990234375
2003-02-17,4705.080078125
2003-02-18,4605.31005859375
2003-02-19,4550.830078125
2003-02-20,4550.7001953125
2003-02-21,4548.35009765625
2003-02-24,4609.2001953125
2003-02-25,4454.35009765625
2003-02-26,4456.68994140625
2003-02-27,4432.4599609375
2003-03-03,4526.68994140625
2003-03-04,4499.68994140625
2003-03-05,4418.10986328125
2003-03-06,4397.43994140625
2003-03-07,4350.58984375
2003-03-10,4319.990234375
2003-03-11,4260.4501953125
2003-03-12,4328.14990234375
2003-03-13,4378.990234375
2003-03-14,4476.169921875
2003-03-17,4357.990234375
2003-03-18,4539.72021484375
2003-03-19,4515.06982421875
2003-03-20,4599.25
2003-03-21,4586.919921875
2003-03-24,4570.68017578125
2003-03-25,4498.830078125
2003-03-26,4496.0498046875
2003-03-27,4514.240234375
2003-03-28,4477.009765625
2003-03-31,4321.22021484375
2003-04-01,4337.60986328125
2003-04-02,4311.56005859375
2003-04-03,4358.39013671875
2003-04-04,4499.18017578125
2003-04-07,4575.830078125
2003-04-08,4552.4501953125
2003-04-09,4537.39013671875
2003-04-10,4541.35986328125
2003-04-11,4530.39990234375
2003-04-14,4459.81005859375
2003-04-15,4487.58984375
2003-04-16,4609.31982421875
2003-04-17,4566.66015625
2003-04-18,4658.2998046875
2003-04-21,4648.1201171875
2003-04-22,4556.10009765625
2003-04-23,4564.93017578125
2003-04-24,4374.93994140625
2003-04-25,4233.5400390625
2003-04-28,4139.5
2003-04-29,4200.31982421875
2003-04-30,4148.06982421875
2003-05-02,4187.81982421875
2003-05-05,4202.1201171875
2003-05-06,4220.4501953125
2003-05-07,4275.91015625
2003-05-08,4191.25
2003-05-09,4244.18017578125
2003-05-12,4261.02001953125
2003-05-13,4334.58984375
2003-05-14,4341.10009765625
2003-05-15,4331.240234375
2003-05-16,4283.77001953125
2003-05-19,4255.7998046875
2003-05-20,4251.58984375
2003-05-21,4216.64013671875
2003-05-22,4271.2998046875
2003-05-23,4349.52001953125
2003-05-26,4465.56982421875
2003-05-27,4451.10986328125
2003-05-28,4474.41015625
2003-05-29,4543.0400390625
2003-05-30,4555.89990234375
2003-06-02,4692.93994140625
2003-06-03,4678.080078125
2003-06-05,4738.33984375
2003-06-06,4740.4501953125
2003-06-09,4826.93994140625
2003-06-10,4832.2001953125
2003-06-11,4804.64990234375
2003-06-12,4878.43017578125
2003-06-13,4881.89990234375
2003-06-16,4892.35986328125
2003-06-17,4973.18994140625
2003-06-18,4999.06982421875
2003-06-19,5048.91015625
2003-06-20,5002.580078125
2003-06-23,4921.72021484375
2003-06-24,4909.31005859375
2003-06-25,4933.7900390625
2003-06-26,4894.009765625
2003-06-27,4877.89990234375
2003-06-30,4872.14990234375
2003-07-01,5017.77978515625
2003-07-02,5095.240234375
2003-07-03,5095.31005859375
2003-07-04,5151.85009765625
2003-07-07,5322.259765625
2003-07-08,5367.97021484375
2003-07-09,5358.91015625
2003-07-10,5282.3798828125
2003-07-11,5239.9599609375
2003-07-14,5349.93994140625
2003-07-15,5335.85986328125
2003-07-16,5413.8701171875
2003-07-17,5299.509765625
2003-07-18,5287.3798828125
2003-07-21,5219.2998046875
2003-07-22,5261.009765625
2003-07-23,5287.89013671875
2003-07-24,5402.75
2003-07-25,5394.75
2003-07-28,5451.7998046875
2003-07-29,5342.4599609375
2003-07-30,5307.18017578125
2003-07-31,5318.33984375
2003-08-01,5390.509765625
2003-08-04,5377.18994140625
2003-08-05,5259.4501953125
2003-08-06,5225.830078125
2003-08-07,5259.06982421875
2003-08-08,5232.5498046875
2003-08-11,5214.60009765625
2003-08-12,5255.240234375
2003-08-13,5442.27001953125
2003-08-14,5436.75
2003-08-15,5488.740234375
2003-08-18,5516.7998046875
2003-08-19,5512.16015625
2003-08-20,5543.60986328125
2003-08-21,5611.85986328125
2003-08-22,5646.6201171875
2003-08-25,5686.85009765625
2003-08-26,5558.25
2003-08-27,5553.43017578125
2003-08-28,5523.1201171875
2003-08-29,5650.830078125
2003-09-01,5691.7900390625
2003-09-02,5715.9501953125
2003-09-03,5673.18017578125
2003-09-04,5625.6298828125
2003-09-05,5639.02978515625
2003-09-08,5727.009765625
2003-09-09,5680.68994140625
2003-09-10,5623.43017578125
2003-09-12,5645.27978515625
2003-09-15,5623.22021484375
2003-09-16,5699.259765625
2003-09-17,5747.14013671875
2003-09-18,5750.81005859375
2003-09-19,5757.91015625
2003-09-22,5675.75
2003-09-23,5684.009765625
2003-09-24,5722.35986328125
2003-09-25,5688.22998046875
2003-09-26,5650.10986328125
2003-09-29,5643.5
2003-09-30,5611.41015625
2003-10-01,5581.66015625
2003-10-02,5699.85986328125
2003-10-03,5747.7900390625
2003-10-06,5851.2001953125
2003-10-07,5856.68017578125
2003-10-08,5821.7998046875
2003-10-09,5869.8798828125
2003-10-13,5972.47021484375
2003-10-14,5938.419921875
2003-10-15,5924.3798828125
2003-10-16,6035.740234375
2003-10-17,6042.7099609375
2003-10-20,6077.89013671875
2003-10-21,6061.4599609375
2003-10-22,6041.85986328125
2003-10-23,5952.22998046875
2003-10-24,5918.14013671875
2003-10-27,5958.5498046875
2003-10-28,6075.4501953125
2003-10-29,6095.8701171875
2003-10-30,6108.1298828125
2003-10-31,6045.1201171875
2003-11-03,6087.4501953125
2003-11-04,6108.990234375
2003-11-05,6142.31982421875
2003-11-06,6013.39990234375
2003-11-07,6056.830078125
2003-11-10,6059.02978515625
2003-11-11,6022.080078125
2003-11-12,5982.75
2003-11-13,6035.43994140625
2003-11-14,6044.77001953125
2003-11-17,5952.31982421875
2003-11-18,5939.47021484375
2003-11-19,5865.509765625
2003-11-20,5834.240234375
2003-11-21,5830.06005859375
2003-11-24,5821.580078125
2003-11-25,5861.18017578125
2003-11-26,5860.60986328125
2003-11-27,5740.56982421875
2003-11-28,5771.77001953125
2003-12-01,5870.169921875
2003-12-02,5911.4501953125
2003-12-03,5884.97021484375
2003-12-04,5920.4599609375
2003-12-05,5900.0498046875
2003-12-08,5847.14990234375
2003-12-09,5859.56005859375
2003-12-10,5803.419921875
2003-12-11,5867.0498046875
2003-12-12,5858.31982421875
2003-12-15,5924.240234375
2003-12-16,5887.22998046875
2003-12-17,5752.009765625
2003-12-18,5768.759765625
2003-12-19,5759.22998046875
2003-12-22,5835.10986328125
2003-12-23,5845.509765625
2003-12-24,5857.8701171875
2003-12-25,5853.7001953125
2003-12-26,5857.2099609375
2003-12-29,5804.89013671875
2003-12-30,5866.75
2003-12-31,5890.68994140625
2004-01-02,6041.56005859375
2004-01-05,6125.419921875
2004-01-06,6144.009765625
2004-01-07,6141.25
2004-01-08,6169.169921875
2004-01-09,6226.97998046875
2004-01-12,6219.7099609375
2004-01-13,6210.22021484375
2004-01-14,6274.97021484375
2004-01-15,6264.3701171875
2004-01-16,6269.7099609375
2004-01-27,6384.6298828125
2004-01-28,6386.25
2004-01-29,6312.64990234375
2004-01-30,6375.3798828125
2004-02-02,6319.9599609375
2004-02-03,6252.22998046875
2004-02-04,6241.39013671875
2004-02-05,6268.14013671875
2004-02-06,6353.35009765625
2004-02-09,6463.08984375
2004-02-10,6488.33984375
2004-02-11,6454.39013671875
2004-02-12,6436.9501953125
2004-02-13,6549.18017578125
2004-02-16,6565.3701171875
2004-02-17,6600.47021484375
2004-02-18,6605.85009765625
2004-02-19,6681.52001953125
2004-02-20,6665.5400390625
2004-02-23,6665.89013671875
2004-02-24,6589.22998046875
2004-02-25,6644.27978515625
2004-02-26,6693.25
2004-02-27,6750.5400390625
2004-03-01,6888.43017578125
2004-03-02,6975.259765625
2004-03-03,6932.169921875
2004-03-04,7034.10009765625
2004-03-05,6943.68017578125
2004-03-08,6901.47998046875
2004-03-09,6973.89990234375
2004-03-10,6874.91015625
2004-03-11,6879.10986328125
2004-03-12,6800.240234375
2004-03-15,6635.97998046875
2004-03-16,6589.72021484375
2004-03-17,6577.97998046875
2004-03-18,6787.02978515625
2004-03-19,6815.08984375
2004-03-22,6359.919921875
2004-03-23,6172.89013671875
2004-03-24,6213.56005859375
2004-03-25,6156.72998046875
2004-03-26,6132.6201171875
2004-03-29,6474.10986328125
2004-03-30,6494.7099609375
2004-03-31,6522.18994140625
2004-04-01,6523.490234375
2004-04-02,6545.5400390625
2004-04-05,6682.72998046875
2004-04-06,6635.5400390625
2004-04-07,6646.740234375
2004-04-08,6672.85986328125
2004-04-09,6620.35986328125
2004-04-12,6777.77978515625
2004-04-13,6794.330078125
2004-04-14,6880.18017578125
2004-04-15,6736.7900390625
2004-04-16,6818.2001953125
2004-04-19,6779.18017578125
2004-04-20,6799.97021484375
2004-04-21,6810.25
2004-04-22,6732.08984375
2004-04-23,6748.10009765625
2004-04-26,6710.7001953125
2004-04-27,6646.7998046875
2004-04-28,6574.75
2004-04-29,6402.2099609375
2004-04-30,6117.81005859375
2004-05-03,6029.77001953125
2004-05-04,6188.14990234375
2004-05-05,5854.22998046875
2004-05-06,5909.7900390625
2004-05-07,6040.259765625
2004-05-10,5825.0498046875
2004-05-11,5886.35986328125
2004-05-12,5958.7900390625
2004-05-13,5918.08984375
2004-05-14,5777.31982421875
2004-05-17,5482.9599609375
2004-05-18,5557.68017578125
2004-05-19,5860.580078125
2004-05-20,5815.330078125
2004-05-21,5964.93994140625
2004-05-24,5942.080078125
2004-05-25,5958.3798828125
2004-05-26,6027.27001953125
2004-05-27,6033.0498046875
2004-05-28,6137.259765625
2004-05-31,5977.83984375
2004-06-01,5986.2001953125
2004-06-02,5875.669921875
2004-06-03,5671.4501953125
2004-06-04,5724.89013671875
2004-06-07,5935.81982421875
2004-06-08,5986.759765625
2004-06-09,5965.7001953125
2004-06-10,5867.509765625
2004-06-11,5735.06982421875
2004-06-14,5574.080078125
2004-06-15,5646.490234375
2004-06-16,5560.16015625
2004-06-17,5664.35009765625
2004-06-18,5569.2900390625
2004-06-21,5556.5400390625
2004-06-23,5729.2998046875
2004-06-24,5779.08984375
2004-06-25,5802.5498046875
2004-06-28,5709.83984375
2004-06-29,5741.52001953125
2004-06-30,5839.43994140625
2004-07-01,5836.91015625
2004-07-02,5746.7001953125
2004-07-05,5659.77978515625
2004-07-06,5733.56982421875
2004-07-07,5727.77978515625
2004-07-08,5713.39013671875
2004-07-09,5777.72021484375
2004-07-12,5758.740234375
2004-07-13,5685.56982421875
2004-07-14,5623.64990234375
2004-07-15,5542.7998046875
2004-07-16,5502.14013671875
2004-07-19,5489.10009765625
2004-07-20,5325.68017578125
2004-07-21,5409.1298828125
2004-07-22,5387.9599609375
2004-07-23,5373.85009765625
2004-07-26,5331.7099609375
2004-07-27,5398.60986328125
2004-07-28,5383.56982421875
2004-07-29,5349.66015625
2004-07-30,5420.56982421875
2004-08-02,5350.39990234375
2004-08-03,5367.22021484375
2004-08-04,5316.8701171875
2004-08-05,5427.60986328125
2004-08-06,5399.16015625
2004-08-09,5399.4501953125
2004-08-10,5393.72998046875
2004-08-11,5367.33984375
2004-08-12,5368.02001953125
2004-08-13,5389.93017578125
2004-08-16,5352.009765625
2004-08-17,5342.490234375
2004-08-18,5427.75
2004-08-19,5602.990234375
2004-08-20,5622.85986328125
2004-08-23,5660.97021484375
2004-08-26,5813.39013671875
2004-08-27,5797.7099609375
2004-08-30,5788.93994140625
2004-08-31,5765.5400390625
2004-09-01,5858.14013671875
2004-09-02,5852.85009765625
2004-09-03,5761.14013671875
2004-09-06,5775.990234375
2004-09-07,5846.830078125
2004-09-08,5846.02001953125
2004-09-09,5842.93017578125
2004-09-10,5846.18994140625
2004-09-13,5928.22021484375
2004-09-14,5919.77001953125
2004-09-15,5871.06982421875
2004-09-16,5891.0498046875
2004-09-17,5818.39013671875
2004-09-20,5864.5400390625
2004-09-21,5949.259765625
2004-09-22,5970.18017578125
2004-09-23,5937.25
2004-09-24,5892.2099609375
2004-09-27,5849.22021484375
2004-09-29,5809.75
2004-09-30,5845.68994140625
2004-10-01,5945.35009765625
2004-10-04,6077.9599609375
2004-10-05,6081.009765625
2004-10-06,6060.60986328125
2004-10-07,6103.0
2004-10-08,6102.16015625
2004-10-11,6089.27978515625
2004-10-12,5979.56005859375
2004-10-13,5963.06982421875
2004-10-14,5831.06982421875
2004-10-15,5820.81982421875
2004-10-18,5772.1201171875
2004-10-19,5807.7900390625
2004-10-20,5788.33984375
2004-10-21,5797.240234375
2004-10-22,5774.669921875
2004-10-26,5662.8798828125
2004-10-27,5650.97021484375
2004-10-28,5695.56005859375
2004-10-29,5705.93017578125
2004-11-01,5656.169921875
2004-11-02,5759.60986328125
2004-11-03,5862.85009765625
2004-11-04,5860.72998046875
2004-11-05,5931.31005859375
2004-11-08,5937.4599609375
2004-11-09,5945.2001953125
2004-11-10,5948.490234375
2004-11-11,5874.52001953125
2004-11-12,5917.16015625
2004-11-15,5906.68994140625
2004-11-16,5910.85009765625
2004-11-17,6028.68017578125
2004-11-18,6049.490234375
2004-11-19,6026.5498046875
2004-11-22,5838.419921875
2004-11-23,5851.10009765625
2004-11-24,5911.31005859375
2004-11-25,5855.240234375
2004-11-26,5778.64990234375
2004-11-29,5785.259765625
2004-11-30,5844.759765625
2004-12-01,5798.6201171875
2004-12-02,5867.9501953125
2004-12-03,5893.27001953125
2004-12-06,5919.169921875
2004-12-07,5925.27978515625
2004-12-08,5892.509765625
2004-12-09,5913.97021484375
2004-12-10,5911.6298828125
2004-12-13,5878.89013671875
2004-12-14,5909.64990234375
2004-12-15,6002.580078125
2004-12-16,6019.22998046875
2004-12-17,6009.31982421875
2004-12-20,5985.93994140625
2004-12-21,5987.85009765625
2004-12-22,6001.52001953125
2004-12-23,5997.669921875
2004-12-24,6019.419921875
2004-12-27,5985.93994140625
2004-12-28,6000.56982421875
2004-12-29,6088.490234375
2004-12-30,6100.85986328125
2004-12-31,6139.68994140625
2005-01-03,6143.1201171875
2005-01-04,6060.4599609375
2005-01-05,5988.3701171875
2005-01-06,5982.1201171875
2005-01-07,5935.990234375
2005-01-10,5942.85009765625
2005-01-11,5975.66015625
2005-01-12,5879.080078125
2005-01-13,5853.93994140625
2005-01-14,5889.52001953125
2005-01-17,5945.27001953125
2005-01-18,5933.56982421875
2005-01-19,5895.35009765625
2005-01-20,5888.10009765625
2005-01-21,5848.91015625
2005-01-24,5771.47998046875
2005-01-25,5782.75
2005-01-26,5835.3701171875
2005-01-27,5842.759765625
2005-01-28,5879.93017578125
2005-01-31,5994.22998046875
2005-02-01,5981.5400390625
2005-02-02,6018.68994140625
2005-02-03,6034.60009765625
2005-02-14,6112.39990234375
2005-02-15,6122.39013671875
2005-02-16,6143.490234375
2005-02-17,6072.16015625
2005-02-18,6115.43017578125
2005-02-21,6142.77978515625
2005-02-22,6107.169921875
2005-02-23,6121.52001953125
2005-02-24,6128.33984375
2005-02-25,6207.830078125
2005-03-01,6259.68994140625
2005-03-02,6225.25
2005-03-03,6202.3798828125
2005-03-04,6193.6201171875
2005-03-07,6220.52001953125
2005-03-08,6173.33984375
2005-03-09,6213.27978515625
2005-03-10,6192.52978515625
2005-03-11,6204.22998046875
2005-03-14,6155.509765625
2005-03-15,6063.47998046875
2005-03-16,6072.35986328125
2005-03-17,6032.47021484375
2005-03-18,6043.9501953125
2005-03-21,6058.9599609375
2005-03-22,6018.7900390625
2005-03-23,6019.490234375
2005-03-24,6001.0
2005-03-25,6065.91015625
2005-03-28,6048.740234375
2005-03-29,5961.240234375
2005-03-30,5957.97998046875
2005-03-31,6005.8798828125
2005-04-01,6028.75
2005-04-04,6019.93017578125
2005-04-06,6013.490234375
2005-04-07,5971.759765625
2005-04-08,6024.06982421875
2005-04-11,5979.419921875
2005-04-12,5993.89013671875
2005-04-13,5998.080078125
2005-04-14,5976.68017578125
2005-04-15,5888.3701171875
2005-04-18,5715.16015625
2005-04-19,5748.35009765625
2005-04-20,5693.009765625
2005-04-21,5721.990234375
2005-04-22,5747.08984375
2005-04-25,5758.31005859375
2005-04-26,5805.25
2005-04-27,5778.27001953125
2005-04-28,5842.27001953125
2005-04-29,5818.06982421875
2005-05-03,5818.22021484375
2005-05-04,5803.68017578125
2005-05-05,5927.5
2005-05-06,5967.9599609375
2005-05-09,5966.85009765625
2005-05-10,5949.7998046875
2005-05-11,5917.1298828125
2005-05-12,5934.60009765625
2005-05-13,5981.47998046875
2005-05-16,5925.8798828125
2005-05-17,5894.009765625
2005-05-18,5890.830078125
2005-05-19,5970.7099609375
2005-05-20,5954.68994140625
2005-05-23,5885.4501953125
2005-05-24,5909.10009765625
2005-05-25,5888.52978515625
2005-05-26,5939.419921875
2005-05-27,5991.5498046875
2005-05-30,6009.52001953125
2005-05-31,6011.56005859375
2005-06-01,5971.6201171875
2005-06-02,6039.47998046875
2005-06-03,6107.9501953125
2005-06-06,6137.56982421875
2005-06-07,6105.7900390625
2005-06-08,6161.66015625
2005-06-09,6145.919921875
2005-06-10,6192.35009765625
2005-06-13,6231.0498046875
2005-06-14,6205.759765625
2005-06-15,6252.10009765625
2005-06-16,6282.41015625
2005-06-17,6293.56005859375
2005-06-20,6296.89013671875
2005-06-21,6278.4599609375
2005-06-22,6357.830078125
2005-06-23,6373.85986328125
2005-06-24,6340.68994140625
2005-06-27,6302.990234375
2005-06-28,6316.83984375
2005-06-29,6231.64990234375
2005-06-30,6241.93994140625
2005-07-01,6272.14013671875
2005-07-04,6271.2001953125
2005-07-05,6232.0400390625
2005-07-06,6222.0498046875
2005-07-07,6212.60009765625
2005-07-08,6201.39990234375
2005-07-11,6298.85986328125
2005-07-12,6358.81005859375
2005-07-13,6377.08984375
2005-07-14,6418.35009765625
2005-07-15,6410.58984375
2005-07-19,6416.33984375
2005-07-20,6423.81005859375
2005-07-21,6394.02978515625
2005-07-22,6380.72998046875
2005-07-25,6420.4501953125
2005-07-26,6366.16015625
2005-07-27,6327.25
2005-07-28,6375.64013671875
2005-07-29,6311.97998046875
2005-08-01,6307.93017578125
2005-08-02,6343.5400390625
2005-08-03,6455.56982421875
2005-08-04,6446.009765625
2005-08-08,6380.02978515625
2005-08-09,6380.0
2005-08-10,6356.83984375
2005-08-11,6353.7099609375
2005-08-12,6350.89990234375
2005-08-15,6245.1298828125
2005-08-16,6242.39990234375
2005-08-17,6241.919921875
2005-08-18,6205.08984375
2005-08-19,6158.93994140625
2005-08-22,6206.64990234375
2005-08-23,6195.18017578125
2005-08-24,6127.240234375
2005-08-25,6109.66015625
2005-08-26,6136.5498046875
2005-08-29,6049.43994140625
2005-08-30,6032.1201171875
2005-08-31,6033.47021484375
2005-09-02,6116.0498046875
2005-09-05,6098.77978515625
2005-09-06,6140.14013671875
2005-09-07,6141.14013671875
2005-09-08,6149.8798828125
2005-09-09,6119.06005859375
2005-09-12,6164.97998046875
2005-09-13,6169.080078125
2005-09-14,6148.7001953125
2005-09-15,6082.56005859375
2005-09-16,6031.240234375
2005-09-19,6035.58984375
2005-09-20,6105.35009765625
2005-09-21,6067.33984375
2005-09-22,5972.06005859375
2005-09-23,5925.5400390625
2005-09-26,5930.2001953125
2005-09-27,5945.0498046875
2005-09-28,5931.3798828125
2005-09-29,6009.990234375
2005-09-30,6118.60986328125
2005-10-03,6123.919921875
2005-10-04,6142.1201171875
2005-10-05,6135.009765625
2005-10-06,6095.81005859375
2005-10-07,6081.83984375
2005-10-11,6066.58984375
2005-10-12,5987.39990234375
2005-10-13,5960.10986328125
2005-10-14,5969.06982421875
2005-10-17,5826.27001953125
2005-10-18,5830.7900390625
2005-10-19,5694.16015625
2005-10-20,5748.0
2005-10-21,5738.759765625
2005-10-24,5717.27978515625
2005-10-25,5721.31005859375
2005-10-26,5700.72021484375
2005-10-27,5661.18017578125
2005-10-28,5632.97021484375
2005-10-31,5764.2998046875
2005-11-01,5798.41015625
2005-11-02,5870.3701171875
2005-11-03,5858.009765625
2005-11-04,5911.740234375
2005-11-07,5860.39013671875
2005-11-08,5849.6298828125
2005-11-09,5971.06005859375
2005-11-10,5988.3701171875
2005-11-11,6075.259765625
2005-11-14,6083.6201171875
2005-11-15,6030.740234375
2005-11-16,6046.2001953125
2005-11-17,6020.93994140625
2005-11-18,6106.740234375
2005-11-21,6103.419921875
2005-11-22,6059.18994140625
2005-11-23,6123.52001953125
2005-11-24,6111.89013671875
2005-11-25,6128.2001953125
2005-11-28,6203.83984375
2005-11-29,6139.509765625
2005-11-30,6203.47021484375
2005-12-01,6179.81982421875
2005-12-02,6228.9501953125
2005-12-05,6348.31005859375
2005-12-06,6350.52001953125
2005-12-07,6329.52001953125
2005-12-08,6249.18994140625
2005-12-09,6264.35986328125
2005-12-12,6266.2900390625
2005-12-13,6261.18017578125
2005-12-14,6235.35009765625
2005-12-15,6258.47021484375
2005-12-16,6350.68994140625
2005-12-19,6431.419921875
2005-12-20,6427.83984375
2005-12-21,6471.89013671875
2005-12-22,6417.2001953125
2005-12-23,6512.6298828125
2005-12-26,6534.77001953125
2005-12-27,6531.58984375
2005-12-28,6524.39990234375
2005-12-29,6575.52978515625
2005-12-30,6548.33984375
2006-01-02,6462.06005859375
2006-01-03,6591.77001953125
2006-01-04,6616.43994140625
2006-01-05,6709.8701171875
2006-01-06,6694.81982421875
2006-01-09,6742.39013671875
2006-01-10,6707.39990234375
2006-01-11,6735.89013671875
2006-01-12,6725.60986328125
2006-01-13,6682.35009765625
2006-01-16,6724.18017578125
2006-01-17,6711.0400390625
2006-01-18,6498.919921875
2006-01-19,6512.2900390625
2006-01-20,6486.6298828125
2006-01-23,6381.97021484375
2006-01-24,6451.93994140625
2006-01-25,6532.18017578125
2006-02-03,6594.60009765625
2006-02-06,6719.9599609375
2006-02-07,6720.080078125
2006-02-08,6624.10986328125
2006-02-09,6630.1298828125
2006-02-10,6594.919921875
2006-02-13,6562.2900390625
2006-02-14,6612.97021484375
2006-02-15,6598.490234375
2006-02-16,6683.93017578125
2006-02-17,6673.75
2006-02-20,6686.5498046875
2006-02-21,6631.509765625
2006-02-22,6530.7001953125
2006-02-23,6474.68994140625
2006-02-24,6538.22021484375
2006-02-27,6561.6298828125
2006-03-01,6613.39013671875
2006-03-02,6642.9599609375
2006-03-03,6553.66015625
2006-03-06,6575.77978515625
2006-03-07,6494.14990234375
2006-03-08,6459.56982421875
2006-03-09,6486.47021484375
2006-03-10,6490.68017578125
2006-03-13,6544.6298828125
2006-03-14,6460.009765625
2006-03-15,6518.7001953125
2006-03-16,6504.97998046875
2006-03-17,6528.56982421875
2006-03-20,6516.52001953125
2006-03-21,6458.02978515625
2006-03-22,6391.259765625
2006-03-23,6364.60009765625
2006-03-24,6376.6201171875
2006-03-27,6421.85009765625
2006-03-28,6453.85009765625
2006-03-29,6498.02978515625
2006-03-30,6546.06005859375
2006-03-31,6613.97021484375
2006-04-03,6660.759765625
2006-04-04,6665.60009765625
2006-04-06,6760.81982421875
2006-04-07,6781.93994140625
2006-04-10,6780.64013671875
2006-04-11,6757.169921875
2006-04-12,6808.5
2006-04-13,6855.740234375
2006-04-14,6952.5400390625
2006-04-17,7000.08984375
2006-04-18,6989.4599609375
2006-04-19,7038.77978515625
2006-04-20,7102.740234375
2006-04-21,7093.0498046875
2006-04-24,7096.0400390625
2006-04-25,7059.93994140625
2006-04-26,7168.97998046875
2006-04-27,7136.2099609375
2006-04-28,7171.77001953125
2006-05-02,7199.60009765625
2006-05-03,7242.3701171875
2006-05-04,7345.0400390625
2006-05-05,7370.43994140625
2006-05-08,7474.0498046875
2006-05-09,7388.93994140625
2006-05-10,7324.7099609375
2006-05-11,7361.4501953125
2006-05-12,7278.9599609375
2006-05-15,7176.35009765625
2006-05-16,7069.89990234375
2006-05-17,7116.830078125
2006-05-18,7034.02978515625
2006-05-19,7074.14990234375
2006-05-22,6938.259765625
2006-05-23,6843.97998046875
2006-05-24,6877.009765625
2006-05-25,6861.64990234375
2006-05-26,6879.509765625
2006-05-29,6878.8798828125
2006-05-30,6846.9501953125
2006-06-01,6872.83984375
2006-06-02,6959.64013671875
2006-06-05,6715.27001953125
2006-06-06,6730.27001953125
2006-06-07,6612.740234375
2006-06-08,6331.81005859375
2006-06-09,6444.6298828125
2006-06-12,6442.89990234375
2006-06-13,6337.2099609375
2006-06-14,6469.009765625
2006-06-15,6426.39013671875
2006-06-16,6575.77001953125
2006-06-19,6583.0400390625
2006-06-20,6363.5498046875
2006-06-21,6299.58984375
2006-06-22,6485.14990234375
2006-06-23,6452.31005859375
2006-06-26,6523.68017578125
2006-06-27,6572.39013671875
2006-06-28,6540.93017578125
2006-06-29,6607.39013671875
2006-06-30,6704.41015625
2006-07-03,6718.5
2006-07-04,6734.509765625
2006-07-05,6659.9599609375
2006-07-06,6659.06982421875
2006-07-07,6660.60986328125
2006-07-10,6682.4599609375
2006-07-11,6639.1298828125
2006-07-12,6634.08984375
2006-07-13,6567.60009765625
2006-07-14,6428.02978515625
2006-07-17,6257.7998046875
2006-07-18,6285.31005859375
2006-07-19,6277.240234375
2006-07-20,6443.740234375
2006-07-21,6420.009765625
2006-07-24,6359.6298828125
2006-07-25,6390.990234375
2006-07-26,6376.39013671875
2006-07-27,6459.25
2006-07-28,6480.06982421875
2006-07-31,6454.580078125
2006-08-01,6441.4599609375
2006-08-02,6471.419921875
2006-08-03,6462.31982421875
2006-08-04,6442.60986328125
2006-08-07,6416.60986328125
2006-08-08,6502.14013671875
2006-08-09,6573.22021484375
2006-08-10,6578.60986328125
2006-08-11,6571.10009765625
2006-08-14,6611.89990234375
2006-08-15,6615.1298828125
2006-08-16,6696.6298828125
2006-08-17,6733.4599609375
2006-08-18,6721.080078125
2006-08-21,6505.919921875
2006-08-22,6590.2001953125
2006-08-23,6556.330078125
2006-08-24,6550.64013671875
2006-08-25,6526.22021484375
2006-08-28,6444.759765625
2006-08-29,6479.91015625
2006-08-30,6587.1201171875
2006-08-31,6611.77001953125
2006-09-01,6651.4599609375
2006-09-04,6750.77978515625
2006-09-05,6734.72998046875
2006-09-06,6688.39990234375
2006-09-07,6685.22998046875
2006-09-08,6693.10986328125
2006-09-11,6693.8798828125
2006-09-12,6625.72998046875
2006-09-13,6664.8701171875
2006-09-14,6598.8701171875
2006-09-15,6681.08984375
2006-09-18,6882.47998046875
2006-09-19,6881.8701171875
2006-09-20,6877.77001953125
2006-09-21,6889.89013671875
2006-09-22,6885.60009765625
2006-09-25,6911.2099609375
2006-09-26,6901.75
2006-09-27,6946.27001953125
2006-09-28,6885.1201171875
2006-09-29,6883.0498046875
2006-10-02,6960.9501953125
2006-10-03,6956.8798828125
2006-10-04,6874.97998046875
2006-10-05,6997.240234375
2006-10-11,7006.669921875
2006-10-12,6984.580078125
2006-10-13,7068.7998046875
2006-10-16,7151.419921875
2006-10-17,7075.1298828125
2006-10-18,7017.60009765625
2006-10-19,6995.830078125
2006-10-20,7039.3701171875
2006-10-23,7040.259765625
2006-10-24,7097.419921875
2006-10-25,7059.89013671875
2006-10-26,7080.83984375
2006-10-27,7086.740234375
2006-10-30,6995.2001953125
2006-10-31,7021.31982421875
2006-11-01,7013.990234375
2006-11-02,7078.10009765625
2006-11-03,7161.60986328125
2006-11-06,7120.43994140625
2006-11-07,7184.64990234375
2006-11-08,7178.33984375
2006-11-09,7151.1298828125
2006-11-10,7174.2001953125
2006-11-13,7136.06005859375
2006-11-14,7204.0400390625
2006-11-15,7236.85009765625
2006-11-16,7257.47998046875
2006-11-17,7259.5400390625
2006-11-20,7261.47998046875
2006-11-21,7309.68994140625
2006-11-22,7348.77001953125
2006-11-23,7384.68994140625
2006-11-24,7427.35986328125
2006-11-27,7498.14990234375
2006-11-28,7444.93994140625
2006-11-29,7474.18994140625
2006-11-30,7567.72021484375
2006-12-01,7613.56982421875
2006-12-04,7647.009765625
2006-12-05,7609.89990234375
2006-12-06,7693.330078125
2006-12-07,7686.52001953125
2006-12-08,7636.2998046875
2006-12-11,7612.1201171875
2006-12-12,7458.56005859375
2006-12-13,7450.2998046875
2006-12-14,7480.41015625
2006-12-15,7538.81982421875
2006-12-18,7624.6201171875
2006-12-19,7598.8798828125
2006-12-20,7648.35009765625
2006-12-21,7620.93994140625
2006-12-22,7652.47021484375
2006-12-25,7646.81005859375
2006-12-26,7727.58984375
2006-12-27,7733.18017578125
2006-12-28,7732.93017578125
2006-12-29,7823.72021484375
2007-01-02,7920.7998046875
2007-01-03,7917.2998046875
2007-01-04,7934.509765625
2007-01-05,7835.56982421875
2007-01-08,7736.7099609375
2007-01-09,7790.009765625
2007-01-10,7698.52001953125
2007-01-11,7618.5498046875
2007-01-12,7761.7099609375
2007-01-15,7783.5
2007-01-16,7792.080078125
2007-01-17,7833.97998046875
2007-01-18,7895.18017578125
2007-01-19,7840.080078125
2007-01-22,7842.47021484375
2007-01-23,7852.35986328125
2007-01-24,7935.5400390625
2007-01-25,7923.77001953125
2007-01-26,7821.31982421875
2007-01-29,7751.7900390625
2007-01-30,7739.91015625
2007-01-31,7699.64013671875
2007-02-01,7701.5400390625
2007-02-02,7777.02978515625
2007-02-05,7783.1201171875
2007-02-06,7875.75
2007-02-07,7850.06005859375
2007-02-08,7842.22021484375
2007-02-09,7859.52978515625
2007-02-12,7776.35986328125
2007-02-13,7736.830078125
2007-02-14,7809.4501953125
2007-02-26,7900.2001953125
2007-02-27,7901.9599609375
2007-03-01,7678.669921875
2007-03-02,7670.77001953125
2007-03-05,7344.56005859375
2007-03-06,7451.06005859375
2007-03-07,7480.89013671875
2007-03-08,7573.8701171875
2007-03-09,7568.2001953125
2007-03-12,7629.14990234375
2007-03-13,7684.0
2007-03-14,7570.27001953125
2007-03-15,7695.9599609375
2007-03-16,7719.7998046875
2007-03-19,7737.4599609375
2007-03-20,7736.2001953125
2007-03-21,7757.02978515625
2007-03-22,7823.669921875
2007-03-23,7859.31982421875
2007-03-26,7877.81982421875
2007-03-27,7845.169921875
2007-03-28,7788.14013671875
2007-03-29,7848.330078125
2007-03-30,7884.41015625
2007-04-02,7884.990234375
2007-04-03,7932.91015625
2007-04-04,8004.60986328125
2007-04-09,8056.56005859375
2007-04-10,8048.39013671875
2007-04-11,8084.4501953125
2007-04-12,8075.2001953125
2007-04-13,8002.2998046875
2007-04-16,8043.5400390625
2007-04-17,7959.2900390625
2007-04-18,8003.31005859375
2007-04-19,7888.6298828125
2007-04-20,7942.669921875
2007-04-23,8010.4599609375
2007-04-24,8045.009765625
2007-04-25,7984.64990234375
2007-04-26,8000.0400390625
2007-04-27,7949.419921875
2007-04-30,7875.419921875
2007-05-02,7903.0400390625
2007-05-03,7926.66015625
2007-05-04,8066.06005859375
2007-05-07,8115.27001953125
2007-05-08,8095.83984375
2007-05-09,8052.7001953125
2007-05-10,8096.85986328125
2007-05-11,8031.5400390625
2007-05-14,8030.56005859375
2007-05-15,7975.02978515625
2007-05-16,7988.56982421875
2007-05-17,8037.9599609375
2007-05-18,8034.14013671875
2007-05-21,8141.58984375
2007-05-22,8188.6298828125
2007-05-23,8221.7900390625
2007-05-24,8216.41015625
2007-05-25,8159.97021484375
2007-05-28,8156.81982421875
2007-05-29,8181.490234375
2007-05-30,8147.33984375
2007-05-31,8144.9501953125
2007-06-01,8249.900390625
2007-06-04,8294.7900390625
2007-06-05,8303.990234375
2007-06-06,8314.6796875
2007-06-07,8355.259765625
2007-06-08,8300.7099609375
2007-06-11,8338.8798828125
2007-06-12,8370.259765625
2007-06-13,8346.3896484375
2007-06-14,8450.7197265625
2007-06-15,8573.6396484375
2007-06-20,8755.8798828125
2007-06-21,8851.990234375
2007-06-22,8846.3896484375
2007-06-25,8939.1904296875
2007-06-26,8865.75
2007-06-27,8844.2197265625
2007-06-28,8892.830078125
2007-06-29,8883.2099609375
2007-07-02,8939.490234375
2007-07-03,8996.2001953125
2007-07-04,9068.98046875
2007-07-05,9148.7802734375
2007-07-06,9188.3095703125
2007-07-09,9369.83984375
2007-07-10,9384.73046875
2007-07-11,9290.9501953125
2007-07-12,9354.41015625
2007-07-13,9471.2998046875
2007-07-16,9417.3203125
2007-07-17,9509.73046875
2007-07-18,9485.349609375
2007-07-19,9473.3095703125
2007-07-20,9585.900390625
2007-07-23,9621.5703125
2007-07-24,9744.0595703125
2007-07-25,9740.1298828125
2007-07-26,9566.419921875
2007-07-27,9162.2802734375
2007-07-30,9072.5703125
2007-07-31,9287.25
2007-08-01,8891.8798828125
2007-08-02,8950.5703125
2007-08-03,9057.8203125
2007-08-06,8941.73046875
2007-08-07,8862.3095703125
2007-08-08,9099.4599609375
2007-08-09,9182.599609375
2007-08-10,8931.3095703125
2007-08-13,8938.9599609375
2007-08-14,8910.990234375
2007-08-15,8593.0400390625
2007-08-16,8201.3701171875
2007-08-17,8090.2900390625
2007-08-20,8515.599609375
2007-08-21,8479.080078125
2007-08-22,8493.4599609375
2007-08-23,8732.83984375
2007-08-24,8690.08984375
2007-08-27,8718.3095703125
2007-08-28,8727.5498046875
2007-08-29,8643.3203125
2007-08-30,8771.2099609375
2007-08-31,8982.16015625
2007-09-03,8979.9599609375
2007-09-04,8922.98046875
2007-09-05,8913.849609375
2007-09-06,9017.080078125
2007-09-07,9018.080078125
2007-09-10,8937.580078125
2007-09-11,9003.1201171875
2007-09-12,9018.1201171875
2007-09-13,8927.419921875
2007-09-14,9031.6298828125
2007-09-17,8899.91015625
2007-09-19,8926.3798828125
2007-09-20,8983.0302734375
2007-09-21,9105.2802734375
2007-09-26,9257.4697265625
2007-09-27,9413.650390625
2007-09-28,9411.9501953125
2007-10-01,9488.5
2007-10-02,9623.25
2007-10-03,9700.0703125
2007-10-04,9627.3896484375
2007-10-05,9617.259765625
2007-10-08,9717.169921875
2007-10-09,9639.830078125
2007-10-11,9697.669921875
2007-10-12,9496.4697265625
2007-10-15,9518.4501953125
2007-10-16,9592.4697265625
2007-10-17,9562.16015625
2007-10-18,9637.0703125
2007-10-19,9611.7197265625
2007-10-22,9360.6298828125
2007-10-23,9502.3896484375
2007-10-24,9442.6201171875
2007-10-25,9568.259765625
2007-10-26,9631.509765625
2007-10-29,9809.8798828125
2007-10-30,9757.9296875
2007-10-31,9711.3701171875
2007-11-01,9598.23046875
2007-11-02,9273.08984375
2007-11-05,9308.599609375
2007-11-06,9292.7998046875
2007-11-07,9300.2197265625
2007-11-08,8937.580078125
2007-11-09,8970.919921875
2007-11-12,8670.6103515625
2007-11-13,8727.2099609375
2007-11-14,8942.9296875
2007-11-15,8905.41015625
2007-11-16,8764.8203125
2007-11-19,8680.7099609375
2007-11-20,8680.8603515625
2007-11-21,8484.1103515625
2007-11-22,8499.3701171875
2007-11-23,8342.2001953125
2007-11-26,8528.330078125
2007-11-27,8375.759765625
2007-11-28,8276.259765625
2007-11-29,8447.0302734375
2007-11-30,8586.400390625
2007-12-03,8583.83984375
2007-12-04,8651.2802734375
2007-12-05,8676.9501953125
2007-12-06,8694.41015625
2007-12-07,8722.3798828125
2007-12-10,8598.0302734375
2007-12-11,8638.330078125
2007-12-12,8490.83984375
2007-12-13,8187.9501953125
2007-12-14,8118.080078125
2007-12-17,7830.85009765625
2007-12-18,7807.39013671875
2007-12-19,8014.31005859375
2007-12-20,7857.080078125
2007-12-21,7941.43994140625
2007-12-24,8135.47998046875
2007-12-25,8167.06982421875
2007-12-26,8156.39013671875
2007-12-27,8313.7197265625
2007-12-28,8396.9501953125
2007-12-31,8506.2802734375
2008-01-02,8323.0498046875
2008-01-03,8184.2001953125
2008-01-04,8221.099609375
2008-01-07,7883.3701171875
2008-01-08,7962.91015625
2008-01-09,8085.06005859375
2008-01-10,8057.27001953125
2008-01-11,8029.31005859375
2008-01-14,8173.41015625
2008-01-15,8428.83984375
2008-01-16,8179.5400390625
2008-01-17,8101.6298828125
2008-01-18,8184.64990234375
2008-01-21,8110.2001953125
2008-01-22,7581.9599609375
2008-01-23,7408.39990234375
2008-01-24,7517.0498046875
2008-01-25,7739.58984375
2008-01-28,7485.7900390625
2008-01-29,7576.419921875
2008-01-30,7543.5
2008-01-31,7521.1298828125
2008-02-01,7673.990234375
2008-02-12,7553.2998046875
2008-02-13,7550.5498046875
2008-02-14,7865.27978515625
2008-02-15,7876.3701171875
2008-02-18,7890.89990234375
2008-02-19,8024.41015625
2008-02-20,7894.47021484375
2008-02-21,8085.93017578125
2008-02-22,8108.7099609375
2008-02-25,8286.3095703125
2008-02-26,8307.669921875
2008-02-27,8462.080078125
2008-02-29,8412.759765625
2008-03-03,8262.8701171875
2008-03-04,8470.1103515625
2008-03-05,8483.9501953125
2008-03-06,8658.6396484375
2008-03-07,8531.3798828125
2008-03-10,8299.3701171875
2008-03-11,8381.599609375
2008-03-12,8435.2998046875
2008-03-13,8210.990234375
2008-03-14,8161.39013671875
2008-03-17,8005.4599609375
2008-03-18,8057.81982421875
2008-03-19,8179.35009765625
2008-03-20,8337.6201171875
2008-03-21,8524.990234375
2008-03-24,8865.349609375
2008-03-25,8795.08984375
2008-03-26,8768.01953125
2008-03-27,8605.9501953125
2008-03-28,8623.48046875
2008-03-31,8572.58984375
2008-04-01,8419.7197265625
2008-04-02,8605.3203125
2008-04-03,8596.33984375
2008-04-07,8729.7900390625
2008-04-08,8672.849609375
2008-04-09,8667.9296875
2008-04-10,8829.400390625
2008-04-11,8909.580078125
2008-04-14,8892.6796875
2008-04-15,8924.7802734375
2008-04-16,9066.0400390625
2008-04-17,9090.4296875
2008-04-18,9074.33984375
2008-04-21,9083.3203125
2008-04-22,9037.25
2008-04-23,9008.490234375
2008-04-24,8990.330078125
2008-04-25,8947.830078125
2008-04-28,9079.599609375
2008-04-29,8891.740234375
2008-04-30,8919.919921875
2008-05-02,8963.6298828125
2008-05-05,8837.0703125
2008-05-06,8857.3701171875
2008-05-07,8926.33984375
2008-05-08,8866.6201171875
2008-05-09,8792.3896484375
2008-05-12,8830.0498046875
2008-05-13,8989.5302734375
2008-05-14,9018.419921875
2008-05-15,9157.1796875
2008-05-16,9197.41015625
2008-05-19,9295.2001953125
2008-05-20,9068.8896484375
2008-05-21,9015.5703125
2008-05-22,9008.0302734375
2008-05-23,8834.73046875
2008-05-26,8707.830078125
2008-05-27,8778.3896484375
2008-05-28,8665.73046875
2008-05-29,8684.919921875
2008-05-30,8619.080078125
2008-06-02,8724.4697265625
2008-06-03,8579.4296875
2008-06-04,8627.7998046875
2008-06-05,8738.4599609375
2008-06-06,8745.349609375
2008-06-09,8587.9599609375
2008-06-10,8370.0
2008-06-11,8345.58984375
2008-06-12,8062.31005859375
2008-06-13,8105.58984375
2008-06-16,8169.77001953125
2008-06-17,8201.7900390625
2008-06-18,8217.580078125
2008-06-19,8047.740234375
2008-06-20,7902.43994140625
2008-06-23,7876.490234375
2008-06-24,7738.1201171875
2008-06-25,7855.06005859375
2008-06-26,7811.7998046875
2008-06-27,7548.759765625
2008-06-30,7523.5400390625
2008-07-01,7407.97998046875
2008-07-02,7353.85986328125
2008-07-03,7394.10009765625
2008-07-04,7228.41015625
2008-07-07,7341.10986328125
2008-07-08,7051.85009765625
2008-07-09,7048.25
2008-07-10,7075.64990234375
2008-07-11,7244.759765625
2008-07-14,7156.9599609375
2008-07-15,6834.240234375
2008-07-16,6710.64013671875
2008-07-17,6974.509765625
2008-07-18,6815.31982421875
2008-07-21,7085.669921875
2008-07-22,7065.64990234375
2008-07-23,7309.830078125
2008-07-24,7368.080078125
2008-07-25,7233.6201171875
2008-07-29,7014.47021484375
2008-07-30,7070.35009765625
2008-07-31,7024.06005859375
2008-08-01,7002.5400390625
2008-08-04,6977.35986328125
2008-08-05,6813.39990234375
2008-08-06,7026.240234375
2008-08-07,7024.580078125
2008-08-08,7209.0400390625
2008-08-11,7325.6201171875
2008-08-12,7293.7998046875
2008-08-13,7292.33984375
2008-08-14,7326.06982421875
2008-08-15,7196.5
2008-08-18,7000.740234375
2008-08-19,6978.60009765625
2008-08-20,7040.89990234375
2008-08-21,6918.47998046875
2008-08-22,6911.64013671875
2008-08-25,7030.72021484375
2008-08-26,6964.60009765625
2008-08-27,7080.97021484375
2008-08-28,7033.3701171875
2008-08-29,7046.10986328125
2008-09-01,6813.08984375
2008-09-02,6699.81982421875
2008-09-03,6584.93017578125
2008-09-04,6412.6298828125
2008-09-05,6307.27978515625
2008-09-08,6658.68994140625
2008-09-09,6424.77001953125
2008-09-10,6458.009765625
2008-09-11,6251.9501953125
2008-09-12,6310.68017578125
2008-09-15,6052.4501953125
2008-09-16,5756.58984375
2008-09-17,5800.8701171875
2008-09-18,5641.9501953125
2008-09-19,5970.3798828125
2008-09-22,6110.60009765625
2008-09-23,6182.2099609375
2008-09-24,6132.60009765625
2008-09-25,6060.830078125
2008-09-26,5929.6298828125
2008-09-30,5719.27978515625
2008-10-01,5764.009765625
2008-10-02,5703.72021484375
2008-10-03,5742.22998046875
2008-10-06,5505.7001953125
2008-10-07,5524.66015625
2008-10-08,5206.39990234375
2008-10-09,5130.7099609375
2008-10-13,5020.43994140625
2008-10-14,5291.56005859375
2008-10-15,5246.259765625
2008-10-16,5075.97021484375
2008-10-17,4960.39990234375
2008-10-20,4931.83984375
2008-10-21,4942.72021484375
2008-10-22,4862.58984375
2008-10-23,4730.509765625
2008-10-24,4579.6201171875
2008-10-27,4366.8701171875
2008-10-28,4399.97021484375
2008-10-29,4406.52001953125
2008-10-30,4683.64013671875
2008-10-31,4870.66015625
2008-11-03,4995.06005859375
2008-11-04,4992.6298828125
2008-11-05,4978.259765625
2008-11-06,4694.1201171875
2008-11-07,4742.330078125
2008-11-10,4740.27001953125
2008-11-11,4638.56982421875
2008-11-12,4615.56982421875
2008-11-13,4437.830078125
2008-11-14,4452.7001953125
2008-11-17,4439.7998046875
2008-11-18,4305.18017578125
2008-11-19,4284.08984375
2008-11-20,4089.929931640625
2008-11-21,4171.10009765625
2008-11-24,4160.5400390625
2008-11-25,4266.490234375
2008-11-26,4271.7998046875
2008-11-27,4453.75
2008-11-28,4460.490234375
2008-12-01,4518.43017578125
2008-12-02,4356.97998046875
2008-12-03,4307.259765625
2008-12-04,4254.9599609375
2008-12-05,4225.06982421875
2008-12-08,4418.330078125
2008-12-09,4472.66015625
2008-12-10,4658.8701171875
2008-12-11,4655.56982421875
2008-12-12,4481.27001953125
2008-12-15,4613.72021484375
2008-12-16,4616.89013671875
2008-12-17,4648.02001953125
2008-12-18,4694.81005859375
2008-12-19,4694.52001953125
2008-12-22,4535.5400390625
2008-12-23,4405.85986328125
2008-12-24,4423.08984375
2008-12-25,4413.4501953125
2008-12-26,4425.080078125
2008-12-29,4416.16015625
2008-12-30,4589.0400390625
2008-12-31,4591.22021484375
2009-01-05,4698.31005859375
2009-01-06,4727.259765625
2009-01-07,4789.83984375
2009-01-08,4535.7900390625
2009-01-09,4502.740234375
2009-01-12,4453.89990234375
2009-01-13,4532.35986328125
2009-01-14,4521.47021484375
2009-01-15,4320.77001953125
2009-01-16,4353.7001953125
2009-01-19,4366.759765625
2009-01-20,4242.60986328125
2009-01-21,4247.97021484375
2009-02-02,4259.97998046875
2009-02-03,4372.81005859375
2009-02-04,4389.97021484375
2009-02-05,4363.25
2009-02-06,4471.25
2009-02-09,4494.58984375
2009-02-10,4526.10009765625
2009-02-11,4575.9501953125
2009-02-12,4466.419921875
2009-02-13,4592.5
2009-02-16,4591.259765625
2009-02-17,4491.77978515625
2009-02-18,4498.3701171875
2009-02-19,4528.8701171875
2009-02-20,4436.93994140625
2009-02-23,4477.77978515625
2009-02-24,4430.18017578125
2009-02-25,4493.740234375
2009-02-26,4518.56005859375
2009-02-27,4557.14990234375
2009-03-02,4425.830078125
2009-03-03,4435.33984375
2009-03-04,4541.419921875
2009-03-05,4637.2001953125
2009-03-06,4653.6298828125
2009-03-09,4628.240234375
2009-03-10,4671.02001953125
2009-03-11,4759.9599609375
2009-03-12,4754.64990234375
2009-03-13,4897.39013671875
2009-03-16,4971.31982421875
2009-03-17,5041.39013671875
2009-03-18,5047.5400390625
2009-03-19,5035.93017578125
2009-03-20,4961.6201171875
2009-03-23,5124.18017578125
2009-03-24,5242.18017578125
2009-03-25,5346.3798828125
2009-03-26,5386.56005859375
2009-03-27,5390.7001953125
2009-03-30,5206.0498046875
2009-03-31,5210.83984375
2009-04-02,5473.77978515625
2009-04-03,5529.6298828125
2009-04-06,5556.22021484375
2009-04-07,5576.85009765625
2009-04-08,5443.56005859375
2009-04-09,5667.7998046875
2009-04-10,5781.9599609375
2009-04-13,5857.64013671875
2009-04-14,5892.68017578125
2009-04-15,5875.18994140625
2009-04-16,5997.169921875
2009-04-17,5755.3798828125
2009-04-20,5781.66015625
2009-04-21,5881.41015625
2009-04-22,5886.10986328125
2009-04-23,5875.240234375
2009-04-24,5880.77001953125
2009-04-27,5705.0498046875
2009-04-28,5596.72998046875
2009-04-29,5614.06005859375
2009-04-30,5992.56982421875
2009-05-04,6330.39990234375
2009-05-05,6379.93994140625
2009-05-06,6566.7001953125
2009-05-07,6572.8701171875
2009-05-08,6583.8701171875
2009-05-11,6647.5
2009-05-12,6432.5498046875
2009-05-13,6485.14013671875
2009-05-14,6364.169921875
2009-05-15,6489.08984375
2009-05-18,6577.81005859375
2009-05-19,6655.58984375
2009-05-20,6703.6201171875
2009-05-21,6718.81005859375
2009-05-22,6737.2900390625
2009-05-25,6734.4599609375
2009-05-26,6683.10986328125
2009-05-27,6890.43994140625
2009-06-01,6954.10009765625
2009-06-02,6949.080078125
2009-06-03,6893.14013671875
2009-06-04,6786.06005859375
2009-06-05,6767.10009765625
2009-06-08,6628.02001953125
2009-06-09,6414.39013671875
2009-06-10,6462.27001953125
2009-06-11,6567.3701171875
2009-06-12,6448.22998046875
2009-06-15,6225.56005859375
2009-06-16,6220.81005859375
2009-06-17,6195.91015625
2009-06-18,6144.52978515625
2009-06-19,6231.14990234375
2009-06-22,6341.2099609375
2009-06-23,6197.47021484375
2009-06-24,6380.080078125
2009-06-25,6457.60986328125
2009-06-26,6463.56005859375
2009-06-29,6391.14990234375
2009-06-30,6432.16015625
2009-07-01,6578.97021484375
2009-07-02,6667.52978515625
2009-07-03,6665.39990234375
2009-07-06,6649.91015625
2009-07-07,6715.22021484375
2009-07-08,6668.14013671875
2009-07-09,6748.18017578125
2009-07-10,6769.85986328125
2009-07-13,6530.81982421875
2009-07-14,6639.41015625
2009-07-15,6738.60009765625
2009-07-16,6780.2998046875
2009-07-17,6850.990234375
2009-07-20,6938.85986328125
2009-07-21,6953.33984375
2009-07-22,6985.31982421875
2009-07-23,6980.8798828125
2009-07-24,6973.27978515625
2009-07-27,7028.43017578125
2009-07-28,7142.6298828125
2009-07-29,7083.6298828125
2009-07-30,7027.10986328125
2009-07-31,7077.7099609375
2009-08-03,7056.7099609375
2009-08-04,6955.8701171875
2009-08-05,6848.240234375
2009-08-06,6868.64990234375
2009-08-10,6882.8701171875
2009-08-11,6909.02001953125
2009-08-12,6898.89990234375
2009-08-13,7034.9599609375
2009-08-14,7069.509765625
2009-08-17,6931.7998046875
2009-08-18,6789.77001953125
2009-08-19,6788.580078125
2009-08-20,6733.22998046875
2009-08-21,6654.7998046875
2009-08-24,6838.25
2009-08-25,6809.41015625
2009-08-26,6719.2099609375
2009-08-27,6690.75
2009-08-28,6809.85986328125
2009-08-31,6825.9501953125
2009-09-01,7019.75
2009-09-02,7039.77001953125
2009-09-03,7104.64990234375
2009-09-04,7153.1298828125
2009-09-07,7224.58984375
2009-09-08,7313.990234375
2009-09-09,7250.72021484375
2009-09-10,7332.080078125
2009-09-11,7337.14013671875
2009-09-14,7256.9501953125
2009-09-15,7346.259765625
2009-09-16,7440.240234375
2009-09-17,7477.2998046875
2009-09-18,7526.5498046875
2009-09-21,7502.4599609375
2009-09-22,7469.02978515625
2009-09-23,7376.759765625
2009-09-24,7324.22021484375
2009-09-25,7345.22021484375
2009-09-28,7284.60986328125
2009-09-29,7429.97998046875
2009-09-30,7509.169921875
2009-10-01,7545.2900390625
2009-10-02,7411.8798828125
2009-10-05,7437.97998046875
2009-10-06,7536.0498046875
2009-10-07,7608.66015625
2009-10-08,7503.31005859375
2009-10-09,7571.9599609375
2009-10-12,7599.8798828125
2009-10-13,7596.60009765625
2009-10-14,7695.75
2009-10-15,7710.39990234375
2009-10-16,7715.10009765625
2009-10-19,7751.31982421875
2009-10-20,7753.52001953125
2009-10-21,7701.5
2009-10-22,7607.93017578125
2009-10-23,7649.27978515625
2009-10-26,7668.39990234375
2009-10-27,7657.33984375
2009-10-28,7533.9501953125
2009-10-29,7355.68994140625
2009-10-30,7340.080078125
2009-11-02,7335.18017578125
2009-11-03,7322.93017578125
2009-11-04,7467.0400390625
2009-11-05,7417.4599609375
2009-11-06,7463.0498046875
2009-11-09,7536.7001953125
2009-11-10,7593.490234375
2009-11-11,7668.06005859375
2009-11-12,7670.93017578125
2009-11-13,7665.6298828125
2009-11-16,7792.68017578125
2009-11-17,7733.2099609375
2009-11-18,7766.68994140625
2009-11-19,7759.97998046875
2009-11-20,7682.97021484375
2009-11-23,7687.14990234375
2009-11-24,7714.56005859375
2009-11-25,7756.31005859375
2009-11-26,7739.16015625
2009-11-27,7490.91015625
2009-11-30,7582.2099609375
2009-12-01,7649.22998046875
2009-12-02,7677.6201171875
2009-12-03,7684.669921875
2009-12-04,7650.91015625
2009-12-07,7775.64013671875
2009-12-08,7768.7099609375
2009-12-09,7797.419921875
2009-12-10,7677.91015625
2009-12-11,7795.06982421875
2009-12-14,7819.1298828125
2009-12-15,7807.6201171875
2009-12-16,7751.60009765625
2009-12-17,7742.169921875
2009-12-18,7753.6298828125
2009-12-21,7787.27001953125
2009-12-22,7856.0
2009-12-23,7901.5
2009-12-24,7963.5400390625
2009-12-25,7972.58984375
2009-12-28,8057.490234375
2009-12-29,8053.830078125
2009-12-30,8112.27978515625
2009-12-31,8188.10986328125
2010-01-04,8207.849609375
2010-01-05,8211.400390625
2010-01-06,8327.6201171875
2010-01-07,8237.419921875
2010-01-08,8280.900390625
2010-01-11,8323.8203125
2010-01-12,8309.3701171875
2010-01-13,8196.5595703125
2010-01-14,8289.98046875
2010-01-15,8356.8896484375
2010-01-18,8337.8203125
2010-01-19,8249.0
2010-01-20,8220.9296875
2010-01-21,8127.8701171875
2010-01-22,7927.31005859375
2010-01-25,7872.990234375
2010-01-26,7598.81005859375
2010-01-27,7560.02978515625
2010-01-28,7694.580078125
2010-01-29,7640.43994140625
2010-02-01,7524.669921875
2010-02-02,7429.60986328125
2010-02-03,7547.97998046875
2010-02-04,7542.0400390625
2010-02-05,7217.830078125
2010-02-08,7215.8798828125
2010-02-09,7361.0400390625
2010-02-10,7441.83984375
2010-02-22,7560.0400390625
2010-02-23,7597.43994140625
2010-02-24,7529.669921875
2010-02-25,7426.9599609375
2010-02-26,7436.10009765625
2010-03-01,7577.75
2010-03-02,7597.6201171875
2010-03-03,7629.52001953125
2010-03-04,7569.7998046875
2010-03-05,7666.259765625
2010-03-08,7762.27001953125
2010-03-09,7770.58984375
2010-03-10,7779.080078125
2010-03-11,7749.66015625
2010-03-12,7748.330078125
2010-03-15,7634.919921875
2010-03-16,7695.6298828125
2010-03-17,7847.83984375
2010-03-18,7886.33984375
2010-03-19,7897.91015625
2010-03-22,7835.97998046875
2010-03-23,7811.8701171875
2010-03-24,7822.7099609375
2010-03-25,7838.10009765625
2010-03-26,7876.85986328125
2010-03-29,7947.4501953125
2010-03-30,7962.22021484375
2010-03-31,7920.06005859375
2010-04-01,8013.08984375
2010-04-02,8025.93017578125
2010-04-06,8089.64990234375
2010-04-07,8121.77978515625
2010-04-08,8057.60009765625
2010-04-09,8092.02978515625
2010-04-12,8117.75
2010-04-13,8029.72998046875
2010-04-14,8097.1298828125
2010-04-15,8171.93994140625
2010-04-16,8111.56982421875
2010-04-19,7854.22021484375
2010-04-20,7900.419921875
2010-04-21,7990.52978515625
2010-04-22,7978.68994140625
2010-04-23,8004.89013671875
2010-04-26,8158.14013671875
2010-04-27,8146.43994140625
2010-04-28,8081.5498046875
2010-04-29,8054.0498046875
2010-04-30,8004.25
2010-05-03,7952.169921875
2010-05-04,7930.77001953125
2010-05-05,7696.89990234375
2010-05-06,7579.47998046875
2010-05-07,7567.10009765625
2010-05-10,7664.72998046875
2010-05-11,7608.43994140625
2010-05-12,7602.7001953125
2010-05-13,7770.56982421875
2010-05-14,7772.1298828125
2010-05-17,7598.72021484375
2010-05-18,7585.2998046875
2010-05-19,7559.16015625
2010-05-20,7424.43017578125
2010-05-21,7237.7099609375
2010-05-24,7322.72998046875
2010-05-25,7086.3701171875
2010-05-26,7167.35009765625
2010-05-27,7243.16015625
2010-05-28,7295.31982421875
2010-05-31,7373.97998046875
2010-06-01,7289.330078125
2010-06-02,7195.7099609375
2010-06-03,7360.27978515625
2010-06-04,7344.58984375
2010-06-07,7157.830078125
2010-06-08,7151.990234375
2010-06-09,7071.669921875
2010-06-10,7181.77001953125
2010-06-11,7299.490234375
2010-06-14,7387.39990234375
2010-06-15,7454.06005859375
2010-06-17,7515.77978515625
2010-06-18,7493.10986328125
2010-06-21,7635.56005859375
2010-06-22,7612.68017578125
2010-06-23,7582.14990234375
2010-06-24,7589.89013671875
2010-06-25,7474.7099609375
2010-06-28,7500.7900390625
2010-06-29,7423.56982421875
2010-06-30,7329.3701171875
2010-07-01,7254.06005859375
2010-07-02,7330.740234375
2010-07-05,7439.9599609375
2010-07-06,7548.47998046875
2010-07-07,7534.4599609375
2010-07-08,7608.85009765625
2010-07-09,7647.25
2010-07-12,7639.5498046875
2010-07-13,7597.419921875
2010-07-14,7714.509765625
2010-07-15,7704.52001953125
2010-07-16,7664.56982421875
2010-07-19,7649.830078125
2010-07-20,7712.02978515625
2010-07-21,7701.2900390625
2010-07-22,7666.33984375
2010-07-23,7761.22021484375
2010-07-26,7787.4501953125
2010-07-27,7748.009765625
2010-07-28,7784.81005859375
2010-07-29,7798.990234375
2010-07-30,7760.6298828125
2010-08-02,7911.68017578125
2010-08-03,7957.52978515625
2010-08-04,7972.66015625
2010-08-05,7936.85009765625
2010-08-06,7963.2998046875
2010-08-09,8034.490234375
2010-08-10,7976.740234375
2010-08-11,7895.02978515625
2010-08-12,7829.7900390625
2010-08-13,7891.580078125
2010-08-16,7941.22021484375
2010-08-17,7931.08984375
2010-08-18,7924.10009765625
2010-08-19,7928.93994140625
2010-08-20,7927.31005859375
2010-08-23,7975.93017578125
2010-08-24,7940.64013671875
2010-08-25,7736.97998046875
2010-08-26,7689.740234375
2010-08-27,7722.91015625
2010-08-30,7741.2001953125
2010-08-31,7616.27978515625
2010-09-01,7668.25
2010-09-02,7720.81982421875
2010-09-03,7830.2099609375
2010-09-06,7890.9501953125
2010-09-07,7884.39990234375
2010-09-08,7851.31005859375
2010-09-09,7835.5400390625
2010-09-10,7890.10986328125
2010-09-13,8091.2998046875
2010-09-14,8132.60009765625
2010-09-15,8163.81982421875
2010-09-16,8099.75
2010-09-17,8158.330078125
2010-09-20,8186.9599609375
2010-09-21,8196.400390625
2010-09-23,8202.5400390625
2010-09-24,8166.6201171875
2010-09-27,8191.5400390625
2010-09-28,8189.43994140625
2010-09-29,8240.8896484375
2010-09-30,8237.7802734375
2010-10-01,8244.1796875
2010-10-04,8246.099609375
2010-10-05,8200.4296875
2010-10-06,8284.0302734375
2010-10-07,8283.919921875
2010-10-08,8244.1904296875
2010-10-11,8176.759765625
2010-10-12,8090.22021484375
2010-10-13,8106.66015625
2010-10-14,8215.4501953125
2010-10-15,8205.2998046875
2010-10-18,8060.5400390625
2010-10-19,8046.22998046875
2010-10-20,8124.6201171875
2010-10-21,8131.22998046875
2010-10-22,8168.06005859375
2010-10-25,8306.98046875
2010-10-26,8343.23046875
2010-10-27,8291.0400390625
2010-10-28,8354.0498046875
2010-10-29,8287.08984375
2010-11-01,8379.75
2010-11-02,8344.759765625
2010-11-03,8293.900390625
2010-11-04,8357.849609375
2010-11-05,8449.33984375
2010-11-08,8430.580078125
2010-11-09,8445.6298828125
2010-11-10,8450.6298828125
2010-11-11,8436.9501953125
2010-11-12,8316.0498046875
2010-11-15,8240.650390625
2010-11-16,8312.2099609375
2010-11-17,8255.5400390625
2010-11-18,8283.4501953125
2010-11-19,8306.1201171875
2010-11-22,8374.91015625
2010-11-23,8328.6298828125
2010-11-24,8297.0498046875
2010-11-25,8349.990234375
2010-11-26,8312.150390625
2010-11-29,8367.169921875
2010-11-30,8372.48046875
2010-12-01,8520.1103515625
2010-12-02,8585.76953125
2010-12-03,8624.009765625
2010-12-06,8702.23046875
2010-12-07,8704.3896484375
2010-12-08,8703.7900390625
2010-12-09,8753.83984375
2010-12-10,8718.830078125
2010-12-13,8736.58984375
2010-12-14,8740.4296875
2010-12-15,8756.7099609375
2010-12-16,8782.2001953125
2010-12-17,8817.900390625
2010-12-20,8768.7197265625
2010-12-21,8827.7900390625
2010-12-22,8860.490234375
2010-12-23,8898.8701171875
2010-12-24,8861.099609375
2010-12-27,8892.3095703125
2010-12-28,8870.759765625
2010-12-29,8866.349609375
2010-12-30,8907.91015625
2010-12-31,8972.5
2011-01-03,9025.2998046875
2011-01-04,8997.1904296875
2011-01-05,8846.3095703125
2011-01-06,8883.2099609375
2011-01-07,8782.7197265625
2011-01-10,8817.8798828125
2011-01-11,8931.3603515625
2011-01-12,8965.0
2011-01-13,8975.580078125
2011-01-14,8972.509765625
2011-01-17,8925.08984375
2011-01-18,8988.0
2011-01-19,9086.01953125
2011-01-20,9022.169921875
2011-01-21,8954.3798828125
2011-01-24,8947.7900390625
2011-01-25,8991.3896484375
2011-01-26,9055.58984375
2011-01-27,9102.330078125
2011-01-28,9145.349609375
2011-02-08,9111.4599609375
2011-02-09,9006.8203125
2011-02-10,8836.5595703125
2011-02-11,8609.8603515625
2011-02-14,8685.4697265625
2011-02-15,8721.9296875
2011-02-16,8712.9599609375
2011-02-17,8683.8798828125
2011-02-18,8843.83984375
2011-02-21,8839.2197265625
2011-02-22,8673.669921875
2011-02-23,8528.9404296875
2011-02-24,8541.6396484375
2011-02-25,8599.650390625
2011-03-01,8727.5595703125
2011-03-02,8619.900390625
2011-03-03,8738.3701171875
2011-03-04,8784.400390625
2011-03-07,8713.7900390625
2011-03-08,8747.75
2011-03-09,8750.01953125
2011-03-10,8642.900390625
2011-03-11,8567.8203125
2011-03-14,8520.01953125
2011-03-15,8234.7802734375
2011-03-16,8324.580078125
2011-03-17,8282.6904296875
2011-03-18,8394.75
2011-03-21,8467.7099609375
2011-03-22,8508.0400390625
2011-03-23,8545.080078125
2011-03-24,8576.400390625
2011-03-25,8610.3896484375
2011-03-28,8553.0595703125
2011-03-29,8596.5703125
2011-03-30,8646.3095703125
2011-03-31,8683.2998046875
2011-04-01,8705.1298828125
2011-04-06,8851.98046875
2011-04-07,8901.7197265625
2011-04-08,8894.5400390625
2011-04-11,8880.26953125
2011-04-12,8732.58984375
2011-04-13,8780.2001953125
2011-04-14,8802.73046875
2011-04-15,8718.1201171875
2011-04-18,8714.48046875
2011-04-19,8638.5498046875
2011-04-20,8813.2802734375
2011-04-21,8957.650390625
2011-04-22,8969.4296875
2011-04-25,8950.75
2011-04-26,8948.1396484375
2011-04-27,9049.25
2011-04-28,9040.76953125
2011-04-29,9007.8701171875
2011-05-03,8946.080078125
2011-05-04,8947.349609375
2011-05-05,9018.6103515625
2011-05-06,8977.23046875
2011-05-09,9035.48046875
2011-05-10,9023.2802734375
2011-05-11,9020.400390625
2011-05-12,9033.6796875
2011-05-13,9006.6103515625
2011-05-16,8911.7099609375
2011-05-17,8884.08984375
2011-05-18,8944.83984375
2011-05-19,8892.8798828125
2011-05-20,8837.0302734375
2011-05-23,8747.509765625
2011-05-24,8756.6103515625
2011-05-25,8727.08984375
2011-05-26,8788.400390625
2011-05-27,8810.0
2011-05-30,8823.6796875
2011-05-31,8988.83984375
2011-06-01,9062.349609375
2011-06-02,8991.3603515625
2011-06-03,9046.2802734375
2011-06-07,9057.099609375
2011-06-08,9007.5302734375
2011-06-09,9000.9404296875
2011-06-10,8837.8203125
2011-06-13,8712.9501953125
2011-06-14,8829.2099609375
2011-06-15,8831.4501953125
2011-06-16,8654.4296875
2011-06-17,8636.099609375
2011-06-20,8530.6796875
2011-06-21,8597.6201171875
2011-06-22,8621.0400390625
2011-06-23,8567.2802734375
2011-06-24,8532.830078125
2011-06-27,8500.16015625
2011-06-28,8478.8603515625
2011-06-29,8573.3798828125
2011-06-30,8652.58984375
2011-07-01,8739.8203125
2011-07-04,8774.7197265625
2011-07-05,8784.4404296875
2011-07-06,8824.4404296875
2011-07-07,8773.419921875
2011-07-08,8749.5498046875
2011-07-11,8665.849609375
2011-07-12,8491.009765625
2011-07-13,8488.0595703125
2011-07-14,8481.349609375
2011-07-15,8574.91015625
2011-07-18,8538.5703125
2011-07-19,8524.5703125
2011-07-20,8706.169921875
2011-07-21,8717.1396484375
2011-07-22,8765.3203125
2011-07-25,8683.509765625
2011-07-26,8794.240234375
2011-07-27,8817.490234375
2011-07-28,8767.2001953125
2011-07-29,8644.1796875
2011-08-01,8701.3798828125
2011-08-02,8584.7197265625
2011-08-03,8456.8603515625
2011-08-04,8317.26953125
2011-08-05,7853.1298828125
2011-08-08,7552.7998046875
2011-08-09,7493.1201171875
2011-08-10,7736.31982421875
2011-08-11,7719.08984375
2011-08-12,7637.02001953125
2011-08-15,7819.39013671875
2011-08-16,7798.58984375
2011-08-17,7741.759765625
2011-08-18,7614.97021484375
2011-08-19,7342.9599609375
2011-08-22,7312.58984375
2011-08-23,7550.22998046875
2011-08-24,7502.93017578125
2011-08-25,7410.8701171875
2011-08-26,7445.10009765625
2011-08-29,7578.009765625
2011-08-30,7646.18994140625
2011-08-31,7741.35986328125
2011-09-01,7757.759765625
2011-09-02,7757.06005859375
2011-09-05,7551.56982421875
2011-09-06,7367.18994140625
2011-09-07,7529.009765625
2011-09-08,7548.3701171875
2011-09-09,7610.56982421875
2011-09-13,7391.3701171875
2011-09-14,7228.47021484375
2011-09-15,7385.68017578125
2011-09-16,7577.39990234375
2011-09-19,7480.8798828125
2011-09-20,7492.85009765625
2011-09-21,7535.8798828125
2011-09-22,7305.5
2011-09-23,7046.22021484375
2011-09-26,6877.1201171875
2011-09-27,7089.9501953125
2011-09-28,7146.97998046875
2011-09-29,7182.60986328125
2011-09-30,7225.3798828125
2011-10-03,7013.97021484375
2011-10-04,7047.8701171875
2011-10-05,6989.14990234375
2011-10-06,7132.0
2011-10-07,7211.9599609375
2011-10-11,7398.7099609375
2011-10-12,7382.35009765625
2011-10-13,7428.330078125
2011-10-14,7358.080078125
2011-10-17,7461.1201171875
2011-10-18,7359.47998046875
2011-10-19,7353.3701171875
2011-10-20,7244.31982421875
2011-10-21,7254.509765625
2011-10-24,7470.2998046875
2011-10-25,7491.2099609375
2011-10-26,7535.81982421875
2011-10-27,7565.2099609375
2011-10-28,7616.06005859375
2011-10-31,7587.68994140625
2011-11-01,7622.009765625
2011-11-02,7598.4501953125
2011-11-03,7460.31005859375
2011-11-04,7603.22998046875
2011-11-07,7621.72021484375
2011-11-08,7600.7900390625
2011-11-09,7561.85986328125
2011-11-10,7308.68017578125
2011-11-11,7367.2900390625
2011-11-14,7525.64990234375
2011-11-15,7491.06005859375
2011-11-16,7387.52001953125
2011-11-17,7387.81005859375
2011-11-18,7233.77978515625
2011-11-21,7042.64013671875
2011-11-22,7000.02978515625
2011-11-23,6806.43017578125
2011-11-24,6864.39013671875
2011-11-25,6784.52001953125
2011-11-28,6898.77978515625
2011-11-29,6988.64990234375
2011-11-30,6904.1201171875
2011-12-01,7178.68994140625
2011-12-02,7140.68017578125
2011-12-05,7098.080078125
2011-12-06,6956.27978515625
2011-12-07,7033.0
2011-12-08,6982.89990234375
2011-12-09,6893.2998046875
2011-12-12,6949.0400390625
2011-12-13,6896.31005859375
2011-12-14,6922.56982421875
2011-12-15,6764.58984375
2011-12-16,6785.08984375
2011-12-19,6633.330078125
2011-12-20,6662.64013671875
2011-12-21,6966.47998046875
2011-12-22,6966.35009765625
2011-12-23,7110.72998046875
2011-12-26,7092.580078125
2011-12-27,7085.02978515625
2011-12-28,7056.669921875
2011-12-29,7074.81982421875
2011-12-30,7072.080078125
2012-01-03,7053.3798828125
2012-01-04,7082.97021484375
2012-01-05,7130.85986328125
2012-01-06,7120.509765625
2012-01-09,7093.0400390625
2012-01-10,7178.8701171875
2012-01-11,7188.2099609375
2012-01-12,7186.580078125
2012-01-13,7181.5400390625
2012-01-16,7103.6201171875
2012-01-17,7221.080078125
2012-01-18,7233.68994140625
2012-01-30,7407.41015625
2012-01-31,7517.080078125
2012-02-01,7549.2099609375
2012-02-02,7652.4599609375
2012-02-03,7674.990234375
2012-02-06,7687.97998046875
2012-02-07,7707.43994140625
2012-02-08,7869.91015625
2012-02-09,7910.77978515625
2012-02-10,7862.27001953125
2012-02-13,7912.91015625
2012-02-14,7884.080078125
2012-02-15,8005.240234375
2012-02-16,7869.7001953125
2012-02-17,7894.35986328125
2012-02-20,7954.81982421875
2012-02-21,7921.5
2012-02-22,8001.68017578125
2012-02-23,7937.2998046875
2012-02-24,7959.33984375
2012-02-29,8121.43994140625
2012-03-01,8118.33984375
2012-03-02,8144.0400390625
2012-03-05,8004.740234375
2012-03-06,7937.97021484375
2012-03-07,7903.080078125
2012-03-08,7984.56005859375
2012-03-09,8016.009765625
2012-03-12,7927.5498046875
2012-03-13,8031.509765625
2012-03-14,8125.259765625
2012-03-15,8121.6201171875
2012-03-16,8054.93994140625
2012-03-19,8043.919921875
2012-03-20,7972.7001953125
2012-03-21,7981.93994140625
2012-03-22,8059.93994140625
2012-03-23,8076.60986328125
2012-03-26,7967.6201171875
2012-03-27,8029.4599609375
2012-03-28,8038.06982421875
2012-03-29,7872.66015625
2012-03-30,7933.0
2012-04-02,7862.89990234375
2012-04-03,7760.85009765625
2012-04-05,7639.81982421875
2012-04-06,7706.259765625
2012-04-09,7600.8701171875
2012-04-10,7640.68017578125
2012-04-11,7656.669921875
2012-04-12,7662.919921875
2012-04-13,7788.27001953125
2012-04-16,7729.85986328125
2012-04-17,7585.8701171875
2012-04-18,7605.0
2012-04-19,7622.68994140625
2012-04-20,7507.14990234375
2012-04-23,7481.08984375
2012-04-24,7498.83984375
2012-04-25,7563.18017578125
2012-04-26,7521.35009765625
2012-04-27,7480.5
2012-04-30,7501.72021484375
2012-05-02,7676.81005859375
2012-05-03,7659.52978515625
2012-05-04,7700.9501953125
2012-05-07,7538.080078125
2012-05-08,7545.7099609375
2012-05-09,7475.7099609375
2012-05-10,7484.009765625
2012-05-11,7401.3701171875
2012-05-14,7377.18017578125
2012-05-15,7395.64013671875
2012-05-16,7234.56982421875
2012-05-17,7356.77001953125
2012-05-18,7151.18994140625
2012-05-21,7192.22998046875
2012-05-22,7274.89013671875
2012-05-23,7147.75
2012-05-24,7124.89013671875
2012-05-25,7071.6298828125
2012-05-28,7136.0
2012-05-29,7342.2900390625
2012-05-30,7261.7998046875
2012-05-31,7301.5
2012-06-01,7106.08984375
2012-06-04,6894.66015625
2012-06-05,7000.4501953125
2012-06-06,7056.14990234375
2012-06-07,7080.31005859375
2012-06-08,6999.64990234375
2012-06-11,7120.22998046875
2012-06-12,7072.080078125
2012-06-13,7088.830078125
2012-06-14,7075.10009765625
2012-06-15,7155.830078125
2012-06-18,7281.5
2012-06-19,7273.1298828125
2012-06-20,7334.6298828125
2012-06-21,7279.0498046875
2012-06-22,7222.0498046875
2012-06-25,7166.3798828125
2012-06-26,7137.93017578125
2012-06-27,7183.009765625
2012-06-28,7169.60986328125
2012-06-29,7296.27978515625
2012-07-02,7345.16015625
2012-07-03,7418.35986328125
2012-07-04,7422.58984375
2012-07-05,7387.77978515625
2012-07-06,7368.58984375
2012-07-09,7309.9599609375
2012-07-10,7251.35009765625
2012-07-11,7257.91015625
2012-07-12,7130.93017578125
2012-07-13,7104.27001953125
2012-07-16,7090.0400390625
2012-07-17,7127.0
2012-07-18,7049.0498046875
2012-07-19,7148.56982421875
2012-07-20,7164.68017578125
2012-07-23,7028.72998046875
2012-07-24,7008.35009765625
2012-07-25,6979.1298828125
2012-07-26,6970.68994140625
2012-07-27,7124.490234375
2012-07-30,7158.8798828125
2012-07-31,7270.490234375
2012-08-01,7267.9599609375
2012-08-03,7217.509765625
2012-08-06,7286.330078125
2012-08-07,7295.4599609375
2012-08-08,7319.7998046875
2012-08-09,7433.7001953125
2012-08-10,7441.1201171875
2012-08-13,7436.2998046875
2012-08-14,7479.25
2012-08-15,7467.740234375
2012-08-16,7490.2099609375
2012-08-17,7467.919921875
2012-08-20,7431.91015625
2012-08-21,7506.81005859375
2012-08-22,7496.580078125
2012-08-23,7505.169921875
2012-08-24,7477.52978515625
2012-08-27,7468.22021484375
2012-08-28,7361.93994140625
2012-08-29,7391.14990234375
2012-08-30,7371.43994140625
2012-08-31,7397.06005859375
2012-09-03,7450.52978515625
2012-09-04,7451.35009765625
2012-09-05,7367.43994140625
2012-09-06,7326.72021484375
2012-09-07,7424.91015625
2012-09-10,7482.740234375
2012-09-11,7485.1298828125
2012-09-12,7570.4501953125
2012-09-13,7578.7998046875
2012-09-14,7738.0498046875
2012-09-17,7762.22021484375
2012-09-18,7734.259765625
2012-09-19,7781.91015625
2012-09-20,7727.5498046875
2012-09-21,7754.58984375
2012-09-24,7768.2998046875
2012-09-25,7734.1298828125
2012-09-26,7669.6298828125
2012-09-27,7683.7998046875
2012-09-28,7715.16015625
2012-10-01,7675.72021484375
2012-10-02,7718.68017578125
2012-10-03,7684.6298828125
2012-10-04,7682.33984375
2012-10-05,7690.64990234375
2012-10-08,7615.89013671875
2012-10-09,7592.009765625
2012-10-11,7451.72021484375
2012-10-12,7437.0400390625
2012-10-15,7418.89990234375
2012-10-16,7471.02001953125
2012-10-17,7464.39990234375
2012-10-18,7465.41015625
2012-10-19,7408.759765625
2012-10-22,7373.0400390625
2012-10-23,7337.47998046875
2012-10-24,7314.8798828125
2012-10-25,7262.080078125
2012-10-26,7134.06005859375
2012-10-29,7091.669921875
2012-10-30,7182.58984375
2012-10-31,7166.0498046875
2012-11-01,7179.64013671875
2012-11-02,7210.47021484375
2012-11-05,7185.35986328125
2012-11-06,7236.68017578125
2012-11-07,7287.18017578125
2012-11-08,7242.6298828125
2012-11-09,7293.22021484375
2012-11-12,7267.75
2012-11-13,7136.0498046875
2012-11-14,7159.75
2012-11-15,7143.83984375
2012-11-16,7130.06982421875
2012-11-19,7129.0400390625
2012-11-20,7145.77001953125
2012-11-21,7088.490234375
2012-11-22,7105.759765625
2012-11-23,7326.009765625
2012-11-26,7407.3701171875
2012-11-27,7430.2001953125
2012-11-28,7434.93017578125
2012-11-29,7503.5498046875
2012-11-30,7580.169921875
2012-12-03,7599.91015625
2012-12-04,7600.97998046875
2012-12-05,7649.0498046875
2012-12-06,7623.259765625
2012-12-07,7642.259765625
2012-12-10,7609.5
2012-12-11,7613.68994140625
2012-12-12,7690.18994140625
2012-12-13,7757.08984375
2012-12-14,7698.77001953125
2012-12-17,7631.27978515625
2012-12-18,7643.740234375
2012-12-19,7677.47021484375
2012-12-20,7595.4599609375
2012-12-21,7519.93017578125
2012-12-24,7535.52001953125
2012-12-25,7636.56982421875
2012-12-26,7634.18994140625
2012-12-27,7648.41015625
2012-12-28,7699.5
2013-01-02,7779.22021484375
2013-01-03,7836.83984375
2013-01-04,7805.990234375
2013-01-07,7755.08984375
2013-01-08,7721.66015625
2013-01-09,7738.64013671875
2013-01-10,7811.64013671875
2013-01-11,7819.14990234375
2013-01-14,7823.97021484375
2013-01-15,7765.02001953125
2013-01-16,7700.43017578125
2013-01-17,7616.64013671875
2013-01-18,7732.8701171875
2013-01-21,7724.919921875
2013-01-22,7759.10009765625
2013-01-23,7744.18017578125
2013-01-24,7695.990234375
2013-01-25,7672.580078125
2013-01-28,7714.669921875
2013-01-29,7802.0
2013-01-30,7832.97998046875
2013-01-31,7850.02001953125
2013-02-01,7855.97021484375
2013-02-04,7923.16015625
2013-02-05,7886.93994140625
2013-02-06,7906.64990234375
2013-02-18,7943.52978515625
2013-02-19,7960.8798828125
2013-02-20,8029.10009765625
2013-02-21,7957.4599609375
2013-02-22,7947.72021484375
2013-02-25,7947.68017578125
2013-02-26,7880.89990234375
2013-02-27,7897.97998046875
2013-03-01,7964.6298828125
2013-03-04,7867.33984375
2013-03-05,7932.7099609375
2013-03-06,7950.2998046875
2013-03-07,7960.509765625
2013-03-08,8015.14013671875
2013-03-11,8038.72021484375
2013-03-12,7994.7099609375
2013-03-13,7995.509765625
2013-03-14,7951.759765625
2013-03-15,7927.490234375
2013-03-18,7811.33984375
2013-03-19,7838.47021484375
2013-03-20,7798.02978515625
2013-03-21,7811.83984375
2013-03-22,7796.22021484375
2013-03-25,7856.1201171875
2013-03-26,7856.35986328125
2013-03-27,7894.1201171875
2013-03-28,7866.8798828125
2013-03-29,7918.60986328125
2013-04-01,7899.240234375
2013-04-02,7913.18017578125
2013-04-03,7942.35009765625
2013-04-08,7752.7900390625
2013-04-09,7728.5400390625
2013-04-10,7752.7998046875
2013-04-11,7857.97998046875
2013-04-12,7821.6298828125
2013-04-15,7763.52978515625
2013-04-16,7801.0498046875
2013-04-17,7809.06982421875
2013-04-18,7791.35009765625
2013-04-19,7930.7998046875
2013-04-22,7970.3798828125
2013-04-23,7942.77001953125
2013-04-24,8023.7099609375
2013-04-25,8021.75
2013-04-26,8022.06005859375
2013-04-29,8029.740234375
2013-04-30,8093.66015625
2013-05-02,8128.509765625
2013-05-03,8135.02978515625
2013-05-06,8169.0498046875
2013-05-07,8163.06005859375
2013-05-08,8267.08984375
2013-05-09,8285.8896484375
2013-05-10,8280.259765625
2013-05-13,8248.3203125
2013-05-14,8251.8203125
2013-05-15,8318.58984375
2013-05-16,8390.0498046875
2013-05-17,8368.1904296875
2013-05-20,8377.0498046875
2013-05-21,8383.0498046875
2013-05-22,8398.83984375
2013-05-23,8237.830078125
2013-05-24,8209.7802734375
2013-05-27,8280.099609375
2013-05-28,8263.0498046875
2013-05-29,8337.900390625
2013-05-30,8243.2900390625
2013-05-31,8254.7998046875
2013-06-03,8201.01953125
2013-06-04,8191.22021484375
2013-06-05,8181.91015625
2013-06-06,8096.14013671875
2013-06-07,8095.2001953125
2013-06-10,8160.5498046875
2013-06-11,8116.14990234375
2013-06-13,7951.66015625
2013-06-14,7937.740234375
2013-06-17,7992.89013671875
2013-06-18,8011.02001953125
2013-06-19,8007.39013671875
2013-06-20,7898.91015625
2013-06-21,7793.31005859375
2013-06-24,7758.02978515625
2013-06-25,7663.22998046875
2013-06-26,7784.7998046875
2013-06-27,7883.89990234375
2013-06-28,8062.2099609375
2013-07-01,8036.0
2013-07-02,8015.85986328125
2013-07-03,7911.419921875
2013-07-04,7893.72021484375
2013-07-05,8001.81982421875
2013-07-08,7886.33984375
2013-07-09,7971.18017578125
2013-07-10,8011.68994140625
2013-07-11,8179.5400390625
2013-07-12,8220.490234375
2013-07-15,8254.6796875
2013-07-16,8260.1103515625
2013-07-17,8258.9501953125
2013-07-18,8194.8798828125
2013-07-19,8062.02978515625
2013-07-22,8105.4501953125
2013-07-23,8214.650390625
2013-07-24,8196.1904296875
2013-07-25,8163.580078125
2013-07-26,8149.39990234375
2013-07-29,8084.5
2013-07-30,8163.5498046875
2013-07-31,8107.93994140625
2013-08-01,8056.22021484375
2013-08-02,8099.8798828125
2013-08-05,8138.6298828125
2013-08-06,8038.91015625
2013-08-07,7921.2900390625
2013-08-08,7907.669921875
2013-08-09,7856.14013671875
2013-08-12,7903.3798828125
2013-08-13,7986.27001953125
2013-08-14,7951.330078125
2013-08-15,7887.259765625
2013-08-16,7925.0
2013-08-19,7900.2099609375
2013-08-20,7832.64990234375
2013-08-22,7814.3798828125
2013-08-23,7873.31005859375
2013-08-26,7894.97021484375
2013-08-27,7820.83984375
2013-08-28,7824.5400390625
2013-08-29,7917.66015625
2013-08-30,8021.89013671875
2013-09-02,8038.85986328125
2013-09-03,8088.3701171875
2013-09-04,8083.43994140625
2013-09-05,8169.10009765625
2013-09-06,8164.2001953125
2013-09-09,8192.1103515625
2013-09-10,8208.76953125
2013-09-11,8208.990234375
2013-09-12,8225.3603515625
2013-09-13,8168.2001953125
2013-09-16,8255.33984375
2013-09-17,8249.7802734375
2013-09-18,8209.1796875
2013-09-23,8292.830078125
2013-09-24,8299.1201171875
2013-09-25,8283.900390625
2013-09-26,8184.68017578125
2013-09-27,8230.6796875
2013-09-30,8173.8701171875
2013-10-01,8187.02001953125
2013-10-02,8216.51953125
2013-10-03,8359.01953125
2013-10-04,8364.5498046875
2013-10-07,8333.66015625
2013-10-08,8375.650390625
2013-10-09,8344.73046875
2013-10-11,8349.3701171875
2013-10-14,8273.9599609375
2013-10-15,8367.8798828125
2013-10-16,8332.1796875
2013-10-17,8374.6796875
2013-10-18,8441.1904296875
2013-10-21,8419.3203125
2013-10-22,8418.26953125
2013-10-23,8393.6201171875
2013-10-24,8413.7197265625
2013-10-25,8346.6201171875
2013-10-28,8407.830078125
2013-10-29,8420.98046875
2013-10-30,8465.0595703125
2013-10-31,8450.0595703125
2013-11-01,8388.1796875
2013-11-04,8354.1396484375
2013-11-05,8262.2001953125
2013-11-06,8281.9697265625
2013-11-07,8283.7099609375
2013-11-08,8229.58984375
2013-11-11,8182.56005859375
2013-11-12,8195.259765625
2013-11-13,8104.259765625
2013-11-14,8134.91015625
2013-11-15,8177.1201171875
2013-11-18,8191.4599609375
2013-11-19,8260.2099609375
2013-11-20,8204.4599609375
2013-11-21,8099.4501953125
2013-11-22,8116.77978515625
2013-11-25,8187.509765625
2013-11-26,8248.01953125
2013-11-27,8295.8798828125
2013-11-28,8362.4296875
2013-11-29,8406.830078125
2013-12-02,8414.6103515625
2013-12-03,8392.5498046875
2013-12-04,8418.0
2013-12-05,8375.5400390625
2013-12-06,8367.7197265625
2013-12-09,8444.6201171875
2013-12-10,8443.3896484375
2013-12-11,8433.76953125
2013-12-12,8361.330078125
2013-12-13,8376.9404296875
2013-12-16,8313.8701171875
2013-12-17,8352.9296875
2013-12-18,8349.0400390625
2013-12-19,8407.400390625
2013-12-20,8408.5302734375
2013-12-23,8456.4599609375
2013-12-24,8450.490234375
2013-12-25,8467.759765625
2013-12-26,8485.8896484375
2013-12-27,8535.0400390625
2013-12-30,8623.4296875
2013-12-31,8611.509765625
2014-01-02,8612.5400390625
2014-01-03,8546.5400390625
2014-01-06,8500.009765625
2014-01-07,8512.2998046875
2014-01-08,8556.009765625
2014-01-09,8514.6796875
2014-01-10,8529.349609375
2014-01-13,8566.2001953125
2014-01-14,8548.1396484375
2014-01-15,8602.5498046875
2014-01-16,8612.1103515625
2014-01-17,8596.0
2014-01-20,8621.5595703125
2014-01-21,8599.900390625
2014-01-22,8625.2998046875
2014-01-23,8595.099609375
2014-01-24,8598.3095703125
2014-01-27,8462.5703125
2014-02-05,8264.48046875
2014-02-06,8311.009765625
2014-02-07,8387.349609375
2014-02-10,8391.9501953125
2014-02-11,8430.5595703125
2014-02-12,8510.8701171875
2014-02-13,8467.7001953125
2014-02-14,8513.6796875
2014-02-17,8519.5498046875
2014-02-18,8556.23046875
2014-02-19,8577.009765625
2014-02-20,8524.6201171875
2014-02-21,8601.8603515625
2014-02-24,8560.6103515625
2014-02-25,8575.6201171875
2014-02-26,8600.8603515625
2014-02-27,8639.580078125
2014-03-03,8601.98046875
2014-03-04,8554.5400390625
2014-03-05,8632.9296875
2014-03-06,8713.7900390625
2014-03-07,8713.9599609375
2014-03-10,8665.240234375
2014-03-11,8702.330078125
2014-03-12,8684.73046875
2014-03-13,8747.7900390625
2014-03-14,8687.6298828125
2014-03-17,8700.099609375
2014-03-18,8731.9404296875
2014-03-19,8689.4599609375
2014-03-20,8597.330078125
2014-03-21,8577.169921875
2014-03-24,8605.3798828125
2014-03-25,8689.2998046875
2014-03-26,8737.26953125
2014-03-27,8779.5703125
2014-03-28,8774.6396484375
2014-03-31,8849.2802734375
2014-04-01,8873.150390625
2014-04-02,8905.4501953125
2014-04-03,8888.5400390625
2014-04-07,8876.4404296875
2014-04-08,8888.25
2014-04-09,8930.5703125
2014-04-10,8948.099609375
2014-04-11,8908.0498046875
2014-04-14,8857.419921875
2014-04-15,8916.7099609375
2014-04-16,8923.8203125
2014-04-17,8944.16015625
2014-04-18,8966.66015625
2014-04-21,8951.1904296875
2014-04-22,8974.7099609375
2014-04-23,8956.919921875
2014-04-24,8945.4501953125
2014-04-25,8774.1201171875
2014-04-28,8809.7099609375
2014-04-29,8872.1103515625
2014-04-30,8791.4404296875
2014-05-02,8867.3203125
2014-05-05,8870.4296875
2014-05-06,8912.3896484375
2014-05-07,8893.2197265625
2014-05-08,8930.900390625
2014-05-09,8889.6904296875
2014-05-12,8808.6103515625
2014-05-13,8817.9404296875
2014-05-14,8875.16015625
2014-05-15,8880.650390625
2014-05-16,8888.4501953125
2014-05-19,8899.900390625
2014-05-20,8887.7900390625
2014-05-21,8862.419921875
2014-05-22,8969.6298828125
2014-05-23,9008.2197265625
2014-05-26,9036.1201171875
2014-05-27,9055.2900390625
2014-05-28,9121.7099609375
2014-05-29,9109.0
2014-05-30,9075.91015625
2014-06-03,9123.4599609375
2014-06-04,9119.9599609375
2014-06-05,9140.7197265625
2014-06-06,9134.4599609375
2014-06-09,9162.740234375
2014-06-10,9222.3701171875
2014-06-11,9229.7998046875
2014-06-12,9204.650390625
2014-06-13,9196.3896484375
2014-06-16,9202.9296875
2014-06-17,9240.599609375
2014-06-18,9279.9296875
2014-06-19,9316.8095703125
2014-06-20,9273.7900390625
2014-06-23,9228.349609375
2014-06-24,9246.2001953125
2014-06-25,9242.16015625
2014-06-26,9320.9404296875
2014-06-27,9306.830078125
2014-06-30,9393.0703125
2014-07-01,9441.919921875
2014-07-02,9484.9599609375
2014-07-03,9526.23046875
2014-07-04,9510.0498046875
2014-07-07,9520.2001953125
2014-07-08,9530.98046875
2014-07-09,9489.98046875
2014-07-10,9565.1201171875
2014-07-11,9495.83984375
2014-07-14,9520.2998046875
2014-07-15,9569.169921875
2014-07-16,9484.73046875
2014-07-17,9408.240234375
2014-07-18,9400.9697265625
2014-07-21,9440.9697265625
2014-07-22,9499.3603515625
2014-07-23,9499.3603515625
2014-07-24,9527.5400390625
2014-07-25,9439.2900390625
2014-07-28,9420.1796875
2014-07-29,9391.8798828125
2014-07-30,9447.01953125
2014-07-31,9315.849609375
2014-08-01,9266.509765625
2014-08-04,9330.1904296875
2014-08-05,9141.4404296875
2014-08-06,9143.9697265625
2014-08-07,9131.4404296875
2014-08-08,9085.9599609375
2014-08-11,9172.91015625
2014-08-12,9163.1201171875
2014-08-13,9231.3095703125
2014-08-14,9230.6103515625
2014-08-15,9206.8095703125
2014-08-18,9141.3095703125
2014-08-19,9243.7802734375
2014-08-20,9288.0498046875
2014-08-21,9253.3798828125
2014-08-22,9380.099609375
2014-08-25,9390.6201171875
2014-08-26,9393.9599609375
2014-08-27,9485.58984375
2014-08-28,9478.3701171875
2014-08-29,9436.26953125
2014-09-01,9513.0595703125
2014-09-02,9399.7197265625
2014-09-03,9450.349609375
2014-09-04,9428.8896484375
2014-09-05,9407.9404296875
2014-09-09,9434.76953125
2014-09-10,9357.6103515625
2014-09-11,9322.9501953125
2014-09-12,9223.1796875
2014-09-15,9217.4599609375
2014-09-16,9133.400390625
2014-09-17,9195.169921875
2014-09-18,9237.0302734375
2014-09-19,9240.4501953125
2014-09-22,9134.650390625
2014-09-23,9084.900390625
2014-09-24,9098.490234375
2014-09-25,9011.58984375
2014-09-26,8989.8203125
2014-09-29,8960.759765625
2014-09-30,8966.919921875
2014-10-01,8990.259765625
2014-10-02,8975.1904296875
2014-10-03,9106.2802734375
2014-10-06,9095.1396484375
2014-10-07,9040.8095703125
2014-10-08,8955.1796875
2014-10-09,8966.4404296875
2014-10-13,8711.3896484375
2014-10-14,8768.3896484375
2014-10-15,8655.509765625
2014-10-16,8633.6904296875
2014-10-17,8512.8798828125
2014-10-20,8663.1396484375
2014-10-21,8654.6396484375
2014-10-22,8748.830078125
2014-10-23,8731.0703125
2014-10-24,8646.009765625
2014-10-27,8627.7802734375
2014-10-28,8773.5498046875
2014-10-29,8903.6796875
2014-10-30,8888.0703125
2014-10-31,8974.759765625
2014-11-03,9004.8603515625
2014-11-04,8989.1796875
2014-11-05,8962.599609375
2014-11-06,8891.01953125
2014-11-07,8912.6201171875
2014-11-10,9049.98046875
2014-11-11,9034.1396484375
2014-11-12,8918.9501953125
2014-11-13,8980.669921875
2014-11-14,8982.8798828125
2014-11-17,8884.3896484375
2014-11-18,8859.0703125
2014-11-19,8963.240234375
2014-11-20,9078.8701171875
2014-11-21,9091.5302734375
2014-11-24,9122.330078125
2014-11-25,9116.240234375
2014-11-26,9122.3896484375
2014-11-27,9165.3095703125
2014-11-28,9187.150390625
2014-12-01,9117.7099609375
2014-12-02,9034.7900390625
2014-12-03,9175.259765625
2014-12-04,9225.1103515625
2014-12-05,9206.5703125
2014-12-08,9187.2900390625
2014-12-09,9128.900390625
2014-12-10,9032.16015625
2014-12-11,9013.0703125
2014-12-12,9027.330078125
2014-12-15,8985.6298828125
2014-12-16,8950.91015625
2014-12-17,8828.3603515625
2014-12-18,8878.6298828125
2014-12-19,8999.51953125
2014-12-22,9095.0
2014-12-23,9097.7099609375
2014-12-24,9186.1796875
2014-12-25,9158.7001953125
2014-12-26,9214.0703125
2014-12-29,9286.2802734375
2014-12-30,9268.4296875
2014-12-31,9307.259765625
2015-01-05,9274.1103515625
2015-01-06,9048.33984375
2015-01-07,9080.08984375
2015-01-08,9238.0302734375
2015-01-09,9215.580078125
2015-01-12,9178.2998046875
2015-01-13,9231.7998046875
2015-01-14,9180.23046875
2015-01-15,9165.08984375
2015-01-16,9138.2900390625
2015-01-19,9174.0595703125
2015-01-20,9251.6904296875
2015-01-21,9319.7099609375
2015-01-22,9369.509765625
2015-01-23,9470.9404296875
2015-01-26,9477.669921875
2015-01-27,9521.58984375
2015-01-28,9510.919921875
2015-01-29,9426.900390625
2015-01-30,9361.91015625
2015-02-02,9386.990234375
2015-02-03,9448.73046875
2015-02-04,9513.919921875
2015-02-05,9512.0498046875
2015-02-06,9456.1796875
2015-02-09,9421.5
2015-02-10,9393.7001953125
2015-02-11,9462.2197265625
2015-02-12,9496.3095703125
2015-02-13,9529.509765625
2015-02-24,9629.3701171875
2015-02-25,9699.5400390625
2015-02-26,9622.099609375
2015-03-02,9601.3603515625
2015-03-03,9605.76953125
2015-03-04,9621.73046875
2015-03-05,9595.08984375
2015-03-06,9645.76953125
2015-03-09,9562.98046875
2015-03-10,9536.5302734375
2015-03-11,9523.1796875
2015-03-12,9596.0
2015-03-13,9579.349609375
2015-03-16,9512.91015625
2015-03-17,9539.4404296875
2015-03-18,9653.4296875
2015-03-19,9736.73046875
2015-03-20,9749.6904296875
2015-03-23,9758.08984375
2015-03-24,9731.66015625
2015-03-25,9667.830078125
2015-03-26,9619.1201171875
2015-03-27,9503.7197265625
2015-03-30,9521.8701171875
2015-03-31,9586.4404296875
2015-04-01,9507.66015625
2015-04-02,9600.3203125
2015-04-07,9641.900390625
2015-04-08,9571.9697265625
2015-04-09,9568.0400390625
2015-04-10,9617.7001953125
2015-04-13,9666.51953125
2015-04-14,9642.2197265625
2015-04-15,9540.0595703125
2015-04-16,9656.8701171875
2015-04-17,9570.9296875
2015-04-20,9552.849609375
2015-04-21,9533.98046875
2015-04-22,9613.0
2015-04-23,9797.490234375
2015-04-24,9913.2802734375
2015-04-27,9973.1201171875
2015-04-28,9956.830078125
2015-04-29,9853.830078125
2015-04-30,9820.0498046875
2015-05-04,9845.0400390625
2015-05-05,9820.1298828125
2015-05-06,9818.2001953125
2015-05-07,9704.1103515625
2015-05-08,9692.0
2015-05-11,9663.7197265625
2015-05-12,9680.73046875
2015-05-13,9724.1103515625
2015-05-14,9610.830078125
2015-05-15,9579.48046875
2015-05-18,9606.099609375
2015-05-19,9716.76953125
2015-05-20,9685.3095703125
2015-05-21,9578.5595703125
2015-05-22,9638.7998046875
2015-05-25,9645.169921875
2015-05-26,9669.41015625
2015-05-27,9693.5400390625
2015-05-28,9712.83984375
2015-05-29,9701.0703125
2015-06-01,9625.6904296875
2015-06-02,9614.259765625
2015-06-03,9556.51953125
2015-06-04,9348.6298828125
2015-06-05,9340.1298828125
2015-06-08,9368.4296875
2015-06-09,9191.8701171875
2015-06-10,9298.5
2015-06-11,9302.490234375
2015-06-12,9301.9296875
2015-06-15,9259.48046875
2015-06-16,9212.7802734375
2015-06-17,9189.830078125
2015-06-18,9218.3701171875
2015-06-22,9341.76953125
2015-06-23,9391.1396484375
2015-06-24,9397.3095703125
2015-06-25,9476.33984375
2015-06-26,9462.5703125
2015-06-29,9236.099609375
2015-06-30,9323.01953125
2015-07-01,9375.23046875
2015-07-02,9379.240234375
2015-07-03,9358.23046875
2015-07-06,9255.9599609375
2015-07-07,9250.16015625
2015-07-08,8976.1103515625
2015-07-09,8914.1298828125
2015-07-13,9033.919921875
2015-07-14,9041.759765625
2015-07-15,9054.2001953125
2015-07-16,9042.2099609375
2015-07-17,9045.98046875
2015-07-20,8975.0
2015-07-21,9005.9599609375
2015-07-22,8918.7001953125
2015-07-23,8791.1201171875
2015-07-24,8767.8603515625
2015-07-27,8556.6796875
2015-07-28,8582.490234375
2015-07-29,8563.48046875
2015-07-30,8651.490234375
2015-07-31,8665.33984375
2015-08-03,8524.41015625
2015-08-04,8510.8603515625
2015-08-05,8542.26953125
2015-08-06,8449.5595703125
2015-08-07,8442.2900390625
2015-08-10,8466.83984375
2015-08-11,8394.1396484375
2015-08-12,8283.3798828125
2015-08-13,8311.740234375
2015-08-14,8305.6396484375
2015-08-17,8213.419921875
2015-08-18,8177.22021484375
2015-08-19,8021.83984375
2015-08-20,8029.81005859375
2015-08-21,7786.919921875
2015-08-24,7410.33984375
2015-08-25,7675.64013671875
2015-08-26,7715.58984375
2015-08-27,7824.5498046875
2015-08-28,8019.18017578125
2015-08-31,8174.919921875
2015-09-01,8017.56005859375
2015-09-02,8035.2900390625
2015-09-03,8095.9501953125
2015-09-04,8000.60009765625
2015-09-07,7986.56005859375
2015-09-08,8001.5
2015-09-09,8286.919921875
2015-09-10,8268.6796875
2015-09-11,8305.8203125
2015-09-14,8307.2900390625
2015-09-15,8259.990234375
2015-09-16,8333.2900390625
2015-09-17,8445.5
2015-09-18,8462.1396484375
2015-09-21,8307.0400390625
2015-09-22,8365.919921875
2015-09-23,8193.419921875
2015-09-24,8123.10009765625
2015-09-25,8132.35009765625
2015-09-30,8181.240234375
2015-10-01,8295.9404296875
2015-10-02,8305.0302734375
2015-10-05,8352.3603515625
2015-10-06,8394.099609375
2015-10-07,8495.23046875
2015-10-08,8445.9599609375
2015-10-12,8573.7197265625
2015-10-13,8567.919921875
2015-10-14,8522.509765625
2015-10-15,8601.51953125
2015-10-16,8604.9501953125
2015-10-19,8631.5
2015-10-20,8653.599609375
2015-10-21,8609.23046875
2015-10-22,8608.4599609375
2015-10-23,8673.8095703125
2015-10-26,8745.3603515625
2015-10-27,8701.3203125
2015-10-28,8665.990234375
2015-10-29,8571.080078125
2015-10-30,8554.3095703125
2015-11-02,8614.76953125
2015-11-03,8713.1904296875
2015-11-04,8857.01953125
2015-11-05,8850.1796875
2015-11-06,8693.5703125
2015-11-09,8642.48046875
2015-11-10,8536.900390625
2015-11-11,8415.009765625
2015-11-12,8428.08984375
2015-11-13,8329.5
2015-11-16,8295.400390625
2015-11-17,8419.419921875
2015-11-18,8340.4697265625
2015-11-19,8477.2001953125
2015-11-20,8465.4501953125
2015-11-23,8485.73046875
2015-11-24,8400.1396484375
2015-11-25,8386.1298828125
2015-11-26,8484.900390625
2015-11-27,8398.400390625
2015-11-30,8320.6103515625
2015-12-01,8463.2998046875
2015-12-02,8457.400390625
2015-12-03,8456.0595703125
2015-12-04,8398.599609375
2015-12-07,8454.26953125
2015-12-08,8343.8603515625
2015-12-09,8229.6201171875
2015-12-10,8216.169921875
2015-12-11,8115.89013671875
2015-12-14,8040.16015625
2015-12-15,8073.35009765625
2015-12-16,8184.66015625
2015-12-17,8319.669921875
2015-12-18,8257.3203125
2015-12-21,8282.169921875
2015-12-22,8292.740234375
2015-12-23,8315.7001953125
2015-12-24,8324.3603515625
2015-12-25,8363.2802734375
2015-12-28,8358.490234375
2015-12-29,8293.91015625
2015-12-30,8279.990234375
2015-12-31,8338.0595703125
2016-01-04,8114.259765625
2016-01-05,8075.10986328125
2016-01-06,7990.39013671875
2016-01-07,7852.06005859375
2016-01-08,7893.97021484375
2016-01-11,7788.419921875
2016-01-12,7768.4501953125
2016-01-13,7824.60986328125
2016-01-14,7742.8798828125
2016-01-15,7762.009765625
2016-01-18,7811.18017578125
2016-01-19,7854.8798828125
2016-01-20,7699.1201171875
2016-01-21,7664.009765625
2016-01-22,7756.18017578125
2016-01-25,7894.14990234375
2016-01-26,7828.669921875
2016-01-27,7849.830078125
2016-01-28,7905.10009765625
2016-01-29,8080.60009765625
2016-02-01,8156.9599609375
2016-02-02,8131.240234375
2016-02-03,8063.0
2016-02-15,8066.509765625
2016-02-16,8212.0703125
2016-02-17,8214.25
2016-02-18,8314.669921875
2016-02-19,8325.0400390625
2016-02-22,8326.6796875
2016-02-23,8334.6396484375
2016-02-24,8282.8603515625
2016-02-25,8365.8603515625
2016-02-26,8411.16015625
2016-03-01,8485.6904296875
2016-03-02,8544.0498046875
2016-03-03,8611.7900390625
2016-03-04,8643.5498046875
2016-03-07,8659.5498046875
2016-03-08,8664.3095703125
2016-03-09,8634.1103515625
2016-03-10,8660.7001953125
2016-03-11,8706.1396484375
2016-03-14,8747.900390625
2016-03-15,8611.1796875
2016-03-16,8699.1396484375
2016-03-17,8734.5400390625
2016-03-18,8810.7099609375
2016-03-21,8812.7001953125
2016-03-22,8785.6796875
2016-03-23,8766.08984375
2016-03-24,8743.3798828125
2016-03-25,8704.9697265625
2016-03-28,8690.4501953125
2016-03-29,8617.349609375
2016-03-30,8737.0400390625
2016-03-31,8744.830078125
2016-04-01,8657.5498046875
2016-04-06,8513.2998046875
2016-04-07,8490.25
2016-04-08,8541.5
2016-04-11,8562.58984375
2016-04-12,8531.1796875
2016-04-13,8652.080078125
2016-04-14,8667.7099609375
2016-04-15,8700.3896484375
2016-04-18,8666.009765625
2016-04-19,8633.7197265625
2016-04-20,8514.48046875
2016-04-21,8568.650390625
2016-04-22,8535.75
2016-04-25,8560.2802734375
2016-04-26,8581.5703125
2016-04-27,8563.0498046875
2016-04-28,8473.8701171875
2016-04-29,8377.900390625
2016-05-03,8294.1201171875
2016-05-04,8185.47021484375
2016-05-05,8167.9599609375
2016-05-06,8146.43017578125
2016-05-09,8131.830078125
2016-05-10,8156.2900390625
2016-05-11,8135.56005859375
2016-05-12,8108.0498046875
2016-05-13,8053.68994140625
2016-05-16,8067.60009765625
2016-05-17,8140.47998046875
2016-05-18,8159.68017578125
2016-05-19,8095.97998046875
2016-05-20,8131.259765625
2016-05-23,8344.4404296875
2016-05-24,8300.66015625
2016-05-25,8396.2001953125
2016-05-26,8394.1201171875
2016-05-27,8463.6103515625
2016-05-30,8535.8701171875
2016-05-31,8535.58984375
2016-06-01,8597.16015625
2016-06-02,8556.01953125
2016-06-03,8587.3603515625
2016-06-06,8597.1103515625
2016-06-07,8679.900390625
2016-06-08,8715.48046875
2016-06-13,8536.2197265625
2016-06-14,8576.1201171875
2016-06-15,8606.3701171875
2016-06-16,8494.1396484375
2016-06-17,8568.080078125
2016-06-20,8625.919921875
2016-06-21,8684.849609375
2016-06-22,8716.25
2016-06-23,8676.6796875
2016-06-24,8476.990234375
2016-06-27,8458.8701171875
2016-06-28,8505.509765625
2016-06-29,8586.5595703125
2016-06-30,8666.580078125
2016-07-01,8738.240234375
2016-07-04,8760.580078125
2016-07-05,8716.0703125
2016-07-06,8575.75
2016-07-07,8640.91015625
2016-07-08,8640.91015625
2016-07-11,8786.4697265625
2016-07-12,8841.4599609375
2016-07-13,8857.75
2016-07-14,8866.3603515625
2016-07-15,8949.849609375
2016-07-18,9008.2099609375
2016-07-19,9034.8701171875
2016-07-20,9007.6796875
2016-07-21,9056.5595703125
2016-07-22,9013.1396484375
2016-07-25,8991.669921875
2016-07-26,9024.7900390625
2016-07-27,9063.3896484375
2016-07-28,9076.6396484375
2016-07-29,8984.41015625
2016-08-01,9080.7099609375
2016-08-02,9068.759765625
2016-08-03,9001.7099609375
2016-08-04,9024.7099609375
2016-08-05,9092.1201171875
2016-08-08,9150.259765625
2016-08-09,9155.080078125
2016-08-10,9200.419921875
2016-08-11,9131.830078125
2016-08-12,9150.3896484375
2016-08-15,9148.509765625
2016-08-16,9110.3603515625
2016-08-17,9117.7001953125
2016-08-18,9122.5
2016-08-19,9034.26953125
2016-08-22,8981.8095703125
2016-08-23,9030.9296875
2016-08-24,9017.3798828125
2016-08-25,9115.4697265625
2016-08-26,9131.7197265625
2016-08-29,9110.169921875
2016-08-30,9110.5595703125
2016-08-31,9068.849609375
2016-09-01,9001.150390625
2016-09-02,8987.5498046875
2016-09-05,9090.1298828125
2016-09-06,9181.849609375
2016-09-07,9259.0703125
2016-09-08,9262.8896484375
2016-09-09,9164.8798828125
2016-09-12,8947.0595703125
2016-09-13,8940.830078125
2016-09-14,8902.2998046875
2016-09-19,9152.8798828125
2016-09-20,9161.580078125
2016-09-21,9228.5
2016-09-22,9235.259765625
2016-09-23,9284.6201171875
2016-09-26,9194.51953125
2016-09-29,9270.900390625
2016-09-30,9166.849609375
2016-10-03,9234.2001953125
2016-10-04,9287.76953125
2016-10-05,9272.2802734375
2016-10-06,9284.3095703125
2016-10-07,9265.8095703125
2016-10-11,9219.8203125
2016-10-12,9252.599609375
2016-10-13,9219.169921875
2016-10-14,9165.169921875
2016-10-17,9176.2197265625
2016-10-18,9222.580078125
2016-10-19,9283.990234375
2016-10-20,9317.240234375
2016-10-21,9306.5703125
2016-10-24,9322.5
2016-10-25,9385.650390625
2016-10-26,9362.25
2016-10-27,9299.5498046875
2016-10-28,9306.919921875
2016-10-31,9290.1201171875
2016-11-01,9272.7001953125
2016-11-02,9139.0400390625
2016-11-03,9067.26953125
2016-11-04,9068.150390625
2016-11-07,9189.83984375
2016-11-08,9217.4296875
2016-11-09,8943.2001953125
2016-11-10,9152.1796875
2016-11-11,8957.759765625
2016-11-14,8940.400390625
2016-11-15,8931.0302734375
2016-11-16,8962.2197265625
2016-11-17,8995.259765625
2016-11-18,9008.7900390625
2016-11-21,9041.1103515625
2016-11-22,9133.3896484375
2016-11-23,9178.23046875
2016-11-24,9152.1103515625
2016-11-25,9159.0703125
2016-11-28,9222.240234375
2016-11-29,9192.3798828125
2016-11-30,9240.7099609375
2016-12-01,9263.5302734375
2016-12-02,9189.490234375
2016-12-05,9160.66015625
2016-12-06,9250.76953125
2016-12-07,9263.8896484375
2016-12-08,9375.8603515625
2016-12-09,9392.6796875
2016-12-12,9349.9404296875
2016-12-13,9382.1396484375
2016-12-14,9368.51953125
2016-12-15,9360.349609375
2016-12-16,9326.7802734375
2016-12-19,9239.3203125
2016-12-20,9242.41015625
2016-12-21,9204.259765625
2016-12-22,9118.75
2016-12-23,9078.6396484375
2016-12-26,9110.5400390625
2016-12-27,9109.26953125
2016-12-28,9201.400390625
2016-12-29,9153.08984375
2016-12-30,9253.5
2017-01-03,9272.8798828125
2017-01-04,9286.9599609375
2017-01-05,9358.1396484375
2017-01-06,9372.2197265625
2017-01-09,9342.419921875
2017-01-10,9349.6396484375
2017-01-11,9345.740234375
2017-01-12,9410.1796875
2017-01-13,9378.830078125
2017-01-16,9292.330078125
2017-01-17,9354.5302734375
2017-01-18,9341.9697265625
2017-01-19,9318.1201171875
2017-01-20,9331.4599609375
2017-01-23,9424.0498046875
2017-01-24,9447.9501953125
2017-02-02,9428.9697265625
2017-02-03,9455.5595703125
2017-02-06,9538.009765625
2017-02-07,9554.5595703125
2017-02-08,9543.25
2017-02-09,9590.1796875
2017-02-10,9665.58984375
2017-02-13,9710.3203125
2017-02-14,9718.7802734375
2017-02-15,9799.759765625
2017-02-16,9771.25
2017-02-17,9759.759765625
2017-02-20,9753.2001953125
2017-02-21,9763.9296875
2017-02-22,9778.7802734375
2017-02-23,9769.3095703125
2017-02-24,9750.4697265625
2017-03-01,9674.7802734375
2017-03-02,9691.7998046875
2017-03-03,9648.2099609375
2017-03-06,9682.6298828125
2017-03-07,9738.0703125
2017-03-08,9753.4501953125
2017-03-09,9658.6103515625
2017-03-10,9627.8896484375
2017-03-13,9697.33984375
2017-03-14,9744.2099609375
2017-03-15,9740.3095703125
2017-03-16,9837.830078125
2017-03-17,9908.6904296875
2017-03-20,9912.9697265625
2017-03-21,9972.490234375
2017-03-22,9922.66015625
2017-03-23,9930.740234375
2017-03-24,9902.98046875
2017-03-27,9876.76953125
2017-03-28,9876.4501953125
2017-03-29,9856.25
2017-03-30,9848.150390625
2017-03-31,9811.51953125
2017-04-05,9949.48046875
2017-04-06,9897.7998046875
2017-04-07,9873.3701171875
2017-04-10,9882.5400390625
2017-04-11,9832.419921875
2017-04-12,9817.6796875
2017-04-13,9836.6796875
2017-04-14,9732.9296875
2017-04-17,9716.400390625
2017-04-18,9746.5595703125
2017-04-19,9639.9404296875
2017-04-20,9632.6904296875
2017-04-21,9717.41015625
2017-04-24,9717.9501953125
2017-04-25,9841.7099609375
2017-04-26,9856.4501953125
2017-04-27,9860.6201171875
2017-04-28,9872.0
2017-05-02,9941.26953125
2017-05-03,9955.330078125
2017-05-04,9967.6396484375
2017-05-05,9899.9404296875
2017-05-08,9937.25
2017-05-09,9915.48046875
2017-05-10,9968.3203125
2017-05-11,10001.48046875
2017-05-12,9986.8203125
2017-05-15,10036.8203125
2017-05-16,10031.490234375
2017-05-17,10013.669921875
2017-05-18,9969.4501953125
2017-05-19,9947.6201171875
2017-05-22,9997.259765625
2017-05-23,10007.83984375
2017-05-24,10044.419921875
2017-05-25,10108.490234375
2017-05-26,10101.9501953125
2017-05-31,10040.7197265625
2017-06-01,10087.419921875
2017-06-02,10152.5302734375
2017-06-05,10226.83984375
2017-06-06,10206.1796875
2017-06-07,10209.990234375
2017-06-08,10225.7802734375
2017-06-09,10199.650390625
2017-06-12,10109.9599609375
2017-06-13,10128.150390625
2017-06-14,10072.4599609375
2017-06-15,10088.349609375
2017-06-16,10156.73046875
2017-06-19,10250.599609375
2017-06-20,10324.4599609375
2017-06-21,10349.7197265625
2017-06-22,10399.0595703125
2017-06-23,10377.7001953125
2017-06-26,10513.9599609375
2017-06-27,10512.0595703125
2017-06-28,10390.5498046875
2017-06-29,10421.650390625
2017-06-30,10395.0703125
2017-07-03,10412.7900390625
2017-07-04,10347.7802734375
2017-07-05,10404.7900390625
2017-07-06,10368.2001953125
2017-07-07,10297.25
2017-07-10,10289.91015625
2017-07-11,10415.5703125
2017-07-12,10420.6796875
2017-07-13,10460.150390625
2017-07-14,10443.91015625
2017-07-17,10457.5400390625
2017-07-18,10481.259765625
2017-07-19,10506.099609375
2017-07-20,10499.3603515625
2017-07-21,10436.7001953125
2017-07-24,10461.2802734375
2017-07-25,10463.150390625
2017-07-26,10419.1103515625
2017-07-27,10508.3701171875
2017-07-28,10423.0498046875
2017-07-31,10427.330078125
2017-08-01,10437.2900390625
2017-08-02,10519.26953125
2017-08-03,10469.8798828125
2017-08-04,10506.5595703125
2017-08-07,10579.3798828125
2017-08-08,10568.9697265625
2017-08-09,10470.3798828125
2017-08-10,10329.740234375
2017-08-11,10329.5703125
2017-08-14,10225.2802734375
2017-08-15,10311.16015625
2017-08-16,10290.3896484375
2017-08-17,10369.3701171875
2017-08-18,10321.330078125
2017-08-21,10326.3896484375
2017-08-22,10392.0703125
2017-08-23,10406.8095703125
2017-08-24,10488.9599609375
2017-08-25,10515.509765625
2017-08-28,10525.98046875
2017-08-29,10496.5703125
2017-08-30,10569.400390625
2017-08-31,10585.7802734375
2017-09-01,10594.8203125
2017-09-04,10569.8701171875
2017-09-05,10617.83984375
2017-09-06,10547.8603515625
2017-09-07,10538.509765625
2017-09-08,10609.9501953125
2017-09-11,10572.16015625
2017-09-12,10610.349609375
2017-09-13,10532.8798828125
2017-09-14,10553.5703125
2017-09-15,10580.41015625
2017-09-18,10631.5703125
2017-09-19,10576.1396484375
2017-09-20,10519.169921875
2017-09-21,10578.4404296875
2017-09-22,10449.6796875
2017-09-25,10335.8896484375
2017-09-26,10257.01953125
2017-09-27,10326.6796875
2017-09-28,10296.4501953125
2017-09-29,10329.9404296875
2017-10-02,10465.16015625
2017-10-03,10469.349609375
2017-10-05,10518.26953125
2017-10-06,10532.8095703125
2017-10-11,10641.1904296875
2017-10-12,10711.4404296875
2017-10-13,10724.08984375
2017-10-16,10774.2099609375
2017-10-17,10723.150390625
2017-10-18,10720.2802734375
2017-10-19,10760.2900390625
2017-10-20,10728.8798828125
2017-10-23,10735.2099609375
2017-10-24,10743.7802734375
2017-10-25,10750.5703125
2017-10-26,10734.759765625
2017-10-27,10709.1103515625
2017-10-30,10756.8701171875
2017-10-31,10793.7998046875
2017-11-01,10806.3603515625
2017-11-02,10788.509765625
2017-11-03,10800.76953125
2017-11-06,10786.1904296875
2017-11-07,10840.33984375
2017-11-08,10818.990234375
2017-11-09,10743.26953125
2017-11-10,10732.669921875
2017-11-13,10683.919921875
2017-11-14,10687.1796875
2017-11-15,10630.650390625
2017-11-16,10625.0400390625
2017-11-17,10701.6396484375
2017-11-20,10664.5498046875
2017-11-21,10779.240234375
2017-11-22,10822.58984375
2017-11-23,10854.5703125
2017-11-24,10854.08984375
2017-11-27,10750.9296875
2017-11-28,10707.0703125
2017-11-29,10713.5498046875
2017-11-30,10560.4404296875
2017-12-01,10600.3701171875
2017-12-04,10651.1103515625
2017-12-05,10566.849609375
2017-12-06,10393.919921875
2017-12-07,10355.759765625
2017-12-08,10398.6201171875
2017-12-11,10473.08984375
2017-12-12,10443.2802734375
2017-12-13,10470.7001953125
2017-12-14,10538.009765625
2017-12-15,10491.4404296875
2017-12-18,10506.51953125
2017-12-19,10467.33984375
2017-12-20,10504.51953125
2017-12-21,10488.9697265625
2017-12-22,10537.26953125
2017-12-25,10522.490234375
2017-12-26,10421.91015625
2017-12-27,10486.669921875
2017-12-28,10567.6396484375
2017-12-29,10642.8603515625
2018-01-02,10710.73046875
2018-01-03,10801.5703125
2018-01-04,10848.6298828125
2018-01-05,10879.7998046875
2018-01-08,10915.75
2018-01-09,10914.8896484375
2018-01-10,10831.08984375
2018-01-11,10810.0595703125
2018-01-12,10883.9599609375
2018-01-15,10956.3095703125
2018-01-16,10986.1103515625
2018-01-17,11004.7998046875
2018-01-18,11071.5703125
2018-01-19,11150.849609375
2018-01-22,11231.4599609375
2018-01-23,11253.1103515625
2018-01-24,11152.16015625
2018-01-25,11165.9501953125
2018-01-26,11147.099609375
2018-01-29,11221.8095703125
2018-01-30,11076.7802734375
2018-01-31,11103.7900390625
2018-02-01,11160.25
2018-02-02,11126.23046875
2018-02-05,10946.25
2018-02-06,10404.0
2018-02-07,10551.5400390625
2018-02-08,10528.51953125
2018-02-09,10371.75
2018-02-12,10421.08984375
2018-02-21,10714.4404296875
2018-02-22,10662.3798828125
2018-02-23,10794.5498046875
2018-02-26,10836.7001953125
2018-02-27,10815.4697265625
2018-03-01,10785.7900390625
2018-03-02,10698.169921875
2018-03-05,10642.900390625
2018-03-06,10784.33984375
2018-03-07,10745.3203125
2018-03-08,10823.240234375
2018-03-09,10864.8203125
2018-03-12,11002.099609375
2018-03-13,11095.6298828125
2018-03-14,11038.7998046875
2018-03-15,11018.4501953125
2018-03-16,11027.7001953125
2018-03-19,11046.900390625
2018-03-20,11010.83984375
2018-03-21,11011.0703125
2018-03-22,11005.83984375
2018-03-23,10823.330078125
2018-03-26,10840.0498046875
2018-03-27,10986.7900390625
2018-03-28,10865.66015625
2018-03-29,10845.919921875
2018-03-30,10906.2197265625
2018-04-02,10888.26953125
2018-04-03,10821.5302734375
2018-04-09,10893.5302734375
2018-04-10,10927.1796875
2018-04-11,10974.01953125
2018-04-12,10955.2900390625
2018-04-13,10965.3896484375
2018-04-16,10954.5498046875
2018-04-17,10810.4501953125
2018-04-18,10847.8896484375
2018-04-19,10971.2197265625
2018-04-20,10779.3798828125
2018-04-23,10697.1298828125
2018-04-24,10579.5
2018-04-25,10559.9697265625
2018-04-26,10488.580078125
2018-04-27,10553.4296875
2018-04-30,10657.8798828125
2018-05-02,10618.8095703125
2018-05-03,10514.1796875
2018-05-04,10529.3701171875
2018-05-07,10604.91015625
2018-05-08,10691.3798828125
2018-05-09,10703.349609375
2018-05-10,10760.2099609375
2018-05-11,10858.98046875
2018-05-14,10952.3896484375
2018-05-15,10874.73046875
2018-05-16,10897.5703125
2018-05-17,10833.8095703125
2018-05-18,10830.83984375
2018-05-21,10966.2001953125
2018-05-22,10938.73046875
2018-05-23,10886.1796875
2018-05-24,10936.9296875
2018-05-25,10942.2998046875
2018-05-28,10987.76953125
2018-05-29,10964.1201171875
2018-05-30,10821.169921875
2018-05-31,10874.9599609375
2018-06-01,10949.080078125
2018-06-04,11109.5
2018-06-05,11100.1103515625
2018-06-06,11201.830078125
2018-06-07,11251.75
2018-06-08,11156.419921875
2018-06-11,11149.23046875
2018-06-12,11144.7900390625
2018-06-13,11173.2099609375
2018-06-14,11013.98046875
2018-06-15,11087.4697265625
2018-06-19,10904.1904296875
2018-06-20,10927.4404296875
2018-06-21,10941.0703125
2018-06-22,10899.2802734375
2018-06-25,10786.4599609375
2018-06-26,10742.169921875
2018-06-27,10701.0302734375
2018-06-28,10654.2802734375
2018-06-29,10836.91015625
2018-07-02,10777.9404296875
2018-07-03,10715.7197265625
2018-07-04,10721.8701171875
2018-07-05,10611.8095703125
2018-07-06,10608.5703125
2018-07-09,10720.2802734375
2018-07-10,10756.8896484375
2018-07-11,10676.83984375
2018-07-12,10738.3798828125
2018-07-13,10864.5400390625
2018-07-16,10817.4501953125
2018-07-17,10778.990234375
2018-07-18,10842.4599609375
2018-07-19,10835.3798828125
2018-07-20,10932.1103515625
2018-07-23,10946.8896484375
2018-07-24,10995.3896484375
2018-07-25,10965.7900390625
2018-07-26,11010.6103515625
2018-07-27,11075.7802734375
2018-07-30,11033.5400390625
2018-07-31,11057.509765625
2018-08-01,11098.1298828125
2018-08-02,10929.76953125
2018-08-03,11012.4296875
2018-08-06,11024.099609375
2018-08-07,10983.4404296875
2018-08-08,11075.25
2018-08-09,11028.0703125
2018-08-10,10983.6796875
2018-08-13,10748.919921875
2018-08-14,10824.23046875
2018-08-15,10716.75
2018-08-16,10683.900390625
2018-08-17,10690.9599609375
2018-08-20,10699.0498046875
2018-08-21,10792.2001953125
2018-08-22,10804.2001953125
2018-08-23,10863.1298828125
2018-08-24,10809.349609375
2018-08-27,10902.2099609375
2018-08-28,10989.5498046875
2018-08-29,11099.5703125
2018-08-30,11093.75
2018-08-31,11063.9404296875
2018-09-03,10964.2197265625
2018-09-04,11021.3798828125
2018-09-05,10995.1298828125
2018-09-06,10924.2998046875
2018-09-07,10846.990234375
2018-09-10,10725.7998046875
2018-09-11,10752.2998046875
2018-09-12,10722.5703125
2018-09-13,10727.23046875
2018-09-14,10868.1396484375
2018-09-17,10828.6103515625
2018-09-18,10760.2099609375
2018-09-19,10857.26953125
2018-09-20,10831.41015625
2018-09-21,10972.41015625
2018-09-25,10978.849609375
2018-09-26,10974.1904296875
2018-09-27,11034.1904296875
2018-09-28,11006.33984375
2018-10-01,11051.7998046875
2018-10-02,10919.6298828125
2018-10-03,10863.9404296875
2018-10-04,10718.91015625
2018-10-05,10517.1201171875
2018-10-08,10455.9296875
2018-10-09,10466.830078125
2018-10-11,9806.1103515625
2018-10-12,10045.8095703125
2018-10-15,9901.1201171875
2018-10-16,9981.099609375
2018-10-17,9979.1396484375
2018-10-18,9953.73046875
2018-10-19,9919.259765625
2018-10-22,9974.2802734375
2018-10-23,9775.2001953125
2018-10-24,9759.400390625
2018-10-25,9520.7900390625
2018-10-26,9489.1796875
2018-10-29,9516.3203125
2018-10-30,9526.1103515625
2018-10-31,9802.1298828125
2018-11-01,9844.740234375
2018-11-02,9906.58984375
2018-11-05,9889.8095703125
2018-11-06,9824.9501953125
2018-11-07,9908.349609375
2018-11-08,9945.3095703125
2018-11-09,9830.009765625
2018-11-12,9831.2099609375
2018-11-13,9775.83984375
2018-11-14,9791.8798828125
2018-11-15,9826.4599609375
2018-11-16,9797.08984375
2018-11-19,9828.6904296875
2018-11-20,9743.990234375
2018-11-21,9741.51953125
2018-11-22,9714.7099609375
2018-11-23,9667.2998046875
2018-11-26,9765.3603515625
2018-11-27,9778.6201171875
2018-11-28,9884.3095703125
2018-11-29,9885.3603515625
2018-11-30,9888.0302734375
2018-12-03,10137.8701171875
2018-12-04,10083.5400390625
2018-12-05,9916.740234375
2018-12-06,9684.7197265625
2018-12-07,9760.8798828125
2018-12-10,9647.5400390625
2018-12-11,9707.0400390625
2018-12-12,9816.4501953125
2018-12-13,9858.759765625
2018-12-14,9774.16015625
2018-12-17,9787.5302734375
2018-12-18,9718.8203125
2018-12-19,9783.2099609375
2018-12-20,9674.51953125
2018-12-21,9676.669921875
2018-12-24,9639.7001953125
2018-12-25,9527.08984375
2018-12-26,9478.990234375
2018-12-27,9641.5595703125
2018-12-28,9727.41015625
2019-01-02,9554.1396484375
2019-01-03,9492.419921875
2019-01-04,9382.509765625
2019-01-07,9590.2998046875
2019-01-08,9563.599609375
2019-01-09,9738.3095703125
2019-01-10,9720.6904296875
2019-01-11,9759.400390625
2019-01-14,9708.2197265625
2019-01-15,9806.0400390625
2019-01-16,9763.8095703125
2019-01-17,9789.150390625
2019-01-18,9836.0595703125
2019-01-21,9889.400390625
2019-01-22,9894.66015625
2019-01-23,9846.400390625
2019-01-24,9877.1201171875
2019-01-25,9969.6103515625
2019-01-28,10013.330078125
2019-01-29,9931.58984375
2019-01-30,9932.259765625
2019-02-11,10004.25
2019-02-12,10097.740234375
2019-02-13,10090.580078125
2019-02-14,10089.009765625
2019-02-15,10064.7802734375
2019-02-18,10145.2802734375
2019-02-19,10152.259765625
2019-02-20,10272.4599609375
2019-02-21,10319.5302734375
2019-02-22,10322.919921875
2019-02-25,10390.9296875
2019-02-26,10391.5498046875
2019-02-27,10389.169921875
2019-03-04,10349.8798828125
2019-03-05,10305.259765625
2019-03-06,10357.150390625
2019-03-07,10311.6796875
2019-03-08,10241.75
2019-03-11,10250.2802734375
2019-03-12,10343.330078125
2019-03-13,10373.3203125
2019-03-14,10348.650390625
2019-03-15,10439.240234375
2019-03-18,10512.7001953125
2019-03-19,10512.3203125
2019-03-20,10551.5595703125
2019-03-21,10609.5498046875
2019-03-22,10639.0703125
2019-03-25,10479.48046875
2019-03-26,10559.2001953125
2019-03-27,10542.7001953125
2019-03-28,10536.259765625
2019-03-29,10641.0400390625
2019-04-01,10642.6298828125
2019-04-02,10690.2998046875
2019-04-03,10704.3798828125
2019-04-08,10800.5703125
2019-04-09,10851.599609375
2019-04-10,10868.1396484375
2019-04-11,10808.76953125
2019-04-12,10805.2998046875
2019-04-15,10875.599609375
2019-04-16,10927.849609375
2019-04-17,10997.259765625
2019-04-18,10962.01953125
2019-04-19,10968.5
2019-04-22,10987.7099609375
2019-04-23,11025.6796875
2019-04-24,11027.6396484375
2019-04-25,11039.8603515625
2019-04-26,10952.4697265625
2019-04-29,10939.0595703125
2019-04-30,10967.73046875
2019-05-02,11004.490234375
2019-05-03,11096.2998046875
2019-05-06,10897.1201171875
2019-05-07,10987.1396484375
2019-05-08,10923.7099609375
2019-05-09,10733.669921875
2019-05-10,10712.990234375
2019-05-13,10558.2900390625
2019-05-14,10519.25
2019-05-15,10560.7099609375
2019-05-16,10474.6103515625
2019-05-17,10384.1103515625
2019-05-20,10398.41015625
2019-05-21,10464.5
2019-05-22,10457.2197265625
2019-05-23,10308.3701171875
2019-05-24,10328.2802734375
2019-05-27,10334.1298828125
2019-05-28,10312.3095703125
2019-05-29,10301.7802734375
2019-05-30,10382.990234375
2019-05-31,10498.490234375
2019-06-03,10500.0703125
2019-06-04,10429.1201171875
2019-06-05,10461.6201171875
2019-06-06,10409.2001953125
2019-06-10,10566.4697265625
2019-06-11,10607.759765625
2019-06-12,10615.66015625
2019-06-13,10561.009765625
2019-06-14,10524.669921875
2019-06-17,10530.5400390625
2019-06-18,10566.740234375
2019-06-19,10775.33984375
2019-06-20,10785.009765625
2019-06-21,10803.76953125
2019-06-24,10779.4501953125
2019-06-25,10706.7197265625
2019-06-26,10652.5498046875
2019-06-27,10773.900390625
2019-06-28,10730.830078125
2019-07-01,10895.4599609375
2019-07-02,10865.1201171875
2019-07-03,10743.76953125
2019-07-04,10775.900390625
2019-07-05,10785.73046875
2019-07-08,10751.2197265625
2019-07-09,10702.7802734375
2019-07-10,10798.48046875
2019-07-11,10843.419921875
2019-07-12,10824.349609375
2019-07-15,10876.4296875
2019-07-16,10886.0498046875
2019-07-17,10828.48046875
2019-07-18,10799.2802734375
2019-07-19,10873.1904296875
2019-07-22,10944.5302734375
2019-07-23,10947.259765625
2019-07-24,10935.759765625
2019-07-25,10941.41015625
2019-07-26,10891.98046875
2019-07-29,10885.73046875
2019-07-30,10830.900390625
2019-07-31,10823.8095703125
2019-08-01,10731.75
2019-08-02,10549.0400390625
2019-08-05,10423.41015625
2019-08-06,10394.75
2019-08-07,10386.1796875
2019-08-08,10494.490234375
2019-08-12,10472.3603515625
2019-08-13,10362.66015625
2019-08-14,10427.73046875
2019-08-15,10327.1298828125
2019-08-16,10420.8896484375
2019-08-19,10488.75
2019-08-20,10522.5
2019-08-21,10525.7998046875
2019-08-22,10529.7802734375
2019-08-23,10538.1103515625
2019-08-26,10354.5703125
2019-08-27,10387.23046875
2019-08-28,10434.2900390625
2019-08-29,10462.4296875
2019-08-30,10618.0498046875
2019-09-02,10634.849609375
2019-09-03,10558.2099609375
2019-09-04,10657.3095703125
2019-09-05,10756.9296875
2019-09-06,10780.6396484375
2019-09-10,10753.580078125
2019-09-11,10790.349609375
2019-09-12,10827.5498046875
2019-09-16,10898.1298828125
2019-09-17,10874.5
2019-09-18,10929.4501953125
2019-09-19,10894.7001953125
2019-09-20,10929.6904296875
2019-09-23,10919.01953125
2019-09-24,10918.009765625
2019-09-25,10873.6904296875
2019-09-26,10871.990234375
2019-09-27,10829.6796875
2019-10-01,10967.650390625
2019-10-02,10947.8798828125
2019-10-03,10875.91015625
2019-10-04,10894.48046875
2019-10-07,10935.0595703125
2019-10-08,11017.3095703125
2019-10-09,10889.9599609375
2019-10-14,11066.9501953125
2019-10-15,11111.7998046875
2019-10-16,11162.830078125
2019-10-17,11186.8798828125
2019-10-18,11180.2197265625
2019-10-21,11184.150390625
2019-10-22,11271.25
2019-10-23,11239.669921875
2019-10-24,11320.1396484375
2019-10-25,11296.1201171875
2019-10-28,11315.01953125
2019-10-29,11333.8701171875
2019-10-30,11380.2802734375
2019-10-31,11358.7099609375
2019-11-01,11399.5302734375
2019-11-04,11556.849609375
2019-11-05,11644.0302734375
2019-11-06,11653.0703125
2019-11-07,11606.5595703125
2019-11-08,11579.5400390625
2019-11-11,11427.2802734375
2019-11-12,11520.3701171875
2019-11-13,11467.830078125
2019-11-14,11450.419921875
2019-11-15,11525.599609375
2019-11-18,11599.7802734375
2019-11-19,11656.400390625
2019-11-20,11631.2001953125
2019-11-21,11558.26953125
2019-11-22,11566.7998046875
2019-11-25,11561.580078125
2019-11-26,11576.8203125
2019-11-27,11647.4599609375
2019-11-28,11617.080078125
2019-11-29,11489.5703125
2019-12-02,11502.830078125
2019-12-03,11531.580078125
2019-12-04,11510.4697265625
2019-12-05,11594.650390625
2019-12-06,11609.6396484375
2019-12-09,11660.76953125
2019-12-10,11627.83984375
2019-12-11,11700.76953125
2019-12-12,11836.419921875
2019-12-13,11927.73046875
2019-12-16,11939.76953125
2019-12-17,12097.009765625
2019-12-18,12122.4501953125
2019-12-19,12018.900390625
2019-12-20,11959.080078125
2019-12-23,12022.23046875
2019-12-24,11976.3798828125
2019-12-25,12008.1298828125
2019-12-26,12001.009765625
2019-12-27,12091.58984375
2019-12-30,12053.3701171875
2019-12-31,11997.1396484375
2020-01-02,12100.48046875
2020-01-03,12110.4296875
2020-01-06,11953.3603515625
2020-01-07,11880.3203125
2020-01-08,11817.099609375
2020-01-09,11970.6298828125
2020-01-10,12024.650390625
2020-01-13,12113.419921875
2020-01-14,12179.8095703125
2020-01-15,12091.8798828125
2020-01-16,12066.9296875
2020-01-17,12090.2900390625
2020-01-20,12118.7099609375
2020-01-30,11421.740234375
2020-01-31,11495.099609375
2020-02-03,11354.919921875
2020-02-04,11555.919921875
2020-02-05,11573.6201171875
2020-02-06,11749.6796875
2020-02-07,11612.8095703125
2020-02-10,11574.0703125
2020-02-11,11664.0400390625
2020-02-12,11774.1904296875
2020-02-13,11791.7802734375
2020-02-14,11815.7001953125
2020-02-17,11763.509765625
2020-02-18,11648.98046875
2020-02-19,11758.83984375
2020-02-20,11725.08984375
2020-02-21,11686.349609375
2020-02-24,11534.8701171875
2020-02-25,11540.23046875
2020-02-26,11433.6201171875
2020-02-27,11292.169921875
2020-03-02,11170.4599609375
2020-03-03,11327.7197265625
2020-03-04,11392.349609375
2020-03-05,11514.8203125
2020-03-06,11321.8095703125
2020-03-09,10977.6396484375
2020-03-10,11003.5400390625
2020-03-11,10893.75
2020-03-12,10422.3203125
2020-03-13,10128.8701171875
2020-03-16,9717.76953125
2020-03-17,9439.6298828125
2020-03-18,9218.669921875
2020-03-19,8681.33984375
2020-03-20,9234.08984375
2020-03-23,8890.0302734375
2020-03-24,9285.6201171875
2020-03-25,9644.75
2020-03-26,9736.3603515625
2020-03-27,9698.919921875
2020-03-30,9629.4296875
2020-03-31,9708.0595703125
2020-04-01,9663.6298828125
2020-04-06,9818.740234375
2020-04-07,9996.3896484375
2020-04-08,10137.4697265625
2020-04-09,10119.4296875
2020-04-10,10157.6103515625
2020-04-13,10099.2197265625
2020-04-14,10332.9404296875
2020-04-15,10447.2099609375
2020-04-16,10375.48046875
2020-04-17,10597.0400390625
2020-04-20,10586.7099609375
2020-04-21,10288.419921875
2020-04-22,10307.740234375
2020-04-23,10366.509765625
2020-04-24,10347.3603515625
2020-04-27,10567.26953125
2020-04-28,10616.0595703125
2020-04-29,10772.2197265625
2020-04-30,10992.1396484375
2020-05-04,10720.48046875
2020-05-05,10774.6103515625
2020-05-06,10774.98046875
2020-05-07,10842.919921875
2020-05-08,10901.419921875
2020-05-11,11013.259765625
2020-05-12,10879.4697265625
2020-05-13,10938.26953125
2020-05-14,10780.8798828125
2020-05-15,10814.919921875
2020-05-18,10740.5498046875
2020-05-19,10860.4404296875
2020-05-20,10907.7998046875
2020-05-21,11008.3095703125
2020-05-22,10811.150390625
2020-05-25,10871.1796875
2020-05-26,10997.2099609375
2020-05-27,11014.66015625
2020-05-28,10944.1904296875
2020-05-29,10942.16015625
2020-06-01,11079.01953125
2020-06-02,11127.9296875
2020-06-03,11320.16015625
2020-06-04,11393.23046875
2020-06-05,11479.400390625
2020-06-08,11610.3203125
2020-06-09,11637.1103515625
2020-06-10,11720.16015625
2020-06-11,11535.76953125
2020-06-12,11429.9404296875
2020-06-15,11306.259765625
2020-06-16,11511.6396484375
2020-06-17,11534.58984375
2020-06-18,11548.330078125
2020-06-19,11549.8603515625
2020-06-22,11572.9296875
2020-06-23,11612.3603515625
2020-06-24,11660.669921875
2020-06-29,11542.6201171875
2020-06-30,11621.240234375
2020-07-01,11703.419921875
2020-07-02,11805.1396484375
2020-07-03,11909.16015625
2020-07-06,12116.7001953125
2020-07-07,12092.9697265625
2020-07-08,12170.1904296875
2020-07-09,12192.6904296875
2020-07-10,12073.6796875
2020-07-13,12211.5595703125
2020-07-14,12209.009765625
2020-07-15,12202.849609375
2020-07-16,12157.740234375
2020-07-17,12181.5595703125
2020-07-20,12174.5400390625
2020-07-21,12397.5498046875
2020-07-22,12473.26953125
2020-07-23,12413.0400390625
2020-07-24,12304.0400390625
2020-07-27,12588.2998046875
2020-07-28,12586.73046875
2020-07-29,12540.9697265625
2020-07-30,12722.919921875
2020-07-31,12664.7998046875
2020-08-03,12513.0302734375
2020-08-04,12709.919921875
2020-08-05,12802.2998046875
2020-08-06,12913.5
2020-08-07,12828.8701171875
2020-08-10,12894.0
2020-08-11,12780.1904296875
2020-08-12,12670.349609375
2020-08-13,12763.1298828125
2020-08-14,12795.4599609375
2020-08-17,12956.1103515625
2020-08-18,12872.1396484375
2020-08-19,12778.6396484375
2020-08-20,12362.6396484375
2020-08-21,12607.83984375
2020-08-24,12647.1298828125
2020-08-25,12758.25
2020-08-26,12833.2900390625
2020-08-27,12797.3095703125
2020-08-28,12728.849609375
2020-08-31,12591.4501953125
2020-09-01,12703.2802734375
2020-09-02,12699.5
2020-09-03,12757.9697265625
2020-09-04,12637.9501953125
2020-09-07,12601.400390625
2020-09-08,12663.5595703125
2020-09-09,12608.580078125
2020-09-10,12691.75
2020-09-11,12675.9501953125
2020-09-14,12787.8203125
2020-09-15,12845.650390625
2020-09-16,12976.759765625
2020-09-17,12872.740234375
2020-09-18,12875.6201171875
2020-09-21,12795.1201171875
2020-09-22,12645.509765625
2020-09-23,12583.8798828125
2020-09-24,12264.3798828125
2020-09-25,12232.91015625
2020-09-28,12462.759765625
2020-09-29,12467.73046875
2020-09-30,12515.6103515625
2020-10-05,12548.2802734375
2020-10-06,12704.23046875
2020-10-07,12746.3701171875
2020-10-08,12887.1904296875
2020-10-12,12955.91015625
2020-10-13,12947.1298828125
2020-10-14,12919.3095703125
2020-10-15,12827.8203125
2020-10-16,12750.3701171875
2020-10-19,12908.33984375
2020-10-20,12862.3701171875
2020-10-21,12877.25
2020-10-22,12917.0302734375
2020-10-23,12898.8203125
2020-10-26,12909.0302734375
2020-10-27,12875.009765625
2020-10-28,12793.75
2020-10-29,12662.91015625
2020-10-30,12546.33984375
2020-11-02,12591.3095703125
2020-11-03,12736.009765625
2020-11-04,12867.900390625
2020-11-05,12918.7998046875
2020-11-06,12973.5302734375
2020-11-09,13127.4697265625
2020-11-10,13081.7197265625
2020-11-11,13262.1904296875
2020-11-12,13221.7802734375
2020-11-13,13273.330078125
2020-11-16,13551.830078125
2020-11-17,13593.009765625
2020-11-18,13773.2900390625
2020-11-19,13722.4296875
2020-11-20,13716.4404296875
2020-11-23,13878.009765625
2020-11-24,13807.1298828125
2020-11-25,13738.830078125
2020-11-26,13845.66015625
2020-11-27,13867.08984375
2020-11-30,13722.8896484375
2020-12-01,13885.669921875
2020-12-02,13989.1396484375
2020-12-03,13977.08984375
2020-12-04,14132.4404296875
2020-12-07,14256.599609375
2020-12-08,14360.400390625
2020-12-09,14390.1396484375
2020-12-10,14249.490234375
2020-12-11,14261.6904296875
2020-12-14,14211.0498046875
2020-12-15,14068.51953125
2020-12-16,14304.4599609375
2020-12-17,14258.9296875
2020-12-18,14249.9599609375
2020-12-21,14384.9599609375
2020-12-22,14177.4599609375
2020-12-23,14223.08984375
2020-12-24,14280.2802734375
2020-12-25,14331.419921875
2020-12-28,14483.0703125
2020-12-29,14472.0498046875
2020-12-30,14687.7001953125
2020-12-31,14732.5302734375
2021-01-04,14902.0302734375
2021-01-05,15000.0302734375
2021-01-06,14983.1298828125
2021-01-07,15214.0
2021-01-08,15463.9501953125
2021-01-11,15557.2998046875
2021-01-12,15500.7001953125
2021-01-13,15769.98046875
2021-01-14,15707.1904296875
2021-01-15,15616.3896484375
2021-01-18,15612.0
2021-01-19,15877.3701171875
2021-01-20,15806.1796875
2021-01-21,16153.76953125
2021-01-22,16019.0302734375
2021-01-25,15946.5400390625
2021-01-26,15658.849609375
2021-01-27,15701.4501953125
2021-01-28,15415.8798828125
2021-01-29,15138.3095703125
2021-02-01,15410.08984375
2021-02-02,15760.0498046875
2021-02-03,15771.3203125
2021-02-04,15706.2197265625
2021-02-05,15802.400390625
2021-02-17,16362.2900390625
2021-02-18,16424.509765625
2021-02-19,16341.3798828125
2021-02-22,16410.16015625
2021-02-23,16443.400390625
2021-02-24,16212.5302734375
2021-02-25,16452.1796875
2021-02-26,15953.7998046875
2021-03-02,15946.8798828125
2021-03-03,16211.73046875
2021-03-04,15906.41015625
2021-03-05,15855.23046875
2021-03-08,15820.1103515625
2021-03-09,15853.08984375
2021-03-10,15911.669921875
2021-03-11,16179.5595703125
2021-03-12,16255.1796875
2021-03-15,16249.330078125
2021-03-16,16313.16015625
2021-03-17,16215.8203125
2021-03-18,16287.83984375
2021-03-19,16070.240234375
2021-03-22,16189.2197265625
2021-03-23,16177.58984375
2021-03-24,16032.1201171875
2021-03-25,16060.1396484375
2021-03-26,16305.8798828125
2021-03-29,16475.970703125
2021-03-30,16554.900390625
2021-03-31,16431.130859375
2021-04-01,16571.279296875
2021-04-07,16815.359375
2021-04-08,16926.439453125
2021-04-09,16854.099609375
2021-04-12,16859.69921875
2021-04-13,16824.91015625
2021-04-14,16865.970703125
2021-04-15,17076.73046875
2021-04-16,17158.810546875
2021-04-19,17263.279296875
2021-04-20,17323.869140625
2021-04-21,17202.109375
2021-04-22,17096.970703125
2021-04-23,17300.26953125
2021-04-26,17572.2890625
2021-04-27,17595.900390625
2021-04-28,17567.529296875
2021-04-29,17566.66015625
2021-05-03,17222.349609375
2021-05-04,16933.779296875
2021-05-05,16843.439453125
2021-05-06,16994.359375
2021-05-07,17285.0
2021-05-10,17235.609375
2021-05-11,16583.130859375
2021-05-12,15902.3701171875
2021-05-13,15670.099609375
2021-05-14,15827.08984375
2021-05-17,15353.8896484375
2021-05-18,16145.98046875
2021-05-19,16132.66015625
2021-05-20,16042.3603515625
2021-05-21,16302.0595703125
2021-05-24,16338.2900390625
2021-05-25,16595.669921875
2021-05-26,16643.689453125
2021-05-27,16601.609375
2021-05-28,16870.859375
2021-05-31,17068.4296875
2021-06-01,17162.380859375
2021-06-02,17165.0390625
2021-06-03,17246.16015625
2021-06-04,17147.41015625
2021-06-07,17083.91015625
2021-06-08,17076.2109375
2021-06-09,16966.220703125
2021-06-10,17159.220703125
2021-06-11,17213.51953125
2021-06-15,17371.2890625
2021-06-16,17307.859375
2021-06-17,17390.609375
2021-06-18,17318.5390625
2021-06-21,17062.98046875
2021-06-22,17075.55078125
2021-06-23,17336.7109375
2021-06-24,17407.9609375
2021-06-25,17502.990234375
2021-06-28,17590.970703125
2021-06-29,17598.189453125
2021-06-30,17755.4609375
2021-07-01,17713.939453125
2021-07-02,17710.150390625
2021-07-05,17919.330078125
2021-07-06,17913.0703125
2021-07-07,17850.689453125
2021-07-08,17866.08984375
2021-07-09,17661.48046875
2021-07-12,17814.330078125
2021-07-13,17847.51953125
2021-07-14,17845.75
2021-07-15,18034.189453125
2021-07-16,17895.25
2021-07-19,17789.25
2021-07-20,17528.740234375
2021-07-21,17458.7890625
2021-07-22,17572.330078125
2021-07-23,17572.919921875
2021-07-26,17403.560546875
2021-07-27,17269.869140625
2021-07-28,17135.220703125
2021-07-29,17402.810546875
2021-07-30,17247.41015625
2021-08-02,17503.279296875
2021-08-03,17553.759765625
2021-08-04,17623.890625
2021-08-05,17603.119140625
2021-08-06,17526.279296875
2021-08-09,17485.150390625
2021-08-10,17323.640625
2021-08-11,17227.1796875
2021-08-12,17219.939453125
2021-08-13,16982.109375
2021-08-16,16858.76953125
2021-08-17,16661.359375
2021-08-18,16826.26953125
2021-08-19,16375.400390625
2021-08-20,16341.9404296875
2021-08-23,16741.83984375
2021-08-24,16818.73046875
2021-08-25,17045.859375
2021-08-26,17066.9609375
2021-08-27,17209.9296875
2021-08-30,17396.51953125
2021-08-31,17490.2890625
2021-09-01,17473.990234375
2021-09-02,17319.759765625
2021-09-03,17516.919921875
2021-09-06,17495.30078125
2021-09-07,17428.869140625
2021-09-08,17270.490234375
2021-09-09,17304.330078125
2021-09-10,17474.5703125
2021-09-13,17446.310546875
2021-09-14,17434.900390625
2021-09-15,17354.0
2021-09-16,17278.69921875
2021-09-17,17276.7890625
2021-09-22,16925.8203125
2021-09-23,17078.220703125
2021-09-24,17260.189453125
2021-09-27,17313.76953125
2021-09-28,17181.439453125
2021-09-29,16855.4609375
2021-09-30,16934.76953125
2021-10-01,16570.890625
2021-10-04,16408.349609375
2021-10-05,16460.75
2021-10-06,16393.16015625
2021-10-07,16713.859375
2021-10-08,16640.4296875
2021-10-12,16462.83984375
2021-10-13,16347.990234375
2021-10-14,16387.279296875
2021-10-15,16781.189453125
2021-10-18,16705.4609375
2021-10-19,16900.669921875
2021-10-20,16887.8203125
2021-10-21,16889.509765625
2021-10-22,16888.740234375
2021-10-25,16894.240234375
2021-10-26,17034.33984375
2021-10-27,17074.55078125
2021-10-28,17041.630859375
2021-10-29,16987.41015625
2021-11-01,17068.240234375
2021-11-02,17065.970703125
2021-11-03,17122.16015625
2021-11-04,17078.859375
2021-11-05,17296.900390625
2021-11-08,17415.30078125
2021-11-09,17541.359375
2021-11-10,17559.650390625
2021-11-11,17452.51953125
2021-11-12,17518.130859375
2021-11-15,17634.470703125
2021-11-16,17693.130859375
2021-11-17,17764.0390625
2021-11-18,17841.369140625
2021-11-19,17818.310546875
2021-11-22,17803.5390625
2021-11-23,17666.119140625
2021-11-24,17642.51953125
2021-11-25,17654.189453125
2021-11-26,17369.390625
2021-11-29,17328.08984375
2021-11-30,17427.759765625
2021-12-01,17585.990234375
2021-12-02,17724.880859375
2021-12-03,17697.140625
2021-12-06,17688.2109375
2021-12-07,17796.919921875
2021-12-08,17832.419921875
2021-12-09,17914.119140625
2021-12-10,17826.259765625
2021-12-13,17767.599609375
2021-12-14,17599.369140625
2021-12-15,17660.099609375
2021-12-16,17785.740234375
2021-12-17,17812.58984375
2021-12-20,17669.109375
2021-12-21,17789.26953125
2021-12-22,17826.830078125
2021-12-23,17946.66015625
2021-12-24,17961.640625
2021-12-27,18048.939453125
2021-12-28,18196.810546875
2021-12-29,18248.279296875
2021-12-30,18218.83984375
2022-01-03,18270.509765625
2022-01-04,18526.349609375
2022-01-05,18499.9609375
2022-01-06,18367.919921875
2022-01-07,18169.759765625
2022-01-10,18239.380859375
2022-01-11,18288.2109375
2022-01-12,18375.400390625
2022-01-13,18436.9296875
2022-01-14,18403.330078125
2022-01-17,18525.439453125
2022-01-18,18378.640625
2022-01-19,18227.4609375
2022-01-20,18218.279296875
2022-01-21,17899.30078125
2022-01-24,17989.0390625
2022-01-25,17701.119140625
2022-01-26,17674.400390625
2022-02-07,17900.30078125
2022-02-08,17966.560546875
2022-02-09,18151.759765625
2022-02-10,18338.05078125
2022-02-11,18310.939453125
2022-02-14,17997.669921875
2022-02-15,17951.810546875
2022-02-16,18231.470703125
2022-02-17,18268.5703125
2022-02-18,18232.349609375
2022-02-21,18221.490234375
2022-02-22,17969.2890625
2022-02-23,18055.73046875
2022-02-24,17594.55078125
2022-02-25,17652.1796875
2022-03-01,17898.25
2022-03-02,17867.599609375
2022-03-03,17934.400390625
2022-03-04,17736.51953125
2022-03-07,17178.689453125
2022-03-08,16825.25
2022-03-09,17015.359375
2022-03-10,17433.19921875
2022-03-11,17264.740234375
2022-03-14,17263.0390625
2022-03-15,16926.060546875
2022-03-16,16940.830078125
2022-03-17,17448.220703125
2022-03-18,17456.51953125
2022-03-21,17560.359375
2022-03-22,17559.7109375
2022-03-23,17731.369140625
2022-03-24,17699.060546875
2022-03-25,17676.94921875
2022-03-28,17520.009765625
2022-03-29,17548.66015625
2022-03-30,17740.560546875
2022-03-31,17693.470703125
2022-04-01,17625.58984375
2022-04-06,17522.5
2022-04-07,17178.630859375
2022-04-08,17284.5390625
2022-04-11,17048.369140625
2022-04-12,16990.91015625
2022-04-13,17301.650390625
2022-04-14,17245.650390625
2022-04-15,17004.1796875
2022-04-18,16898.869140625
2022-04-19,16993.400390625
2022-04-20,17148.880859375
2022-04-21,17127.94921875
2022-04-22,17025.08984375
2022-04-25,16620.900390625
2022-04-26,16644.7890625
2022-04-27,16303.349609375
2022-04-28,16419.380859375
2022-04-29,16592.1796875
2022-05-03,16498.900390625
2022-05-04,16565.830078125
2022-05-05,16696.119140625
2022-05-06,16408.19921875
2022-05-09,16048.919921875
2022-05-10,16061.7001953125
2022-05-11,16006.25
2022-05-12,15616.6796875
2022-05-13,15832.5400390625
2022-05-16,15901.0400390625
2022-05-17,16056.08984375
2022-05-18,16296.8603515625
2022-05-19,16020.3203125
2022-05-20,16144.849609375
2022-05-23,16156.41015625
2022-05-24,15963.6298828125
2022-05-25,16104.0302734375
2022-05-26,15968.830078125
2022-05-27,16266.2197265625
2022-05-30,16610.619140625
2022-05-31,16807.76953125
2022-06-01,16675.08984375
2022-06-02,16552.5703125
2022-06-06,16605.9609375
2022-06-07,16512.880859375
2022-06-08,16670.509765625
2022-06-09,16621.33984375
2022-06-10,16460.119140625
2022-06-13,16070.98046875
2022-06-14,16047.3701171875
2022-06-15,15999.25
2022-06-16,15838.6103515625
2022-06-17,15641.259765625
2022-06-20,15367.580078125
2022-06-21,15728.6396484375
2022-06-22,15347.75
2022-06-23,15176.4404296875
2022-06-24,15303.3203125
2022-06-27,15548.009765625
2022-06-28,15439.919921875
2022-06-29,15240.1298828125
2022-06-30,14825.73046875
2022-07-01,14343.080078125
2022-07-04,14217.0595703125
2022-07-05,14349.2001953125
2022-07-06,13985.509765625
2022-07-07,14336.26953125
2022-07-08,14464.5302734375
2022-07-11,14340.5302734375
2022-07-12,13950.6201171875
2022-07-13,14324.6796875
2022-07-14,14438.51953125
2022-07-15,14550.6201171875
2022-07-18,14719.6396484375
2022-07-19,14694.080078125
2022-07-20,14733.2197265625
2022-07-21,14937.7001953125
2022-07-22,14949.3603515625
2022-07-25,14936.330078125
2022-07-26,14806.7802734375
2022-07-27,14921.58984375
2022-07-28,14891.900390625
2022-07-29,15000.0703125
2022-08-01,14981.6904296875
2022-08-02,14747.23046875
2022-08-03,14777.01953125
2022-08-04,14702.2001953125
2022-08-05,15036.0400390625
2022-08-08,15020.41015625
2022-08-09,15050.2802734375
2022-08-10,14939.01953125
2022-08-11,15197.849609375
2022-08-12,15288.9697265625
2022-08-15,15417.349609375
2022-08-16,15420.5703125
2022-08-17,15465.4501953125
2022-08-18,15396.759765625
2022-08-19,15408.7802734375
2022-08-22,15245.1396484375
2022-08-23,15095.8896484375
2022-08-24,15069.1904296875
2022-08-25,15200.0400390625
2022-08-26,15278.4404296875
2022-08-29,14926.1904296875
2022-08-30,14953.6298828125
2022-08-31,15095.4404296875
2022-09-01,14801.8603515625
2022-09-02,14673.0400390625
2022-09-05,14661.099609375
2022-09-06,14677.2001953125
2022-09-07,14410.0498046875
2022-09-08,14583.419921875
2022-09-12,14807.4296875
2022-09-13,14894.41015625
2022-09-14,14658.3095703125
2022-09-15,14670.0400390625
2022-09-16,14561.759765625
2022-09-19,14425.6796875
2022-09-20,14549.2998046875
2022-09-21,14424.51953125
2022-09-22,14284.6298828125
2022-09-23,14118.3798828125
2022-09-26,13778.1904296875
2022-09-27,13826.58984375
2022-09-28,13466.0703125
2022-09-29,13534.259765625
2022-09-30,13424.580078125
2022-10-03,13300.48046875
2022-10-04,13576.51953125
2022-10-05,13801.4296875
2022-10-06,13892.0498046875
2022-10-07,13702.2802734375
2022-10-11,13106.0302734375
2022-10-12,13081.240234375
2022-10-13,12810.73046875
2022-10-14,13128.1201171875
2022-10-17,12966.0498046875
2022-10-18,13124.6796875
2022-10-19,12976.759765625
2022-10-20,12946.099609375
2022-10-21,12819.2001953125
2022-10-24,12856.98046875
2022-10-25,12666.1201171875
2022-10-26,12729.0498046875
2022-10-27,12926.3701171875
2022-10-28,12788.419921875
2022-10-31,12949.75
2022-11-01,13037.2099609375
2022-11-02,13100.169921875
2022-11-03,12986.599609375
2022-11-04,13026.7099609375
2022-11-07,13223.73046875
2022-11-08,13347.759765625
2022-11-09,13638.8095703125
2022-11-10,13503.759765625
2022-11-11,14007.5595703125
2022-11-14,14174.900390625
2022-11-15,14546.3095703125
2022-11-16,14537.349609375
2022-11-17,14535.23046875
2022-11-18,14504.990234375
2022-11-21,14449.3896484375
2022-11-22,14542.2001953125
2022-11-23,14608.5400390625
2022-11-24,14784.0
2022-11-25,14778.509765625
2022-11-28,14556.8701171875
2022-11-29,14709.6396484375
2022-11-30,14879.5498046875
2022-12-01,15012.7998046875
2022-12-02,14970.6796875
2022-12-05,14980.740234375
2022-12-06,14728.8798828125
2022-12-07,14630.009765625
2022-12-08,14553.0400390625
2022-12-09,14705.4296875
2022-12-12,14612.58984375
2022-12-13,14522.9599609375
2022-12-14,14739.3603515625
2022-12-15,14734.1298828125
2022-12-16,14528.5498046875
2022-12-19,14433.3203125
2022-12-20,14170.0302734375
2022-12-21,14234.400390625
2022-12-22,14442.9404296875
2022-12-23,14271.6298828125
2022-12-26,14285.1298828125
2022-12-27,14328.4296875
2022-12-28,14173.099609375
2022-12-29,14085.01953125
2022-12-30,14137.6904296875
2023-01-03,14224.1201171875
2023-01-04,14199.1298828125
2023-01-05,14301.0498046875
2023-01-06,14373.33984375
2023-01-09,14752.2099609375
2023-01-10,14802.9599609375
2023-01-11,14751.4404296875
2023-01-12,14731.6396484375
2023-01-13,14824.1298828125
2023-01-16,14927.009765625
2023-01-17,14932.9296875
2023-01-30,15493.8203125
2023-01-31,15265.2001953125
2023-02-01,15420.1298828125
2023-02-02,15595.16015625
2023-02-03,15602.66015625
2023-02-06,15392.8203125
2023-02-07,15400.91015625
2023-02-08,15618.169921875
2023-02-09,15598.7099609375
2023-02-10,15586.650390625
2023-02-13,15544.2802734375
2023-02-14,15654.48046875
2023-02-15,15432.8896484375
2023-02-16,15550.5
2023-02-17,15479.7001953125
2023-02-20,15551.23046875
2023-02-21,15563.0
2023-02-22,15418.76953125
2023-02-23,15615.41015625
2023-02-24,15503.7900390625
2023-03-01,15598.490234375
2023-03-02,15598.7197265625
2023-03-03,15608.419921875
2023-03-06,15763.509765625
2023-03-07,15857.8896484375
2023-03-08,15818.2001953125
2023-03-09,15770.66015625
2023-03-10,15526.2001953125
2023-03-13,15560.490234375
2023-03-14,15360.419921875
2023-03-15,15387.58984375
2023-03-16,15221.1201171875
2023-03-17,15452.9599609375
2023-03-20,15419.9697265625
2023-03-21,15513.4501953125
2023-03-22,15760.4599609375
2023-03-23,15863.9501953125
2023-03-24,15914.7001953125
2023-03-27,15830.3095703125
2023-03-28,15701.48046875
2023-03-29,15769.759765625
2023-03-30,15849.4296875
2023-03-31,15868.0595703125
2023-04-06,15810.76953125
2023-04-07,15836.5
2023-04-10,15876.169921875
2023-04-11,15913.8798828125
2023-04-12,15932.9697265625
2023-04-13,15804.759765625
2023-04-14,15929.4296875
2023-04-17,15963.5498046875
2023-04-18,15869.4404296875
2023-04-19,15770.4697265625
2023-04-20,15707.51953125
2023-04-21,15602.990234375
2023-04-24,15626.8701171875
2023-04-25,15370.73046875
2023-04-26,15374.6298828125
2023-04-27,15411.490234375
2023-04-28,15579.1796875
2023-05-02,15636.48046875
2023-05-03,15553.41015625
2023-05-04,15609.0302734375
2023-05-05,15626.0703125
2023-05-08,15699.5703125
2023-05-09,15727.7001953125
2023-05-10,15641.759765625
2023-05-11,15514.6396484375
2023-05-12,15502.3603515625
2023-05-15,15475.0498046875
2023-05-16,15673.900390625
2023-05-17,15925.2900390625
2023-05-18,16101.8798828125
2023-05-19,16174.919921875
2023-05-22,16180.8896484375
2023-05-23,16188.0302734375
2023-05-24,16159.3203125
2023-05-25,16292.0
2023-05-26,16505.05078125
2023-05-29,16636.30078125
2023-05-30,16622.740234375
2023-05-31,16578.9609375
2023-06-01,16512.650390625
2023-06-02,16706.91015625
2023-06-05,16714.4296875
2023-06-06,16761.66015625
2023-06-07,16922.48046875
2023-06-08,16733.689453125
2023-06-09,16886.400390625
2023-06-12,16955.369140625
2023-06-13,17216.599609375
2023-06-14,17238.140625
2023-06-15,17334.98046875
2023-06-16,17288.91015625
2023-06-19,17274.560546875
2023-06-20,17184.91015625
2023-06-21,17202.400390625
2023-06-26,17059.240234375
2023-06-27,16887.900390625
2023-06-28,16935.630859375
2023-06-29,16942.30078125
2023-06-30,16915.5390625
2023-07-03,17084.19921875
2023-07-04,17140.76953125
2023-07-05,17056.4296875
2023-07-06,16762.169921875
2023-07-07,16664.2109375
2023-07-10,16652.80078125
2023-07-11,16898.91015625
2023-07-12,16962.029296875
2023-07-13,17061.400390625
2023-07-14,17283.7109375
2023-07-17,17334.2890625
2023-07-18,17227.91015625
2023-07-19,17116.439453125
2023-07-20,17164.890625
2023-07-21,17030.69921875
2023-07-24,17033.609375
2023-07-25,17198.890625
2023-07-26,17162.55078125
2023-07-27,17241.8203125
2023-07-28,17292.9296875
2023-07-31,17145.4296875
2023-08-01,17212.869140625
2023-08-02,16893.73046875
2023-08-04,16843.6796875
2023-08-07,16996.0
2023-08-08,16877.0703125
2023-08-09,16870.939453125
2023-08-10,16634.69921875
2023-08-11,16601.25
2023-08-14,16393.66015625
2023-08-15,16454.80078125
2023-08-16,16446.779296875
2023-08-17,16516.66015625
2023-08-18,16381.3095703125
2023-08-21,16381.490234375
2023-08-22,16437.609375
2023-08-23,16576.900390625
2023-08-24,16770.869140625
2023-08-25,16481.580078125
2023-08-28,16509.259765625
2023-08-29,16623.650390625
2023-08-30,16719.8203125
2023-08-31,16634.509765625
2023-09-01,16644.939453125
2023-09-04,16789.689453125
2023-09-05,16791.609375
2023-09-06,16738.16015625
2023-09-07,16619.140625
2023-09-08,16576.01953125
2023-09-11,16432.94921875
2023-09-12,16572.7109375
2023-09-13,16581.509765625
2023-09-14,16807.560546875
2023-09-15,16920.919921875
2023-09-18,16698.240234375
2023-09-19,16636.3203125
2023-09-20,16534.75
2023-09-21,16316.669921875
2023-09-22,16344.48046875
2023-09-25,16452.23046875
2023-09-26,16276.0703125
2023-09-27,16310.3603515625
2023-09-28,16353.740234375
2023-10-02,16557.310546875
2023-10-03,16454.33984375
2023-10-04,16273.3798828125
2023-10-05,16453.51953125
2023-10-06,16520.5703125
2023-10-11,16672.029296875
2023-10-12,16825.91015625
2023-10-13,16782.5703125
2023-10-16,16652.240234375
2023-10-17,16642.55078125
2023-10-18,16440.91015625
2023-10-19,16452.73046875
2023-10-20,16440.720703125
2023-10-23,16251.3603515625
2023-10-24,16309.759765625
2023-10-25,16358.8896484375
2023-10-26,16073.740234375
2023-10-27,16134.6103515625
2023-10-30,16149.6796875
2023-10-31,16001.26953125
2023-11-01,16038.5595703125
2023-11-02,16396.94921875
2023-11-03,16507.650390625
2023-11-06,16649.359375
2023-11-07,16684.94921875
2023-11-08,16740.830078125
2023-11-09,16745.650390625
2023-11-10,16682.669921875
2023-11-13,16839.2890625
2023-11-14,16915.7109375
2023-11-15,17128.779296875
2023-11-16,17171.1796875
2023-11-17,17208.94921875
2023-11-20,17210.470703125
2023-11-21,17416.69921875
2023-11-22,17310.259765625
2023-11-23,17294.55078125
2023-11-24,17287.419921875
2023-11-27,17137.419921875
2023-11-28,17341.25
2023-11-29,17370.560546875
2023-11-30,17433.849609375
2023-12-01,17438.349609375
2023-12-04,17421.48046875
2023-12-05,17328.009765625
2023-12-06,17360.720703125
2023-12-07,17278.740234375
2023-12-08,17383.990234375
2023-12-11,17418.33984375
2023-12-12,17450.630859375
2023-12-13,17468.9296875
2023-12-14,17653.109375
2023-12-15,17673.869140625
2023-12-18,17652.029296875
2023-12-19,17576.55078125
2023-12-20,17635.19921875
2023-12-21,17543.740234375
2023-12-22,17596.630859375
2023-12-25,17604.83984375
2023-12-26,17751.73046875
2023-12-27,17891.5
2023-12-28,17910.369140625
2023-12-29,17930.810546875
2024-01-02,17853.759765625
2024-01-03,17559.310546875
2024-01-04,17549.650390625
2024-01-05,17519.140625
2024-01-08,17572.66015625
2024-01-09,17535.490234375
2024-01-10,17465.630859375
2024-01-11,17545.3203125
2024-01-12,17512.830078125
2024-01-15,17546.8203125
2024-01-16,17346.869140625
2024-01-17,17161.7890625
2024-01-18,17227.7890625
2024-01-19,17681.51953125
2024-01-22,17815.099609375
2024-01-23,17874.58984375
2024-01-24,17875.830078125
2024-01-25,18002.619140625
2024-01-26,17995.029296875
2024-01-29,18119.630859375
2024-01-30,18034.630859375
2024-01-31,17889.560546875
2024-02-01,17968.109375
2024-02-02,18059.9296875
2024-02-05,18096.0703125
2024-02-15,18644.5703125
2024-02-16,18607.25
2024-02-19,18635.80078125
2024-02-20,18753.16015625
2024-02-21,18676.310546875
2024-02-22,18852.779296875
2024-02-23,18889.189453125
2024-02-26,18948.05078125
2024-02-27,18854.41015625
2024-02-29,18966.76953125
2024-03-01,18935.9296875
2024-03-04,19305.310546875
2024-03-05,19386.919921875
2024-03-06,19499.44921875
2024-03-07,19693.51953125
2024-03-08,19785.3203125
2024-03-11,19726.080078125
2024-03-12,19914.55078125
2024-03-13,19928.509765625
2024-03-14,19937.919921875
2024-03-15,19682.5
2024-03-18,19879.849609375
2024-03-19,19857.19921875
2024-03-20,19784.44921875
2024-03-21,20199.08984375
2024-03-22,20228.4296875
2024-03-25,20192.25
2024-03-26,20126.490234375
2024-03-27,20200.119140625
2024-03-28,20146.55078125
2024-03-29,20294.44921875
2024-04-01,20222.330078125
2024-04-02,20466.5703125
2024-04-03,20337.599609375
2024-04-08,20417.69921875
2024-04-09,20796.19921875
2024-04-10,20763.529296875
2024-04-11,20753.220703125
2024-04-12,20736.5703125
2024-04-15,20449.76953125
2024-04-16,19901.9609375
2024-04-17,20213.330078125
2024-04-18,20301.19921875
2024-04-19,19527.119140625
2024-04-22,19411.220703125
2024-04-23,19599.279296875
2024-04-24,20131.740234375
2024-04-25,19857.419921875
2024-04-26,20120.509765625
2024-04-29,20495.51953125
2024-04-30,20396.599609375
2024-05-02,20222.439453125
2024-05-03,20330.3203125
2024-05-06,20523.310546875
2024-05-07,20653.529296875
2024-05-08,20700.509765625
2024-05-09,20560.76953125
2024-05-10,20708.83984375
2024-05-13,20857.7109375
2024-05-14,20985.849609375
2024-05-15,21147.2109375
2024-05-16,21304.259765625
2024-05-17,21258.470703125
2024-05-20,21271.630859375
2024-05-21,21236.75
2024-05-22,21551.830078125
2024-05-23,21607.4296875
2024-05-24,21565.33984375
2024-05-27,21803.76953125
2024-05-28,21858.41015625
2024-05-29,21662.5
2024-05-30,21364.48046875
2024-05-31,21174.220703125
2024-06-03,21536.759765625
2024-06-04,21356.619140625
2024-06-05,21484.880859375
2024-06-06,21902.69921875
2024-06-07,21858.380859375
2024-06-11,21792.119140625
2024-06-12,22048.9609375
2024-06-13,22312.0390625
2024-06-14,22504.720703125
2024-06-17,22496.529296875
2024-06-18,22757.4296875
2024-06-19,23209.5390625
2024-06-20,23406.099609375
2024-06-21,23253.390625
2024-06-24,22813.69921875
