date,close
1992-10-08,173.64999389648438
1992-10-12,173.64999389648438
1992-10-13,173.64999389648438
1992-10-14,173.64999389648438
1992-10-15,173.64999389648438
1992-10-19,173.64999389648438
1992-10-20,175.99000549316406
1992-10-21,177.60000610351562
1992-10-22,178.5
1992-10-26,181.0800018310547
1992-10-27,180.94000244140625
1992-10-28,181.6300048828125
1992-10-29,183.67999267578125
1992-11-02,187.07000732421875
1992-11-03,187.1499938964844
1992-11-04,180.1300048828125
1992-11-05,181.07000732421875
1992-11-09,173.10000610351562
1992-11-10,172.92999267578125
1992-11-11,176.97000122070312
1992-11-12,179.77999877929688
1992-11-16,177.0
1992-11-17,176.3699951171875
1992-11-18,178.44000244140625
1992-11-19,179.8800048828125
1992-11-23,184.5500030517578
1992-11-24,184.33999633789065
1992-11-25,183.9900054931641
1992-11-26,186.27999877929688
1992-11-30,184.5500030517578
1992-12-01,184.83999633789065
1992-12-02,183.08999633789065
1992-12-03,180.0800018310547
1992-12-07,185.47000122070312
1992-12-08,184.7700042724609
1992-12-09,187.47000122070312
1992-12-10,187.67999267578125
1992-12-14,187.33999633789065
1992-12-15,185.91000366210935
1992-12-16,185.7400054931641
1992-12-17,183.83999633789065
1992-12-21,191.3699951171875
1992-12-22,192.77999877929688
1992-12-23,195.0
1992-12-24,194.58999633789065
1992-12-28,193.7100067138672
1992-12-29,194.6199951171875
1992-12-30,194.17999267578125
1992-12-31,195.9600067138672
1993-01-04,202.8000030517578
1993-01-05,202.3699951171875
1993-01-06,205.44000244140625
1993-01-07,207.3999938964844
1993-01-11,207.19000244140625
1993-01-12,205.77999877929688
1993-01-13,203.3999938964844
1993-01-14,207.67999267578125
1993-01-18,210.5200042724609
1993-01-19,215.0200042724609
1993-01-20,214.08999633789065
1993-01-21,210.4900054931641
1993-01-25,211.3600006103516
1993-01-26,209.1499938964844
1993-01-27,206.17999267578125
1993-01-28,202.55999755859372
1993-02-01,210.6499938964844
1993-02-02,212.5
1993-02-03,214.58999633789065
1993-02-04,215.1199951171875
1993-02-08,218.16000366210935
1993-02-09,213.3699951171875
1993-02-10,215.0500030517578
1993-02-11,206.0800018310547
1993-02-15,202.67999267578125
1993-02-16,208.2100067138672
1993-02-17,202.5800018310547
1993-02-18,194.6199951171875
1993-02-22,195.44000244140625
1993-02-23,187.0200042724609
1993-02-24,188.91000366210935
1993-02-25,194.17999267578125
1993-03-01,194.8699951171875
1993-03-02,193.5800018310547
1993-03-03,194.92999267578125
1993-03-04,193.7400054931641
1993-03-08,197.42999267578125
1993-03-09,197.9600067138672
1993-03-10,202.2700042724609
1993-03-11,205.8600006103516
1993-03-15,207.2100067138672
1993-03-16,207.7400054931641
1993-03-17,209.9900054931641
1993-03-18,208.7400054931641
1993-03-22,205.5
1993-03-23,205.8300018310547
1993-03-24,206.92999267578125
1993-03-25,206.8999938964844
1993-03-29,208.69000244140625
1993-03-30,206.27999877929688
1993-03-31,206.4900054931641
1993-04-01,208.3600006103516
1993-04-05,207.47000122070312
1993-04-06,207.47000122070312
1993-04-07,207.25
1993-04-08,210.7100067138672
1993-04-12,210.7100067138672
1993-04-13,215.42999267578125
1993-04-14,215.2100067138672
1993-04-15,216.52999877929688
1993-04-19,211.3000030517578
1993-04-20,213.25
1993-04-21,216.41000366210935
1993-04-22,215.41000366210935
1993-04-26,215.41000366210935
1993-04-27,212.58999633789065
1993-04-28,208.02999877929688
1993-04-29,205.80999755859372
1993-05-03,209.0800018310547
1993-05-04,208.4600067138672
1993-05-05,210.33999633789065
1993-05-06,209.2100067138672
1993-05-10,215.1100006103516
1993-05-11,215.69000244140625
1993-05-12,215.6300048828125
1993-05-13,212.72000122070312
1993-05-17,210.27999877929688
1993-05-18,209.25
1993-05-19,206.44000244140625
1993-05-20,206.97000122070312
1993-05-24,200.7100067138672
1993-05-25,200.7100067138672
1993-05-26,200.7100067138672
1993-05-27,205.02999877929688
1993-05-31,203.33999633789065
1993-06-01,203.3300018310547
1993-06-02,200.17999267578125
1993-06-03,199.8800048828125
1993-06-07,205.0500030517578
1993-06-08,203.69000244140625
1993-06-09,201.80999755859372
1993-06-10,204.08999633789065
1993-06-14,196.6499938964844
1993-06-15,202.42999267578125
1993-06-16,204.17999267578125
1993-06-17,200.27999877929688
1993-06-21,203.8800048828125
1993-06-22,201.94000244140625
1993-06-23,198.2700042724609
1993-06-24,196.19000244140625
1993-06-28,187.0200042724609
1993-06-29,199.4600067138672
1993-06-30,198.22000122070312
1993-07-01,196.9900054931641
1993-07-05,197.16000366210935
1993-07-06,194.3000030517578
1993-07-07,190.77999877929688
1993-07-08,189.42999267578125
1993-07-12,186.6100006103516
1993-07-13,191.83999633789065
1993-07-14,191.83999633789065
1993-07-15,195.94000244140625
1993-07-19,189.8800048828125
1993-07-20,185.27999877929688
1993-07-21,185.08999633789065
1993-07-22,184.67999267578125
1993-07-26,186.1300048828125
1993-07-27,186.1300048828125
1993-07-28,187.5800018310547
1993-07-29,186.08999633789065
1993-08-02,190.0
1993-08-03,194.33999633789065
1993-08-04,196.30999755859372
1993-08-05,196.80999755859372
1993-08-09,198.5200042724609
1993-08-10,199.7899932861328
1993-08-11,198.8600006103516
1993-08-12,197.52999877929688
1993-08-16,195.1000061035156
1993-08-17,191.9600067138672
1993-08-18,195.16000366210935
1993-08-19,193.22000122070312
1993-08-23,196.8500061035156
1993-08-24,199.3000030517578
1993-08-25,199.92999267578125
1993-08-26,201.92999267578125
1993-08-30,203.75
1993-08-31,208.75999450683597
1993-09-01,213.3999938964844
1993-09-02,214.75
1993-09-06,229.0399932861328
1993-09-07,221.5
1993-09-08,227.05999755859372
1993-09-09,226.7700042724609
1993-09-13,222.1699981689453
1993-09-14,226.4900054931641
1993-09-15,226.4900054931641
1993-09-16,226.4900054931641
1993-09-20,229.83999633789065
1993-09-21,227.02999877929688
1993-09-22,227.6100006103516
1993-09-23,232.38999938964844
1993-09-27,231.25
1993-09-28,229.6100006103516
1993-09-29,229.6100006103516
1993-09-30,229.6100006103516
1993-10-04,229.16000366210935
1993-10-05,232.6000061035156
1993-10-06,232.6000061035156
1993-10-07,232.6000061035156
1993-10-11,239.5200042724609
1993-10-12,239.75
1993-10-13,239.57000732421875
1993-10-14,235.5800018310547
1993-10-18,236.17999267578125
1993-10-19,238.0500030517578
1993-10-20,236.32000732421875
1993-10-21,232.38999938964844
1993-10-25,231.16000366210935
1993-10-26,230.6199951171875
1993-10-27,234.22000122070312
1993-10-28,237.25
1993-11-01,238.80999755859372
1993-11-02,238.80999755859372
1993-11-03,242.1699981689453
1993-11-04,250.05999755859372
1993-11-08,253.77999877929688
1993-11-09,253.3500061035156
1993-11-10,254.4499969482422
1993-11-11,251.33999633789065
1993-11-15,250.05999755859372
1993-11-16,251.5200042724609
1993-11-17,249.6000061035156
1993-11-18,247.8600006103516
1993-11-22,250.69000244140625
1993-11-23,248.1999969482422
1993-11-24,249.16000366210935
1993-11-25,247.75999450683597
1993-11-29,239.6100006103516
1993-11-30,240.91000366210935
1993-12-01,236.27999877929688
1993-12-02,237.1999969482422
1993-12-06,241.7700042724609
1993-12-07,239.6100006103516
1993-12-08,239.00999450683597
1993-12-09,242.3699951171875
1993-12-13,240.32000732421875
1993-12-14,243.2899932861328
1993-12-15,242.3699951171875
1993-12-16,244.8600006103516
1993-12-20,242.72999572753903
1993-12-21,246.25
1993-12-22,248.6000061035156
1993-12-23,250.72000122070312
1993-12-27,252.4900054931641
1993-12-28,246.22999572753903
1993-12-29,248.5399932861328
1993-12-30,247.6699981689453
1994-01-03,253.5500030517578
1994-01-04,253.2100067138672
1994-01-05,255.72999572753903
1994-01-06,252.92999267578125
1994-01-10,251.25999450683597
1994-01-11,254.2400054931641
1994-01-12,254.7400054931641
1994-01-13,254.83999633789065
1994-01-17,254.3800048828125
1994-01-18,251.94000244140625
1994-01-19,252.97999572753903
1994-01-20,247.5800018310547
1994-01-24,242.5800018310547
1994-01-25,246.83999633789065
1994-01-26,251.63999938964844
1994-01-27,255.8999938964844
1994-01-31,254.4199981689453
1994-02-01,251.8000030517578
1994-02-02,249.92999267578125
1994-02-03,253.19000244140625
1994-02-07,242.7700042724609
1994-02-08,244.4199981689453
1994-02-09,235.8699951171875
1994-02-10,240.22000122070312
1994-02-14,233.7400054931641
1994-02-15,237.8999938964844
1994-02-16,240.3800048828125
1994-02-17,227.4199981689453
1994-02-21,214.9900054931641
1994-02-22,227.1499938964844
1994-02-23,227.67999267578125
1994-02-24,232.19000244140625
1994-02-28,222.2899932861328
1994-03-01,228.80999755859372
1994-03-02,225.22000122070312
1994-03-03,226.07000732421875
1994-03-07,221.7700042724609
1994-03-08,221.1100006103516
1994-03-09,210.1999969482422
1994-03-10,202.0800018310547
1994-03-14,195.6199951171875
1994-03-15,208.82000732421875
1994-03-16,212.80999755859372
1994-03-17,208.9499969482422
1994-03-21,207.2100067138672
1994-03-22,200.7700042724609
1994-03-23,200.41000366210935
1994-03-24,199.7899932861328
1994-03-28,212.67999267578125
1994-03-29,213.1300048828125
1994-03-30,210.8699951171875
1994-03-31,208.07000732421875
1994-04-04,210.1999969482422
1994-04-05,215.22000122070312
1994-04-06,215.38999938964844
1994-04-07,220.22999572753903
1994-04-11,221.13999938964844
1994-04-12,222.80999755859372
1994-04-13,222.80999755859372
1994-04-14,222.80999755859372
1994-04-18,218.9900054931641
1994-04-19,219.6699981689453
1994-04-20,216.55999755859372
1994-04-21,216.80999755859372
1994-04-25,215.5200042724609
1994-04-26,215.2400054931641
1994-04-27,217.83999633789065
1994-04-28,220.52999877929688
1994-05-02,228.7700042724609
1994-05-03,227.22999572753903
1994-05-04,225.33999633789065
1994-05-05,223.1300048828125
1994-05-09,219.7899932861328
1994-05-10,217.77999877929688
1994-05-11,217.6199951171875
1994-05-12,214.6199951171875
1994-05-16,214.6199951171875
1994-05-17,209.47000122070312
1994-05-18,204.16000366210935
1994-05-19,206.2899932861328
1994-05-23,196.1999969482422
1994-05-24,189.6699981689453
1994-05-25,187.07000732421875
1994-05-26,192.63999938964844
1994-05-30,194.82000732421875
1994-05-31,187.6100006103516
1994-06-01,182.72000122070312
1994-06-02,176.2100067138672
1994-06-06,172.3000030517578
1994-06-07,173.5800018310547
1994-06-08,178.49000549316406
1994-06-09,185.4499969482422
1994-06-13,185.50999450683597
1994-06-14,176.8800048828125
1994-06-15,181.2100067138672
1994-06-16,178.63999938964844
1994-06-20,169.99000549316406
1994-06-21,167.97999572753906
1994-06-22,168.5399932861328
1994-06-23,173.1699981689453
1994-06-27,166.88999938964844
1994-06-28,167.77999877929688
1994-06-29,164.35000610351562
1994-06-30,159.39999389648438
1994-07-04,148.00999450683594
1994-07-05,153.02999877929688
1994-07-06,161.50999450683594
1994-07-07,164.67999267578125
1994-07-11,168.67999267578125
1994-07-12,172.82000732421875
1994-07-13,168.1699981689453
1994-07-14,174.75999450683594
1994-07-18,170.08999633789062
1994-07-19,176.75
1994-07-20,178.86000061035156
1994-07-21,180.10000610351562
1994-07-25,179.07000732421875
1994-07-26,179.91000366210938
1994-07-27,179.25999450683594
1994-07-28,178.83999633789062
1994-08-01,185.6699981689453
1994-08-02,183.80999755859372
1994-08-03,186.77999877929688
1994-08-04,189.8800048828125
1994-08-08,190.25999450683597
1994-08-09,194.19000244140625
1994-08-10,197.32000732421875
1994-08-11,192.75999450683597
1994-08-15,187.13999938964844
1994-08-16,183.3999938964844
1994-08-17,183.3999938964844
1994-08-18,183.3999938964844
1994-08-22,168.89999389648438
1994-08-23,173.52999877929688
1994-08-24,173.4499969482422
1994-08-25,173.38999938964844
1994-08-29,179.94000244140625
1994-08-30,183.75
1994-08-31,184.1699981689453
1994-09-01,186.44000244140625
1994-09-05,186.44000244140625
1994-09-06,186.44000244140625
1994-09-07,186.44000244140625
1994-09-08,198.0800018310547
1994-09-12,194.3999938964844
1994-09-13,194.9600067138672
1994-09-14,194.9600067138672
1994-09-15,194.9600067138672
1994-09-19,194.9600067138672
1994-09-20,194.9600067138672
1994-09-21,198.13999938964844
1994-09-22,197.3699951171875
1994-09-26,197.3699951171875
1994-09-27,197.3699951171875
1994-09-28,186.67999267578125
1994-09-29,187.5
1994-10-03,189.7100067138672
1994-10-04,184.13999938964844
1994-10-05,183.88999938964844
1994-10-06,186.25999450683597
1994-10-10,180.2400054931641
1994-10-11,179.39999389648438
1994-10-12,179.97999572753906
1994-10-13,183.6100006103516
1994-10-17,192.58999633789065
1994-10-18,191.9199981689453
1994-10-19,189.4900054931641
1994-10-20,195.0500030517578
1994-10-24,193.4499969482422
1994-10-25,191.16000366210935
1994-10-26,191.6699981689453
1994-10-27,194.6100006103516
1994-10-31,192.08999633789065
1994-11-01,191.2400054931641
1994-11-02,187.6199951171875
1994-11-03,186.32000732421875
1994-11-07,186.5399932861328
1994-11-08,187.5200042724609
1994-11-09,185.1999969482422
1994-11-10,184.08999633789065
1994-11-14,177.30999755859375
1994-11-15,179.0800018310547
1994-11-16,175.22999572753906
1994-11-17,170.55999755859375
1994-11-21,172.72999572753906
1994-11-22,167.7100067138672
1994-11-23,164.9499969482422
1994-11-24,166.24000549316406
1994-11-28,171.74000549316406
1994-11-29,170.38999938964844
1994-11-30,171.0
1994-12-01,168.3000030517578
1994-12-05,161.83999633789062
1994-12-06,162.63999938964844
1994-12-07,161.9199981689453
1994-12-08,166.13999938964844
1994-12-12,171.4600067138672
1994-12-13,174.05999755859375
1994-12-14,175.6699981689453
1994-12-15,173.3699951171875
1994-12-19,169.52999877929688
1994-12-20,174.35000610351562
1994-12-21,176.3000030517578
1994-12-22,177.30999755859375
1994-12-26,171.9499969482422
1994-12-27,170.52999877929688
1994-12-28,173.36000061035156
1994-12-29,173.57000732421875
1995-01-02,170.13999938964844
1995-01-03,170.3699951171875
1995-01-04,170.2899932861328
1995-01-05,168.35000610351562
1995-01-09,165.4499969482422
1995-01-10,164.6300048828125
1995-01-11,164.47000122070312
1995-01-12,164.7899932861328
1995-01-16,162.92999267578125
1995-01-17,164.83999633789062
1995-01-18,160.0800018310547
1995-01-19,158.9499969482422
1995-01-23,156.44000244140625
1995-01-24,153.49000549316406
1995-01-25,155.97000122070312
1995-01-26,154.8300018310547
1995-01-30,162.14999389648438
1995-01-31,174.6699981689453
1995-02-01,175.3800048828125
1995-02-02,173.13999938964844
1995-02-06,166.24000549316406
1995-02-07,164.49000549316406
1995-02-08,165.25999450683594
1995-02-09,164.9600067138672
1995-02-13,168.24000549316406
1995-02-14,168.24000549316406
1995-02-15,169.50999450683594
1995-02-16,164.24000549316406
1995-02-20,158.82000732421875
1995-02-21,157.2899932861328
1995-02-22,151.75999450683594
1995-02-23,149.08999633789062
1995-02-27,146.8300018310547
1995-02-28,145.4499969482422
1995-03-01,145.1699981689453
1995-03-02,150.3300018310547
1995-03-06,150.22999572753906
1995-03-07,151.97999572753906
1995-03-08,153.9199981689453
1995-03-09,157.83999633789062
1995-03-13,158.6199951171875
1995-03-14,160.8300018310547
1995-03-15,161.02000427246094
1995-03-16,161.02000427246094
1995-03-20,167.72999572753906
1995-03-21,165.0
1995-03-22,162.24000549316406
1995-03-23,162.74000549316406
1995-03-27,160.9499969482422
1995-03-28,163.1999969482422
1995-03-29,165.14999389648438
1995-03-30,166.10000610351562
1995-04-03,158.11000061035156
1995-04-04,159.05999755859375
1995-04-05,159.41000366210938
1995-04-06,159.72999572753906
1995-04-10,160.0500030517578
1995-04-11,162.9499969482422
1995-04-12,163.22999572753906
1995-04-13,163.91000366210938
1995-04-17,166.32000732421875
1995-04-18,165.80999755859375
1995-04-19,166.2899932861328
1995-04-20,166.2899932861328
1995-04-24,167.60000610351562
1995-04-25,169.6699981689453
1995-04-26,170.4199981689453
1995-04-27,172.55999755859375
1995-05-01,174.4600067138672
1995-05-02,173.99000549316406
1995-05-03,173.99000549316406
1995-05-04,173.99000549316406
1995-05-08,170.25999450683594
1995-05-09,172.1199951171875
1995-05-10,175.2100067138672
1995-05-11,177.3800048828125
1995-05-15,178.85000610351562
1995-05-16,179.4499969482422
1995-05-17,178.11000061035156
1995-05-18,174.16000366210938
1995-05-22,175.25999450683594
1995-05-23,176.64999389648438
1995-05-24,179.49000549316406
1995-05-25,181.91000366210935
1995-05-29,180.9199981689453
1995-05-30,181.47000122070312
1995-05-31,180.55999755859372
1995-06-01,182.1100006103516
1995-06-05,181.55999755859372
1995-06-06,184.0
1995-06-07,186.57000732421875
1995-06-08,187.22999572753903
1995-06-12,185.80999755859372
1995-06-13,187.1000061035156
1995-06-14,191.0
1995-06-15,191.3600006103516
1995-06-19,189.30999755859372
1995-06-20,191.16000366210935
1995-06-21,193.1999969482422
1995-06-22,192.66000366210935
1995-06-26,189.05999755859372
1995-06-27,188.7899932861328
1995-06-28,189.19000244140625
1995-06-29,187.3300018310547
1995-07-03,186.22000122070312
1995-07-04,186.27999877929688
1995-07-05,186.55999755859372
1995-07-06,187.9600067138672
1995-07-10,189.97000122070312
1995-07-11,191.19000244140625
1995-07-12,191.47999572753903
1995-07-13,192.50999450683597
1995-07-17,191.3300018310547
1995-07-18,191.3000030517578
1995-07-19,188.30999755859372
1995-07-20,187.1000061035156
1995-07-24,187.25
1995-07-25,188.94000244140625
1995-07-26,189.83999633789065
1995-07-27,189.22999572753903
1995-07-31,190.32000732421875
1995-08-01,191.82000732421875
1995-08-02,192.6300048828125
1995-08-03,194.19000244140625
1995-08-07,194.0399932861328
1995-08-08,195.6499938964844
1995-08-09,196.5
1995-08-10,197.0399932861328
1995-08-14,200.77999877929688
1995-08-15,201.17999267578125
1995-08-16,203.0500030517578
1995-08-17,204.1000061035156
1995-08-21,208.50999450683597
1995-08-22,206.33999633789065
1995-08-23,209.2100067138672
1995-08-24,206.1300048828125
1995-08-28,203.2400054931641
1995-08-29,205.2899932861328
1995-08-30,204.5500030517578
1995-08-31,203.6000061035156
1995-09-04,207.67999267578125
1995-09-05,208.0800018310547
1995-09-06,208.6499938964844
1995-09-07,209.75
1995-09-11,209.52999877929688
1995-09-12,207.8300018310547
1995-09-13,203.1100006103516
1995-09-14,203.4900054931641
1995-09-18,204.97999572753903
1995-09-19,205.57000732421875
1995-09-20,205.55999755859372
1995-09-21,205.0
1995-09-25,205.0
1995-09-26,205.0
1995-09-27,203.92999267578125
1995-09-28,201.8800048828125
1995-10-02,201.00999450683597
1995-10-03,201.00999450683597
1995-10-04,201.00999450683597
1995-10-05,199.16000366210935
1995-10-09,199.16000366210935
1995-10-10,194.4600067138672
1995-10-11,195.2400054931641
1995-10-12,197.16000366210935
1995-10-16,197.16000366210935
1995-10-17,197.5200042724609
1995-10-18,195.4600067138672
1995-10-19,193.6100006103516
1995-10-23,191.17999267578125
1995-10-24,189.41000366210935
1995-10-25,191.4600067138672
1995-10-26,192.22000122070312
1995-10-30,191.77999877929688
1995-10-31,194.0399932861328
1995-11-01,191.9199981689453
1995-11-02,190.19000244140625
1995-11-06,185.92999267578125
1995-11-07,188.1999969482422
1995-11-08,187.13999938964844
1995-11-09,186.75999450683597
1995-11-13,185.27999877929688
1995-11-14,184.16000366210935
1995-11-15,183.66000366210935
1995-11-16,185.82000732421875
1995-11-20,192.7400054931641
1995-11-21,190.88999938964844
1995-11-22,191.2100067138672
1995-11-23,193.27999877929688
1995-11-27,195.9600067138672
1995-11-28,196.3800048828125
1995-11-29,195.1000061035156
1995-11-30,194.7100067138672
1995-12-04,195.25
1995-12-05,197.19000244140625
1995-12-06,198.25999450683597
1995-12-07,197.33999633789065
1995-12-11,200.69000244140625
1995-12-12,201.8999938964844
1995-12-13,202.7899932861328
1995-12-14,204.7700042724609
1995-12-18,204.4600067138672
1995-12-19,202.69000244140625
1995-12-20,206.9499969482422
1995-12-21,208.1199951171875
1995-12-25,208.3300018310547
1995-12-26,209.77999877929688
1995-12-27,210.33999633789065
1995-12-28,208.22999572753903
1996-01-01,209.6300048828125
1996-01-02,212.8999938964844
1996-01-03,214.22999572753903
1996-01-04,215.17999267578125
1996-01-08,212.82000732421875
1996-01-09,212.0200042724609
1996-01-10,209.66000366210935
1996-01-11,208.7400054931641
1996-01-15,207.82000732421875
1996-01-16,206.17999267578125
1996-01-17,207.6300048828125
1996-01-18,207.0500030517578
1996-01-22,211.25999450683597
1996-01-23,210.5200042724609
1996-01-24,210.7100067138672
1996-01-25,212.13999938964844
1996-01-29,210.8500061035156
1996-01-30,209.0800018310547
1996-01-31,209.8800048828125
1996-02-01,211.6300048828125
1996-02-05,210.3300018310547
1996-02-06,208.55999755859372
1996-02-07,208.44000244140625
1996-02-08,206.2100067138672
1996-02-12,205.72000122070312
1996-02-13,203.7899932861328
1996-02-14,201.4600067138672
1996-02-15,203.3000030517578
1996-02-19,200.6699981689453
1996-02-20,203.16000366210935
1996-02-21,203.72999572753903
1996-02-22,208.42999267578125
1996-02-26,210.00999450683597
1996-02-27,209.7400054931641
1996-02-28,211.3800048828125
1996-02-29,211.02999877929688
1996-03-04,209.3300018310547
1996-03-05,209.3300018310547
1996-03-06,206.67999267578125
1996-03-07,206.1100006103516
1996-03-11,202.3600006103516
1996-03-12,204.94000244140625
1996-03-13,203.7400054931641
1996-03-14,203.83999633789065
1996-03-18,198.7400054931641
1996-03-19,199.8000030517578
1996-03-20,198.1000061035156
1996-03-21,195.97000122070312
1996-03-25,195.3000030517578
1996-03-26,194.3800048828125
1996-03-27,195.6199951171875
1996-03-28,195.25999450683597
1996-04-01,192.58999633789065
1996-04-02,194.0399932861328
1996-04-03,194.0399932861328
1996-04-04,192.2700042724609
1996-04-08,192.88999938964844
1996-04-09,192.88999938964844
1996-04-10,192.88999938964844
1996-04-11,190.69000244140625
1996-04-15,188.91000366210935
1996-04-16,191.3500061035156
1996-04-17,194.2100067138672
1996-04-18,197.1000061035156
1996-04-22,197.83999633789065
1996-04-23,197.83999633789065
1996-04-24,197.83999633789065
1996-04-25,200.8300018310547
1996-04-29,203.8800048828125
1996-04-30,204.0200042724609
1996-05-01,204.16000366210935
1996-05-02,205.91000366210935
1996-05-06,204.4499969482422
1996-05-07,204.33999633789065
1996-05-08,201.55999755859372
1996-05-09,199.5200042724609
1996-05-13,199.19000244140625
1996-05-14,200.92999267578125
1996-05-15,202.6999969482422
1996-05-16,200.1999969482422
1996-05-20,203.58999633789065
1996-05-21,204.8800048828125
1996-05-22,206.52999877929688
1996-05-23,206.52999877929688
1996-05-27,211.25999450683597
1996-05-28,211.6199951171875
1996-05-29,211.6199951171875
1996-05-30,201.3800048828125
1996-06-03,206.1000061035156
1996-06-04,205.52999877929688
1996-06-05,207.3500061035156
1996-06-06,209.05999755859372
1996-06-10,203.7100067138672
1996-06-11,204.1000061035156
1996-06-12,202.5200042724609
1996-06-13,201.80999755859372
1996-06-17,205.3699951171875
1996-06-18,205.92999267578125
1996-06-19,203.57000732421875
1996-06-20,203.55999755859372
1996-06-24,201.7100067138672
1996-06-25,200.4900054931641
1996-06-26,198.4900054931641
1996-06-27,195.8800048828125
1996-07-01,197.27999877929688
1996-07-02,198.4600067138672
1996-07-03,198.2899932861328
1996-07-04,196.6100006103516
1996-07-08,192.1000061035156
1996-07-09,190.4900054931641
1996-07-10,188.8000030517578
1996-07-11,185.16000366210935
1996-07-15,179.6699981689453
1996-07-16,170.17999267578125
1996-07-17,170.17999267578125
1996-07-18,176.66000366210938
1996-07-22,168.32000732421875
1996-07-23,169.3300018310547
1996-07-24,169.67999267578125
1996-07-25,169.67999267578125
1996-07-29,174.85000610351562
1996-07-30,175.9499969482422
1996-07-31,177.25999450683594
1996-08-01,177.57000732421875
1996-08-05,181.32000732421875
1996-08-06,183.7700042724609
1996-08-07,181.0500030517578
1996-08-08,180.66000366210935
1996-08-12,175.19000244140625
1996-08-13,173.0800018310547
1996-08-14,175.00999450683594
1996-08-15,175.77999877929688
1996-08-19,173.38999938964844
1996-08-20,172.30999755859375
1996-08-21,172.14999389648438
1996-08-22,173.27999877929688
1996-08-26,174.3800048828125
1996-08-27,174.97999572753906
1996-08-28,179.75
1996-08-29,181.19000244140625
1996-09-02,184.0200042724609
1996-09-03,182.66000366210935
1996-09-04,185.25
1996-09-05,186.8300018310547
1996-09-09,190.19000244140625
1996-09-10,189.9900054931641
1996-09-11,186.7700042724609
1996-09-12,189.6199951171875
1996-09-16,195.1000061035156
1996-09-17,196.58999633789065
1996-09-18,196.50999450683597
1996-09-19,196.0200042724609
1996-09-23,196.0200042724609
1996-09-24,197.30999755859372
1996-09-25,196.57000732421875
1996-09-26,188.6199951171875
1996-09-30,186.72000122070312
1996-10-01,184.08999633789065
1996-10-02,184.41000366210935
1996-10-03,182.92999267578125
1996-10-07,187.44000244140625
1996-10-08,186.63999938964844
1996-10-09,185.44000244140625
1996-10-10,181.67999267578125
1996-10-14,178.6999969482422
1996-10-15,183.22999572753903
1996-10-16,186.9600067138672
1996-10-17,189.1999969482422
1996-10-21,191.02999877929688
1996-10-22,187.77999877929688
1996-10-23,188.1300048828125
1996-10-24,188.47000122070312
1996-10-28,185.25
1996-10-29,184.0500030517578
1996-10-30,186.3300018310547
1996-10-31,187.02999877929688
1996-11-04,187.5200042724609
1996-11-05,187.5200042724609
1996-11-06,189.3699951171875
1996-11-07,192.3300018310547
1996-11-11,192.42999267578125
1996-11-12,192.5
1996-11-13,194.0500030517578
1996-11-14,195.3699951171875
1996-11-18,195.3699951171875
1996-11-19,195.22999572753903
1996-11-20,196.32000732421875
1996-11-21,197.97000122070312
1996-11-25,196.7899932861328
1996-11-26,195.82000732421875
1996-11-27,198.07000732421875
1996-11-28,198.9199981689453
1996-12-02,198.7899932861328
1996-12-03,202.44000244140625
1996-12-04,203.94000244140625
1996-12-05,206.2100067138672
1996-12-09,205.6499938964844
1996-12-10,207.83999633789065
1996-12-11,206.38999938964844
1996-12-12,206.88999938964844
1996-12-16,205.7899932861328
1996-12-17,203.0399932861328
1996-12-18,203.25999450683597
1996-12-19,206.4499969482422
1996-12-23,210.08999633789065
1996-12-24,211.02999877929688
1996-12-25,211.52999877929688
1996-12-26,209.0200042724609
1996-12-30,209.0200042724609
1996-12-31,211.0399932861328
1997-01-01,211.0399932861328
1997-01-02,214.1499938964844
1997-01-06,225.00999450683597
1997-01-07,229.1499938964844
1997-01-08,229.83999633789065
1997-01-09,227.6000061035156
1997-01-13,234.9199981689453
1997-01-14,233.8000030517578
1997-01-15,237.3300018310547
1997-01-16,239.1300048828125
1997-01-20,241.5
1997-01-21,243.3300018310547
1997-01-22,241.63999938964844
1997-01-23,240.58999633789065
1997-01-27,236.58999633789065
1997-01-28,237.25999450683597
1997-01-29,240.8699951171875
1997-01-30,242.33999633789065
1997-02-03,256.0400085449219
1997-02-04,253.66000366210935
1997-02-05,259.95001220703125
1997-02-06,258.19000244140625
1997-02-10,259.54998779296875
1997-02-11,257.3099975585937
1997-02-12,254.80999755859372
1997-02-13,252.69000244140625
1997-02-17,265.010009765625
1997-02-18,270.57000732421875
1997-02-19,267.54998779296875
1997-02-20,266.5299987792969
1997-02-24,260.4700012207031
1997-02-25,252.7899932861328
1997-02-26,252.72000122070312
1997-02-27,253.13999938964844
1997-03-03,246.80999755859372
1997-03-04,253.7700042724609
1997-03-05,255.82000732421875
1997-03-06,257.69000244140625
1997-03-10,256.0299987792969
1997-03-11,251.6999969482422
1997-03-12,249.47000122070312
1997-03-13,246.63999938964844
1997-03-17,247.8000030517578
1997-03-18,243.88999938964844
1997-03-19,243.1999969482422
1997-03-20,245.77999877929688
1997-03-24,242.33999633789065
1997-03-25,243.92999267578125
1997-03-26,242.7400054931641
1997-03-27,242.9499969482422
1997-03-31,245.63999938964844
1997-04-01,245.02999877929688
1997-04-02,250.32000732421875
1997-04-03,251.3999938964844
1997-04-07,254.8600006103516
1997-04-08,256.5
1997-04-09,251.3000030517578
1997-04-10,252.75999450683597
1997-04-14,255.3600006103516
1997-04-15,256.95001220703125
1997-04-16,254.2899932861328
1997-04-17,249.2700042724609
1997-04-21,249.2700042724609
1997-04-22,249.2700042724609
1997-04-23,250.63999938964844
1997-04-24,252.1000061035156
1997-04-28,252.1000061035156
1997-04-29,251.5200042724609
1997-04-30,255.1100006103516
1997-05-01,255.8800048828125
1997-05-05,260.25
1997-05-06,260.3900146484375
1997-05-07,258.6099853515625
1997-05-08,259.7200012207031
1997-05-12,259.7200012207031
1997-05-13,263.7699890136719
1997-05-14,263.8699951171875
1997-05-15,264.1099853515625
1997-05-19,264.0400085449219
1997-05-20,265.3399963378906
1997-05-21,266.75
1997-05-22,269.0
1997-05-26,271.1400146484375
1997-05-27,270.8999938964844
1997-05-28,274.6300048828125
1997-05-29,274.3900146484375
1997-06-02,280.5299987792969
1997-06-03,282.8699951171875
1997-06-04,282.32000732421875
1997-06-05,284.9200134277344
1997-06-09,292.6300048828125
1997-06-10,292.6300048828125
1997-06-11,292.6300048828125
1997-06-12,288.260009765625
1997-06-16,294.4200134277344
1997-06-17,293.29998779296875
1997-06-18,296.8099975585937
1997-06-19,296.3900146484375
1997-06-23,296.3500061035156
1997-06-24,289.54998779296875
1997-06-25,288.0199890136719
1997-06-26,285.5
1997-06-30,284.9800109863281
1997-07-01,290.32000732421875
1997-07-02,294.5
1997-07-03,295.1499938964844
1997-07-06,298.6300048828125
1997-07-07,302.7699890136719
1997-07-08,303.8500061035156
1997-07-09,303.95001220703125
1997-07-10,298.739990234375
1997-07-13,301.9700012207031
1997-07-14,299.3099975585937
1997-07-15,299.3999938964844
1997-07-16,295.79998779296875
1997-07-17,298.1199951171875
1997-07-20,294.6199951171875
1997-07-21,295.4800109863281
1997-07-22,293.42999267578125
1997-07-23,297.32000732421875
1997-07-24,301.25
1997-07-27,304.9200134277344
1997-07-28,304.2799987792969
1997-07-29,305.54998779296875
1997-07-30,302.3299865722656
1997-07-31,306.1400146484375
1997-08-03,306.8800048828125
1997-08-04,309.70001220703125
1997-08-05,309.7900085449219
1997-08-06,311.760009765625
1997-08-07,311.5599975585937
1997-08-10,304.82000732421875
1997-08-11,302.82000732421875
1997-08-12,302.82000732421875
1997-08-13,297.6700134277344
1997-08-14,301.3599853515625
1997-08-17,295.0
1997-08-18,294.67999267578125
1997-08-19,295.6700134277344
1997-08-20,298.0400085449219
1997-08-21,297.4599914550781
1997-08-24,293.57000732421875
1997-08-25,289.6499938964844
1997-08-26,287.7099914550781
1997-08-27,288.5599975585937
1997-08-28,287.5199890136719
1997-08-31,280.79998779296875
1997-09-01,280.04998779296875
1997-09-02,285.0599975585937
1997-09-03,289.2300109863281
1997-09-04,287.0899963378906
1997-09-07,285.8900146484375
1997-09-08,286.54998779296875
1997-09-09,292.4100036621094
1997-09-10,291.0400085449219
1997-09-11,288.42999267578125
1997-09-15,287.4800109863281
1997-09-16,284.9200134277344
1997-09-17,283.010009765625
1997-09-18,280.4200134277344
1997-09-21,284.1300048828125
1997-09-22,282.07000732421875
1997-09-23,285.7200012207031
1997-09-24,284.6600036621094
1997-09-25,285.0400085449219
1997-09-29,292.44000244140625
1997-09-30,295.5899963378906
1997-10-01,295.5899963378906
1997-10-02,295.5899963378906
1997-10-05,299.75
1997-10-06,301.8699951171875
1997-10-07,301.69000244140625
1997-10-08,305.8900146484375
1997-10-09,302.79998779296875
1997-10-12,304.6700134277344
1997-10-13,304.25
1997-10-14,306.6000061035156
1997-10-15,306.6000061035156
1997-10-16,306.6000061035156
1997-10-19,307.7200012207031
1997-10-20,310.3599853515625
1997-10-21,310.1600036621094
1997-10-22,310.1600036621094
1997-10-23,310.1600036621094
1997-10-26,299.82000732421875
1997-10-27,294.70001220703125
1997-10-28,265.6400146484375
1997-10-29,286.8800048828125
1997-10-30,279.0199890136719
1997-11-02,288.0299987792969
1997-11-03,290.4800109863281
1997-11-04,288.45001220703125
1997-11-05,289.45001220703125
1997-11-06,287.5599975585937
1997-11-09,281.42999267578125
1997-11-10,279.3500061035156
1997-11-11,279.42999267578125
1997-11-12,271.7099914550781
1997-11-13,270.9800109863281
1997-11-16,272.8299865722656
1997-11-17,278.69000244140625
1997-11-18,276.29998779296875
1997-11-19,274.8500061035156
1997-11-20,279.75
1997-11-23,282.739990234375
1997-11-24,279.9200134277344
1997-11-25,281.0
1997-11-26,282.3299865722656
1997-11-27,285.82000732421875
1997-11-30,285.5799865722656
1997-12-01,288.2099914550781
1997-12-02,288.8500061035156
1997-12-03,288.8500061035156
1997-12-04,288.8500061035156
1997-12-08,289.0899963378906
1997-12-09,291.1199951171875
1997-12-10,287.3599853515625
1997-12-11,281.7900085449219
1997-12-14,279.75
1997-12-15,284.1300048828125
1997-12-16,284.0899963378906
1997-12-17,284.25
1997-12-18,282.4700012207031
1997-12-21,280.7200012207031
1997-12-22,278.239990234375
1997-12-23,279.6499938964844
1997-12-24,275.739990234375
1997-12-25,277.5599975585937
1997-12-29,282.69000244140625
1997-12-30,288.3399963378906
1997-12-31,290.9599914550781
1998-01-01,293.739990234375
1998-01-04,291.7699890136719
1998-01-05,288.7200012207031
1998-01-06,290.239990234375
1998-01-07,286.0799865722656
1998-01-08,283.4800109863281
1998-01-11,272.9700012207031
1998-01-12,264.07000732421875
1998-01-13,269.2799987792969
1998-01-14,268.5899963378906
1998-01-15,265.45001220703125
1998-01-18,268.260009765625
1998-01-19,271.1600036621094
1998-01-20,273.54998779296875
1998-01-21,273.07000732421875
1998-01-22,267.8699951171875
1998-01-25,267.0
1998-01-26,263.3900146484375
1998-01-27,264.0400085449219
1998-01-28,263.2900085449219
1998-01-29,267.0599975585937
1998-02-01,270.79998779296875
1998-02-02,273.75
1998-02-03,272.8399963378906
1998-02-04,269.25
1998-02-05,271.17999267578125
1998-02-08,269.7200012207031
1998-02-09,268.3999938964844
1998-02-10,265.5899963378906
1998-02-11,263.1199951171875
1998-02-12,263.45001220703125
1998-02-15,265.29998779296875
1998-02-16,263.69000244140625
1998-02-17,266.7300109863281
1998-02-18,269.7699890136719
1998-02-19,271.70001220703125
1998-02-22,271.95001220703125
1998-02-23,279.6400146484375
1998-02-24,280.7300109863281
1998-02-25,280.8299865722656
1998-02-26,282.25
1998-03-01,286.5899963378906
1998-03-02,290.5
1998-03-03,289.2200012207031
1998-03-04,285.5299987792969
1998-03-05,283.6300048828125
1998-03-08,288.7200012207031
1998-03-09,290.7799987792969
1998-03-10,292.3099975585937
1998-03-11,295.32000732421875
1998-03-12,295.32000732421875
1998-03-15,296.5400085449219
1998-03-16,295.8900146484375
1998-03-17,297.75
1998-03-18,296.3599853515625
1998-03-19,296.7200012207031
1998-03-22,299.3599853515625
1998-03-23,298.32000732421875
1998-03-24,296.6400146484375
1998-03-25,298.70001220703125
1998-03-26,301.4599914550781
1998-03-29,302.42999267578125
1998-03-30,300.1099853515625
1998-03-31,302.7900085449219
1998-04-01,304.57000732421875
1998-04-02,303.54998779296875
1998-04-05,306.44000244140625
1998-04-06,311.45001220703125
1998-04-07,310.3699951171875
1998-04-08,306.6000061035156
1998-04-09,311.2200012207031
1998-04-13,315.5
1998-04-14,313.4700012207031
1998-04-15,312.8299865722656
1998-04-16,312.8299865722656
1998-04-19,314.5599975585937
1998-04-20,316.9700012207031
1998-04-21,316.4599914550781
1998-04-22,313.239990234375
1998-04-23,314.0
1998-04-26,308.69000244140625
1998-04-27,306.1300048828125
1998-04-28,307.3800048828125
1998-04-29,307.3800048828125
1998-04-30,307.3800048828125
1998-05-04,317.989990234375
1998-05-05,317.0
1998-05-06,315.1099853515625
1998-05-07,315.8699951171875
1998-05-11,319.489990234375
1998-05-12,322.67999267578125
1998-05-13,323.9100036621094
1998-05-14,323.54998779296875
1998-05-18,322.32000732421875
1998-05-19,319.19000244140625
1998-05-20,321.07000732421875
1998-05-21,327.44000244140625
1998-05-25,334.2900085449219
1998-05-26,336.04998779296875
1998-05-27,327.0899963378906
1998-05-28,326.82000732421875
1998-06-01,324.6499938964844
1998-06-02,328.6199951171875
1998-06-03,332.57000732421875
1998-06-04,331.0
1998-06-08,337.42999267578125
1998-06-09,336.6400146484375
1998-06-10,333.7300109863281
1998-06-11,330.3500061035156
1998-06-15,316.92999267578125
1998-06-16,318.1000061035156
1998-06-17,320.3800048828125
1998-06-18,320.3900146484375
1998-06-22,318.7900085449219
1998-06-23,316.82000732421875
1998-06-24,321.4599914550781
1998-06-25,321.1700134277344
1998-06-29,319.8900146484375
1998-06-30,319.0400085449219
1998-07-01,317.1600036621094
1998-07-02,321.5
1998-07-06,320.9200134277344
1998-07-07,316.4100036621094
1998-07-08,312.3699951171875
1998-07-09,313.0299987792969
1998-07-13,312.17999267578125
1998-07-14,312.5799865722656
1998-07-15,311.760009765625
1998-07-16,310.4100036621094
1998-07-20,313.010009765625
1998-07-21,318.0799865722656
1998-07-22,318.2799987792969
1998-07-23,319.8599853515625
1998-07-27,321.3099975585937
1998-07-28,321.6400146484375
1998-07-29,320.25
1998-07-30,318.6300048828125
1998-08-03,313.3500061035156
1998-08-04,312.6400146484375
1998-08-05,306.260009765625
1998-08-06,310.739990234375
1998-08-10,329.3800048828125
1998-08-11,320.4100036621094
1998-08-12,323.2300109863281
1998-08-13,317.2099914550781
1998-08-17,315.5799865722656
1998-08-18,319.8900146484375
1998-08-19,319.5299987792969
1998-08-20,318.9800109863281
1998-08-24,308.3999938964844
1998-08-25,309.44000244140625
1998-08-26,302.3099975585937
1998-08-27,293.0799865722656
1998-08-31,293.6099853515625
1998-09-01,288.1300048828125
1998-09-02,287.0
1998-09-03,283.0199890136719
1998-09-07,292.57000732421875
1998-09-08,296.760009765625
1998-09-09,294.0599975585937
1998-09-10,287.7699890136719
1998-09-14,295.7799987792969
1998-09-15,292.6000061035156
1998-09-16,294.0599975585937
1998-09-17,287.9800109863281
1998-09-21,287.9800109863281
1998-09-22,287.9800109863281
1998-09-23,289.1000061035156
1998-09-24,285.2699890136719
1998-09-28,280.7699890136719
1998-09-29,280.7699890136719
1998-09-30,280.7699890136719
1998-10-01,270.5199890136719
1998-10-05,270.5199890136719
1998-10-06,263.2099914550781
1998-10-07,258.8299865722656
1998-10-08,249.19000244140625
1998-10-12,249.19000244140625
1998-10-13,259.4800109863281
1998-10-14,259.5400085449219
1998-10-15,265.0599975585937
1998-10-19,267.510009765625
1998-10-20,271.9599914550781
1998-10-21,270.3699951171875
1998-10-22,272.32000732421875
1998-10-26,276.3399963378906
1998-10-27,280.2699890136719
1998-10-28,279.989990234375
1998-10-29,280.29998779296875
1998-11-02,279.9200134277344
1998-11-03,281.25
1998-11-04,282.4800109863281
1998-11-05,282.239990234375
1998-11-09,274.010009765625
1998-11-10,270.9800109863281
1998-11-11,274.0599975585937
1998-11-12,271.5599975585937
1998-11-16,276.5199890136719
1998-11-17,282.67999267578125
1998-11-18,284.1000061035156
1998-11-19,288.54998779296875
1998-11-23,291.07000732421875
1998-11-24,293.1000061035156
1998-11-25,294.2699890136719
1998-11-26,299.7900085449219
1998-11-30,296.45001220703125
1998-12-01,289.75
1998-12-02,291.9599914550781
1998-12-03,292.2099914550781
1998-12-07,297.3599853515625
1998-12-08,298.510009765625
1998-12-09,298.75
1998-12-10,297.67999267578125
1998-12-14,291.82000732421875
1998-12-15,288.260009765625
1998-12-16,289.4599914550781
1998-12-17,289.2799987792969
1998-12-21,299.2300109863281
1998-12-22,302.2699890136719
1998-12-23,302.8699951171875
1998-12-24,304.2099914550781
1998-12-28,301.7900085449219
1998-12-29,299.6700134277344
1998-12-30,300.2099914550781
1998-12-31,299.8900146484375
1999-01-04,308.67999267578125
1999-01-05,309.0299987792969
1999-01-06,312.6199951171875
1999-01-07,307.8800048828125
1999-01-11,309.1700134277344
1999-01-12,307.8299865722656
1999-01-13,296.7200012207031
1999-01-14,299.2099914550781
1999-01-18,302.25
1999-01-19,301.4599914550781
1999-01-20,304.9599914550781
1999-01-21,301.0199890136719
1999-01-25,295.32000732421875
1999-01-26,294.2699890136719
1999-01-27,295.1700134277344
1999-01-28,294.5799865722656
1999-02-01,297.739990234375
1999-02-02,295.5599975585937
1999-02-03,292.6099853515625
1999-02-04,295.0299987792969
1999-02-08,292.1099853515625
1999-02-09,291.7799987792969
1999-02-10,289.44000244140625
1999-02-11,290.42999267578125
1999-02-15,294.7699890136719
1999-02-16,298.2900085449219
1999-02-17,295.6499938964844
1999-02-18,298.8500061035156
1999-02-22,306.0299987792969
1999-02-23,308.1700134277344
1999-02-24,310.6199951171875
1999-02-25,310.1499938964844
1999-03-01,311.3299865722656
1999-03-02,311.3299865722656
1999-03-03,316.3399963378906
1999-03-04,321.1700134277344
1999-03-08,330.1700134277344
1999-03-09,329.0199890136719
1999-03-10,328.2200012207031
1999-03-11,333.75
1999-03-15,339.239990234375
1999-03-16,339.239990234375
1999-03-17,339.239990234375
1999-03-18,338.8500061035156
1999-03-22,341.1400146484375
1999-03-23,341.2699890136719
1999-03-24,337.5899963378906
1999-03-25,345.07000732421875
1999-03-29,350.1600036621094
1999-03-30,351.94000244140625
1999-03-31,351.94000244140625
1999-04-01,351.94000244140625
1999-04-05,354.9700012207031
1999-04-06,354.9700012207031
1999-04-07,354.9700012207031
1999-04-08,360.4100036621094
1999-04-12,353.2699890136719
1999-04-13,362.3699951171875
1999-04-14,366.0799865722656
1999-04-15,369.2300109863281
1999-04-19,381.6199951171875
1999-04-20,381.6199951171875
1999-04-21,381.6199951171875
1999-04-22,383.6300048828125
1999-04-26,382.8699951171875
1999-04-27,376.6400146484375
1999-04-28,369.5799865722656
1999-04-29,372.9100036621094
1999-05-03,389.6600036621094
1999-05-04,389.6499938964844
1999-05-05,389.4500122070313
1999-05-06,396.4100036621094
1999-05-10,395.8599853515625
1999-05-11,397.0499877929688
1999-05-12,396.9200134277344
1999-05-13,400.9299926757813
1999-05-17,400.9299926757813
1999-05-18,400.1400146484375
1999-05-19,398.5899963378906
1999-05-20,398.5899963378906
1999-05-24,386.6799926757813
1999-05-25,379.1199951171875
1999-05-26,386.1700134277344
1999-05-27,393.8999938964844
1999-05-31,390.9100036621094
1999-06-01,389.989990234375
1999-06-02,382.5799865722656
1999-06-03,379.239990234375
1999-06-07,386.5400085449219
1999-06-08,391.2200012207031
1999-06-09,399.5700073242188
1999-06-10,401.2200012207031
1999-06-14,405.510009765625
1999-06-15,402.3200073242188
1999-06-16,407.4500122070313
1999-06-17,416.05999755859375
1999-06-21,423.489990234375
1999-06-22,423.0499877929688
1999-06-23,415.2300109863281
1999-06-24,414.0799865722656
1999-06-28,420.260009765625
1999-06-29,419.8200073242188
1999-06-30,418.510009765625
1999-07-01,425.4400024414063
1999-07-05,421.0199890136719
1999-07-06,420.5499877929688
1999-07-07,419.3299865722656
1999-07-08,421.8699951171875
1999-07-12,426.8800048828125
1999-07-13,420.489990234375
1999-07-14,418.6000061035156
1999-07-15,425.0700073242188
1999-07-19,433.239990234375
1999-07-20,431.4299926757813
1999-07-21,424.4400024414063
1999-07-22,424.4400024414063
1999-07-26,420.4599914550781
1999-07-27,418.2799987792969
1999-07-28,417.6499938964844
1999-07-29,410.2300109863281
1999-08-02,395.9200134277344
1999-08-03,398.4800109863281
1999-08-04,391.4800109863281
1999-08-05,383.2799987792969
1999-08-09,390.3599853515625
1999-08-10,381.2099914550781
1999-08-11,382.260009765625
1999-08-12,390.7999877929688
1999-08-16,397.3399963378906
1999-08-17,394.1300048828125
1999-08-18,391.5
1999-08-19,382.2200012207031
1999-08-23,389.5799865722656
1999-08-24,390.7200012207031
1999-08-25,384.2799987792969
1999-08-26,385.0700073242188
1999-08-30,389.5
1999-08-31,385.80999755859375
1999-09-01,389.0799865722656
1999-09-02,390.1000061035156
1999-09-06,398.8599853515625
1999-09-07,397.1799926757813
1999-09-08,391.239990234375
1999-09-09,390.80999755859375
1999-09-13,396.760009765625
1999-09-14,402.6700134277344
1999-09-15,403.739990234375
1999-09-16,405.55999755859375
1999-09-20,405.55999755859375
1999-09-21,405.55999755859375
1999-09-22,403.9400024414063
1999-09-23,404.0
1999-09-27,398.4800109863281
1999-09-28,397.239990234375
1999-09-29,399.0199890136719
1999-09-30,399.6400146484375
1999-10-04,405.3299865722656
1999-10-05,408.3399963378906
1999-10-06,408.489990234375
1999-10-07,410.6900024414063
1999-10-11,408.4100036621094
1999-10-12,408.0799865722656
1999-10-13,403.010009765625
1999-10-14,401.5400085449219
1999-10-18,387.6600036621094
1999-10-19,393.2000122070313
1999-10-20,395.5400085449219
1999-10-21,391.5899963378906
1999-10-25,395.7699890136719
1999-10-26,400.0799865722656
1999-10-27,398.7000122070313
1999-10-28,402.25
1999-11-01,416.6900024414063
1999-11-02,418.5299987792969
1999-11-03,421.1000061035156
1999-11-04,424.3299865722656
1999-11-08,419.9500122070313
1999-11-09,428.25
1999-11-10,431.5799865722656
1999-11-11,431.30999755859375
1999-11-15,434.2099914550781
1999-11-16,437.80999755859375
1999-11-17,437.3399963378906
1999-11-18,434.6199951171875
1999-11-22,438.7900085449219
1999-11-23,438.05999755859375
1999-11-24,440.1600036621094
1999-11-25,444.9700012207031
1999-11-29,443.9800109863281
1999-11-30,441.1199951171875
1999-12-01,437.2000122070313
1999-12-02,440.4299926757813
1999-12-06,446.0499877929688
1999-12-07,442.6700134277344
1999-12-08,439.9299926757813
1999-12-09,457.05999755859375
1999-12-13,470.9299926757813
1999-12-14,474.25
1999-12-15,466.8599853515625
1999-12-16,463.2900085449219
1999-12-20,458.0499877929688
1999-12-21,459.2799987792969
1999-12-22,462.2799987792969
1999-12-23,466.6199951171875
1999-12-27,474.0899963378906
1999-12-28,474.1799926757813
1999-12-29,477.4599914550781
1999-12-30,487.2300109863281
2000-01-03,504.6600036621094
2000-01-04,487.6099853515625
2000-01-05,476.7900085449219
2000-01-06,472.80999755859375
2000-01-10,498.2300109863281
2000-01-11,496.7000122070313
2000-01-12,498.6000061035156
2000-01-13,504.25
2000-01-17,519.1300048828125
2000-01-18,512.6799926757812
2000-01-19,517.8800048828125
2000-01-20,528.1699829101562
2000-01-24,527.2000122070312
2000-01-25,514.719970703125
2000-01-26,515.1400146484375
2000-01-27,506.25
2000-01-31,490.9500122070313
2000-02-01,499.3900146484375
2000-02-02,511.80999755859375
2000-02-03,517.4000244140625
2000-02-07,534.1099853515625
2000-02-08,540.6599731445312
2000-02-09,537.9000244140625
2000-02-10,536.2100219726562
2000-02-14,539.22998046875
2000-02-15,536.3499755859375
2000-02-16,539.3699951171875
2000-02-17,547.47998046875
2000-02-21,547.989990234375
2000-02-22,548.0599975585938
2000-02-23,556.4199829101562
2000-02-24,566.7999877929688
2000-02-28,555.77001953125
2000-02-29,564.8099975585938
2000-03-01,574.4400024414062
2000-03-02,576.6500244140625
2000-03-06,578.27001953125
2000-03-07,561.530029296875
2000-03-08,564.219970703125
2000-03-09,573.02001953125
2000-03-13,554.9299926757812
2000-03-14,557.1400146484375
2000-03-15,550.239990234375
2000-03-16,557.8099975585938
2000-03-20,552.8400268554688
2000-03-21,552.8400268554688
2000-03-22,540.5700073242188
2000-03-23,529.4500122070312
2000-03-27,535.2000122070312
2000-03-28,541.2100219726562
2000-03-29,532.4299926757812
2000-03-30,516.5499877929688
2000-04-03,493.8500061035156
2000-04-04,498.9100036621094
2000-04-05,477.6900024414063
2000-04-06,495.5499877929688
2000-04-10,516.989990234375
2000-04-11,504.989990234375
2000-04-12,506.1000061035156
2000-04-13,501.0199890136719
2000-04-17,466.2999877929688
2000-04-18,471.5899963378906
2000-04-19,471.5899963378906
2000-04-20,471.5899963378906
2000-04-24,481.3699951171875
2000-04-25,481.3699951171875
2000-04-26,481.3699951171875
2000-04-27,492.2799987792969
2000-05-01,492.1199951171875
2000-05-02,488.8800048828125
2000-05-03,480.7000122070313
2000-05-04,482.7799987792969
2000-05-08,508.0899963378906
2000-05-09,508.0899963378906
2000-05-10,508.0899963378906
2000-05-11,508.1799926757813
2000-05-15,514.72998046875
2000-05-16,526.239990234375
2000-05-17,521.9199829101562
2000-05-18,528.530029296875
2000-05-22,519.3499755859375
2000-05-23,509.7099914550781
2000-05-24,497.6300048828125
2000-05-25,511.5299987792969
2000-05-29,521.1500244140625
2000-05-30,533.3599853515625
2000-05-31,533.3499755859375
2000-06-01,545.6599731445312
2000-06-05,539.8499755859375
2000-06-06,540.97998046875
2000-06-07,537.1099853515625
2000-06-08,537.1099853515625
2000-06-12,551.25
2000-06-13,548.530029296875
2000-06-14,551.1400146484375
2000-06-15,548.5399780273438
2000-06-19,536.8800048828125
2000-06-20,539.9500122070312
2000-06-21,539.6799926757812
2000-06-22,542.780029296875
2000-06-26,543.7999877929688
2000-06-27,542.75
2000-06-28,546.7899780273438
2000-06-29,544.1900024414062
2000-07-03,553.4600219726562
2000-07-04,557.2100219726562
2000-07-05,562.739990234375
2000-07-06,559.4199829101562
2000-07-10,544.4299926757812
2000-07-11,544.1500244140625
2000-07-12,552.77001953125
2000-07-13,556.1199951171875
2000-07-17,552.9099731445312
2000-07-18,551.3200073242188
2000-07-19,545.8599853515625
2000-07-20,543.239990234375
2000-07-24,539.6599731445312
2000-07-25,540.510009765625
2000-07-26,538.4199829101562
2000-07-27,532.6099853515625
2000-07-31,525.4500122070312
2000-08-01,526.1900024414062
2000-08-02,523.219970703125
2000-08-03,519.5900268554688
2000-08-07,535.3400268554688
2000-08-08,536.1400146484375
2000-08-09,540.9500122070312
2000-08-10,540.9500122070312
2000-08-14,544.6900024414062
2000-08-15,552.3599853515625
2000-08-16,556.1199951171875
2000-08-17,552.1199951171875
2000-08-21,551.6099853515625
2000-08-22,555.7999877929688
2000-08-23,558.6900024414062
2000-08-24,565.989990234375
2000-08-28,575.25
2000-08-29,572.4199829101562
2000-08-30,572.5
2000-08-31,573.52001953125
2000-09-04,574.739990234375
2000-09-05,574.3400268554688
2000-09-06,569.1400146484375
2000-09-07,570.2100219726562
2000-09-11,562.2100219726562
2000-09-12,559.0700073242188
2000-09-13,554.8599853515625
2000-09-14,564.219970703125
2000-09-18,556.2899780273438
2000-09-19,554.1400146484375
2000-09-20,555.239990234375
2000-09-21,549.6099853515625
2000-09-25,557.9600219726562
2000-09-26,554.5900268554688
2000-09-27,564.3599853515625
2000-09-28,559.1599731445312
2000-10-02,552.8499755859375
2000-10-03,554.9299926757812
2000-10-04,547.5800170898438
2000-10-05,547.1799926757812
2000-10-09,547.1799926757812
2000-10-10,514.8699951171875
2000-10-11,507.2900085449219
2000-10-12,468.9800109863281
2000-10-16,489.9200134277344
2000-10-17,493.4700012207031
2000-10-18,489.489990234375
2000-10-19,493.7300109863281
2000-10-23,471.5299987792969
2000-10-24,457.4200134277344
2000-10-25,457.5
2000-10-26,455.1900024414063
2000-10-30,459.2200012207031
2000-10-31,460.5199890136719
2000-11-01,468.760009765625
2000-11-02,485.989990234375
2000-11-06,498.7999877929688
2000-11-07,495.1199951171875
2000-11-08,493.55999755859375
2000-11-09,487.9299926757813
2000-11-13,474.7900085449219
2000-11-14,481.6600036621094
2000-11-15,486.9299926757813
2000-11-16,486.25
2000-11-20,493.6700134277344
2000-11-21,482.260009765625
2000-11-22,468.0700073242188
2000-11-23,467.4100036621094
2000-11-27,483.6600036621094
2000-11-28,475.3599853515625
2000-11-29,478.3699951171875
2000-11-30,472.7699890136719
2000-12-04,475.30999755859375
2000-12-05,483.4599914550781
2000-12-06,488.8399963378906
2000-12-07,485.4700012207031
2000-12-11,492.7799987792969
2000-12-12,494.3699951171875
2000-12-13,499.0400085449219
2000-12-14,495.3900146484375
2000-12-18,505.9400024414063
2000-12-19,502.7200012207031
2000-12-20,490.9700012207031
2000-12-21,489.6700134277344
2000-12-25,497.05999755859375
2000-12-26,495.8399963378906
2000-12-27,491.2799987792969
2000-12-28,494.5799865722656
2001-01-01,485.1400146484375
2001-01-02,468.9200134277344
2001-01-03,460.80999755859375
2001-01-04,470.30999755859375
2001-01-08,454.2200012207031
2001-01-09,457.3999938964844
2001-01-10,457.7099914550781
2001-01-11,463.1099853515625
2001-01-15,469.2099914550781
2001-01-16,471.2099914550781
2001-01-17,477.5299987792969
2001-01-18,474.989990234375
2001-01-22,457.9400024414063
2001-01-23,450.9100036621094
2001-01-24,453.6099853515625
2001-01-25,459.7099914550781
2001-01-29,445.6799926757813
2001-01-30,440.75
2001-01-31,445.6000061035156
2001-02-01,445.4700012207031
2001-02-05,449.6000061035156
2001-02-06,449.6000061035156
2001-02-07,444.2000122070313
2001-02-08,451.0799865722656
2001-02-12,462.55999755859375
2001-02-13,463.2300109863281
2001-02-14,457.0799865722656
2001-02-15,457.260009765625
2001-02-19,448.0400085449219
2001-02-20,448.5799865722656
2001-02-21,445.1799926757813
2001-02-22,443.7099914550781
2001-02-26,451.2900085449219
2001-02-27,451.010009765625
2001-02-28,449.3599853515625
2001-03-01,443.2699890136719
2001-03-05,438.6099853515625
2001-03-06,441.3800048828125
2001-03-07,439.5700073242188
2001-03-08,434.8500061035156
2001-03-12,419.5
2001-03-13,412.9100036621094
2001-03-14,398.7900085449219
2001-03-15,401.9599914550781
2001-03-19,402.2699890136719
2001-03-20,401.0
2001-03-21,392.7900085449219
2001-03-22,384.05999755859375
2001-03-26,396.8599853515625
2001-03-27,390.6400146484375
2001-03-28,395.8999938964844
2001-03-29,382.1300048828125
2001-04-02,378.2799987792969
2001-04-03,370.5700073242188
2001-04-04,371.5899963378906
2001-04-05,383.4700012207031
2001-04-09,381.0400085449219
2001-04-10,392.5299987792969
2001-04-11,395.6000061035156
2001-04-12,394.2799987792969
2001-04-16,396.239990234375
2001-04-17,385.6600036621094
2001-04-18,397.6099853515625
2001-04-19,399.4500122070313
2001-04-23,406.5799865722656
2001-04-24,406.75
2001-04-25,406.75
2001-04-26,406.75
2001-04-30,418.9299926757813
2001-05-01,417.5799865722656
2001-05-02,424.2799987792969
2001-05-03,421.1099853515625
2001-05-07,423.760009765625
2001-05-08,422.3399963378906
2001-05-09,413.25
2001-05-10,418.7099914550781
2001-05-14,411.2200012207031
2001-05-15,414.0799865722656
2001-05-16,410.2699890136719
2001-05-17,419.7799987792969
2001-05-21,418.5799865722656
2001-05-22,423.5700073242188
2001-05-23,426.3999938964844
2001-05-24,426.5700073242188
2001-05-28,426.5700073242188
2001-05-29,424.9599914550781
2001-05-30,416.989990234375
2001-05-31,414.2099914550781
2001-06-04,410.6900024414063
2001-06-05,413.5299987792969
2001-06-06,417.1000061035156
2001-06-07,416.1799926757813
2001-06-11,411.9700012207031
2001-06-12,401.3900146484375
2001-06-13,410.5400085449219
2001-06-14,409.05999755859375
2001-06-18,404.6099853515625
2001-06-19,405.8399963378906
2001-06-20,399.989990234375
2001-06-21,398.1499938964844
2001-06-25,401.1000061035156
2001-06-26,400.5799865722656
2001-06-27,406.80999755859375
2001-06-28,413.1900024414063
2001-07-02,421.8900146484375
2001-07-03,419.0700073242188
2001-07-04,419.4500122070313
2001-07-05,417.7099914550781
2001-07-09,412.8200073242188
2001-07-10,418.7999877929688
2001-07-11,415.739990234375
2001-07-12,422.5400085449219
2001-07-16,427.25
2001-07-17,425.0499877929688
2001-07-18,421.6099853515625
2001-07-19,426.05999755859375
2001-07-23,428.8500061035156
2001-07-24,427.2999877929688
2001-07-25,429.0
2001-07-26,435.55999755859375
2001-07-30,436.9800109863281
2001-07-31,433.6499938964844
2001-08-01,435.8399963378906
2001-08-02,439.05999755859375
2001-08-06,439.4700012207031
2001-08-07,436.8900146484375
2001-08-08,440.3699951171875
2001-08-09,434.5899963378906
2001-08-13,437.1700134277344
2001-08-14,435.3800048828125
2001-08-15,431.5899963378906
2001-08-16,425.0799865722656
2001-08-20,421.1099853515625
2001-08-21,424.3800048828125
2001-08-22,425.30999755859375
2001-08-23,424.8599853515625
2001-08-27,423.9500122070313
2001-08-28,420.2699890136719
2001-08-29,416.9700012207031
2001-08-30,411.8999938964844
2001-09-03,405.3299865722656
2001-09-04,402.7900085449219
2001-09-05,403.2300109863281
2001-09-06,402.989990234375
2001-09-10,395.1199951171875
2001-09-11,387.3399963378906
2001-09-12,376.5400085449219
2001-09-13,380.9299926757813
2001-09-17,380.9299926757813
2001-09-18,380.9299926757813
2001-09-19,380.9299926757813
2001-09-20,362.9800109863281
2001-09-24,361.6799926757813
2001-09-25,358.6000061035156
2001-09-26,358.6000061035156
2001-09-27,358.6000061035156
2001-10-01,358.6000061035156
2001-10-02,358.6000061035156
2001-10-03,355.92999267578125
2001-10-04,358.6099853515625
2001-10-08,358.6099853515625
2001-10-09,358.6099853515625
2001-10-10,370.75
2001-10-11,377.1400146484375
2001-10-15,370.9400024414063
2001-10-16,379.30999755859375
2001-10-17,376.739990234375
2001-10-18,373.9200134277344
2001-10-22,379.5799865722656
2001-10-23,380.6400146484375
2001-10-24,379.3900146484375
2001-10-25,373.0299987792969
2001-10-29,375.1400146484375
2001-10-30,369.2999877929688
2001-10-31,368.3500061035156
2001-11-01,366.6400146484375
2001-11-05,377.0700073242188
2001-11-06,374.8699951171875
2001-11-07,377.1799926757813
2001-11-08,379.9100036621094
2001-11-12,376.1400146484375
2001-11-13,385.8699951171875
2001-11-14,386.9700012207031
2001-11-15,384.0499877929688
2001-11-19,387.7999877929688
2001-11-20,387.2200012207031
2001-11-21,385.6000061035156
2001-11-22,390.1199951171875
2001-11-26,397.0400085449219
2001-11-27,395.8900146484375
2001-11-28,396.5799865722656
2001-11-29,397.510009765625
2001-12-03,386.9200134277344
2001-12-04,386.8399963378906
2001-12-05,389.0700073242188
2001-12-06,394.8399963378906
2001-12-10,399.0899963378906
2001-12-11,402.9299926757813
2001-12-12,403.25
2001-12-13,396.4200134277344
2001-12-17,397.9800109863281
2001-12-18,396.0400085449219
2001-12-19,394.6300048828125
2001-12-20,396.3800048828125
2001-12-24,422.6799926757813
2001-12-25,431.3800048828125
2001-12-26,435.3599853515625
2001-12-27,444.1499938964844
2001-12-31,446.7900085449219
2002-01-01,450.80999755859375
2002-01-02,464.25
2002-01-03,466.2999877929688
2002-01-07,468.9200134277344
2002-01-08,460.7799987792969
2002-01-09,454.8599853515625
2002-01-10,448.55999755859375
2002-01-14,452.8800048828125
2002-01-15,448.05999755859375
2002-01-16,442.4700012207031
2002-01-17,445.489990234375
2002-01-21,439.489990234375
2002-01-22,442.7999877929688
2002-01-23,434.4100036621094
2002-01-24,438.0
2002-01-28,427.8299865722656
2002-01-29,431.3900146484375
2002-01-30,429.6600036621094
2002-01-31,436.4599914550781
2002-02-04,442.4200134277344
2002-02-05,436.4599914550781
2002-02-06,436.8800048828125
2002-02-07,430.0
2002-02-11,414.8299865722656
2002-02-12,415.5299987792969
2002-02-13,420.7200012207031
2002-02-14,420.3500061035156
2002-02-18,409.5899963378906
2002-02-19,401.9400024414063
2002-02-20,400.5299987792969
2002-02-21,400.8500061035156
2002-02-25,403.2000122070313
2002-02-26,403.2000122070313
2002-02-27,412.8900146484375
2002-02-28,410.0199890136719
2002-03-04,409.3599853515625
2002-03-05,402.0
2002-03-06,396.1300048828125
2002-03-07,398.4400024414063
2002-03-11,403.5400085449219
2002-03-12,397.739990234375
2002-03-13,396.80999755859375
2002-03-14,402.0799865722656
2002-03-18,415.6900024414063
2002-03-19,414.2699890136719
2002-03-20,412.4800109863281
2002-03-21,409.1099853515625
2002-03-25,407.0899963378906
2002-03-26,400.4700012207031
2002-03-27,400.4700012207031
2002-03-28,400.4700012207031
2002-04-01,375.5
2002-04-02,375.5
2002-04-03,375.5
2002-04-04,372.5299987792969
2002-04-08,374.489990234375
2002-04-09,372.0799865722656
2002-04-10,377.6700134277344
2002-04-11,379.1099853515625
2002-04-15,375.760009765625
2002-04-16,375.760009765625
2002-04-17,375.760009765625
2002-04-18,380.8800048828125
2002-04-22,386.3500061035156
2002-04-23,383.2300109863281
2002-04-24,373.0
2002-04-25,370.8999938964844
2002-04-29,367.4100036621094
2002-04-30,362.7799987792969
2002-05-01,367.1199951171875
2002-05-02,375.3900146484375
2002-05-06,376.0400085449219
2002-05-07,377.989990234375
2002-05-08,375.6400146484375
2002-05-09,369.760009765625
2002-05-13,372.8299865722656
2002-05-14,380.9700012207031
2002-05-15,380.3900146484375
2002-05-16,380.3900146484375
2002-05-20,375.8999938964844
2002-05-21,378.6300048828125
2002-05-22,379.0499877929688
2002-05-23,378.30999755859375
2002-05-27,377.1199951171875
2002-05-28,376.8500061035156
2002-05-29,372.9800109863281
2002-05-30,372.8599853515625
2002-06-03,379.6600036621094
2002-06-04,378.80999755859375
2002-06-05,377.25
2002-06-06,377.0400085449219
2002-06-10,369.2999877929688
2002-06-11,363.2099914550781
2002-06-12,362.1400146484375
2002-06-13,362.0899963378906
2002-06-17,359.4200134277344
2002-06-18,358.7799987792969
2002-06-19,353.8399963378906
2002-06-20,347.32000732421875
2002-06-24,340.29998779296875
2002-06-25,351.5299987792969
2002-06-26,343.9700012207031
2002-06-27,353.9200134277344
2002-07-01,355.95001220703125
2002-07-02,349.0599975585937
2002-07-03,346.7099914550781
2002-07-04,348.7200012207031
2002-07-08,352.2699890136719
2002-07-09,355.9100036621094
2002-07-10,361.6700134277344
2002-07-11,355.6400146484375
2002-07-15,363.6099853515625
2002-07-16,361.6900024414063
2002-07-17,370.0700073242188
2002-07-18,370.0700073242188
2002-07-22,367.739990234375
2002-07-23,362.0299987792969
2002-07-24,350.1700134277344
2002-07-25,351.94000244140625
2002-07-29,361.3299865722656
2002-07-30,361.5700073242188
2002-07-31,362.1900024414063
2002-08-01,359.510009765625
2002-08-05,350.9700012207031
2002-08-06,352.69000244140625
2002-08-07,355.8500061035156
2002-08-08,352.82000732421875
2002-08-12,351.1400146484375
2002-08-13,350.6600036621094
2002-08-14,350.1499938964844
2002-08-15,352.1300048828125
2002-08-19,362.739990234375
2002-08-20,362.6300048828125
2002-08-21,366.7000122070313
2002-08-22,365.1300048828125
2002-08-26,369.0
2002-08-27,370.3200073242188
2002-08-28,368.1000061035156
2002-08-29,363.8200073242188
2002-09-02,358.8599853515625
2002-09-03,357.4599914550781
2002-09-04,357.3299865722656
2002-09-05,355.95001220703125
2002-09-09,357.3399963378906
2002-09-10,361.2900085449219
2002-09-11,361.2900085449219
2002-09-12,360.1600036621094
2002-09-16,360.1600036621094
2002-09-17,363.6000061035156
2002-09-18,354.8699951171875
2002-09-19,351.42999267578125
2002-09-23,346.2900085449219
2002-09-24,341.1099853515625
2002-09-25,339.4700012207031
2002-09-26,340.8399963378906
2002-09-30,336.75
2002-10-01,337.9599914550781
2002-10-02,335.57000732421875
2002-10-03,331.6199951171875
2002-10-07,325.9200134277344
2002-10-08,327.8900146484375
2002-10-09,325.8999938964844
2002-10-10,326.5400085449219
2002-10-14,325.7799987792969
2002-10-15,329.5799865722656
2002-10-16,325.2699890136719
2002-10-17,330.5799865722656
2002-10-21,330.2200012207031
2002-10-22,328.6300048828125
2002-10-23,328.5899963378906
2002-10-24,331.07000732421875
2002-10-28,324.6600036621094
2002-10-29,322.4800109863281
2002-10-30,328.0
2002-10-31,322.1099853515625
2002-11-04,321.9599914550781
2002-11-05,325.0899963378906
2002-11-06,336.29998779296875
2002-11-07,334.760009765625
2002-11-11,335.6300048828125
2002-11-12,331.7300109863281
2002-11-13,329.7300109863281
2002-11-14,333.7799987792969
2002-11-18,337.2699890136719
2002-11-19,335.0299987792969
2002-11-20,336.1300048828125
2002-11-21,338.7200012207031
2002-11-25,345.07000732421875
2002-11-26,351.3500061035156
2002-11-27,357.92999267578125
2002-11-28,359.04998779296875
2002-12-02,371.6499938964844
2002-12-03,367.7200012207031
2002-12-04,361.0
2002-12-05,361.760009765625
2002-12-09,356.1400146484375
2002-12-10,364.3800048828125
2002-12-11,365.75
2002-12-12,366.6900024414063
2002-12-16,364.1099853515625
2002-12-17,359.9100036621094
2002-12-18,355.8599853515625
2002-12-19,348.75
2002-12-23,337.8999938964844
2002-12-24,337.54998779296875
2002-12-25,335.4800109863281
2002-12-26,341.20001220703125
2002-12-30,332.8299865722656
2002-12-31,332.45001220703125
2003-01-01,329.6199951171875
2003-01-02,329.5799865722656
2003-01-06,332.19000244140625
2003-01-07,333.0899963378906
2003-01-08,329.57000732421875
2003-01-09,329.3099975585937
2003-01-13,323.94000244140625
2003-01-14,321.7200012207031
2003-01-15,325.5899963378906
2003-01-16,327.8299865722656
2003-01-20,317.3500061035156
2003-01-21,316.57000732421875
2003-01-22,314.3099975585937
2003-01-23,317.5299987792969
2003-01-27,318.739990234375
2003-01-28,318.739990234375
2003-01-29,320.6400146484375
2003-01-30,318.79998779296875
2003-02-03,314.04998779296875
2003-02-04,309.0
2003-02-05,309.29998779296875
2003-02-06,308.0400085449219
2003-02-10,306.5400085449219
2003-02-11,308.239990234375
2003-02-12,307.5199890136719
2003-02-13,303.6499938964844
2003-02-17,316.0400085449219
2003-02-18,321.7200012207031
2003-02-19,316.7099914550781
2003-02-20,314.4200134277344
2003-02-24,317.4100036621094
2003-02-25,313.8599853515625
2003-02-26,313.6600036621094
2003-02-27,323.6300048828125
2003-03-03,328.9700012207031
2003-03-04,328.0199890136719
2003-03-05,324.70001220703125
2003-03-06,329.2200012207031
2003-03-10,324.989990234375
2003-03-11,325.1700134277344
2003-03-12,324.19000244140625
2003-03-13,329.3299865722656
2003-03-17,336.29998779296875
2003-03-18,336.29998779296875
2003-03-19,348.2799987792969
2003-03-20,344.6700134277344
2003-03-24,341.0400085449219
2003-03-25,343.07000732421875
2003-03-26,351.70001220703125
2003-03-27,347.6499938964844
2003-03-31,341.69000244140625
2003-04-01,348.5199890136719
2003-04-02,357.6099853515625
2003-04-03,361.5499877929688
2003-04-07,368.3200073242188
2003-04-08,368.6600036621094
2003-04-09,372.4200134277344
2003-04-10,374.8500061035156
2003-04-14,381.7799987792969
2003-04-15,386.7900085449219
2003-04-16,386.7900085449219
2003-04-17,386.7900085449219
2003-04-21,386.3900146484375
2003-04-22,386.3900146484375
2003-04-23,386.3900146484375
2003-04-24,392.4299926757813
2003-04-28,384.1400146484375
2003-04-29,392.6799926757813
2003-04-30,392.6799926757813
2003-05-01,392.6799926757813
2003-05-05,409.3299865722656
2003-05-06,409.3299865722656
2003-05-07,409.3299865722656
2003-05-08,408.6600036621094
2003-05-12,423.4299926757813
2003-05-13,414.8699951171875
2003-05-14,416.7699890136719
2003-05-15,416.7699890136719
2003-05-19,401.1499938964844
2003-05-20,394.6499938964844
2003-05-21,384.7799987792969
2003-05-22,388.1300048828125
2003-05-26,415.9400024414063
2003-05-27,421.1400146484375
2003-05-28,433.5700073242188
2003-05-29,434.8800048828125
2003-06-02,438.3699951171875
2003-06-03,438.4800109863281
2003-06-04,426.7799987792969
2003-06-05,426.7799987792969
2003-06-09,416.7999877929688
2003-06-10,412.1000061035156
2003-06-11,422.0899963378906
2003-06-12,420.5499877929688
2003-06-16,441.0799865722656
2003-06-17,446.5700073242188
2003-06-18,445.55999755859375
2003-06-19,456.2799987792969
2003-06-23,448.1900024414063
2003-06-24,442.4299926757813
2003-06-25,442.5199890136719
2003-06-26,447.1900024414063
2003-06-30,453.3999938964844
2003-07-01,453.260009765625
2003-07-02,458.8800048828125
2003-07-03,453.2300109863281
2003-07-07,449.1799926757813
2003-07-08,436.4800109863281
2003-07-09,443.9500122070313
2003-07-10,442.0199890136719
2003-07-14,441.1099853515625
2003-07-15,438.7900085449219
2003-07-16,432.4800109863281
2003-07-17,431.3299865722656
2003-07-21,429.3500061035156
2003-07-22,429.55999755859375
2003-07-23,434.239990234375
2003-07-24,431.1499938964844
2003-07-28,438.8500061035156
2003-07-29,436.489990234375
2003-07-30,430.0
2003-07-31,424.7699890136719
2003-08-04,413.9100036621094
2003-08-05,416.9100036621094
2003-08-06,414.2200012207031
2003-08-07,414.2200012207031
2003-08-11,403.7300109863281
2003-08-12,406.4700012207031
2003-08-13,411.7999877929688
2003-08-14,409.4599914550781
2003-08-18,417.8299865722656
2003-08-19,417.3200073242188
2003-08-20,409.80999755859375
2003-08-21,406.1799926757813
2003-08-25,405.9800109863281
2003-08-26,409.9400024414063
2003-08-27,412.3999938964844
2003-08-28,417.6199951171875
2003-09-01,416.2900085449219
2003-09-02,420.3599853515625
2003-09-03,430.0700073242188
2003-09-04,429.75
2003-09-08,421.3299865722656
2003-09-09,422.3999938964844
2003-09-10,416.7099914550781
2003-09-11,411.6199951171875
2003-09-15,415.9400024414063
2003-09-16,419.9100036621094
2003-09-17,419.7099914550781
2003-09-18,422.4599914550781
2003-09-22,430.3599853515625
2003-09-23,431.1799926757813
2003-09-24,436.3500061035156
2003-09-25,434.6700134277344
2003-09-29,434.239990234375
2003-09-30,432.0799865722656
2003-10-01,433.5
2003-10-02,440.0700073242188
2003-10-06,440.0700073242188
2003-10-07,439.8599853515625
2003-10-08,435.5299987792969
2003-10-09,437.6300048828125
2003-10-13,448.0400085449219
2003-10-14,447.010009765625
2003-10-15,453.0799865722656
2003-10-16,453.05999755859375
2003-10-20,454.5299987792969
2003-10-21,462.2200012207031
2003-10-22,459.8800048828125
2003-10-23,456.6600036621094
2003-10-27,460.3399963378906
2003-10-28,469.55999755859375
2003-10-29,478.80999755859375
2003-10-30,473.3399963378906
2003-11-03,486.0
2003-11-04,486.8699951171875
2003-11-05,493.1000061035156
2003-11-06,493.510009765625
2003-11-10,491.5499877929688
2003-11-11,482.55999755859375
2003-11-12,494.7200012207031
2003-11-13,493.7200012207031
2003-11-17,495.1499938964844
2003-11-18,505.2999877929688
2003-11-19,503.9400024414063
2003-11-20,500.5799865722656
2003-11-24,504.30999755859375
2003-11-25,508.0299987792969
2003-11-26,506.6000061035156
2003-11-27,510.55999755859375
2003-12-01,513.1300048828125
2003-12-02,508.55999755859375
2003-12-03,506.0199890136719
2003-12-04,497.1700134277344
2003-12-08,485.8200073242188
2003-12-09,498.7699890136719
2003-12-10,495.1400146484375
2003-12-11,506.3999938964844
2003-12-15,520.3900146484375
2003-12-16,519.0999755859375
2003-12-17,515.22998046875
2003-12-18,516.530029296875
2003-12-22,517.25
2003-12-23,513.8099975585938
2003-12-24,517.0599975585938
2003-12-25,520.0800170898438
2003-12-29,529.260009765625
2003-12-30,529.1699829101562
2003-12-31,534.3900146484375
2004-01-05,552.6099853515625
2004-01-06,554.989990234375
2004-01-07,550.3400268554688
2004-01-08,556.2999877929688
2004-01-12,557.9600219726562
2004-01-13,563.0399780273438
2004-01-14,565.8400268554688
2004-01-15,570.5
2004-01-19,583.510009765625
2004-01-20,583.02001953125
2004-01-21,564.4400024414062
2004-01-22,557.8200073242188
2004-01-26,560.260009765625
2004-01-27,566.1300048828125
2004-01-28,561.1500244140625
2004-01-29,554.3099975585938
2004-02-02,550.6500244140625
2004-02-03,549.3800048828125
2004-02-04,544.7899780273438
2004-02-05,550.8900146484375
2004-02-09,565.75
2004-02-10,564.7100219726562
2004-02-11,568.719970703125
2004-02-12,569.27001953125
2004-02-16,574.4099731445312
2004-02-17,578.1199951171875
2004-02-18,572.6799926757812
2004-02-19,576.4199829101562
2004-02-23,576.8699951171875
2004-02-24,569.6099853515625
2004-02-25,568.5
2004-02-26,559.3599853515625
2004-03-01,571.3300170898438
2004-03-02,570.9600219726562
2004-03-03,569.5399780273438
2004-03-04,574.6699829101562
2004-03-08,577.6400146484375
2004-03-09,575.22998046875
2004-03-10,574.27001953125
2004-03-11,565.3200073242188
2004-03-15,574.5499877929688
2004-03-16,579.1400146484375
2004-03-17,582.0599975585938
2004-03-18,582.5599975585938
2004-03-22,573.6799926757812
2004-03-23,572.4000244140625
2004-03-24,558.4299926757812
2004-03-25,557.030029296875
2004-03-29,563.5499877929688
2004-03-30,562.2999877929688
2004-03-31,566.0700073242188
2004-04-01,567.1699829101562
2004-04-05,567.1699829101562
2004-04-06,567.1699829101562
2004-04-07,579.77001953125
2004-04-08,582.2899780273438
2004-04-12,582.2899780273438
2004-04-13,584.239990234375
2004-04-14,573.6900024414062
2004-04-15,581.8200073242188
2004-04-19,585.1300048828125
2004-04-20,586.9000244140625
2004-04-21,583.22998046875
2004-04-22,583.25
2004-04-26,583.25
2004-04-27,583.25
2004-04-28,584.469970703125
2004-04-29,571.1799926757812
2004-05-03,567.5999755859375
2004-05-04,575.969970703125
2004-05-05,577.3599853515625
2004-05-06,576.1300048828125
2004-05-10,555.8400268554688
2004-05-11,560.6699829101562
2004-05-12,559.510009765625
2004-05-13,558.030029296875
2004-05-17,549.2000122070312
2004-05-18,552.3400268554688
2004-05-19,562.0399780273438
2004-05-20,560.9000244140625
2004-05-24,569.4500122070312
2004-05-25,569.4500122070312
2004-05-26,569.4500122070312
2004-05-27,571.3599853515625
2004-05-31,569.8699951171875
2004-06-01,572.47998046875
2004-06-02,576.2100219726562
2004-06-03,576.1799926757812
2004-06-07,578.0800170898438
2004-06-08,576.3400268554688
2004-06-09,575.719970703125
2004-06-10,576.6699829101562
2004-06-14,575.9299926757812
2004-06-15,575.3699951171875
2004-06-16,576.8099975585938
2004-06-17,578.7000122070312
2004-06-21,589.0599975585938
2004-06-22,590.0700073242188
2004-06-23,590.4500122070312
2004-06-24,593.6500244140625
2004-06-28,596.9500122070312
2004-06-29,593.0499877929688
2004-06-30,596.239990234375
2004-07-01,601.3300170898438
2004-07-05,602.4600219726562
2004-07-06,599.3099975585938
2004-07-07,597.219970703125
2004-07-08,596.280029296875
2004-07-12,592.5900268554688
2004-07-13,592.0800170898438
2004-07-14,585.9299926757812
2004-07-15,588.3400268554688
2004-07-19,587.6400146484375
2004-07-20,588.27001953125
2004-07-21,591.0800170898438
2004-07-22,583.8599853515625
2004-07-26,578.989990234375
2004-07-27,578.989990234375
2004-07-28,571.3599853515625
2004-07-29,570.8699951171875
2004-08-02,562.969970703125
2004-08-03,560.239990234375
2004-08-04,553.97998046875
2004-08-05,560.5700073242188
2004-08-09,552.97998046875
2004-08-10,548.9000244140625
2004-08-11,540.6699829101562
2004-08-12,534.77001953125
2004-08-16,526.969970703125
2004-08-17,536.7999877929688
2004-08-18,532.9500122070312
2004-08-19,540.4299926757812
2004-08-23,550.3499755859375
2004-08-24,553.7999877929688
2004-08-25,552.030029296875
2004-08-26,557.5900268554688
2004-08-30,558.1199951171875
2004-08-31,551.0900268554688
2004-09-01,547.3300170898438
2004-09-02,549.47998046875
2004-09-06,552.2100219726562
2004-09-07,557.22998046875
2004-09-08,558.6900024414062
2004-09-09,560.6900024414062
2004-09-13,563.75
2004-09-14,565.7999877929688
2004-09-15,565.7999877929688
2004-09-16,565.7999877929688
2004-09-20,567.9199829101562
2004-09-21,567.9199829101562
2004-09-22,567.9199829101562
2004-09-23,561.6099853515625
2004-09-27,562.1799926757812
2004-09-28,558.969970703125
2004-09-29,558.969970703125
2004-09-30,558.969970703125
2004-10-04,570.0599975585938
2004-10-05,569.8200073242188
2004-10-06,569.8200073242188
2004-10-07,569.8200073242188
2004-10-11,563.3800048828125
2004-10-12,552.6799926757812
2004-10-13,552.219970703125
2004-10-14,548.6500244140625
2004-10-18,544.8200073242188
2004-10-19,548.8099975585938
2004-10-20,547.760009765625
2004-10-21,549.27001953125
2004-10-25,545.3099975585938
2004-10-26,551.97998046875
2004-10-27,545.7999877929688
2004-10-28,545.7999877929688
2004-11-01,555.5900268554688
2004-11-02,555.9199829101562
2004-11-03,564.5700073242188
2004-11-04,563.1300048828125
2004-11-08,563.9099731445312
2004-11-09,569.239990234375
2004-11-10,570.739990234375
2004-11-11,578.0499877929688
2004-11-15,590.3300170898438
2004-11-16,594.719970703125
2004-11-17,596.4299926757812
2004-11-18,594.47998046875
2004-11-22,586.469970703125
2004-11-23,593.010009765625
2004-11-24,596.02001953125
2004-11-25,595.1699829101562
2004-11-29,591.3699951171875
2004-11-30,589.4099731445312
2004-12-01,590.97998046875
2004-12-02,597.1099853515625
2004-12-06,609.27001953125
2004-12-07,616.0700073242188
2004-12-08,614.8099975585938
2004-12-09,610.0900268554688
2004-12-13,622.5800170898438
2004-12-14,623.030029296875
2004-12-15,622.8400268554688
2004-12-16,629.3099975585938
2004-12-20,626.3599853515625
2004-12-21,616.6500244140625
2004-12-22,618.6500244140625
2004-12-23,620.239990234375
2004-12-27,632.75
2004-12-28,630.0399780273438
2004-12-29,629.9000244140625
2004-12-30,635.9500122070312
2005-01-03,644.6799926757812
2005-01-04,642.5700073242188
2005-01-05,629.27001953125
2005-01-06,642.8400268554688
2005-01-10,655.6199951171875
2005-01-11,652.4199829101562
2005-01-12,652.5700073242188
2005-01-13,649.0800170898438
2005-01-17,645.530029296875
2005-01-18,648.4000244140625
2005-01-19,652.6900024414062
2005-01-20,651.2000122070312
2005-01-24,659.6900024414062
2005-01-25,654.739990234375
2005-01-26,651.9600219726562
2005-01-27,642.1500244140625
2005-01-31,658.3900146484375
2005-02-01,660.6099853515625
2005-02-02,665.2899780273438
2005-02-03,676.0
2005-02-07,668.239990234375
2005-02-08,670.0499877929688
2005-02-09,664.75
2005-02-10,662.8200073242188
2005-02-14,673.8300170898438
2005-02-15,671.030029296875
2005-02-16,670.52001953125
2005-02-17,669.1599731445312
2005-02-21,662.52001953125
2005-02-22,654.3900146484375
2005-02-23,652.47998046875
2005-02-24,657.3800048828125
2005-02-28,672.3699951171875
2005-03-01,678.3499755859375
2005-03-02,675.780029296875
2005-03-03,681.8200073242188
2005-03-07,688.1699829101562
2005-03-08,687.260009765625
2005-03-09,683.0
2005-03-10,684.8900146484375
2005-03-14,686.9000244140625
2005-03-15,686.7000122070312
2005-03-16,674.47998046875
2005-03-17,675.0499877929688
2005-03-21,676.5499877929688
2005-03-22,675.5599975585938
2005-03-23,662.4400024414062
2005-03-24,658.6799926757812
2005-03-28,669.3599853515625
2005-03-29,668.52001953125
2005-03-30,660.719970703125
2005-03-31,664.6400146484375
2005-04-04,656.3400268554688
2005-04-05,663.239990234375
2005-04-06,668.5
2005-04-07,672.760009765625
2005-04-11,680.1500244140625
2005-04-12,679.3400268554688
2005-04-13,680.5999755859375
2005-04-14,680.72998046875
2005-04-18,672.5700073242188
2005-04-19,674.9600219726562
2005-04-20,673.8400268554688
2005-04-21,675.47998046875
2005-04-25,675.0999755859375
2005-04-26,673.489990234375
2005-04-27,670.22998046875
2005-04-28,676.7000122070312
2005-05-02,688.5700073242188
2005-05-03,686.4199829101562
2005-05-04,690.9400024414062
2005-05-05,693.8400268554688
2005-05-09,696.5999755859375
2005-05-10,696.4500122070312
2005-05-11,696.4500122070312
2005-05-12,696.4500122070312
2005-05-16,697.4099731445312
2005-05-17,698.8300170898438
2005-05-18,693.4199829101562
2005-05-19,692.4400024414062
2005-05-23,680.72998046875
2005-05-24,684.9099731445312
2005-05-25,692.1199951171875
2005-05-26,699.5999755859375
2005-05-30,699.469970703125
2005-05-31,699.2999877929688
2005-06-01,699.0900268554688
2005-06-02,702.22998046875
2005-06-06,701.9500122070312
2005-06-07,704.52001953125
2005-06-08,706.2899780273438
2005-06-09,700.4099731445312
2005-06-13,700.4099731445312
2005-06-14,696.02001953125
2005-06-15,686.3699951171875
2005-06-16,683.0700073242188
2005-06-20,662.0399780273438
2005-06-21,672.510009765625
2005-06-22,672.469970703125
2005-06-23,663.3300170898438
2005-06-27,650.469970703125
2005-06-28,652.4600219726562
2005-06-29,659.5900268554688
2005-06-30,656.47998046875
2005-07-04,662.3599853515625
2005-07-05,652.780029296875
2005-07-06,656.8699951171875
2005-07-07,651.280029296875
2005-07-11,669.9400024414062
2005-07-12,671.5800170898438
2005-07-13,673.5499877929688
2005-07-14,680.3499755859375
2005-07-18,671.6799926757812
2005-07-19,678.5900268554688
2005-07-20,688.0800170898438
2005-07-21,692.2999877929688
2005-07-25,695.280029296875
2005-07-26,694.760009765625
2005-07-27,700.0399780273438
2005-07-28,696.1599731445312
2005-08-01,691.469970703125
2005-08-02,710.77001953125
2005-08-03,711.8900146484375
2005-08-04,710.8699951171875
2005-08-08,695.4600219726562
2005-08-09,693.5900268554688
2005-08-10,699.989990234375
2005-08-11,697.219970703125
2005-08-15,708.97998046875
2005-08-16,708.9099731445312
2005-08-17,719.6400146484375
2005-08-18,726.9199829101562
2005-08-22,725.5399780273438
2005-08-23,718.47998046875
2005-08-24,710.8200073242188
2005-08-25,707.5599975585938
2005-08-29,709.3800048828125
2005-08-30,716.6400146484375
2005-08-31,715.0700073242188
2005-09-01,726.0999755859375
2005-09-05,733.8400268554688
2005-09-06,732.5499877929688
2005-09-07,729.97998046875
2005-09-08,729.6400146484375
2005-09-12,740.6300048828125
2005-09-13,738.7000122070312
2005-09-14,745.3200073242188
2005-09-15,744.6500244140625
2005-09-19,739.8599853515625
2005-09-20,740.3800048828125
2005-09-21,735.8099975585938
2005-09-22,727.2999877929688
2005-09-26,729.9299926757812
2005-09-27,741.7100219726562
2005-09-28,749.2000122070312
2005-09-29,753.5900268554688
2005-10-03,753.5900268554688
2005-10-04,753.5900268554688
2005-10-05,753.5900268554688
2005-10-06,757.5800170898438
2005-10-10,765.5499877929688
2005-10-11,764.1699829101562
2005-10-12,764.1699829101562
2005-10-13,764.1699829101562
2005-10-17,764.1699829101562
2005-10-18,764.1699829101562
2005-10-19,736.4000244140625
2005-10-20,751.6500244140625
2005-10-24,751.6500244140625
2005-10-25,751.6500244140625
2005-10-26,760.2100219726562
2005-10-27,753.8599853515625
2005-10-31,765.3699951171875
2005-11-01,766.0599975585938
2005-11-02,766.260009765625
2005-11-03,773.6199951171875
2005-11-07,774.5700073242188
2005-11-08,771.280029296875
2005-11-09,781.5999755859375
2005-11-10,773.27001953125
2005-11-14,762.8300170898438
2005-11-15,758.3300170898438
2005-11-16,753.3300170898438
2005-11-17,765.530029296875
2005-11-21,760.6599731445312
2005-11-22,762.6699829101562
2005-11-23,774.4199829101562
2005-11-24,774.3200073242188
2005-11-28,785.1099853515625
2005-11-29,791.0599975585938
2005-11-30,790.5499877929688
2005-12-01,790.780029296875
2005-12-05,798.1099853515625
2005-12-06,798.6799926757812
2005-12-07,796.6500244140625
2005-12-08,798.7000122070312
2005-12-12,811.3699951171875
2005-12-13,813.8200073242188
2005-12-14,813.8900146484375
2005-12-15,818.8400268554688
2005-12-19,812.2999877929688
2005-12-20,820.530029296875
2005-12-21,829.719970703125
2005-12-22,831.5599975585938
2005-12-26,829.239990234375
2005-12-27,829.1599731445312
2005-12-28,817.6099853515625
2005-12-29,822.989990234375
2006-01-02,847.4199829101562
2006-01-03,850.0499877929688
2006-01-04,856.4199829101562
2006-01-05,822.760009765625
2006-01-09,831.9099731445312
2006-01-10,826.3699951171875
2006-01-11,837.6799926757812
2006-01-12,841.4600219726562
2006-01-16,857.9500122070312
2006-01-17,852.0599975585938
2006-01-18,846.9000244140625
2006-01-19,858.0599975585938
2006-01-23,857.0399780273438
2006-01-24,859.8699951171875
2006-01-25,871.97998046875
2006-01-26,868.3300170898438
2006-01-30,851.3200073242188
2006-01-31,844.4099731445312
2006-02-01,848.3699951171875
2006-02-02,849.1099853515625
2006-02-06,833.1400146484375
2006-02-07,824.9400024414062
2006-02-08,826.3200073242188
2006-02-09,830.77001953125
2006-02-13,833.5900268554688
2006-02-14,822.760009765625
2006-02-15,822.3900146484375
2006-02-16,818.760009765625
2006-02-20,813.5800170898438
2006-02-21,812.4600219726562
2006-02-22,810.9099731445312
2006-02-23,806.260009765625
2006-02-27,822.9299926757812
2006-02-28,823.2100219726562
2006-03-01,829.3900146484375
2006-03-02,832.0800170898438
2006-03-06,842.4000244140625
2006-03-07,834.8499755859375
2006-03-08,831.2899780273438
2006-03-09,835.4500122070312
2006-03-13,847.97998046875
2006-03-14,847.97998046875
2006-03-15,848.280029296875
2006-03-16,854.469970703125
2006-03-20,864.8900146484375
2006-03-21,862.8599853515625
2006-03-22,863.6599731445312
2006-03-23,866.3400268554688
2006-03-27,860.6500244140625
2006-03-28,860.6500244140625
2006-03-29,844.9000244140625
2006-03-30,835.780029296875
2006-04-03,843.25
2006-04-04,857.7100219726562
2006-04-05,859.5599975585938
2006-04-06,863.3400268554688
2006-04-10,870.530029296875
2006-04-11,869.8599853515625
2006-04-12,869.8599853515625
2006-04-13,869.8599853515625
2006-04-17,869.9299926757812
2006-04-18,869.9299926757812
2006-04-19,869.9299926757812
2006-04-20,879.8900146484375
2006-04-24,875.0800170898438
2006-04-25,880.5900268554688
2006-04-26,879.8099975585938
2006-04-27,879.9199829101562
2006-05-01,890.5800170898438
2006-05-02,890.5800170898438
2006-05-03,890.5800170898438
2006-05-04,896.3400268554688
2006-05-08,916.989990234375
2006-05-09,919.75
2006-05-10,916.8499755859376
2006-05-11,918.0700073242188
2006-05-15,901.1199951171876
2006-05-16,916.0
2006-05-17,911.5900268554688
2006-05-18,906.6699829101562
2006-05-22,868.1500244140625
2006-05-23,881.1500244140625
2006-05-24,867.760009765625
2006-05-25,864.5
2006-05-29,884.7999877929688
2006-05-30,875.989990234375
2006-05-31,868.8699951171875
2006-06-01,868.8699951171875
2006-06-05,867.47998046875
2006-06-06,848.27001953125
2006-06-07,852.719970703125
2006-06-08,844.1699829101562
2006-06-12,831.6099853515625
2006-06-13,819.7000122070312
2006-06-14,825.4500122070312
2006-06-15,835.2999877929688
2006-06-19,831.030029296875
2006-06-20,825.1300048828125
2006-06-21,828.8800048828125
2006-06-22,824.8400268554688
2006-06-26,812.510009765625
2006-06-27,809.25
2006-06-28,797.8099975585938
2006-06-29,793.5700073242188
2006-07-03,822.4400024414062
2006-07-04,837.0499877929688
2006-07-05,823.0599975585938
2006-07-06,834.5800170898438
2006-07-10,841.969970703125
2006-07-11,831.77001953125
2006-07-12,796.1599731445312
2006-07-13,763.3099975585938
2006-07-17,780.0399780273438
2006-07-18,799.760009765625
2006-07-19,794.8200073242188
2006-07-20,804.3699951171875
2006-07-24,797.3300170898438
2006-07-25,804.1300048828125
2006-07-26,791.739990234375
2006-07-27,795.489990234375
2006-07-31,815.469970703125
2006-08-01,807.97998046875
2006-08-02,822.1599731445312
2006-08-03,822.1599731445312
2006-08-07,816.3499755859375
2006-08-08,823.1400146484375
2006-08-09,808.8800048828125
2006-08-10,794.1699829101562
2006-08-14,817.8800048828125
2006-08-15,820.5499877929688
2006-08-16,823.3200073242188
2006-08-17,838.5499877929688
2006-08-21,831.8800048828125
2006-08-22,827.9500122070312
2006-08-23,830.75
2006-08-24,829.1300048828125
2006-08-28,812.530029296875
2006-08-29,818.2999877929688
2006-08-30,819.030029296875
2006-08-31,820.0
2006-09-04,811.77001953125
2006-09-05,808.1900024414062
2006-09-06,801.77001953125
2006-09-07,798.489990234375
2006-09-11,798.97998046875
2006-09-12,806.7999877929688
2006-09-13,819.510009765625
2006-09-14,821.1199951171875
2006-09-18,829.9600219726562
2006-09-19,829.3599853515625
2006-09-20,835.3699951171875
2006-09-21,831.780029296875
2006-09-25,833.4400024414062
2006-09-26,834.3900146484375
2006-09-27,837.22998046875
2006-09-28,846.0900268554688
2006-10-02,846.0900268554688
2006-10-03,849.969970703125
2006-10-04,860.1400146484375
2006-10-05,868.1300048828125
2006-10-09,877.77001953125
2006-10-10,878.9199829101562
2006-10-11,874.6400146484375
2006-10-12,881.489990234375
2006-10-16,886.510009765625
2006-10-17,882.0599975585938
2006-10-18,888.8400268554688
2006-10-19,892.0800170898438
2006-10-23,898.280029296875
2006-10-24,890.4500122070312
2006-10-25,895.010009765625
2006-10-26,910.780029296875
2006-10-30,910.8900146484376
2006-10-31,914.1300048828124
2006-11-01,916.6199951171876
2006-11-02,904.030029296875
2006-11-06,925.97998046875
2006-11-07,923.510009765625
2006-11-08,920.7000122070312
2006-11-09,921.6300048828124
2006-11-13,930.510009765625
2006-11-14,931.3300170898438
2006-11-15,927.4400024414062
2006-11-16,933.6099853515624
2006-11-20,925.9199829101562
2006-11-21,929.2100219726562
2006-11-22,935.510009765625
2006-11-23,924.4199829101562
2006-11-27,931.6799926757812
2006-11-28,928.1300048828124
2006-11-29,936.8200073242188
2006-11-30,936.1300048828124
2006-12-04,932.9000244140624
2006-12-05,939.3900146484376
2006-12-06,934.9299926757812
2006-12-07,941.9000244140624
2006-12-11,944.47998046875
2006-12-12,942.1500244140624
2006-12-13,942.8099975585938
2006-12-14,942.9299926757812
2006-12-18,948.77001953125
2006-12-19,941.969970703125
2006-12-20,947.3900146484376
2006-12-21,946.6599731445312
2006-12-25,927.6400146484376
2006-12-26,933.0800170898438
2006-12-27,932.1500244140624
2006-12-28,925.5999755859376
2007-01-01,939.989990234375
2007-01-02,943.8400268554688
2007-01-03,949.719970703125
2007-01-04,946.010009765625
2007-01-08,941.4000244140624
2007-01-09,933.5
2007-01-10,917.77001953125
2007-01-11,923.1300048828124
2007-01-15,943.1300048828124
2007-01-16,942.27001953125
2007-01-17,943.1900024414062
2007-01-18,944.260009765625
2007-01-22,949.5399780273438
2007-01-23,949.6900024414062
2007-01-24,955.1599731445312
2007-01-25,953.0700073242188
2007-01-29,959.6199951171876
2007-01-30,961.0800170898438
2007-01-31,958.260009765625
2007-02-01,970.2000122070312
2007-02-05,978.8599853515624
2007-02-06,976.219970703125
2007-02-07,982.7899780273438
2007-02-08,981.260009765625
2007-02-12,976.9199829101562
2007-02-13,992.72998046875
2007-02-14,1001.6799926757812
2007-02-15,998.1799926757812
2007-02-19,1005.25
2007-02-20,993.2100219726562
2007-02-21,993.3300170898438
2007-02-22,995.280029296875
2007-02-26,996.47998046875
2007-02-27,974.8099975585938
2007-02-28,970.719970703125
2007-03-01,961.72998046875
2007-03-05,946.5700073242188
2007-03-06,958.72998046875
2007-03-07,958.760009765625
2007-03-08,971.9199829101562
2007-03-12,982.72998046875
2007-03-13,978.3400268554688
2007-03-14,960.5599975585938
2007-03-15,956.530029296875
2007-03-19,955.0
2007-03-20,955.6400146484376
2007-03-21,962.3599853515624
2007-03-22,973.1300048828124
2007-03-26,983.7899780273438
2007-03-27,990.0599975585938
2007-03-28,981.4000244140624
2007-03-29,994.5
2007-04-04,1023.3800048828124
2007-04-05,1023.3900146484376
2007-04-10,1027.9100341796875
2007-04-11,1030.6500244140625
2007-04-12,1024.93994140625
2007-04-16,1046.9599609375
2007-04-17,1044.8399658203125
2007-04-18,1043.31005859375
2007-04-19,1044.4300537109375
2007-04-25,1063.0400390625
2007-04-26,1074.1199951171875
2007-04-30,1066.56005859375
2007-05-01,1078.9100341796875
2007-05-02,1084.5699462890625
2007-05-03,1082.2900390625
2007-05-07,1094.1400146484375
2007-05-08,1081.449951171875
2007-05-09,1087.4200439453125
2007-05-10,1099.5799560546875
2007-05-14,1110.260009765625
2007-05-15,1111.3800048828125
2007-05-16,1111.97998046875
2007-05-17,1101.31005859375
2007-05-21,1087.1099853515625
2007-05-24,1093.43994140625
2007-05-28,1112.969970703125
2007-05-29,1118.6700439453125
2007-05-30,1107.9599609375
2007-05-31,1117.02001953125
2007-06-04,1123.219970703125
2007-06-05,1129.300048828125
2007-06-06,1117.949951171875
2007-06-07,1105.6500244140625
2007-06-11,1104.52001953125
2007-06-12,1088.1500244140625
2007-06-13,1087.5
2007-06-14,1098.8299560546875
2007-06-18,1115.97998046875
2007-06-19,1113.9599609375
2007-06-20,1115.9300537109375
2007-06-21,1110.949951171875
2007-06-25,1111.06005859375
2007-06-26,1110.6099853515625
2007-06-27,1100.1099853515625
2007-06-28,1102.18994140625
2007-07-02,1112.1400146484375
2007-07-03,1127.8299560546875
2007-07-04,1135.18994140625
2007-07-05,1134.1800537109375
2007-07-09,1140.739990234375
2007-07-10,1132.27001953125
2007-07-11,1132.43994140625
2007-07-12,1145.1099853515625
2007-07-16,1149.0999755859375
2007-07-17,1147.6199951171875
2007-07-18,1143.300048828125
2007-07-19,1150.780029296875
2007-07-23,1149.5699462890625
2007-07-25,1145.9000244140625
2007-07-26,1116.5799560546875
2007-07-30,1083.6099853515625
2007-07-31,1103.0999755859375
2007-08-01,1075.52001953125
2007-08-02,1073.3199462890625
2007-08-06,1038.27001953125
2007-08-07,1049.7099609375
2007-08-08,1074.8599853515625
2007-08-09,1055.3599853515625
2007-08-13,1065.0799560546875
2007-08-14,1059.4200439453125
2007-08-15,1044.3599853515625
2007-08-16,1007.9500122070312
2007-08-20,1025.9100341796875
2007-08-21,1013.2000122070312
2007-08-22,1027.6800537109375
2007-08-23,1035.5999755859375
2007-08-27,1053.199951171875
2007-08-28,1047.9000244140625
2007-08-29,1043.93994140625
2007-08-30,1034.6700439453125
2007-09-03,1047.3299560546875
2007-09-04,1054.68994140625
2007-09-05,1048.699951171875
2007-09-06,1033.22998046875
2007-09-10,1020.1099853515624
2007-09-11,1025.7900390625
2007-09-17,1035.25
2007-09-18,1042.989990234375
2007-09-19,1063.969970703125
2007-09-20,1059.1400146484375
2007-09-24,1086.8599853515625
2007-09-25,1095.3699951171875
2007-10-01,1116.5999755859375
2007-10-02,1127.6600341796875
2007-10-08,1145.030029296875
2007-10-09,1155.699951171875
2007-10-10,1154.5899658203125
2007-10-11,1164.0400390625
2007-10-15,1142.5699462890625
2007-10-16,1149.3699951171875
2007-10-17,1157.56005859375
2007-10-18,1151.3299560546875
2007-10-22,1142.5899658203125
2007-10-23,1157.6700439453125
2007-10-24,1143.56005859375
2007-10-25,1155.6600341796875
2007-10-29,1188.68994140625
2007-10-30,1183.3699951171875
2007-10-31,1189.0400390625
2007-11-01,1176.0999755859375
2007-11-05,1173.449951171875
2007-11-06,1184.199951171875
2007-11-07,1176.93994140625
2007-11-08,1168.1099853515625
2007-11-12,1142.3399658203125
2007-11-13,1152.6300048828125
2007-11-14,1154.260009765625
2007-11-15,1145.1700439453125
2007-11-19,1141.3800048828125
2007-11-20,1140.010009765625
2007-11-21,1109.8499755859375
2007-11-22,1108.760009765625
2007-11-26,1119.52001953125
2007-11-27,1110.9000244140625
2007-11-28,1129.47998046875
2007-11-29,1133.1099853515625
2007-12-03,1139.489990234375
2007-12-04,1133.8699951171875
2007-12-05,1154.02001953125
2007-12-06,1162.4599609375
2007-12-10,1174.0999755859375
2007-12-11,1173.989990234375
2007-12-12,1182.5799560546875
2007-12-13,1172.0999755859375
2007-12-17,1124.5400390625
2007-12-18,1127.77001953125
2007-12-19,1129.239990234375
2007-12-20,1134.97998046875
2007-12-24,1151.97998046875
2007-12-25,1163.219970703125
2007-12-26,1159.6400146484375
2007-12-27,1159.260009765625
2007-12-31,1154.5899658203125
2008-01-01,1163.6500244140625
2008-01-02,1159.239990234375
2008-01-03,1144.1700439453125
2008-01-07,1114.780029296875
2008-01-08,1124.72998046875
2008-01-09,1113.4100341796875
2008-01-10,1091.989990234375
2008-01-14,1104.8499755859375
2008-01-15,1086.0
2008-01-16,1072.280029296875
2008-01-17,1066.97998046875
2008-01-21,1045.77001953125
2008-01-22,1028.9100341796875
2008-01-23,998.1300048828124
2008-01-24,1005.52001953125
2008-01-28,992.8800048828124
2008-01-29,1018.7899780273438
2008-01-30,1016.6099853515624
2008-01-31,1003.469970703125
2008-02-04,1019.3200073242188
2008-02-05,1008.010009765625
2008-02-06,1004.2999877929688
2008-02-07,989.8499755859376
2008-02-11,986.510009765625
2008-02-12,1006.5399780273438
2008-02-13,1019.6099853515624
2008-02-14,1023.5499877929688
2008-02-18,1019.02001953125
2008-02-19,1027.8199462890625
2008-02-20,1015.4199829101562
2008-02-21,1028.260009765625
2008-02-25,1039.280029296875
2008-02-26,1045.1400146484375
2008-02-27,1042.6700439453125
2008-02-28,1034.010009765625
2008-03-03,1003.1799926757812
2008-03-04,996.6199951171876
2008-03-05,1011.1900024414062
2008-03-06,998.25
2008-03-10,969.8300170898438
2008-03-11,964.9500122070312
2008-03-12,978.530029296875
2008-03-13,942.9500122070312
2008-03-17,884.780029296875
2008-03-18,898.9000244140625
2008-03-19,916.969970703125
2008-03-20,911.4199829101562
2008-03-24,946.3499755859376
2008-03-25,961.8200073242188
2008-03-26,954.530029296875
2008-03-27,950.8900146484376
2008-03-31,928.0599975585938
2008-04-01,944.0700073242188
2008-04-02,978.0900268554688
2008-04-03,971.219970703125
2008-04-07,983.760009765625
2008-04-08,983.8800048828124
2008-04-09,993.3599853515624
2008-04-10,989.3900146484376
2008-04-14,974.719970703125
2008-04-15,986.6400146484376
2008-04-16,1002.1699829101562
2008-04-17,1008.8599853515624
2008-04-21,1016.5499877929688
2008-04-22,1018.2999877929688
2008-04-23,1014.22998046875
2008-04-24,1018.780029296875
2008-04-28,1003.4199829101562
2008-04-29,991.5599975585938
2008-04-30,996.1699829101562
2008-05-01,990.4199829101562
2008-05-05,1017.030029296875
2008-05-06,1008.739990234375
2008-05-12,1010.4500122070312
2008-05-13,1011.6799926757812
2008-05-14,1028.06005859375
2008-05-15,1026.52001953125
2008-05-19,1032.27001953125
2008-05-20,1014.1599731445312
2008-05-21,1025.7099609375
2008-05-22,1022.260009765625
2008-05-26,1007.969970703125
2008-05-27,1022.1599731445312
2008-05-28,1026.56005859375
2008-05-29,1035.6800537109375
2008-06-02,1026.5999755859375
2008-06-03,1033.3299560546875
2008-06-04,1025.5999755859375
2008-06-05,1034.1700439453125
2008-06-10,1017.2100219726562
2008-06-11,1016.6799926757812
2008-06-12,1020.6599731445312
2008-06-16,1026.800048828125
2008-06-17,1042.2099609375
2008-06-18,1036.8699951171875
2008-06-19,1036.8699951171875
2008-06-23,1028.969970703125
2008-06-24,1016.6400146484376
2008-06-25,1022.739990234375
2008-06-26,1000.3200073242188
2008-06-30,987.510009765625
2008-07-01,987.510009765625
2008-07-02,966.6599731445312
2008-07-03,931.4299926757812
2008-07-07,930.3200073242188
2008-07-08,921.1900024414062
2008-07-09,931.6799926757812
2008-07-10,926.9199829101562
2008-07-14,916.4000244140624
2008-07-15,894.22998046875
2008-07-16,891.3099975585938
2008-07-17,916.3200073242188
2008-07-21,939.0499877929688
2008-07-22,933.4199829101562
2008-07-23,949.6799926757812
2008-07-24,939.97998046875
2008-07-28,938.780029296875
2008-07-29,937.1900024414062
2008-07-30,946.3200073242188
2008-07-31,948.0599975585938
2008-08-04,925.7999877929688
2008-08-05,935.9199829101562
2008-08-06,929.5800170898438
2008-08-07,928.239990234375
2008-08-11,929.0999755859376
2008-08-12,925.6599731445312
2008-08-13,917.4600219726562
2008-08-14,930.6300048828124
2008-08-18,939.6099853515624
2008-08-19,931.5499877929688
2008-08-20,942.0900268554688
2008-08-21,933.4000244140624
2008-08-25,943.3900146484376
2008-08-26,937.9000244140624
2008-08-27,934.22998046875
2008-08-28,922.4199829101562
2008-09-01,909.2999877929688
2008-09-02,918.1400146484376
2008-09-03,905.7999877929688
2008-09-04,900.8599853515624
2008-09-08,910.3699951171876
2008-09-09,892.2999877929688
2008-09-10,884.1400146484375
2008-09-11,860.8200073242188
2008-09-15,840.030029296875
2008-09-16,791.9600219726562
2008-09-17,767.5700073242188
2008-09-18,758.280029296875
2008-09-22,799.27001953125
2008-09-23,788.77001953125
2008-09-24,792.6199951171875
2008-09-25,812.77001953125
2008-10-02,760.8900146484375
2008-10-06,684.7899780273438
2008-10-07,716.4000244140625
2008-10-15,695.739990234375
2008-10-16,674.1300048828125
2008-10-22,685.77001953125
2008-10-23,684.6799926757812
2008-10-27,640.0999755859375
2008-10-28,629.5800170898438
2008-10-29,643.3099975585938
2008-10-30,645.6900024414062
2008-11-03,676.3200073242188
2008-11-04,704.9000244140625
2008-11-05,696.52001953125
2008-11-06,664.239990234375
2008-11-10,685.989990234375
2008-11-11,659.5399780273438
2008-11-12,630.530029296875
2008-11-13,595.1699829101562
2008-11-17,577.0700073242188
2008-11-18,584.8400268554688
2008-11-19,585.4099731445312
2008-11-20,554.22998046875
2008-11-24,552.780029296875
2008-11-25,580.47998046875
2008-11-26,565.4400024414062
2008-11-27,575.3900146484375
2008-12-01,568.0700073242188
2008-12-02,574.2000122070312
2008-12-03,564.3099975585938
2008-12-04,581.3599853515625
2008-12-08,621.8800048828125
2008-12-09,624.4600219726562
2008-12-10,627.260009765625
2008-12-11,615.239990234375
2008-12-15,577.3499755859375
2008-12-16,592.0999755859375
2008-12-17,597.489990234375
2008-12-18,602.6500244140625
2008-12-22,578.4299926757812
2008-12-23,564.5399780273438
2008-12-24,550.489990234375
2008-12-25,552.3599853515625
2008-12-29,547.1400146484375
2008-12-30,553.8599853515625
2008-12-31,564.0900268554688
2009-01-01,584.8099975585938
2009-01-05,594.2000122070312
2009-01-06,618.239990234375
2009-01-07,610.6500244140625
2009-01-08,594.8800048828125
2009-01-12,606.9099731445312
2009-01-13,604.0700073242188
2009-01-14,584.6400146484375
2009-01-15,590.4299926757812
2009-01-19,600.280029296875
2009-01-20,600.6699829101562
2009-01-21,582.9500122070312
2009-01-22,572.7999877929688
2009-01-26,589.9400024414062
2009-01-27,589.030029296875
2009-01-28,607.739990234375
2009-01-29,599.969970703125
2009-02-02,594.0599975585938
2009-02-03,604.530029296875
2009-02-04,618.3400268554688
2009-02-05,623.3800048828125
2009-02-09,644.219970703125
2009-02-10,644.219970703125
2009-02-11,627.52001953125
2009-02-12,625.5999755859375
2009-02-16,629.1300048828125
2009-02-17,620.3499755859375
2009-02-18,629.8200073242188
2009-02-19,626.9600219726562
2009-02-23,603.030029296875
2009-02-24,591.8599853515625
2009-02-25,597.1599731445312
2009-02-26,603.6900024414062
2009-03-02,579.1099853515625
2009-03-03,581.1400146484375
2009-03-04,594.6599731445312
2009-03-05,577.9099731445312
2009-03-09,576.1099853515625
2009-03-11,590.3699951171875
2009-03-12,587.489990234375
2009-03-16,607.9099731445312
2009-03-17,607.8800048828125
2009-03-18,607.2100219726562
2009-03-19,609.6199951171875
2009-03-23,631.489990234375
2009-03-24,632.6900024414062
2009-03-25,654.4000244140625
2009-03-26,677.2999877929688
2009-03-30,657.989990234375
2009-03-31,666.1400146484375
2009-04-01,666.260009765625
2009-04-02,699.9400024414062
2009-04-06,692.52001953125
2009-04-07,691.6900024414062
2009-04-13,716.5399780273438
2009-04-16,729.0
2009-04-20,700.5
2009-04-21,689.5499877929688
2009-04-22,700.2100219726562
2009-04-23,716.030029296875
2009-04-27,728.3300170898438
2009-04-30,745.25
2009-05-04,755.0399780273438
2009-05-05,759.02001953125
2009-05-06,768.510009765625
2009-05-07,769.4299926757812
2009-05-11,759.4400024414062
2009-05-12,767.6599731445312
2009-05-13,752.489990234375
2009-05-14,753.2999877929688
2009-05-18,764.0999755859375
2009-05-19,784.3300170898438
2009-05-20,794.72998046875
2009-05-21,784.8400268554688
2009-05-25,785.3099975585938
2009-05-26,775.6500244140625
2009-05-27,791.030029296875
2009-06-01,822.4099731445312
2009-06-02,825.4199829101562
2009-06-03,811.4600219726562
2009-06-04,809.510009765625
2009-06-08,811.3800048828125
2009-06-09,825.6199951171875
2009-06-10,817.77001953125
2009-06-11,811.9099731445312
2009-06-15,788.1300048828125
2009-06-16,792.6900024414062
2009-06-17,773.1199951171875
2009-06-18,771.8900146484375
2009-06-22,783.4600219726562
2009-06-23,782.6300048828125
2009-06-24,797.7899780273438
2009-06-25,783.0499877929688
2009-06-29,809.9600219726562
2009-06-30,801.260009765625
2009-07-01,811.8499755859375
2009-07-02,803.239990234375
2009-07-06,779.6500244140625
2009-07-07,786.4400024414062
2009-07-08,785.1799926757812
2009-07-09,784.1199951171875
2009-07-13,786.1300048828125
2009-07-14,796.9099731445312
2009-07-15,812.0900268554688
2009-07-16,813.77001953125
2009-07-20,829.5
2009-07-21,844.72998046875
2009-07-22,840.6699829101562
2009-07-23,850.7899780273438
2009-07-27,873.7899780273438
2009-07-28,875.9500122070312
2009-07-29,884.6900024414062
2009-08-03,904.8800048828124
2009-08-04,901.6300048828124
2009-08-05,910.2000122070312
2009-08-06,921.8800048828124
2009-08-10,891.010009765625
2009-08-11,881.4600219726562
2009-08-12,879.3499755859375
2009-08-13,897.22998046875
2009-08-17,857.7899780273438
2009-08-18,876.1199951171875
2009-08-19,870.7000122070312
2009-08-20,886.3300170898438
2009-08-24,916.7999877929688
2009-08-25,931.5
2009-08-26,924.1400146484376
2009-08-27,908.1199951171876
2009-08-31,883.760009765625
2009-09-01,896.72998046875
2009-09-02,885.72998046875
2009-09-03,904.1699829101562
2009-09-07,897.739990234375
2009-09-08,903.9099731445312
2009-09-09,904.760009765625
2009-09-10,895.530029296875
2009-09-14,872.47998046875
2009-09-15,883.0900268554688
2009-09-16,907.2100219726562
2009-09-17,909.4000244140624
2009-09-21,904.260009765625
2009-09-22,920.0999755859376
2009-09-23,923.47998046875
2009-09-24,928.969970703125
2009-09-29,947.4199829101562
2009-09-30,927.7000122070312
2009-10-01,939.8699951171876
2009-10-05,940.77001953125
2009-10-06,955.3400268554688
2009-10-07,954.4500122070312
2009-10-08,959.5999755859376
2009-10-12,968.8599853515624
2009-10-13,960.0700073242188
2009-10-14,972.780029296875
2009-10-15,972.9600219726562
2009-10-19,973.8800048828124
2009-10-20,975.1099853515624
2009-10-21,976.5599975585938
2009-10-22,974.4500122070312
2009-10-26,989.9199829101562
2009-10-27,984.5900268554688
2009-10-28,964.969970703125
2009-10-29,957.3300170898438
2009-11-02,940.4600219726562
2009-11-03,924.260009765625
2009-11-04,948.8099975585938
2009-11-05,955.1699829101562
2009-11-09,978.72998046875
2009-11-10,979.3499755859376
2009-11-11,989.489990234375
2009-11-12,989.9000244140624
2009-11-16,999.8300170898438
2009-11-17,1005.8499755859376
2009-11-18,1002.469970703125
2009-11-19,998.1400146484376
2009-11-23,1007.3499755859376
2009-11-24,1010.6199951171876
2009-11-25,1015.4099731445312
2009-11-26,1002.489990234375
2009-11-30,1003.5499877929688
2009-12-01,1019.7999877929688
2009-12-02,1024.1600341796875
2009-12-03,1036.77001953125
2009-12-07,1039.47998046875
2009-12-08,1028.699951171875
2009-12-09,1025.9300537109375
2009-12-10,1039.0
2009-12-14,1044.2099609375
2009-12-15,1032.300048828125
2009-12-16,1040.030029296875
2009-12-17,1027.0899658203125
2009-12-21,1037.800048828125
2009-12-22,1049.739990234375
2009-12-23,1053.739990234375
2009-12-24,1069.1600341796875
2009-12-28,1066.1800537109375
2009-12-29,1060.050048828125
2009-12-30,1060.4200439453125
2009-12-31,1064.97998046875
2010-01-04,1089.3399658203125
2010-01-05,1098.199951171875
2010-01-06,1098.31005859375
2010-01-07,1094.0400390625
2010-01-11,1100.219970703125
2010-01-12,1074.739990234375
2010-01-13,1082.5699462890625
2010-01-14,1080.0899658203125
2010-01-18,1092.469970703125
2010-01-19,1090.989990234375
2010-01-20,1088.5400390625
2010-01-21,1091.3800048828125
2010-01-25,1074.3399658203125
2010-01-26,1066.5699462890625
2010-01-27,1063.0
2010-01-28,1073.260009765625
2010-02-01,1059.5699462890625
2010-02-02,1068.9300537109375
2010-02-03,1076.81005859375
2010-02-04,1071.4000244140625
2010-02-08,1052.8900146484375
2010-02-09,1058.9000244140625
2010-02-10,1065.8699951171875
2010-02-11,1067.969970703125
2010-02-15,1090.530029296875
2010-02-16,1097.7900390625
2010-02-17,1100.5999755859375
2010-02-18,1097.699951171875
2010-02-22,1109.989990234375
2010-02-23,1102.780029296875
2010-02-24,1104.7900390625
2010-02-25,1092.31005859375
2010-03-01,1116.0999755859375
2010-03-02,1124.31005859375
2010-03-03,1125.010009765625
2010-03-04,1138.300048828125
2010-03-08,1139.4200439453125
2010-03-09,1132.3199462890625
2010-03-10,1143.47998046875
2010-03-11,1145.25
2010-03-15,1144.5400390625
2010-03-16,1145.0999755859375
2010-03-17,1156.780029296875
2010-03-18,1151.5
2010-03-22,1137.030029296875
2010-03-23,1150.550048828125
2010-03-24,1160.219970703125
2010-03-25,1160.8599853515625
2010-03-31,1155.4200439453125
2010-04-01,1158.699951171875
2010-04-06,1160.949951171875
2010-04-07,1151.3599853515625
2010-04-08,1134.0999755859375
2010-04-12,1146.7900390625
2010-04-13,1147.949951171875
2010-04-14,1157.780029296875
2010-04-15,1141.800048828125
2010-04-21,1135.5899658203125
2010-04-22,1129.7099609375
2010-04-26,1136.27001953125
2010-04-27,1132.06005859375
2010-04-28,1118.5799560546875
2010-04-29,1097.6800537109375
2010-05-03,1106.239990234375
2010-05-04,1085.4100341796875
2010-05-05,1062.2900390625
2010-05-06,1068.280029296875
2010-05-10,1093.8599853515625
2010-05-11,1074.1800537109375
2010-05-12,1089.8199462890625
2010-05-13,1080.3199462890625
2010-05-17,1053.4300537109375
2010-05-20,1022.5700073242188
2010-05-24,1029.6099853515625
2010-05-25,998.0800170898438
2010-05-26,1023.8300170898438
2010-05-27,1026.6600341796875
2010-05-31,1009.4000244140624
2010-06-01,1000.4600219726562
2010-06-02,1001.8499755859376
2010-06-03,1025.800048828125
2010-06-07,1007.97998046875
2010-06-08,1002.969970703125
2010-06-09,1012.3099975585938
2010-06-10,1010.2999877929688
2010-06-14,1031.8399658203125
2010-06-15,1033.3399658203125
2010-06-16,1023.719970703125
2010-06-17,1032.02001953125
2010-06-21,1058.239990234375
2010-06-22,1050.219970703125
2010-06-23,1039.469970703125
2010-06-24,1019.9000244140624
2010-06-28,1021.489990234375
2010-06-29,998.9500122070312
2010-06-30,990.3400268554688
2010-07-01,986.6300048828124
2010-07-05,1000.9199829101562
2010-07-06,1016.0499877929688
2010-07-07,1000.1699829101562
2010-07-08,1013.2100219726562
2010-07-12,1031.5799560546875
2010-07-13,1036.010009765625
2010-07-14,1027.9200439453125
2010-07-15,1033.780029296875
2010-07-19,1016.1199951171876
2010-07-21,1030.3699951171875
2010-07-22,1032.8900146484375
2010-07-26,1031.489990234375
2010-07-27,1037.469970703125
2010-07-28,1032.280029296875
2010-07-29,1029.1700439453125
2010-08-02,1050.6600341796875
2010-08-03,1045.5400390625
2010-08-04,1057.97998046875
2010-08-05,1062.219970703125
2010-08-09,1074.3499755859375
2010-08-10,1068.989990234375
2010-08-11,1057.489990234375
2010-08-12,1048.06005859375
2010-08-16,1059.0899658203125
2010-08-17,1074.4100341796875
2010-08-18,1071.06005859375
2010-08-19,1066.68994140625
2010-08-23,1069.050048828125
2010-08-24,1049.5899658203125
2010-08-25,1036.030029296875
2010-08-26,1048.6199951171875
2010-08-30,1053.0400390625
2010-08-31,1046.4200439453125
2010-09-01,1063.9300537109375
2010-09-02,1068.5
2010-09-06,1087.27001953125
2010-09-07,1085.6099853515625
2010-09-13,1097.1199951171875
2010-09-14,1093.8499755859375
2010-09-15,1090.8399658203125
2010-09-16,1087.75
2010-09-20,1114.68994140625
2010-09-21,1132.9599609375
2010-09-27,1130.280029296875
2010-09-28,1128.8699951171875
2010-10-04,1127.02001953125
2010-10-05,1139.030029296875
2010-10-06,1131.06005859375
2010-10-07,1118.22998046875
2010-10-11,1145.52001953125
2010-10-12,1142.010009765625
2010-10-13,1157.6400146484375
2010-10-14,1158.6300048828125
2010-10-18,1161.68994140625
2010-10-19,1155.6199951171875
2010-10-20,1160.760009765625
2010-10-21,1172.9000244140625
2010-10-25,1176.0
2010-10-26,1163.300048828125
2010-10-27,1161.719970703125
2010-10-28,1171.1600341796875
2010-11-01,1177.1199951171875
2010-11-02,1173.0899658203125
2010-11-03,1164.3699951171875
2010-11-04,1168.1500244140625
2010-11-08,1163.6700439453125
2010-11-09,1171.22998046875
2010-11-10,1165.5899658203125
2010-11-11,1145.550048828125
2010-11-15,1157.4599609375
2010-11-16,1149.6300048828125
2010-11-17,1151.7099609375
2010-11-18,1167.3399658203125
2010-11-22,1167.75
2010-11-23,1156.469970703125
2010-11-24,1160.8599853515625
2010-11-25,1163.5
2010-11-29,1164.6400146484375
2010-11-30,1149.6700439453125
2010-12-01,1156.5699462890625
2010-12-02,1164.6600341796875
2010-12-06,1185.9100341796875
2010-12-07,1195.43994140625
2010-12-08,1192.030029296875
2010-12-09,1198.9100341796875
2010-12-13,1203.1800537109375
2010-12-14,1205.25
2010-12-15,1198.699951171875
2010-12-16,1207.4599609375
2010-12-20,1215.260009765625
2010-12-21,1214.4200439453125
2010-12-22,1214.1099853515625
2010-12-23,1206.1099853515625
2010-12-27,1204.02001953125
2010-12-28,1206.8199462890625
2010-12-29,1228.52001953125
2010-12-30,1224.0
2011-01-03,1235.43994140625
2011-01-04,1235.550048828125
2011-01-05,1235.010009765625
2011-01-06,1238.8699951171875
2011-01-10,1226.27001953125
2011-01-11,1241.050048828125
2011-01-12,1244.3299560546875
2011-01-13,1244.8399658203125
2011-01-17,1244.3199462890625
2011-01-18,1246.6800537109375
2011-01-19,1247.52001953125
2011-01-20,1244.4599609375
2011-01-24,1235.0799560546875
2011-01-25,1231.800048828125
2011-01-26,1237.260009765625
2011-01-27,1240.7900390625
2011-01-31,1203.75
2011-02-01,1201.3800048828125
2011-02-02,1211.760009765625
2011-02-03,1208.219970703125
2011-02-07,1232.9000244140625
2011-02-08,1230.2099609375
2011-02-09,1219.489990234375
2011-02-10,1205.1600341796875
2011-02-14,1217.6099853515625
2011-02-15,1217.43994140625
2011-02-16,1233.3499755859375
2011-02-17,1232.530029296875
2011-02-21,1227.6400146484375
2011-02-22,1212.280029296875
2011-02-23,1197.9599609375
2011-02-24,1176.7099609375
2011-02-28,1189.9599609375
2011-03-01,1174.5400390625
2011-03-02,1163.030029296875
2011-03-03,1171.0
2011-03-07,1173.6300048828125
2011-03-08,1162.25
2011-03-09,1151.5
2011-03-10,1159.3800048828125
2011-03-14,1146.9599609375
2011-03-15,1134.989990234375
2011-03-16,1143.97998046875
2011-03-17,1158.8699951171875
2011-03-21,1180.97998046875
2011-03-22,1186.2900390625
2011-03-23,1175.7900390625
2011-03-24,1174.550048828125
2011-03-28,1201.199951171875
2011-03-29,1202.530029296875
2011-03-30,1207.1700439453125
2011-03-31,1207.6099853515625
2011-04-04,1215.489990234375
2011-04-05,1209.0699462890625
2011-04-06,1215.9000244140625
2011-04-07,1202.1600341796875
2011-04-11,1213.8399658203125
2011-04-12,1210.0400390625
2011-04-13,1208.9300537109375
2011-04-14,1204.719970703125
2011-04-20,1216.6500244140625
2011-04-21,1221.5899658203125
2011-04-26,1212.3599853515625
2011-04-27,1210.5799560546875
2011-04-28,1195.3299560546875
2011-05-02,1177.25
2011-05-03,1165.5699462890625
2011-05-04,1174.1700439453125
2011-05-05,1160.25
2011-05-11,1182.75
2011-05-12,1173.8900146484375
2011-05-16,1170.06005859375
2011-05-17,1168.8900146484375
2011-05-18,1170.93994140625
2011-05-19,1173.219970703125
2011-05-23,1144.22998046875
2011-05-24,1132.6099853515625
2011-05-25,1110.8699951171875
2011-05-26,1125.77001953125
2011-05-30,1136.6700439453125
2011-05-31,1152.219970703125
2011-06-01,1133.56005859375
2011-06-02,1116.7900390625
2011-06-06,1117.81005859375
2011-06-09,1108.0
2011-06-13,1100.68994140625
2011-06-14,1110.989990234375
2011-06-15,1085.8800048828125
2011-06-16,1098.06005859375
2011-06-20,1091.260009765625
2011-06-21,1106.3199462890625
2011-06-22,1113.6700439453125
2011-06-23,1095.8499755859375
2011-06-27,1095.4100341796875
2011-06-28,1111.5899658203125
2011-06-29,1119.9100341796875
2011-06-30,1113.3800048828125
2011-07-04,1139.5699462890625
2011-07-05,1138.5999755859375
2011-07-06,1130.4000244140625
2011-07-07,1148.6600341796875
2011-07-11,1136.280029296875
2011-07-12,1139.010009765625
2011-07-13,1138.06005859375
2011-07-14,1138.1600341796875
2011-07-18,1125.6800537109375
2011-07-19,1132.1700439453125
2011-07-20,1142.7900390625
2011-07-21,1146.0799560546875
2011-07-25,1144.31005859375
2011-07-26,1144.550048828125
2011-07-27,1137.1199951171875
2011-07-28,1117.6500244140625
2011-08-01,1089.510009765625
2011-08-02,1078.22998046875
2011-08-03,1069.0
2011-08-04,1048.260009765625
2011-08-08,987.1400146484376
2011-08-10,955.72998046875
2011-08-11,958.7000122070312
2011-08-15,984.6599731445312
2011-08-16,971.72998046875
2011-08-17,996.1300048828124
2011-08-18,961.5800170898438
2011-08-22,993.4099731445312
2011-08-23,989.8099975585938
2011-08-24,996.4600219726562
2011-08-25,975.4400024414062
2011-08-29,1002.6599731445312
2011-08-30,1000.9400024414062
2011-08-31,1013.469970703125
2011-09-01,1017.510009765625
2011-09-05,957.02001953125
2011-09-06,931.0999755859376
2011-09-07,961.2100219726562
2011-09-08,954.1599731445312
2011-09-12,897.97998046875
2011-09-13,918.6699829101562
2011-09-14,935.5599975585938
2011-09-15,955.4099731445312
2011-09-19,938.5800170898438
2011-09-20,964.6099853515624
2011-09-21,975.3099975585938
2011-09-22,933.4299926757812
2011-09-26,954.5499877929688
2011-09-27,969.77001953125
2011-10-03,959.3200073242188
2011-10-04,923.4299926757812
2011-10-05,939.510009765625
2011-10-06,949.8699951171876
2011-10-10,974.0700073242188
2011-10-11,981.4099731445312
2011-10-17,1021.97998046875
2011-10-18,1018.0599975585938
2011-10-24,1031.469970703125
2011-10-25,1030.0
2011-10-26,1031.6700439453125
2011-10-27,1055.7099609375
2011-10-31,1021.469970703125
2011-11-01,996.1300048828124
2011-11-02,995.260009765625
2011-11-03,1001.22998046875
2011-11-07,1007.1799926757812
2011-11-08,1021.739990234375
2011-11-09,994.1799926757812
2011-11-10,1003.6599731445312
2011-11-14,1017.969970703125
2011-11-15,1010.25
2011-11-16,1007.8900146484376
2011-11-17,1002.1799926757812
2011-11-21,953.3900146484376
2011-11-22,941.0900268554688
2011-11-23,936.8300170898438
2011-11-24,926.8699951171876
2011-11-28,966.1599731445312
2011-11-29,948.530029296875
2011-11-30,984.3200073242188
2011-12-01,989.5499877929688
2011-12-05,1006.3599853515624
2011-12-06,989.010009765625
2011-12-07,970.8499755859376
2011-12-08,973.5599975585938
2011-12-12,967.989990234375
2011-12-13,977.97998046875
2011-12-14,977.0499877929688
2011-12-15,988.0700073242188
2011-12-19,991.5700073242188
2011-12-20,994.8400268554688
2011-12-21,982.1799926757812
2011-12-22,982.010009765625
2011-12-26,1004.9600219726562
2011-12-27,1004.780029296875
2011-12-28,999.1500244140624
2011-12-29,978.489990234375
2012-01-02,1000.27001953125
2012-01-03,1004.1900024414062
2012-01-04,1005.7000122070312
2012-01-05,1006.760009765625
2012-01-09,1010.5399780273438
2012-01-10,1027.3499755859375
2012-01-11,1020.2899780273438
2012-01-12,1024.93994140625
2012-01-16,1017.2000122070312
2012-01-17,1030.81005859375
2012-01-18,1027.6600341796875
2012-01-19,1032.1300048828125
2012-01-23,1026.1400146484375
2012-01-24,1018.25
2012-01-25,1012.9600219726562
2012-01-26,1024.3199462890625
2012-01-30,1008.719970703125
2012-01-31,1013.7000122070312
2012-02-01,1017.77001953125
2012-02-02,1017.3499755859376
2012-02-06,1013.4600219726562
2012-02-07,1015.8699951171876
2012-02-13,1018.0900268554688
2012-02-14,1013.72998046875
2012-02-15,1018.0900268554688
2012-02-16,1010.260009765625
2012-02-20,1018.739990234375
2012-02-21,1019.719970703125
2012-02-22,1017.1799926757812
2012-02-23,999.8400268554688
2012-02-27,983.989990234375
2012-02-28,976.4400024414062
2012-02-29,990.0599975585938
2012-03-01,999.1900024414062
2012-03-05,1001.0499877929688
2012-03-06,985.5999755859376
2012-03-07,988.1699829101562
2012-03-12,986.3900146484376
2012-03-13,993.4600219726562
2012-03-14,1019.1699829101562
2012-03-15,1015.5700073242188
2012-03-19,1019.260009765625
2012-03-20,1018.3900146484376
2012-03-21,1020.8200073242188
2012-03-22,1025.43994140625
2012-03-26,1052.22998046875
2012-03-27,1053.1400146484375
2012-03-28,1050.719970703125
2012-03-29,1032.47998046875
2012-04-02,1046.1099853515625
2012-04-03,1056.3199462890625
2012-04-04,1051.5400390625
2012-04-05,1053.4599609375
2012-04-09,1045.31005859375
2012-04-10,1049.0799560546875
2012-04-11,1040.3199462890625
2012-04-16,1040.4000244140625
2012-04-17,1052.4100341796875
2012-04-18,1051.52001953125
2012-04-19,1058.68994140625
2012-04-23,1054.6600341796875
2012-04-24,1065.010009765625
2012-04-30,1066.489990234375
2012-05-01,1067.1700439453125
2012-05-02,1061.6400146484375
2012-05-03,1067.469970703125
2012-05-07,1048.0400390625
2012-05-08,1046.4599609375
2012-05-09,1033.56005859375
2012-05-10,1038.969970703125
2012-05-14,1020.510009765625
2012-05-15,1003.010009765625
2012-05-16,1010.8800048828124
2012-05-17,988.8200073242188
2012-05-21,977.0599975585938
2012-05-22,980.3800048828124
2012-05-23,965.510009765625
2012-05-24,970.9099731445312
2012-05-28,976.5599975585938
2012-05-29,973.47998046875
2012-05-30,967.1400146484376
2012-05-31,981.280029296875
2012-06-04,966.219970703125
2012-06-05,971.0700073242188
2012-06-06,984.2899780273438
2012-06-07,1002.030029296875
2012-06-11,996.6099853515624
2012-06-12,994.6500244140624
2012-06-13,981.25
2012-06-14,972.1699829101562
2012-06-18,984.1500244140624
2012-06-19,994.3099975585938
2012-06-20,989.1799926757812
2012-06-21,985.1199951171876
2012-06-25,977.7899780273438
2012-06-26,976.4299926757812
2012-06-27,978.4000244140624
2012-06-28,969.8599853515624
2012-07-02,986.9500122070312
2012-07-03,988.2000122070312
2012-07-04,988.4199829101562
2012-07-05,990.989990234375
2012-07-09,983.5700073242188
2012-07-10,984.7899780273438
2012-07-11,978.8499755859376
2012-07-12,972.8300170898438
2012-07-16,965.4299926757812
2012-07-17,968.8099975585938
2012-07-18,967.0999755859376
2012-07-19,983.6199951171876
2012-07-23,960.3599853515624
2012-07-24,967.8499755859376
2012-07-25,977.1400146484376
2012-07-26,988.1599731445312
2012-07-30,1002.6900024414062
2012-07-31,996.719970703125
2012-08-01,996.2999877929688
2012-08-02,984.47998046875
2012-08-06,987.8800048828124
2012-08-07,999.8800048828124
2012-08-08,999.1900024414062
2012-08-09,996.0999755859376
2012-08-13,972.0399780273438
2012-08-14,978.02001953125
2012-08-15,973.8200073242188
2012-08-16,982.030029296875
2012-08-20,984.1300048828124
2012-08-21,993.2000122070312
2012-08-22,989.6400146484376
2012-08-23,984.510009765625
2012-08-27,990.4400024414062
2012-08-28,985.47998046875
2012-08-29,995.8099975585938
2012-08-30,999.5900268554688
2012-09-03,997.9500122070312
2012-09-04,990.72998046875
2012-09-05,990.530029296875
2012-09-06,989.3599853515624
2012-09-10,1006.969970703125
2012-09-11,1006.1300048828124
2012-09-12,1009.77001953125
2012-09-13,1011.6900024414062
2012-09-19,1015.47998046875
2012-09-20,1016.8699951171876
2012-09-24,1041.760009765625
2012-09-27,1054.5799560546875
2012-10-02,1079.010009765625
2012-10-03,1088.5400390625
2012-10-04,1087.1500244140625
2012-10-09,1069.239990234375
2012-10-10,1067.47998046875
2012-10-11,1077.219970703125
2012-10-15,1088.0999755859375
2012-10-16,1092.5899658203125
2012-10-17,1092.760009765625
2012-10-18,1079.030029296875
2012-10-22,1069.5699462890625
2012-10-23,1054.7099609375
2012-10-24,1065.6199951171875
2012-10-25,1073.6500244140625
2012-10-29,1063.489990234375
2012-10-30,1072.8499755859375
2012-10-31,1076.4100341796875
2012-11-01,1082.5899658203125
2012-11-05,1084.699951171875
2012-11-06,1090.6600341796875
2012-11-07,1073.02001953125
2012-11-08,1071.9599609375
2012-11-12,1061.3800048828125
2012-11-13,1059.3699951171875
2012-11-14,1054.1199951171875
2012-11-15,1045.1300048828125
2012-11-19,1063.489990234375
2012-11-20,1061.7099609375
2012-11-21,1064.449951171875
2012-11-22,1067.989990234375
2012-11-26,1086.47998046875
2012-11-27,1092.8599853515625
2012-11-28,1086.510009765625
2012-11-29,1089.6099853515625
2012-12-03,1090.97998046875
2012-12-04,1083.0799560546875
2012-12-05,1087.219970703125
2012-12-06,1085.22998046875
2012-12-10,1089.8199462890625
2012-12-11,1098.530029296875
2012-12-12,1097.06005859375
2012-12-13,1082.9000244140625
2012-12-17,1063.8499755859375
2012-12-18,1068.6300048828125
2012-12-19,1080.18994140625
2012-12-20,1076.81005859375
2012-12-24,1052.3199462890625
2012-12-25,1045.699951171875
2012-12-26,1050.010009765625
2012-12-27,1048.1800537109375
2012-12-31,1049.06005859375
2013-01-01,1076.3399658203125
2013-01-02,1084.22998046875
2013-01-03,1074.25
2013-01-07,1073.239990234375
2013-01-08,1071.6400146484375
2013-01-09,1076.1500244140625
2013-01-10,1085.949951171875
2013-01-14,1079.239990234375
2013-01-15,1071.199951171875
2013-01-16,1069.989990234375
2013-01-17,1070.8599853515625
2013-01-21,1060.6099853515625
2013-01-23,1070.1700439453125
2013-01-24,1063.97998046875
2013-01-28,1066.1800537109375
2013-01-29,1057.8900146484375
2013-01-30,1047.5899658203125
2013-01-31,1046.719970703125
2013-02-04,1063.6700439453125
2013-02-05,1073.72998046875
2013-02-06,1074.6500244140625
2013-02-07,1081.1700439453125
2013-02-11,1088.9200439453125
2013-02-12,1096.52001953125
2013-02-13,1092.0899658203125
2013-02-14,1087.22998046875
2013-02-18,1086.8599853515625
2013-02-19,1091.0400390625
2013-02-20,1104.530029296875
2013-02-21,1085.800048828125
2013-02-25,1089.1400146484375
2013-02-26,1086.199951171875
2013-02-27,1084.719970703125
2013-02-28,1090.6700439453125
2013-03-04,1087.3699951171875
2013-03-05,1096.5899658203125
2013-03-06,1098.719970703125
2013-03-07,1096.3800048828125
2013-03-11,1101.510009765625
2013-03-12,1103.489990234375
2013-03-13,1103.4300537109375
2013-03-14,1104.1099853515625
2013-03-18,1105.8199462890625
2013-03-19,1111.8599853515625
2013-03-20,1112.5799560546875
2013-03-21,1104.1400146484375
2013-03-27,1107.22998046875
2013-03-28,1100.0400390625
2013-04-02,1104.219970703125
2013-04-03,1103.5899658203125
2013-04-04,1094.1700439453125
2013-04-08,1093.5999755859375
2013-04-09,1094.760009765625
2013-04-10,1098.469970703125
2013-04-11,1096.4300537109375
2013-04-17,1085.949951171875
2013-04-18,1074.030029296875
2013-04-22,1073.3499755859375
2013-04-23,1079.6600341796875
2013-04-24,1086.4100341796875
2013-04-25,1078.8499755859375
2013-04-29,1073.9000244140625
2013-04-30,1082.949951171875
2013-05-01,1081.2099609375
2013-05-02,1080.8499755859375
2013-05-06,1087.06005859375
2013-05-07,1088.4100341796875
2013-05-08,1087.4000244140625
2013-05-09,1076.1700439453125
2013-05-13,1077.02001953125
2013-05-16,1089.06005859375
2013-05-20,1105.3699951171875
2013-05-21,1108.7900390625
2013-05-22,1108.8399658203125
2013-05-23,1091.43994140625
2013-05-27,1101.530029296875
2013-05-28,1118.010009765625
2013-05-29,1109.1199951171875
2013-05-30,1107.9000244140625
2013-06-03,1107.9599609375
2013-06-04,1110.52001953125
2013-06-05,1103.8699951171875
2013-06-06,1101.4599609375
2013-06-10,1111.8900146484375
2013-06-11,1104.0799560546875
2013-06-12,1102.0899658203125
2013-06-13,1093.1099853515625
2013-06-17,1102.18994140625
2013-06-18,1102.780029296875
2013-06-19,1099.9200439453125
2013-06-20,1087.5999755859375
2013-06-24,1071.52001953125
2013-06-25,1069.3499755859375
2013-06-26,1070.7099609375
2013-06-27,1069.56005859375
2013-07-01,1076.6300048828125
2013-07-02,1080.3199462890625
2013-07-03,1072.800048828125
2013-07-04,1075.510009765625
2013-07-08,1088.010009765625
2013-07-09,1088.68994140625
2013-07-10,1089.050048828125
2013-07-11,1096.0
2013-07-15,1103.469970703125
2013-07-17,1108.0400390625
2013-07-18,1111.2099609375
2013-07-22,1112.1400146484375
2013-07-23,1112.52001953125
2013-07-24,1116.760009765625
2013-07-25,1110.56005859375
2013-07-29,1107.5999755859375
2013-07-30,1093.1600341796875
2013-07-31,1094.06005859375
2013-08-01,1098.8299560546875
2013-08-05,1100.1600341796875
2013-08-06,1096.52001953125
2013-08-07,1096.43994140625
2013-08-08,1097.6600341796875
2013-08-12,1099.0899658203125
2013-08-13,1105.489990234375
2013-08-14,1107.1300048828125
2013-08-15,1099.260009765625
2013-08-19,1102.02001953125
2013-08-20,1099.5400390625
2013-08-21,1097.219970703125
2013-08-22,1095.280029296875
2013-08-26,1082.0899658203125
2013-08-27,1060.22998046875
2013-08-28,1069.68994140625
2013-08-29,1081.6800537109375
2013-09-02,1090.8199462890625
2013-09-03,1082.06005859375
2013-09-09,1080.6500244140625
2013-09-10,1095.8900146484375
2013-09-11,1097.6199951171875
2013-09-12,1094.6199951171875
2013-09-16,1116.050048828125
2013-09-17,1123.3800048828125
2013-09-23,1137.6600341796875
2013-09-24,1135.8199462890625
2013-09-30,1142.510009765625
2013-10-01,1150.469970703125
2013-10-02,1148.530029296875
2013-10-03,1136.9100341796875
2013-10-07,1154.530029296875
2013-10-08,1158.739990234375
2013-10-09,1160.31005859375
2013-10-10,1167.6400146484375
2013-10-14,1167.3299560546875
2013-10-15,1171.25
2013-10-16,1175.6099853515625
2013-10-17,1170.3900146484375
2013-10-21,1177.93994140625
2013-10-22,1182.4100341796875
2013-10-23,1167.469970703125
2013-10-24,1164.81005859375
2013-10-28,1164.1400146484375
2013-10-29,1166.6800537109375
2013-10-30,1158.1300048828125
2013-10-31,1160.43994140625
2013-11-04,1174.760009765625
2013-11-05,1172.27001953125
2013-11-06,1179.2099609375
2013-11-07,1185.8399658203125
2013-11-11,1190.6500244140625
2013-11-12,1188.22998046875
2013-11-13,1185.0699462890625
2013-11-14,1192.0999755859375
2013-11-18,1204.6800537109375
2013-11-19,1204.56005859375
2013-11-20,1213.260009765625
2013-11-21,1212.9599609375
2013-11-25,1217.06005859375
2013-11-26,1213.300048828125
2013-11-27,1216.06005859375
2013-11-28,1218.4300537109375
2013-12-02,1229.719970703125
2013-12-03,1222.1800537109375
2013-12-04,1216.5699462890625
2013-12-05,1222.3800048828125
2013-12-09,1220.6099853515625
2013-12-10,1210.1800537109375
2013-12-11,1202.510009765625
2013-12-12,1185.4000244140625
2013-12-16,1190.6199951171875
2013-12-17,1189.3199462890625
2013-12-18,1196.3199462890625
2013-12-19,1193.9300537109375
2013-12-23,1216.97998046875
2013-12-24,1211.4000244140625
2013-12-26,1207.31005859375
2013-12-30,1200.300048828125
2013-12-31,1206.800048828125
2014-01-01,1218.9599609375
2014-01-02,1207.489990234375
2014-01-06,1206.4599609375
2014-01-07,1218.3499755859375
2014-01-08,1219.27001953125
2014-01-09,1218.6400146484375
2014-01-13,1233.1400146484375
2014-01-14,1230.68994140625
2014-01-15,1245.010009765625
2014-01-16,1242.9000244140625
2014-01-20,1221.0999755859375
2014-01-21,1229.010009765625
2014-01-22,1226.8399658203125
2014-01-23,1219.72998046875
2014-01-27,1207.4000244140625
2014-01-28,1209.1199951171875
2014-01-29,1203.1199951171875
2014-01-30,1200.6300048828125
2014-02-03,1198.1500244140625
2014-02-04,1197.760009765625
2014-02-05,1198.7099609375
2014-02-06,1206.1700439453125
2014-02-10,1203.760009765625
2014-02-11,1208.780029296875
2014-02-12,1211.56005859375
2014-02-13,1209.1400146484375
2014-02-17,1220.1099853515625
2014-02-18,1221.8499755859375
2014-02-19,1223.8800048828125
2014-02-20,1224.02001953125
2014-02-24,1236.469970703125
2014-02-25,1239.77001953125
2014-02-26,1251.9100341796875
2014-02-27,1253.56005859375
2014-03-03,1251.9000244140625
2014-03-04,1266.6400146484375
2014-03-05,1269.93994140625
2014-03-06,1272.280029296875
2014-03-10,1266.1400146484375
2014-03-11,1271.4300537109375
2014-03-12,1265.72998046875
2014-03-13,1266.5999755859375
2014-03-17,1271.72998046875
2014-03-18,1274.9599609375
2014-03-19,1282.510009765625
2014-03-20,1278.43994140625
2014-03-24,1271.0
2014-03-25,1282.760009765625
2014-03-26,1287.6099853515625
2014-03-27,1281.1199951171875
2014-03-31,1282.219970703125
2014-04-01,1294.449951171875
2014-04-02,1298.550048828125
2014-04-03,1301.050048828125
2014-04-07,1297.5899658203125
2014-04-08,1280.469970703125
2014-04-09,1289.56005859375
2014-04-10,1288.97998046875
2014-04-16,1269.780029296875
2014-04-17,1261.43994140625
2014-04-22,1281.199951171875
2014-04-23,1271.5899658203125
2014-04-24,1264.1700439453125
2014-04-28,1261.31005859375
2014-04-29,1255.8399658203125
2014-04-30,1250.02001953125
2014-05-01,1252.52001953125
2014-05-07,1234.56005859375
2014-05-08,1237.06005859375
2014-05-12,1242.4200439453125
2014-05-13,1253.1400146484375
2014-05-14,1252.56005859375
2014-05-15,1247.0899658203125
2014-05-19,1248.6199951171875
2014-05-20,1250.8199462890625
2014-05-21,1251.5899658203125
2014-05-22,1252.300048828125
2014-05-26,1267.52001953125
2014-05-27,1265.3199462890625
2014-05-28,1261.9200439453125
2014-05-29,1256.739990234375
2014-06-02,1258.9300537109375
2014-06-05,1260.06005859375
2014-06-09,1270.3699951171875
2014-06-10,1265.4000244140625
2014-06-11,1261.3499755859375
2014-06-12,1258.1400146484375
2014-06-16,1256.989990234375
2014-06-17,1258.5999755859375
2014-06-18,1261.5999755859375
2014-06-19,1266.949951171875
2014-06-23,1264.510009765625
2014-06-24,1264.449951171875
2014-06-25,1251.3900146484375
2014-06-26,1248.199951171875
2014-06-30,1252.3900146484375
2014-07-01,1250.489990234375
2014-07-02,1252.6700439453125
2014-07-03,1256.239990234375
2014-07-07,1244.0
2014-07-08,1230.969970703125
2014-07-09,1238.8199462890625
2014-07-10,1233.6500244140625
2014-07-14,1255.7900390625
2014-07-15,1258.550048828125
2014-07-16,1261.1500244140625
2014-07-17,1260.6199951171875
2014-07-21,1252.31005859375
2014-07-22,1256.6700439453125
2014-07-23,1254.7099609375
2014-07-24,1255.739990234375
2014-07-28,1251.8900146484375
2014-07-29,1253.3399658203125
2014-07-30,1253.5699462890625
2014-07-31,1246.199951171875
2014-08-04,1247.7099609375
2014-08-06,1238.4100341796875
2014-08-07,1236.9000244140625
2014-08-11,1237.8599853515625
2014-08-12,1235.47998046875
2014-08-13,1235.449951171875
2014-08-14,1238.6800537109375
2014-08-18,1235.93994140625
2014-08-19,1238.3299560546875
2014-08-20,1234.1800537109375
2014-08-21,1238.8599853515625
2014-08-25,1243.31005859375
2014-08-26,1248.6800537109375
2014-08-27,1265.93994140625
2014-08-28,1263.969970703125
2014-09-01,1273.8399658203125
2014-09-02,1278.93994140625
2014-09-03,1285.3299560546875
2014-09-04,1285.3499755859375
2014-09-08,1288.0999755859375
2014-09-09,1285.4200439453125
2014-09-10,1281.719970703125
2014-09-11,1283.97998046875
2014-09-15,1278.8599853515625
2014-09-16,1282.5
2014-09-17,1294.949951171875
2014-09-18,1301.9300537109375
2014-09-22,1306.260009765625
2014-09-23,1304.2900390625
2014-09-29,1305.0699462890625
2014-09-30,1305.43994140625
2014-10-01,1296.8800048828125
2014-10-02,1297.9300537109375
2014-10-06,1312.8399658203125
2014-10-07,1310.56005859375
2014-10-13,1291.3499755859375
2014-10-14,1277.1800537109375
2014-10-20,1279.050048828125
2014-10-21,1286.699951171875
2014-10-22,1289.6199951171875
2014-10-23,1292.760009765625
2014-10-27,1291.760009765625
2014-10-28,1291.6500244140625
2014-10-29,1284.3399658203125
2014-10-30,1276.800048828125
2014-11-03,1294.02001953125
2014-11-04,1293.5699462890625
2014-11-05,1299.719970703125
2014-11-06,1296.7099609375
2014-11-10,1296.93994140625
2014-11-11,1288.6300048828125
2014-11-12,1285.75
2014-11-13,1287.9200439453125
2014-11-17,1290.8800048828125
2014-11-18,1294.56005859375
2014-11-19,1296.449951171875
2014-11-20,1292.9200439453125
2014-11-24,1284.3499755859375
2014-11-25,1284.27001953125
2014-11-26,1302.1800537109375
2014-11-27,1310.199951171875
2014-12-01,1305.8299560546875
2014-12-02,1306.8599853515625
2014-12-03,1313.969970703125
2014-12-04,1318.5
2014-12-08,1325.510009765625
2014-12-09,1307.8399658203125
2014-12-10,1312.6199951171875
2014-12-11,1316.780029296875
2014-12-15,1311.8299560546875
2014-12-16,1290.510009765625
2014-12-17,1296.030029296875
2014-12-18,1311.1099853515625
2014-12-22,1311.4000244140625
2014-12-30,1275.5799560546875
2014-12-31,1288.9300537109375
2015-01-05,1279.77001953125
2015-01-06,1277.489990234375
2015-01-07,1280.8399658203125
2015-01-08,1290.0
2015-01-12,1285.489990234375
2015-01-13,1296.8399658203125
2015-01-14,1284.3299560546875
2015-01-15,1282.010009765625
2015-01-19,1273.56005859375
2015-01-20,1275.6300048828125
2015-01-21,1273.8199462890625
2015-01-22,1271.3299560546875
2015-01-26,1279.6500244140625
2015-01-27,1279.0799560546875
2015-01-28,1277.0799560546875
2015-01-29,1269.7099609375
2015-02-02,1269.7099609375
2015-02-03,1277.699951171875
2015-02-04,1279.56005859375
2015-02-05,1282.4300537109375
2015-02-09,1284.8399658203125
2015-02-10,1289.780029296875
2015-02-11,1285.3900146484375
2015-02-12,1284.469970703125
2015-02-16,1300.8900146484375
2015-02-17,1302.18994140625
2015-02-18,1307.530029296875
2015-02-19,1310.0699462890625
2015-02-23,1326.5400390625
2015-02-24,1326.1400146484375
2015-02-25,1335.5999755859375
2015-02-26,1341.780029296875
2015-03-02,1360.22998046875
2015-03-03,1354.0400390625
2015-03-04,1356.1199951171875
2015-03-09,1369.530029296875
2015-03-10,1364.4200439453125
2015-03-11,1374.010009765625
2015-03-12,1379.3399658203125
2015-03-16,1375.1600341796875
2015-03-18,1389.5899658203125
2015-03-19,1403.530029296875
2015-03-23,1411.5400390625
2015-03-24,1406.77001953125
2015-03-25,1411.989990234375
2015-03-26,1397.77001953125
2015-03-30,1413.1700439453125
2015-03-31,1416.1600341796875
2015-04-01,1419.56005859375
2015-04-02,1430.4100341796875
2015-04-06,1436.8699951171875
2015-04-07,1453.5400390625
2015-04-08,1443.47998046875
2015-04-13,1480.2099609375
2015-04-14,1473.52001953125
2015-04-15,1480.3499755859375
2015-04-16,1477.9100341796875
2015-04-20,1467.739990234375
2015-04-21,1470.8599853515625
2015-04-27,1466.31005859375
2015-04-28,1440.43994140625
2015-04-29,1433.6099853515625
2015-04-30,1430.6099853515625
2015-05-04,1432.949951171875
2015-05-05,1424.0799560546875
2015-05-06,1415.43994140625
2015-05-07,1420.6199951171875
2015-05-11,1435.050048828125
2015-05-12,1425.22998046875
2015-05-13,1438.2099609375
2015-05-14,1435.52001953125
2015-05-18,1457.1199951171875
2015-05-19,1477.6700439453125
2015-05-20,1476.25
2015-05-21,1482.780029296875
2015-05-25,1479.3199462890625
2015-05-26,1465.0899658203125
2015-05-27,1460.739990234375
2015-05-28,1454.510009765625
2015-06-01,1467.3599853515625
2015-06-02,1462.8399658203125
2015-06-03,1472.0799560546875
2015-06-04,1467.550048828125
2015-06-08,1469.52001953125
2015-06-09,1454.77001953125
2015-06-10,1448.0899658203125
2015-06-11,1457.469970703125
2015-06-15,1440.0899658203125
2015-06-16,1451.52001953125
2015-06-17,1456.739990234375
2015-06-18,1456.969970703125
2015-06-22,1463.02001953125
2015-06-23,1454.0999755859375
2015-06-24,1446.8800048828125
2015-06-25,1444.300048828125
2015-06-29,1414.760009765625
2015-06-30,1420.260009765625
2015-07-01,1439.030029296875
2015-07-02,1430.5400390625
2015-07-06,1424.9599609375
2015-07-07,1427.6199951171875
2015-07-08,1413.0899658203125
2015-07-09,1425.760009765625
2015-07-13,1445.77001953125
2015-07-14,1446.5699462890625
2015-07-15,1449.010009765625
2015-07-16,1458.800048828125
2015-07-20,1479.3299560546875
2015-07-21,1474.6400146484375
2015-07-22,1465.800048828125
2015-07-23,1468.1300048828125
2015-07-27,1466.9599609375
2015-07-28,1476.989990234375
2015-07-29,1482.699951171875
2015-07-30,1476.8499755859375
2015-08-03,1482.27001953125
2015-08-04,1478.8800048828125
2015-08-05,1489.4599609375
2015-08-06,1483.300048828125
2015-08-10,1492.4000244140625
2015-08-11,1486.449951171875
2015-08-12,1478.3499755859375
2015-08-13,1486.6400146484375
2015-08-17,1497.0899658203125
2015-08-18,1502.0799560546875
2015-08-19,1495.4300537109375
2015-08-20,1477.7900390625
2015-08-24,1355.1700439453125
2015-08-25,1403.22998046875
2015-08-26,1392.8800048828125
2015-08-27,1398.1199951171875
2015-08-31,1382.489990234375
2015-09-01,1370.97998046875
2015-09-02,1392.7099609375
2015-09-03,1400.6099853515625
2015-09-07,1395.7099609375
2015-09-08,1405.5799560546875
2015-09-09,1399.6099853515625
2015-09-10,1391.3800048828125
2015-09-16,1392.8599853515625
2015-09-17,1393.030029296875
2015-09-21,1380.3900146484375
2015-09-24,1336.93994140625
2015-09-29,1303.18994140625
2015-09-30,1294.449951171875
2015-10-01,1305.8199462890625
2015-10-06,1323.3699951171875
2015-10-07,1334.3199462890625
2015-10-08,1326.9000244140625
2015-10-12,1326.3199462890625
2015-10-13,1311.2099609375
2015-10-14,1318.050048828125
2015-10-15,1331.5
2015-10-19,1342.0699462890625
2015-10-20,1346.47998046875
2015-10-21,1351.0
2015-10-22,1345.06005859375
2015-10-26,1363.4100341796875
2015-10-27,1356.9200439453125
2015-10-28,1360.3399658203125
2015-10-29,1366.6199951171875
2015-11-02,1365.68994140625
2015-11-03,1369.8699951171875
2015-11-04,1371.3699951171875
2015-11-05,1368.93994140625
2015-11-09,1353.449951171875
2015-11-10,1353.6300048828125
2015-11-11,1363.2900390625
2015-11-12,1352.8599853515625
2015-11-16,1339.0400390625
2015-11-17,1350.8199462890625
2015-11-18,1357.8299560546875
2015-11-19,1361.27001953125
2015-11-23,1357.489990234375
2015-11-24,1343.5400390625
2015-11-25,1349.3499755859375
2015-11-26,1346.1300048828125
2015-11-30,1345.3699951171875
2015-12-01,1356.530029296875
2015-12-02,1358.8599853515625
2015-12-03,1347.969970703125
2015-12-07,1341.06005859375
2015-12-08,1332.0400390625
2015-12-09,1329.3800048828125
2015-12-10,1319.0400390625
2015-12-14,1288.8699951171875
2015-12-15,1301.9000244140625
2015-12-16,1295.6400146484375
2015-12-17,1312.0799560546875
2015-12-21,1295.969970703125
2015-12-22,1287.9599609375
2015-12-23,1292.9300537109375
2015-12-24,1308.8699951171875
2015-12-28,1315.0400390625
2015-12-29,1321.1500244140625
2015-12-30,1318.1700439453125
2015-12-31,1315.219970703125
2016-01-04,1311.3800048828125
2016-01-05,1321.1600341796875
2016-01-06,1308.93994140625
2016-01-07,1287.6300048828125
2016-01-11,1283.530029296875
2016-01-12,1292.47998046875
2016-01-13,1286.3399658203125
2016-01-14,1248.1500244140625
2016-01-18,1246.780029296875
2016-01-19,1257.1800537109375
2016-01-20,1230.7099609375
2016-01-21,1242.260009765625
2016-01-25,1250.5
2016-01-26,1251.0999755859375
2016-01-27,1248.199951171875
2016-01-28,1246.2099609375
2016-02-01,1262.43994140625
2016-02-02,1253.6800537109375
2016-02-03,1242.9100341796875
2016-02-04,1246.3900146484375
2016-02-08,1216.1099853515625
2016-02-09,1211.199951171875
2016-02-10,1216.050048828125
2016-02-11,1183.469970703125
2016-02-15,1208.3699951171875
2016-02-16,1209.6300048828125
2016-02-17,1228.050048828125
2016-02-18,1222.7900390625
2016-02-22,1234.9100341796875
2016-02-23,1233.260009765625
2016-02-24,1223.7099609375
2016-02-25,1230.0899658203125
2016-02-29,1239.25
2016-03-01,1242.9200439453125
2016-03-02,1248.5400390625
2016-03-03,1247.699951171875
2016-03-07,1253.260009765625
2016-03-08,1254.8900146484375
2016-03-09,1258.0799560546875
2016-03-10,1268.7900390625
2016-03-14,1278.02001953125
2016-03-15,1270.7099609375
2016-03-16,1277.4300537109375
2016-03-17,1272.0999755859375
2016-03-21,1276.2900390625
2016-03-22,1277.989990234375
2016-03-23,1277.699951171875
2016-03-28,1264.6800537109375
2016-03-29,1256.5999755859375
2016-03-30,1260.800048828125
2016-03-31,1251.02001953125
2016-04-04,1256.43994140625
2016-04-05,1246.2099609375
2016-04-06,1252.1700439453125
2016-04-07,1251.5899658203125
2016-04-11,1255.010009765625
2016-04-12,1251.4000244140625
2016-04-13,1267.030029296875
2016-04-14,1273.1199951171875
2016-04-18,1284.1500244140625
2016-04-19,1295.1099853515625
2016-04-20,1295.25
2016-04-21,1291.97998046875
2016-04-25,1286.449951171875
2016-04-26,1264.1099853515625
2016-04-27,1245.1199951171875
2016-05-02,1232.6099853515625
2016-05-03,1224.8699951171875
2016-05-04,1221.4200439453125
2016-05-05,1223.449951171875
2016-05-09,1221.3499755859375
2016-05-10,1225.1199951171875
2016-05-16,1209.7099609375
2016-05-17,1211.5400390625
2016-05-18,1220.22998046875
2016-05-19,1213.6600341796875
2016-05-23,1224.6600341796875
2016-05-24,1237.3399658203125
2016-05-25,1248.6500244140625
2016-05-26,1238.8800048828125
2016-05-30,1254.3399658203125
2016-05-31,1253.68994140625
2016-06-01,1252.4100341796875
2016-06-02,1255.9000244140625
2016-06-06,1257.5899658203125
2016-06-07,1258.6800537109375
2016-06-08,1254.1199951171875
2016-06-09,1245.5899658203125
2016-06-13,1230.43994140625
2016-06-14,1227.0999755859375
2016-06-15,1236.5
2016-06-16,1223.030029296875
2016-06-20,1237.550048828125
2016-06-21,1236.5799560546875
2016-06-22,1240.550048828125
2016-06-23,1241.3399658203125
2016-06-27,1196.3800048828125
2016-06-28,1205.2099609375
2016-06-29,1211.0899658203125
2016-06-30,1210.949951171875
2016-07-04,1228.4300537109375
2016-07-05,1220.760009765625
2016-07-06,1216.22998046875
2016-07-07,1227.219970703125
2016-07-11,1249.010009765625
2016-07-12,1257.280029296875
2016-07-13,1262.22998046875
2016-07-14,1269.3599853515625
2016-07-18,1269.760009765625
2016-07-19,1270.4599609375
2016-07-20,1277.8800048828125
2016-07-21,1279.25
2016-07-25,1277.449951171875
2016-07-26,1274.81005859375
2016-07-27,1274.52001953125
2016-07-28,1267.260009765625
2016-08-01,1276.3900146484375
2016-08-02,1266.0899658203125
2016-08-03,1267.3900146484375
2016-08-04,1274.27001953125
2016-08-08,1290.3199462890625
2016-08-09,1291.260009765625
2016-08-10,1280.6800537109375
2016-08-11,1285.9000244140625
2016-08-15,1291.8800048828125
2016-08-16,1288.4200439453125
2016-08-17,1283.719970703125
2016-08-18,1286.3599853515625
2016-08-22,1291.02001953125
2016-08-23,1297.0400390625
2016-08-24,1293.449951171875
2016-08-25,1279.97998046875
2016-08-29,1271.75
2016-08-30,1273.8900146484375
2016-08-31,1271.2900390625
2016-09-01,1266.3599853515625
2016-09-05,1271.77001953125
2016-09-06,1274.06005859375
2016-09-07,1281.8900146484375
2016-09-08,1278.2900390625
2016-09-12,1259.31005859375
2016-09-13,1254.3900146484375
2016-09-14,1253.1600341796875
2016-09-15,1254.1199951171875
2016-09-19,1270.300048828125
2016-09-20,1265.9300537109375
2016-09-21,1262.989990234375
2016-09-22,1279.8499755859375
2016-09-26,1276.469970703125
2016-09-27,1271.5
2016-09-28,1272.18994140625
2016-09-29,1260.77001953125
2016-10-05,1261.9100341796875
2016-10-06,1256.81005859375
2016-10-10,1266.239990234375
2016-10-13,1240.3599853515625
2016-10-18,1248.4300537109375
2016-10-19,1251.25
2016-10-20,1251.6500244140625
2016-10-25,1259.739990234375
2016-10-26,1254.9000244140625
2016-10-27,1252.010009765625
2016-10-31,1229.77001953125
2016-11-01,1226.1300048828125
2016-11-02,1218.2900390625
2016-11-03,1216.06005859375
2016-11-07,1232.6099853515625
2016-11-08,1223.949951171875
2016-11-09,1233.1099853515625
2016-11-10,1242.489990234375
2016-11-14,1247.969970703125
2016-11-15,1247.27001953125
2016-11-16,1251.0899658203125
2016-11-17,1251.1099853515625
2016-11-21,1261.6300048828125
2016-11-22,1268.3599853515625
2016-11-23,1264.280029296875
2016-11-24,1266.3299560546875
2016-11-28,1267.3499755859375
2016-11-29,1266.3199462890625
2016-11-30,1265.31005859375
2016-12-01,1259.489990234375
2016-12-05,1269.4599609375
2016-12-06,1263.3399658203125
2016-12-07,1258.949951171875
2016-12-08,1264.0400390625
2016-12-12,1272.969970703125
2016-12-13,1280.43994140625
2016-12-14,1272.1400146484375
2016-12-15,1269.77001953125
2016-12-19,1276.9300537109375
2016-12-20,1282.75
2016-12-21,1276.3299560546875
2016-12-22,1276.469970703125
2016-12-26,1272.25
2016-12-27,1286.3599853515625
2016-12-28,1290.3299560546875
2016-12-29,1282.4100341796875
2017-01-02,1280.4200439453125
2017-01-03,1285.43994140625
2017-01-04,1287.77001953125
2017-01-05,1290.6600341796875
2017-01-09,1284.239990234375
2017-01-10,1280.510009765625
2017-01-11,1276.43994140625
2017-01-12,1269.0799560546875
2017-01-16,1266.4599609375
2017-01-17,1264.5899658203125
2017-01-18,1260.949951171875
2017-01-19,1248.0899658203125
2017-01-23,1232.239990234375
2017-01-24,1239.1500244140625
2017-01-25,1248.0799560546875
2017-01-26,1250.2900390625
2017-01-30,1240.739990234375
2017-01-31,1242.9599609375
2017-02-01,1254.1099853515625
2017-02-02,1248.68994140625
2017-02-06,1248.8499755859375
2017-02-07,1252.77001953125
2017-02-08,1244.8699951171875
2017-02-09,1253.68994140625
2017-02-13,1274.550048828125
2017-02-14,1275.9000244140625
2017-02-15,1282.5699462890625
2017-02-16,1287.4200439453125
2017-02-20,1294.93994140625
2017-02-21,1293.3199462890625
2017-02-22,1289.25
2017-02-23,1286.4200439453125
2017-02-27,1277.969970703125
2017-02-28,1265.6099853515625
2017-03-01,1284.3299560546875
2017-03-02,1287.6600341796875
2017-03-06,1273.1800537109375
2017-03-07,1273.3199462890625
2017-03-08,1280.699951171875
2017-03-09,1281.4200439453125
2017-03-13,1282.56005859375
2017-03-14,1279.300048828125
2017-03-15,1279.8299560546875
2017-03-16,1272.47998046875
2017-03-20,1270.6199951171875
2017-03-21,1263.260009765625
2017-03-22,1260.5699462890625
2017-03-23,1267.5799560546875
2017-03-27,1247.760009765625
2017-03-28,1254.199951171875
2017-03-29,1253.300048828125
2017-03-30,1251.280029296875
2017-04-03,1251.8800048828125
2017-04-04,1253.3499755859375
2017-04-05,1264.0400390625
2017-04-06,1260.1600341796875
2017-04-12,1257.8199462890625
2017-04-13,1244.530029296875
2017-04-18,1244.6700439453125
2017-04-19,1255.050048828125
2017-04-20,1258.4000244140625
2017-04-24,1264.6099853515625
2017-04-25,1267.5899658203125
2017-04-26,1274.280029296875
2017-04-27,1271.989990234375
2017-05-03,1270.3199462890625
2017-05-04,1276.02001953125
2017-05-08,1289.27001953125
2017-05-09,1295.8900146484375
2017-05-10,1291.9200439453125
2017-05-11,1295.93994140625
2017-05-15,1303.9300537109375
2017-05-16,1304.5699462890625
2017-05-17,1290.8199462890625
2017-05-18,1282.699951171875
2017-05-22,1297.6300048828125
2017-05-23,1299.3499755859375
2017-05-24,1297.97998046875
2017-05-25,1301.3900146484375
2017-05-29,1297.43994140625
2017-06-01,1296.02001953125
2017-06-05,1301.3299560546875
2017-06-06,1293.27001953125
2017-06-07,1295.1800537109375
2017-06-08,1290.52001953125
2017-06-12,1280.5400390625
2017-06-13,1289.06005859375
2017-06-14,1292.030029296875
2017-06-15,1282.239990234375
2017-06-19,1298.489990234375
2017-06-20,1295.56005859375
2017-06-21,1296.6400146484375
2017-06-22,1292.4100341796875
2017-06-26,1297.719970703125
2017-06-27,1291.6700439453125
2017-06-28,1290.0799560546875
2017-06-29,1287.72998046875
2017-07-03,1295.239990234375
2017-07-04,1294.1500244140625
2017-07-05,1293.22998046875
2017-07-06,1288.9599609375
2017-07-10,1299.1500244140625
2017-07-11,1296.75
2017-07-12,1301.9100341796875
2017-07-13,1310.1199951171875
2017-07-17,1309.0999755859375
2017-07-18,1305.93994140625
2017-07-19,1307.5
2017-07-20,1307.989990234375
2017-07-24,1299.9599609375
2017-07-25,1304.8800048828125
2017-07-26,1304.6099853515625
2017-07-27,1303.2900390625
2017-07-31,1296.8699951171875
2017-08-02,1292.3199462890625
2017-08-03,1278.8599853515625
2017-08-07,1264.25
2017-08-08,1261.52001953125
2017-08-09,1245.300048828125
2017-08-10,1235.1700439453125
2017-08-14,1256.739990234375
2017-08-15,1257.5799560546875
2017-08-16,1263.739990234375
2017-08-17,1260.489990234375
2017-08-21,1261.030029296875
2017-08-22,1269.8800048828125
2017-08-23,1262.550048828125
2017-08-24,1264.52001953125
2017-08-28,1264.0400390625
2017-08-29,1253.449951171875
2017-08-30,1262.260009765625
2017-08-31,1271.6600341796875
2017-09-04,1263.3699951171875
2017-09-05,1267.3499755859375
2017-09-06,1267.0699462890625
2017-09-07,1261.8299560546875
2017-09-11,1274.5
2017-09-12,1280.2099609375
2017-09-13,1285.4100341796875
2017-09-14,1283.0400390625
2017-09-18,1298.22998046875
2017-09-19,1295.3699951171875
2017-09-25,1290.949951171875
2017-09-26,1291.8199462890625
2017-09-27,1291.97998046875
2017-09-28,1290.989990234375
2017-10-02,1303.02001953125
2017-10-03,1305.4599609375
2017-10-09,1316.06005859375
2017-10-10,1311.93994140625
2017-10-16,1315.1800537109375
2017-10-17,1316.72998046875
2017-10-18,1320.780029296875
2017-10-19,1309.1600341796875
2017-10-23,1314.219970703125
2017-10-24,1314.8699951171875
2017-10-25,1311.239990234375
2017-10-26,1310.7099609375
2017-10-30,1315.1800537109375
2017-10-31,1313.9000244140625
2017-11-01,1316.2099609375
2017-11-02,1301.8199462890625
2017-11-06,1303.6300048828125
2017-11-07,1302.239990234375
2017-11-08,1299.1400146484375
2017-11-09,1291.0799560546875
2017-11-13,1296.4599609375
2017-11-14,1293.010009765625
2017-11-15,1283.8299560546875
2017-11-16,1289.06005859375
2017-11-20,1292.68994140625
2017-11-21,1300.8900146484375
2017-11-22,1302.489990234375
2017-11-23,1311.6300048828125
2017-11-27,1315.050048828125
2017-11-28,1322.1700439453125
2017-11-29,1326.6099853515625
2017-11-30,1329.6400146484375
2017-12-04,1334.010009765625
2017-12-05,1328.6800537109375
2017-12-06,1319.18994140625
2017-12-07,1314.1300048828125
2017-12-11,1326.25
2017-12-12,1328.510009765625
2017-12-13,1322.989990234375
2017-12-14,1325.0699462890625
2017-12-18,1335.0
2017-12-19,1333.949951171875
2017-12-20,1337.9300537109375
2017-12-21,1343.0699462890625
2017-12-26,1359.219970703125
2017-12-27,1359.5699462890625
2017-12-28,1365.6300048828125
2018-01-02,1385.699951171875
2018-01-03,1382.800048828125
2018-01-04,1387.6700439453125
2018-01-08,1389.030029296875
2018-01-09,1390.3199462890625
2018-01-10,1378.5699462890625
2018-01-11,1390.8499755859375
2018-01-15,1402.0699462890625
2018-01-16,1400.5899658203125
2018-01-17,1392.280029296875
2018-01-18,1390.3499755859375
2018-01-22,1393.25
2018-01-23,1397.739990234375
2018-01-24,1400.75
2018-01-25,1402.68994140625
2018-01-29,1409.72998046875
2018-01-30,1398.8199462890625
2018-01-31,1407.5799560546875
2018-02-01,1403.1300048828125
2018-02-05,1366.6099853515625
2018-02-06,1348.3800048828125
2018-02-07,1359.8299560546875
2018-02-08,1343.1300048828125
2018-02-12,1334.2099609375
2018-02-13,1330.489990234375
2018-02-14,1339.8900146484375
2018-02-15,1354.8199462890625
2018-02-19,1372.969970703125
2018-02-20,1364.550048828125
2018-02-21,1366.1500244140625
2018-02-22,1363.1700439453125
2018-02-26,1372.18994140625
2018-02-27,1370.719970703125
2018-02-28,1361.6700439453125
2018-03-05,1339.3499755859375
2018-03-06,1344.4200439453125
2018-03-07,1339.8699951171875
2018-03-08,1341.989990234375
2018-03-12,1353.6500244140625
2018-03-13,1361.010009765625
2018-03-14,1359.22998046875
2018-03-15,1363.25
2018-03-19,1347.239990234375
2018-03-20,1350.56005859375
2018-03-21,1348.5899658203125
2018-03-22,1336.27001953125
2018-03-26,1312.739990234375
2018-03-27,1322.010009765625
2018-03-28,1309.2099609375
2018-03-29,1310.8299560546875
2018-04-02,1308.6400146484375
2018-04-03,1299.050048828125
2018-04-04,1270.0699462890625
2018-04-09,1293.1700439453125
2018-04-10,1312.4200439453125
2018-04-11,1307.5400390625
2018-04-12,1326.3800048828125
2018-04-16,1339.1800537109375
2018-04-17,1344.3399658203125
2018-04-23,1344.7900390625
2018-04-24,1345.97998046875
2018-04-25,1325.8399658203125
2018-04-26,1330.7900390625
2018-04-30,1327.72998046875
2018-05-01,1322.989990234375
2018-05-02,1334.280029296875
2018-05-03,1333.4100341796875
2018-05-07,1334.1099853515625
2018-05-08,1325.22998046875
2018-05-09,1324.949951171875
2018-05-10,1331.1600341796875
2018-05-14,1340.5999755859375
2018-05-15,1343.5799560546875
2018-05-16,1352.1199951171875
2018-05-17,1360.47998046875
2018-05-21,1373.75
2018-05-22,1369.219970703125
2018-05-23,1357.989990234375
2018-05-24,1363.5
2018-05-28,1370.3499755859375
2018-05-29,1362.18994140625
2018-05-30,1364.739990234375
2018-05-31,1364.949951171875
2018-06-04,1376.5699462890625
2018-06-05,1385.3499755859375
2018-06-06,1381.8499755859375
2018-06-07,1387.2900390625
2018-06-11,1392.510009765625
2018-06-12,1392.6400146484375
2018-06-13,1392.3599853515625
2018-06-14,1393.27001953125
2018-06-18,1383.31005859375
2018-06-19,1376.050048828125
2018-06-20,1386.3599853515625
2018-06-21,1378.8699951171875
2018-06-25,1371.31005859375
2018-06-26,1373.699951171875
2018-06-27,1375.010009765625
2018-06-28,1364.050048828125
2018-07-02,1361.4100341796875
2018-07-03,1368.0
2018-07-04,1365.780029296875
2018-07-05,1364.3399658203125
2018-07-09,1372.4000244140625
2018-07-10,1380.6500244140625
2018-07-11,1376.739990234375
2018-07-12,1385.1500244140625
2018-07-16,1382.77001953125
2018-07-17,1383.0799560546875
2018-07-18,1386.050048828125
2018-07-19,1382.3599853515625
2018-07-23,1382.9200439453125
2018-07-24,1396.8699951171875
2018-07-25,1400.8399658203125
2018-07-26,1406.72998046875
2018-07-30,1407.1199951171875
2018-07-31,1408.9300537109375
2018-08-01,1412.010009765625
2018-08-02,1408.239990234375
2018-08-06,1429.4599609375
2018-08-07,1430.9000244140625
2018-08-08,1427.1199951171875
2018-08-09,1421.6400146484375
2018-08-12,1419.1500244140625
2018-08-13,1413.469970703125
2018-08-14,1411.719970703125
2018-08-15,1403.6099853515625
2018-08-16,1418.0899658203125
2018-08-19,1428.1500244140625
2018-08-20,1445.1199951171875
2018-08-21,1452.1800537109375
2018-08-22,1454.050048828125
2018-08-23,1468.7099609375
2018-08-26,1474.18994140625
2018-08-27,1486.02001953125
2018-08-28,1483.0899658203125
2018-08-29,1489.239990234375
2018-08-30,1492.969970703125
2018-09-02,1501.030029296875
2018-09-03,1497.739990234375
2018-09-04,1486.280029296875
2018-09-05,1467.3299560546875
2018-09-06,1470.5999755859375
2018-09-12,1468.68994140625
2018-09-13,1465.7900390625
2018-09-16,1486.4200439453125
2018-09-17,1493.9300537109375
2018-09-20,1505.0400390625
2018-09-25,1503.8499755859375
2018-09-26,1493.1600341796875
2018-09-27,1484.8199462890625
2018-10-02,1491.81005859375
2018-10-03,1499.489990234375
2018-10-04,1480.260009765625
2018-10-07,1475.1400146484375
2018-10-08,1468.2900390625
2018-10-09,1470.1400146484375
2018-10-10,1450.530029296875
2018-10-11,1435.239990234375
2018-10-14,1443.22998046875
2018-10-15,1437.510009765625
2018-10-16,1456.3599853515625
2018-10-17,1455.4200439453125
2018-10-18,1462.9200439453125
2018-10-21,1454.010009765625
2018-10-22,1454.6400146484375
2018-10-23,1428.6500244140625
2018-10-24,1436.8800048828125
2018-10-25,1417.9599609375
2018-10-28,1420.449951171875
2018-10-29,1422.800048828125
2018-10-31,1436.969970703125
2018-11-01,1458.219970703125
2018-11-04,1456.6199951171875
2018-11-05,1455.3299560546875
2018-11-06,1464.219970703125
2018-11-07,1488.1400146484375
2018-11-08,1493.3800048828125
2018-11-11,1489.6800537109375
2018-11-12,1480.68994140625
2018-11-13,1484.2099609375
2018-11-14,1474.52001953125
2018-11-15,1472.02001953125
2018-11-18,1476.5699462890625
2018-11-19,1473.5
2018-11-20,1449.550048828125
2018-11-21,1456.77001953125
2018-11-22,1447.31005859375
2018-11-25,1439.8800048828125
2018-11-26,1458.9000244140625
2018-11-27,1460.8900146484375
2018-11-28,1472.3599853515625
2018-11-29,1468.56005859375
2018-12-02,1489.4300537109375
2018-12-03,1491.0799560546875
2018-12-04,1472.2099609375
2018-12-05,1480.550048828125
2018-12-06,1444.0699462890625
2018-12-09,1440.8599853515625
2018-12-10,1430.489990234375
2018-12-11,1440.25
2018-12-12,1440.030029296875
2018-12-13,1441.699951171875
2018-12-16,1415.68994140625
2018-12-17,1411.780029296875
2018-12-18,1398.75
2018-12-19,1407.9200439453125
2018-12-20,1380.0
2018-12-23,1314.81005859375
2018-12-24,1287.6199951171875
2018-12-25,1312.1199951171875
2018-12-26,1316.0999755859375
2018-12-27,1314.0999755859375
2018-12-30,1331.3399658203125
2018-12-31,1333.1800537109375
2019-01-01,1348.9000244140625
2019-01-02,1334.199951171875
2019-01-03,1320.1600341796875
2019-01-06,1346.93994140625
2019-01-07,1353.2099609375
2019-01-08,1364.18994140625
2019-01-09,1367.06005859375
2019-01-10,1360.300048828125
2019-01-13,1354.3900146484375
2019-01-14,1348.0400390625
2019-01-15,1357.489990234375
2019-01-16,1368.6600341796875
2019-01-17,1368.52001953125
2019-01-20,1381.77001953125
2019-01-21,1373.9200439453125
2019-01-22,1369.72998046875
2019-01-23,1375.699951171875
2019-01-24,1381.800048828125
2019-01-27,1388.550048828125
2019-01-28,1391.02001953125
2019-01-29,1395.0699462890625
2019-01-30,1403.3399658203125
2019-01-31,1413.1600341796875
2019-02-03,1415.300048828125
2019-02-04,1414.449951171875
2019-02-05,1422.300048828125
2019-02-06,1414.9100341796875
2019-02-07,1401.3499755859375
2019-02-10,1401.1300048828125
2019-02-11,1406.260009765625
2019-02-12,1413.18994140625
2019-02-13,1420.81005859375
2019-02-14,1418.97998046875
2019-02-17,1427.9599609375
2019-02-18,1428.9200439453125
2019-02-19,1426.77001953125
2019-02-20,1436.3399658203125
2019-02-21,1428.719970703125
2019-02-24,1434.0799560546875
2019-02-25,1445.489990234375
2019-02-26,1440.0799560546875
2019-02-27,1425.2099609375
2019-02-28,1431.31005859375
2019-03-03,1438.699951171875
2019-03-04,1444.56005859375
2019-03-05,1432.1500244140625
2019-03-06,1428.8399658203125
2019-03-07,1408.199951171875
2019-03-10,1404.1700439453125
2019-03-11,1412.22998046875
2019-03-12,1407.3399658203125
2019-03-13,1423.5699462890625
2019-03-14,1418.25
2019-03-17,1428.18994140625
2019-03-18,1425.0400390625
2019-03-19,1424.4599609375
2019-03-20,1419.0799560546875
2019-03-24,1401.3900146484375
2019-03-25,1392.8900146484375
2019-03-26,1412.6600341796875
2019-03-27,1415.3399658203125
2019-03-28,1404.3900146484375
2019-03-31,1418.030029296875
2019-04-01,1430.43994140625
2019-04-02,1430.4000244140625
2019-04-03,1434.719970703125
2019-04-04,1423.550048828125
2019-04-07,1434.31005859375
2019-04-08,1442.300048828125
2019-04-10,1455.18994140625
2019-04-11,1461.9599609375
2019-04-14,1472.719970703125
2019-04-15,1471.780029296875
2019-04-16,1479.43994140625
2019-04-17,1469.280029296875
2019-04-18,1460.06005859375
2019-04-21,1468.25
2019-04-22,1461.5400390625
2019-04-23,1470.050048828125
2019-04-24,1484.6199951171875
2019-04-28,1494.75
2019-04-29,1487.199951171875
2019-04-30,1468.6099853515625
2019-05-01,1466.260009765625
2019-05-02,1457.43994140625
2019-05-05,1461.43994140625
2019-05-06,1448.6800537109375
2019-05-07,1459.5799560546875
2019-05-12,1452.8900146484375
2019-05-13,1420.050048828125
2019-05-14,1436.030029296875
2019-05-15,1430.5899658203125
2019-05-16,1452.68994140625
2019-05-19,1453.719970703125
2019-05-20,1443.81005859375
2019-05-21,1453.8199462890625
2019-05-22,1463.9000244140625
2019-05-23,1448.1099853515625
2019-05-26,1454.3299560546875
2019-05-27,1449.27001953125
2019-05-28,1448.2099609375
2019-05-29,1429.8299560546875
2019-05-30,1434.9000244140625
2019-06-02,1415.6700439453125
2019-06-03,1419.0799560546875
2019-06-04,1431.1800537109375
2019-06-05,1435.9000244140625
2019-06-06,1430.8399658203125
2019-06-10,1449.56005859375
2019-06-11,1443.2099609375
2019-06-12,1434.4000244140625
2019-06-13,1446.77001953125
2019-06-16,1444.030029296875
2019-06-17,1436.780029296875
2019-06-18,1449.68994140625
2019-06-19,1453.8299560546875
2019-06-20,1463.5899658203125
2019-06-23,1464.3699951171875
2019-06-24,1464.489990234375
2019-06-25,1458.1099853515625
2019-06-26,1462.6099853515625
2019-06-27,1467.760009765625
2019-06-30,1485.1600341796875
2019-07-01,1483.719970703125
2019-07-02,1483.5
2019-07-03,1487.5400390625
2019-07-04,1490.8399658203125
2019-07-07,1487.7099609375
2019-07-08,1479.1199951171875
2019-07-09,1484.7900390625
2019-07-10,1488.800048828125
2019-07-11,1488.3499755859375
2019-07-14,1494.9200439453125
2019-07-15,1491.1400146484375
2019-07-16,1488.3800048828125
2019-07-17,1473.6300048828125
2019-07-18,1462.2099609375
2019-07-21,1464.050048828125
2019-07-22,1469.280029296875
2019-07-23,1483.449951171875
2019-07-24,1499.3699951171875
2019-07-25,1498.449951171875
2019-07-28,1509.72998046875
2019-07-29,1504.1500244140625
2019-07-30,1500.1300048828125
2019-07-31,1513.530029296875
2019-08-01,1518.4300537109375
2019-08-04,1515.6099853515625
2019-08-05,1485.0899658203125
2019-08-06,1491.75
2019-08-07,1479.280029296875
2019-08-08,1507.6400146484375
2019-08-12,1499.9200439453125
2019-08-13,1509.06005859375
2019-08-14,1471.1400146484375
2019-08-15,1457.6099853515625
2019-08-18,1462.9100341796875
2019-08-19,1483.6199951171875
2019-08-20,1490.22998046875
2019-08-21,1501.050048828125
2019-08-22,1506.1199951171875
2019-08-25,1459.72998046875
2019-08-26,1471.4599609375
2019-08-27,1469.6700439453125
2019-08-28,1460.6600341796875
2019-08-29,1480.5
2019-09-01,1480.2900390625
2019-09-02,1478.81005859375
2019-09-03,1468.530029296875
2019-09-04,1478.6600341796875
2019-09-05,1481.1700439453125
2019-09-08,1489.77001953125
2019-09-09,1492.0699462890625
2019-09-10,1497.6400146484375
2019-09-11,1512.6199951171875
2019-09-12,1520.510009765625
2019-09-15,1516.68994140625
2019-09-16,1516.06005859375
2019-09-18,1522.93994140625
2019-09-19,1528.0699462890625
2019-09-22,1520.3299560546875
2019-09-23,1519.3299560546875
2019-09-24,1524.3199462890625
2019-09-25,1520.489990234375
2019-09-26,1532.56005859375
2019-10-02,1520.780029296875
2019-10-03,1508.7099609375
2019-10-06,1530.719970703125
2019-10-07,1532.6099853515625
2019-10-10,1535.1800537109375
2019-10-15,1552.5400390625
2019-10-16,1569.27001953125
2019-10-17,1570.7099609375
2019-10-22,1576.969970703125
2019-10-23,1570.3299560546875
2019-10-24,1573.1400146484375
2019-10-27,1580.9599609375
2019-10-28,1586.68994140625
2019-10-29,1584.3800048828125
2019-10-30,1577.22998046875
2019-10-31,1577.969970703125
2019-11-03,1590.9100341796875
2019-11-04,1590.3599853515625
2019-11-05,1590.9100341796875
2019-11-06,1583.6600341796875
2019-11-07,1585.280029296875
2019-11-10,1582.4599609375
2019-11-11,1571.1600341796875
2019-11-12,1569.1300048828125
2019-11-13,1570.93994140625
2019-11-14,1578.97998046875
2019-11-17,1592.25
2019-11-18,1588.9200439453125
2019-11-19,1597.0799560546875
2019-11-20,1592.9300537109375
2019-11-21,1587.6700439453125
2019-11-24,1592.1199951171875
2019-11-25,1611.2099609375
2019-11-26,1616.9300537109375
2019-11-27,1617.6800537109375
2019-11-28,1625.5
2019-12-01,1618.1099853515625
2019-12-02,1607.06005859375
2019-12-03,1589.5999755859375
2019-12-04,1600.699951171875
2019-12-05,1598.5799560546875
2019-12-08,1613.260009765625
2019-12-09,1615.22998046875
2019-12-10,1616.1500244140625
2019-12-11,1619.1199951171875
2019-12-12,1620.6700439453125
2019-12-15,1618.7900390625
2019-12-16,1621.550048828125
2019-12-17,1616.3399658203125
2019-12-18,1616.0400390625
2019-12-19,1606.97998046875
2019-12-22,1612.97998046875
2019-12-23,1608.719970703125
2019-12-24,1617.5
2019-12-25,1617.469970703125
2019-12-26,1614.300048828125
2019-12-29,1609.9000244140625
2019-12-30,1605.3599853515625
2019-12-31,1616.699951171875
2020-01-01,1623.7099609375
2020-01-02,1631.6700439453125
2020-01-05,1624.6099853515625
2020-01-06,1617.1500244140625
2020-01-07,1616.489990234375
2020-01-08,1621.6600341796875
2020-01-09,1623.6600341796875
2020-01-12,1622.5
2020-01-13,1623.739990234375
2020-01-14,1630.719970703125
2020-01-15,1645.800048828125
2020-01-16,1657.8699951171875
2020-01-19,1665.699951171875
2020-01-20,1662.0699462890625
2020-01-21,1663.969970703125
2020-01-22,1682.43994140625
2020-01-23,1679.56005859375
2020-01-26,1661.72998046875
2020-01-27,1635.4100341796875
2020-01-28,1637.3199462890625
2020-01-29,1643.280029296875
2020-01-30,1635.449951171875
2020-02-02,1586.97998046875
2020-02-03,1602.719970703125
2020-02-04,1630.1800537109375
2020-02-05,1657.02001953125
2020-02-06,1665.0699462890625
2020-02-09,1637.0
2020-02-10,1644.0899658203125
2020-02-11,1664.5400390625
2020-02-12,1684.1199951171875
2020-02-13,1664.52001953125
2020-02-16,1668.949951171875
2020-02-17,1668.739990234375
2020-02-18,1656.199951171875
2020-02-19,1676.7099609375
2020-02-20,1666.9599609375
2020-02-23,1624.1199951171875
2020-02-24,1597.06005859375
2020-02-25,1609.530029296875
2020-02-26,1609.0899658203125
2020-02-27,1542.550048828125
2020-03-01,1522.1300048828125
2020-03-03,1541.8299560546875
2020-03-04,1508.8399658203125
2020-03-05,1479.9300537109375
2020-03-08,1412.3199462890625
2020-03-09,1318.719970703125
2020-03-11,1274.1500244140625
2020-03-12,1194.68994140625
2020-03-15,1227.4599609375
2020-03-16,1170.06005859375
2020-03-17,1190.3199462890625
2020-03-18,1113.1700439453125
2020-03-19,1161.800048828125
2020-03-22,1115.4599609375
2020-03-23,1105.949951171875
2020-03-24,1188.8499755859375
2020-03-25,1191.77001953125
2020-03-26,1232.0799560546875
2020-03-29,1217.4300537109375
2020-03-30,1243.68994140625
2020-03-31,1276.8800048828125
2020-04-01,1236.8299560546875
2020-04-02,1233.0
2020-04-05,1207.780029296875
2020-04-06,1270.1500244140625
2020-04-07,1312.52001953125
2020-04-12,1333.47998046875
2020-04-13,1320.739990234375
2020-04-16,1299.989990234375
2020-04-19,1368.1800537109375
2020-04-20,1349.8699951171875
2020-04-21,1320.4100341796875
2020-04-22,1322.1400146484375
2020-04-23,1343.1600341796875
2020-04-26,1381.280029296875
2020-04-27,1392.31005859375
2020-04-30,1407.199951171875
2020-05-03,1377.449951171875
2020-05-04,1361.0400390625
2020-05-05,1393.1400146484375
2020-05-06,1394.6500244140625
2020-05-07,1411.219970703125
2020-05-10,1435.030029296875
2020-05-11,1429.25
2020-05-12,1420.0699462890625
2020-05-13,1394.5799560546875
2020-05-14,1330.77001953125
2020-05-17,1378.010009765625
2020-05-18,1402.8199462890625
2020-05-19,1406.280029296875
2020-05-20,1417.239990234375
2020-05-21,1406.530029296875
2020-05-24,1422.780029296875
2020-05-25,1430.219970703125
2020-05-26,1425.449951171875
2020-05-27,1415.010009765625
2020-05-31,1394.6099853515625
2020-06-01,1404.6099853515625
2020-06-02,1407.97998046875
2020-06-03,1407.02001953125
2020-06-04,1412.25
2020-06-08,1439.3399658203125
2020-06-09,1438.52001953125
2020-06-10,1439.3299560546875
2020-06-11,1409.239990234375
2020-06-14,1403.1199951171875
2020-06-15,1390.25
2020-06-16,1423.5
2020-06-17,1414.6600341796875
2020-06-18,1407.31005859375
2020-06-21,1380.6500244140625
2020-06-22,1380.800048828125
2020-06-23,1375.550048828125
2020-06-24,1345.68994140625
2020-06-25,1340.7099609375
2020-06-28,1299.989990234375
2020-06-29,1310.77001953125
2020-06-30,1325.22998046875
2020-07-01,1361.9100341796875
2020-07-02,1384.1500244140625
2020-07-05,1342.4200439453125
2020-07-06,1370.449951171875
2020-07-07,1362.5899658203125
2020-07-08,1341.22998046875
2020-07-09,1337.9599609375
2020-07-12,1353.1099853515625
2020-07-13,1365.6099853515625
2020-07-14,1349.1099853515625
2020-07-15,1385.8599853515625
2020-07-16,1375.239990234375
2020-07-19,1374.969970703125
2020-07-20,1386.5799560546875
2020-07-21,1407.1400146484375
2020-07-22,1400.31005859375
2020-07-23,1388.6500244140625
2020-07-26,1372.699951171875
2020-07-27,1375.5799560546875
2020-07-28,1380.199951171875
2020-07-29,1381.1099853515625
2020-08-02,1383.1199951171875
2020-08-03,1389.239990234375
2020-08-04,1397.0899658203125
2020-08-05,1418.7900390625
2020-08-06,1415.02001953125
2020-08-09,1415.5699462890625
2020-08-10,1414.239990234375
2020-08-11,1430.219970703125
2020-08-12,1445.280029296875
2020-08-13,1438.3699951171875
2020-08-16,1457.8599853515625
2020-08-17,1457.8900146484375
2020-08-18,1450.239990234375
2020-08-19,1439.1700439453125
2020-08-20,1417.5
2020-08-23,1438.6500244140625
2020-08-24,1437.3800048828125
2020-08-25,1440.6400146484375
2020-08-26,1454.1500244140625
2020-08-27,1439.239990234375
2020-08-30,1436.8599853515625
2020-08-31,1423.0899658203125
2020-09-01,1422.260009765625
2020-09-02,1416.56005859375
2020-09-03,1368.9300537109375
2020-09-06,1371.06005859375
2020-09-07,1375.1199951171875
2020-09-08,1354.030029296875
2020-09-09,1352.81005859375
2020-09-10,1334.1500244140625
2020-09-13,1337.6700439453125
2020-09-14,1362.510009765625
2020-09-15,1366.8599853515625
2020-09-16,1365.0799560546875
2020-09-17,1356.0699462890625
2020-09-21,1342.199951171875
2020-09-22,1344.8599853515625
2020-09-23,1323.68994140625
2020-09-24,1304.5400390625
2020-09-29,1331.27001953125
2020-09-30,1345.43994140625
2020-10-01,1355.52001953125
2020-10-04,1368.93994140625
2020-10-05,1384.5400390625
2020-10-06,1388.0899658203125
2020-10-07,1386.510009765625
2020-10-08,1405.239990234375
2020-10-11,1413.4000244140625
2020-10-12,1415.0699462890625
2020-10-13,1406.550048828125
2020-10-14,1413.8399658203125
2020-10-15,1398.5899658203125
2020-10-18,1407.7900390625
2020-10-19,1407.7900390625
2020-10-20,1404.550048828125
2020-10-21,1400.3699951171875
2020-10-22,1394.260009765625
2020-10-25,1411.6300048828125
2020-10-26,1395.699951171875
2020-10-27,1388.02001953125
2020-10-28,1353.0
2020-10-29,1373.93994140625
2020-11-01,1370.97998046875
2020-11-02,1389.5
2020-11-03,1395.530029296875
2020-11-04,1410.6600341796875
2020-11-05,1416.010009765625
2020-11-08,1422.739990234375
2020-11-09,1465.06005859375
2020-11-10,1455.77001953125
2020-11-11,1465.93994140625
2020-11-12,1460.2900390625
2020-11-15,1468.780029296875
2020-11-16,1478.4599609375
2020-11-17,1473.1500244140625
2020-11-18,1486.1199951171875
2020-11-19,1476.3499755859375
2020-11-22,1481.9300537109375
2020-11-23,1510.6099853515625
2020-11-24,1527.75
2020-11-25,1519.6700439453125
2020-11-26,1538.52001953125
2020-11-29,1530.760009765625
2020-11-30,1513.0999755859375
2020-12-01,1508.6099853515625
2020-12-02,1482.1800537109375
2020-12-03,1494.4100341796875
2020-12-06,1522.300048828125
2020-12-07,1514.4300537109375
2020-12-08,1510.3299560546875
2020-12-09,1531.0799560546875
2020-12-10,1521.1400146484375
2020-12-13,1536.4200439453125
2020-12-14,1550.2099609375
2020-12-15,1539.22998046875
2020-12-16,1533.22998046875
2020-12-17,1533.010009765625
2020-12-20,1519.3900146484375
2020-12-21,1486.1800537109375
2020-12-22,1506.75
2020-12-23,1509.0
2020-12-24,1529.989990234375
2020-12-27,1559.280029296875
2020-12-28,1555.949951171875
2020-12-29,1547.719970703125
2020-12-30,1567.4599609375
2020-12-31,1568.0899658203125
2021-01-03,1577.3299560546875
2021-01-04,1568.1800537109375
2021-01-05,1558.0799560546875
2021-01-06,1570.93994140625
2021-01-07,1597.489990234375
2021-01-10,1627.25
2021-01-11,1620.3499755859375
2021-01-12,1626.739990234375
2021-01-13,1641.77001953125
2021-01-14,1648.9000244140625
2021-01-17,1644.949951171875
2021-01-18,1653.3599853515625
2021-01-19,1662.3199462890625
2021-01-20,1682.8299560546875
2021-01-21,1662.6099853515625
2021-01-24,1641.6500244140625
2021-01-25,1649.5799560546875
2021-01-26,1647.219970703125
2021-01-27,1639.3499755859375
2021-01-28,1647.6600341796875
2021-01-31,1624.1300048828125
2021-02-01,1644.260009765625
2021-02-02,1660.2900390625
2021-02-03,1655.4300537109375
2021-02-04,1650.6199951171875
2021-02-07,1671.7900390625
2021-02-08,1669.800048828125
2021-02-09,1680.02001953125
2021-02-10,1681.3199462890625
2021-02-11,1664.010009765625
2021-02-14,1663.6800537109375
2021-02-15,1681.8499755859375
2021-02-16,1682.800048828125
2021-02-17,1665.0699462890625
2021-02-18,1643.77001953125
2021-02-21,1667.739990234375
2021-02-22,1647.7099609375
2021-02-23,1607.6700439453125
2021-02-24,1615.3399658203125
2021-02-25,1608.0400390625
2021-02-28,1604.780029296875
2021-03-01,1628.699951171875
2021-03-02,1631.93994140625
2021-03-03,1614.6700439453125
2021-03-04,1601.5400390625
2021-03-07,1621.6800537109375
2021-03-08,1609.3399658203125
2021-03-09,1631.2099609375
2021-03-10,1634.6700439453125
2021-03-11,1654.68994140625
2021-03-14,1659.77001953125
2021-03-15,1660.6500244140625
2021-03-16,1669.0899658203125
2021-03-17,1647.9000244140625
2021-03-18,1649.77001953125
2021-03-21,1649.219970703125
2021-03-22,1668.3699951171875
2021-03-24,1660.97998046875
2021-03-25,1636.56005859375
2021-03-29,1666.800048828125
2021-03-30,1660.3399658203125
2021-03-31,1664.0699462890625
2021-04-01,1672.5
2021-04-04,1694.739990234375
2021-04-05,1692.010009765625
2021-04-06,1687.760009765625
2021-04-07,1690.5799560546875
2021-04-08,1695.9300537109375
2021-04-11,1708.25
2021-04-12,1696.0699462890625
2021-04-13,1697.27001953125
2021-04-18,1711.0
2021-04-19,1706.969970703125
2021-04-20,1697.8800048828125
2021-04-21,1692.9100341796875
2021-04-22,1698.4300537109375
2021-04-25,1699.8900146484375
2021-04-26,1701.6500244140625
2021-04-27,1699.239990234375
2021-04-28,1705.3800048828125
2021-04-29,1714.6800537109375
2021-05-02,1713.4200439453125
2021-05-03,1732.8399658203125
2021-05-04,1716.0999755859375
2021-05-05,1729.1500244140625
2021-05-06,1721.739990234375
2021-05-09,1734.5899658203125
2021-05-10,1726.0899658203125
2021-05-11,1695.3599853515625
2021-05-12,1697.199951171875
2021-05-13,1711.010009765625
2021-05-18,1734.1500244140625
2021-05-19,1724.1400146484375
2021-05-20,1753.4000244140625
2021-05-23,1774.25
2021-05-24,1773.68994140625
2021-05-25,1767.510009765625
2021-05-26,1773.8800048828125
2021-05-27,1774.469970703125
2021-05-30,1782.1400146484375
2021-05-31,1772.18994140625
2021-06-01,1758.550048828125
2021-06-02,1764.280029296875
2021-06-03,1750.9200439453125
2021-06-06,1758.2900390625
2021-06-07,1760.22998046875
2021-06-08,1757.27001953125
2021-06-09,1754.5799560546875
2021-06-10,1760.239990234375
2021-06-13,1779.0400390625
2021-06-14,1783.2099609375
2021-06-15,1775.6600341796875
2021-06-16,1773.6600341796875
2021-06-17,1761.4599609375
2021-06-20,1747.280029296875
2021-06-21,1758.1300048828125
2021-06-22,1764.050048828125
2021-06-23,1768.4300537109375
2021-06-24,1765.93994140625
2021-06-27,1765.31005859375
2021-06-28,1770.97998046875
2021-06-29,1768.1500244140625
2021-06-30,1764.5799560546875
2021-07-01,1765.5899658203125
2021-07-04,1767.8399658203125
2021-07-05,1768.06005859375
2021-07-06,1763.8800048828125
2021-07-07,1773.5699462890625
2021-07-08,1735.9300537109375
2021-07-11,1763.27001953125
2021-07-12,1757.699951171875
2021-07-13,1755.1800537109375
2021-07-14,1750.5799560546875
2021-07-15,1733.0799560546875
2021-07-19,1681.6700439453125
2021-07-20,1705.3499755859375
2021-07-21,1731.719970703125
2021-07-22,1732.800048828125
2021-07-25,1749.6400146484375
2021-07-26,1744.280029296875
2021-07-27,1734.3299560546875
2021-07-28,1755.030029296875
2021-07-29,1763.280029296875
2021-08-01,1764.72998046875
2021-08-02,1783.77001953125
2021-08-03,1759.1600341796875
2021-08-04,1758.7099609375
2021-08-05,1754.030029296875
2021-08-08,1752.1300048828125
2021-08-09,1743.0799560546875
2021-08-10,1760.1099853515625
2021-08-11,1756.77001953125
2021-08-12,1770.780029296875
2021-08-15,1772.8299560546875
2021-08-16,1758.4100341796875
2021-08-17,1754.010009765625
2021-08-18,1775.3199462890625
2021-08-19,1776.3699951171875
2021-08-22,1783.030029296875
2021-08-23,1797.739990234375
2021-08-24,1812.6700439453125
2021-08-25,1826.5
2021-08-26,1819.3499755859373
2021-08-29,1830.22998046875
2021-08-30,1828.56005859375
2021-08-31,1818.530029296875
2021-09-01,1827.260009765625
2021-09-02,1824.1099853515625
2021-09-05,1836.0
2021-09-09,1856.6099853515625
2021-09-12,1848.97998046875
2021-09-13,1856.6800537109373
2021-09-14,1862.530029296875
2021-09-19,1864.0899658203125
2021-09-22,1852.5
2021-09-23,1866.280029296875
2021-09-26,1862.489990234375
2021-09-29,1855.780029296875
2021-09-30,1861.469970703125
2021-10-03,1867.6300048828125
2021-10-04,1848.9300537109373
2021-10-05,1856.0699462890625
2021-10-06,1837.9599609375
2021-10-07,1858.7099609375
2021-10-10,1860.77001953125
2021-10-11,1874.18994140625
2021-10-12,1881.9100341796875
2021-10-13,1892.06005859375
2021-10-14,1907.7900390625
2021-10-18,1901.25
2021-10-19,1905.6600341796875
2021-10-20,1910.93994140625
2021-10-21,1923.7900390625
2021-10-25,1933.3499755859373
2021-10-26,1938.5899658203125
2021-10-27,1930.9000244140625
2021-10-28,1920.8599853515625
2021-10-31,1927.6500244140625
2021-11-01,1937.0400390625
2021-11-02,1965.1199951171875
2021-11-03,1963.43994140625
2021-11-04,1975.5
2021-11-08,1984.1700439453125
2021-11-09,1979.530029296875
2021-11-10,1966.22998046875
2021-11-11,1975.75
2021-11-14,1992.530029296875
2021-11-15,1990.7900390625
2021-11-16,1983.8199462890625
2021-11-17,1980.719970703125
2021-11-18,1982.1300048828125
2021-11-21,1980.699951171875
2021-11-22,1998.0
2021-11-23,1984.300048828125
2021-11-24,1975.7900390625
2021-11-25,1987.1500244140625
2021-11-28,1955.739990234375
2021-11-29,1969.1600341796875
2021-11-30,1954.6199951171875
2021-12-01,1980.6099853515625
2021-12-02,1955.8900146484373
2021-12-05,1951.6800537109373
2021-12-06,1968.06005859375
2021-12-07,2004.81005859375
2021-12-08,1996.43994140625
2021-12-09,1995.280029296875
2021-12-12,1989.449951171875
2021-12-13,1978.1400146484373
2021-12-14,1965.93994140625
2021-12-15,1965.4000244140625
2021-12-16,1991.0999755859373
2021-12-20,1947.6700439453125
2021-12-21,1971.6500244140625
2021-12-22,1995.7099609375
2021-12-23,2024.780029296875
2021-12-27,2039.3599853515625
2021-12-28,2057.3798828125
2021-12-29,2048.60009765625
2021-12-30,2056.510009765625
2022-01-02,2073.090087890625
2022-01-03,2086.85009765625
2022-01-04,2088.530029296875
2022-01-05,2105.47998046875
2022-01-06,2088.489990234375
2022-01-09,2075.0
2022-01-10,2067.110107421875
2022-01-11,2106.409912109375
2022-01-12,2138.760009765625
2022-01-13,2152.159912109375
2022-01-16,2139.110107421875
2022-01-17,2141.949951171875
2022-01-18,2116.77001953125
2022-01-19,2105.0400390625
2022-01-20,2113.25
2022-01-23,2050.820068359375
2022-01-24,1975.469970703125
2022-01-25,1986.7900390625
2022-01-26,2033.3499755859373
2022-01-27,2020.8299560546875
2022-01-30,2028.6800537109373
2022-01-31,2029.47998046875
2022-02-01,2035.449951171875
2022-02-02,2057.070068359375
2022-02-03,2041.8399658203125
2022-02-06,2042.030029296875
2022-02-07,2041.989990234375
2022-02-08,2037.949951171875
2022-02-09,2083.8701171875
2022-02-10,2084.030029296875
2022-02-13,2018.3800048828125
2022-02-14,2039.3599853515625
2022-02-15,2065.77001953125
2022-02-16,2087.81005859375
2022-02-17,2077.43994140625
2022-02-20,2060.820068359375
2022-02-21,2069.800048828125
2022-02-22,2074.18994140625
2022-02-23,2072.7099609375
2022-02-24,2009.77001953125
2022-02-27,2044.27001953125
2022-02-28,2054.919921875
2022-03-01,2042.1600341796875
2022-03-02,2051.800048828125
2022-03-03,2036.7099609375
2022-03-06,2029.7900390625
2022-03-07,2014.199951171875
2022-03-08,1994.2099609375
2022-03-09,2032.739990234375
2022-03-10,2019.25
2022-03-13,1988.4200439453125
2022-03-14,1993.9200439453125
2022-03-15,1998.949951171875
2022-03-16,2033.6700439453125
2022-03-20,2080.080078125
2022-03-21,2077.06005859375
2022-03-22,2100.840087890625
2022-03-23,2104.389892578125
2022-03-24,2112.889892578125
2022-03-27,2110.31005859375
2022-03-28,2105.800048828125
2022-03-29,2113.949951171875
2022-03-30,2116.340087890625
2022-03-31,2097.110107421875
2022-04-03,2111.530029296875
2022-04-04,2135.780029296875
2022-04-05,2150.659912109375
2022-04-06,2117.2099609375
2022-04-07,2117.75
2022-04-10,2118.800048828125
2022-04-11,2101.840087890625
2022-04-12,2108.419921875
2022-04-13,2103.300048828125
2022-04-14,2118.360107421875
2022-04-18,2129.6201171875
2022-04-19,2141.469970703125
2022-04-20,2150.919921875
2022-04-24,2115.219970703125
2022-04-25,2100.179931640625
2022-04-26,2101.4599609375
2022-04-27,2087.0400390625
2022-04-28,2109.18994140625
2022-05-01,2074.56005859375
2022-05-02,2021.3900146484373
2022-05-03,2022.0799560546875
2022-05-08,1968.800048828125
2022-05-09,1936.4100341796875
2022-05-10,1949.489990234375
2022-05-11,1965.9000244140625
2022-05-12,1941.5699462890625
2022-05-15,1960.9599609375
2022-05-16,1969.3699951171875
2022-05-17,1999.81005859375
2022-05-18,1990.5999755859373
2022-05-19,1938.7900390625
2022-05-22,1957.4100341796875
2022-05-23,1965.47998046875
2022-05-24,1916.2900390625
2022-05-25,1890.68994140625
2022-05-26,1939.0699462890625
2022-05-29,1987.8399658203125
2022-05-30,1973.239990234375
2022-05-31,1965.1800537109373
2022-06-01,1985.530029296875
2022-06-02,1963.7900390625
2022-06-06,1977.5999755859373
2022-06-07,1954.030029296875
2022-06-08,1964.9200439453125
2022-06-09,1939.3299560546875
2022-06-12,1869.68994140625
2022-06-13,1832.8599853515625
2022-06-14,1844.9300537109373
2022-06-15,1869.6400146484373
2022-06-16,1823.9100341796875
2022-06-19,1846.4599609375
2022-06-20,1856.8199462890625
2022-06-21,1891.6800537109373
2022-06-22,1890.6800537109373
2022-06-23,1879.469970703125
2022-06-26,1918.72998046875
2022-06-27,1908.1400146484373
2022-06-28,1929.22998046875
2022-06-29,1926.0999755859373
2022-06-30,1883.81005859375
2022-07-03,1915.510009765625
2022-07-04,1906.72998046875
2022-07-05,1887.489990234375
2022-07-06,1882.6600341796875
2022-07-07,1914.77001953125
2022-07-10,1936.219970703125
2022-07-11,1922.760009765625
2022-07-12,1923.550048828125
2022-07-13,1914.2900390625
2022-07-14,1899.0
2022-07-17,1925.699951171875
2022-07-18,1944.25
2022-07-19,1941.8499755859373
2022-07-20,1963.469970703125
2022-07-21,1984.0999755859373
2022-07-24,1976.989990234375
2022-07-25,1966.6800537109373
2022-07-26,1954.1500244140625
2022-07-27,1971.0799560546875
2022-07-28,1984.3399658203125
2022-07-31,2012.199951171875
2022-08-01,2003.6300048828125
2022-08-02,1989.3299560546875
2022-08-03,2005.510009765625
2022-08-04,2011.260009765625
2022-08-08,2046.0
2022-08-09,2039.300048828125
2022-08-10,2076.389892578125
2022-08-11,2089.419921875
2022-08-15,2104.570068359375
2022-08-16,2104.179931640625
2022-08-17,2081.580078125
2022-08-18,2105.909912109375
2022-08-21,2093.93994140625
2022-08-22,2072.080078125
2022-08-23,2088.75
2022-08-24,2116.159912109375
2022-08-25,2112.93994140625
2022-08-28,2081.080078125
2022-08-29,2081.60009765625
2022-08-30,2071.530029296875
2022-08-31,2073.860107421875
2022-09-01,2060.68994140625
2022-09-05,2053.199951171875
2022-09-06,2033.6300048828125
2022-09-07,2019.9200439453125
2022-09-08,2037.9200439453125
2022-09-11,2066.10009765625
2022-09-12,2069.760009765625
2022-09-13,2045.8699951171875
2022-09-14,2015.550048828125
2022-09-15,2007.3499755859373
2022-09-18,1977.199951171875
2022-09-19,1995.8900146484373
2022-09-20,1983.52001953125
2022-09-21,1992.9000244140625
2022-09-22,1968.8299560546875
2022-09-28,1918.260009765625
2022-09-29,1883.9300537109373
2022-10-02,1839.7099609375
2022-10-03,1878.199951171875
2022-10-06,1903.0999755859373
2022-10-11,1881.0999755859373
2022-10-12,1891.5
2022-10-13,1906.3800048828125
2022-10-18,1927.1400146484373
2022-10-19,1925.3199462890625
2022-10-20,1917.5699462890625
2022-10-23,1930.18994140625
2022-10-24,1924.02001953125
2022-10-25,1942.56005859375
2022-10-26,1958.43994140625
2022-10-27,1956.8399658203125
2022-10-30,1973.06005859375
2022-10-31,1958.6800537109373
2022-11-02,1954.2099609375
2022-11-03,1923.719970703125
2022-11-06,1939.449951171875
2022-11-07,1920.3399658203125
2022-11-08,1941.8399658203125
2022-11-09,1936.0
2022-11-10,1990.8900146484373
2022-11-13,1986.4100341796875
2022-11-14,1965.3299560546875
2022-11-15,1983.030029296875
2022-11-16,1954.6099853515625
2022-11-17,1912.3399658203125
2022-11-21,1906.4100341796875
2022-11-22,1912.9200439453125
2022-11-23,1899.4100341796875
2022-11-24,1903.93994140625
2022-11-27,1887.9100341796875
2022-11-28,1868.1400146484373
2022-11-29,1895.3699951171875
2022-11-30,1884.010009765625
2022-12-01,1912.0
2022-12-04,1907.8199462890625
2022-12-05,1903.1099853515625
2022-12-06,1881.3699951171875
2022-12-07,1852.010009765625
2022-12-08,1865.31005859375
2022-12-11,1856.6600341796875
2022-12-12,1849.56005859375
2022-12-13,1871.989990234375
2022-12-14,1857.18994140625
2022-12-15,1841.6800537109373
2022-12-18,1821.8599853515625
2022-12-19,1826.0899658203125
2022-12-20,1813.449951171875
2022-12-21,1828.6600341796875
2022-12-22,1810.52001953125
2022-12-25,1783.239990234375
2022-12-26,1787.1700439453125
2022-12-27,1799.75
2022-12-28,1803.1500244140625
2022-12-29,1813.3499755859373
2023-01-01,1801.02001953125
2023-01-02,1807.0799560546875
2023-01-03,1811.9300537109373
2023-01-04,1815.760009765625
2023-01-05,1807.31005859375
2023-01-08,1831.8699951171875
2023-01-09,1850.43994140625
2023-01-10,1843.18994140625
2023-01-11,1845.949951171875
2023-01-12,1848.260009765625
2023-01-15,1876.97998046875
2023-01-16,1884.0
2023-01-17,1887.8299560546875
2023-01-18,1889.1199951171875
2023-01-19,1856.72998046875
2023-01-22,1856.8900146484373
2023-01-23,1859.25
2023-01-24,1858.0699462890625
2023-01-25,1825.989990234375
2023-01-26,1807.52001953125
2023-01-29,1768.8299560546875
2023-01-30,1797.4300537109375
2023-01-31,1822.8399658203125
2023-02-01,1835.050048828125
2023-02-02,1875.030029296875
2023-02-05,1857.72998046875
2023-02-06,1846.800048828125
2023-02-07,1846.260009765625
2023-02-08,1836.4300537109373
2023-02-09,1818.5899658203125
2023-02-12,1803.6600341796875
2023-02-13,1831.780029296875
2023-02-14,1827.219970703125
2023-02-15,1839.43994140625
2023-02-16,1822.6700439453125
2023-02-19,1810.02001953125
2023-02-20,1810.6300048828125
2023-02-21,1774.239990234375
2023-02-22,1765.8900146484375
2023-02-23,1752.199951171875
2023-02-26,1706.6700439453125
2023-02-27,1722.989990234375
2023-02-28,1731.989990234375
2023-03-01,1736.989990234375
2023-03-02,1732.6500244140625
2023-03-05,1751.3299560546875
2023-03-06,1779.8900146484375
2023-03-08,1779.43994140625
2023-03-09,1787.9599609375
2023-03-12,1728.8299560546875
2023-03-13,1717.97998046875
2023-03-14,1739.56005859375
2023-03-15,1711.4100341796875
2023-03-16,1709.4000244140625
2023-03-19,1695.93994140625
2023-03-20,1721.6500244140625
2023-03-21,1737.18994140625
2023-03-22,1740.8499755859375
2023-03-23,1776.72998046875
2023-03-26,1736.43994140625
2023-03-27,1768.219970703125
2023-03-28,1751.06005859375
2023-03-29,1720.3299560546875
2023-03-30,1725.8199462890625
2023-04-02,1748.9000244140625
2023-04-03,1729.68994140625
2023-04-04,1735.2099609375
2023-04-09,1738.1300048828125
2023-04-10,1739.5699462890625
2023-04-13,1732.75
2023-04-16,1729.6300048828125
2023-04-17,1717.8800048828125
2023-04-18,1724.68994140625
2023-04-19,1714.300048828125
2023-04-20,1702.1400146484375
2023-04-23,1713.219970703125
2023-04-24,1728.3299560546875
2023-04-27,1738.77001953125
2023-04-30,1754.06005859375
2023-05-01,1762.25
2023-05-02,1770.1400146484375
2023-05-03,1788.989990234375
2023-05-04,1786.800048828125
2023-05-07,1800.1400146484375
2023-05-08,1787.739990234375
2023-05-09,1773.77001953125
2023-05-10,1795.3599853515625
2023-05-11,1811.0899658203125
2023-05-14,1803.3599853515625
2023-05-15,1806.27001953125
2023-05-16,1796.6300048828125
2023-05-17,1820.1099853515625
2023-05-18,1825.530029296875
2023-05-21,1812.530029296875
2023-05-22,1807.0
2023-05-23,1782.5699462890625
2023-05-24,1764.219970703125
2023-05-28,1777.3299560546875
2023-05-29,1772.5799560546875
2023-05-30,1765.3499755859375
2023-05-31,1749.1700439453125
2023-06-01,1731.22998046875
2023-06-04,1762.239990234375
2023-06-05,1765.1600341796875
2023-06-06,1756.6800537109375
2023-06-07,1789.18994140625
2023-06-08,1796.97998046875
2023-06-12,1815.1500244140625
2023-06-13,1824.6400146484373
2023-06-14,1822.8199462890625
2023-06-15,1841.4000244140625
2023-06-18,1828.2900390625
2023-06-19,1834.280029296875
2023-06-20,1833.81005859375
2023-06-21,1812.4300537109373
2023-06-22,1806.9200439453125
2023-06-25,1778.3699951171875
2023-06-26,1788.800048828125
2023-06-27,1771.219970703125
2023-06-28,1771.8800048828125
2023-06-29,1775.030029296875
2023-07-02,1792.9200439453125
2023-07-03,1786.5799560546875
2023-07-04,1796.6800537109375
2023-07-05,1808.2099609375
2023-07-06,1791.7099609375
2023-07-09,1767.3900146484375
2023-07-10,1783.2900390625
2023-07-11,1799.4200439453125
2023-07-12,1832.3699951171875
2023-07-13,1836.739990234375
2023-07-16,1827.22998046875
2023-07-17,1836.449951171875
2023-07-18,1870.1099853515625
2023-07-19,1919.6300048828125
2023-07-20,1903.5699462890625
2023-07-23,1919.68994140625
2023-07-24,1875.219970703125
2023-07-25,1818.780029296875
2023-07-26,1861.22998046875
2023-07-31,1886.6300048828125
2023-08-01,1883.3299560546875
2023-08-02,1877.22998046875
2023-08-03,1867.9300537109373
2023-08-07,1891.8599853515625
2023-08-08,1881.800048828125
2023-08-09,1910.719970703125
2023-08-10,1914.5899658203125
2023-08-13,1887.3399658203125
2023-08-14,1873.449951171875
2023-08-15,1867.449951171875
2023-08-16,1862.3399658203125
2023-08-17,1849.72998046875
2023-08-20,1854.3900146484373
2023-08-21,1861.739990234375
2023-08-22,1871.4599609375
2023-08-23,1876.280029296875
2023-08-24,1871.9599609375
2023-08-27,1871.1199951171875
2023-08-28,1876.050048828125
2023-08-29,1860.3699951171875
2023-08-30,1866.8299560546875
2023-08-31,1877.3499755859373
2023-09-03,1868.8399658203125
2023-09-04,1854.8499755859373
2023-09-05,1873.010009765625
2023-09-06,1866.52001953125
2023-09-07,1847.199951171875
2023-09-10,1853.969970703125
2023-09-11,1868.93994140625
2023-09-12,1872.1700439453125
2023-09-13,1857.93994140625
2023-09-14,1861.3800048828125
2023-09-18,1864.8800048828125
2023-09-19,1862.8900146484373
2023-09-20,1882.8299560546875
2023-09-21,1880.8599853515625
2023-09-26,1861.800048828125
2023-09-27,1867.0
2023-09-28,1877.3199462890625
2023-10-01,1898.3199462890625
2023-10-02,1899.9599609375
2023-10-03,1884.75
2023-10-04,1863.1099853515625
2023-10-05,1856.8699951171875
2023-10-08,1734.550048828125
2023-10-09,1745.6500244140625
2023-10-10,1768.77001953125
2023-10-11,1749.3299560546875
2023-10-12,1736.1500244140625
2023-10-15,1671.3299560546875
2023-10-16,1712.010009765625
2023-10-17,1703.050048828125
2023-10-18,1710.1600341796875
2023-10-19,1687.22998046875
2023-10-22,1640.2900390625
2023-10-23,1623.3699951171875
2023-10-24,1632.719970703125
2023-10-25,1627.75
2023-10-26,1608.4200439453125
2023-10-29,1628.010009765625
2023-10-30,1656.2099609375
2023-10-31,1657.97998046875
2023-11-01,1671.25
2023-11-02,1695.6400146484375
2023-11-05,1741.6400146484375
2023-11-06,1721.4200439453125
2023-11-07,1742.4200439453125
2023-11-08,1733.1500244140625
2023-11-09,1723.1500244140625
2023-11-12,1694.030029296875
2023-11-13,1681.5699462890625
2023-11-14,1720.02001953125
2023-11-15,1720.8399658203125
2023-11-16,1743.699951171875
2023-11-19,1735.3599853515625
2023-11-20,1755.1199951171875
2023-11-21,1764.43994140625
2023-11-22,1807.6800537109373
2023-11-23,1811.4599609375
2023-11-26,1817.4100341796875
2023-11-27,1801.8399658203125
2023-11-28,1805.3399658203125
2023-11-29,1824.760009765625
2023-11-30,1791.5699462890625
2023-12-03,1808.3699951171875
2023-12-04,1809.0799560546875
2023-12-05,1828.18994140625
2023-12-06,1832.0699462890625
2023-12-07,1826.2900390625
2023-12-10,1831.2099609375
2023-12-11,1810.56005859375
2023-12-12,1801.3399658203125
2023-12-13,1800.5799560546875
2023-12-14,1848.06005859375
2023-12-17,1843.8299560546875
2023-12-18,1850.9599609375
2023-12-19,1865.699951171875
2023-12-20,1892.4599609375
2023-12-21,1877.0899658203125
2023-12-24,1872.8399658203125
2023-12-25,1892.0899658203125
2023-12-26,1862.699951171875
2023-12-27,1884.4300537109373
2023-12-28,1876.31005859375
2023-12-31,1887.0799560546875
2024-01-02,1916.1400146484373
2024-01-03,1898.5799560546875
2024-01-04,1909.030029296875
2024-01-07,1896.77001953125
2024-01-08,1897.5999755859373
2024-01-09,1887.8900146484373
2024-01-10,1879.050048828125
2024-01-11,1882.18994140625
2024-01-14,1877.68994140625
2024-01-15,1870.3699951171875
2024-01-16,1846.550048828125
2024-01-17,1826.780029296875
2024-01-18,1867.4200439453125
2024-01-21,1863.6600341796875
2024-01-22,1864.6700439453125
2024-01-23,1852.989990234375
2024-01-24,1867.8900146484373
2024-01-25,1861.5699462890625
2024-01-28,1871.97998046875
2024-01-29,1889.1700439453125
2024-01-30,1870.75
2024-01-31,1866.2900390625
2024-02-01,1854.739990234375
2024-02-04,1855.3900146484373
2024-02-05,1847.7900390625
2024-02-06,1874.8499755859373
2024-02-07,1876.6099853515625
2024-02-08,1865.5899658203125
2024-02-11,1851.8599853515625
2024-02-12,1874.8499755859373
2024-02-13,1882.5699462890625
2024-02-14,1884.68994140625
2024-02-15,1898.9000244140625
2024-02-18,1912.9200439453125
2024-02-19,1933.8699951171875
2024-02-20,1935.75
2024-02-21,1930.1300048828125
2024-02-22,1945.489990234375
2024-02-25,1969.780029296875
2024-02-26,1977.030029296875
2024-02-28,1962.5400390625
2024-02-29,1985.5699462890625
2024-03-03,1997.6199951171875
2024-03-04,1994.1700439453125
2024-03-05,1984.9300537109373
2024-03-06,1986.3599853515625
2024-03-07,1968.280029296875
2024-03-10,1947.9599609375
2024-03-11,1943.9300537109373
2024-03-12,1933.7099609375
2024-03-13,1934.93994140625
2024-03-14,1917.780029296875
2024-03-17,1946.4000244140625
2024-03-18,1966.02001953125
2024-03-19,1980.43994140625
2024-03-20,2003.0799560546875
2024-03-21,2023.7900390625
2024-03-25,2038.5799560546875
2024-03-26,2043.800048828125
2024-03-27,2031.75
2024-03-28,2028.5699462890625
2024-03-31,2043.550048828125
2024-04-01,2039.1300048828125
2024-04-02,2001.3399658203125
2024-04-03,2006.0699462890625
2024-04-04,1978.0699462890625
2024-04-08,2020.8800048828125
2024-04-09,2005.81005859375
2024-04-10,1986.280029296875
2024-04-11,1955.5799560546875
2024-04-14,1959.0400390625
2024-04-15,1936.989990234375
2024-04-16,1932.2099609375
2024-04-17,1915.8399658203125
2024-04-18,1935.7900390625
2024-04-21,1957.3599853515625
2024-04-24,1962.22998046875
2024-04-25,1948.3599853515625
2024-04-30,1970.72998046875
2024-05-01,1955.4000244140625
2024-05-02,1962.1500244140625
2024-05-05,1972.1300048828125
2024-05-06,1967.969970703125
2024-05-07,1994.0
2024-05-08,2005.6400146484373
2024-05-09,2021.9599609375
2024-05-12,2031.1500244140625
2024-05-15,2033.3699951171875
2024-05-16,1997.0
2024-05-19,1969.43994140625
2024-05-20,1986.6300048828125
2024-05-21,1975.5699462890625
2024-05-22,1967.510009765625
2024-05-23,1961.4100341796875
2024-05-26,1967.510009765625
2024-05-27,1967.52001953125
2024-05-28,1985.1800537109373
2024-05-29,1989.8599853515625
2024-05-30,1993.4300537109373
2024-06-02,1986.0799560546875
2024-06-03,2004.280029296875
2024-06-04,1994.2099609375
2024-06-05,1963.43994140625
2024-06-06,1943.93994140625
2024-06-09,1951.1099853515625
2024-06-10,1959.1700439453125
2024-06-13,1966.260009765625
2024-06-16,1949.0799560546875
2024-06-17,1978.1500244140625
2024-06-18,1973.9100341796875
2024-06-19,1973.5999755859373
2024-06-20,1938.0799560546875
2024-06-23,1927.9300537109373
2024-06-24,1928.780029296875
