date,close
1996-10-08,590.0999755859375
1996-10-09,583.0999755859375
1996-10-10,584.5999755859375
1996-10-11,584.2999877929688
1996-10-14,584.0
1996-10-15,578.9000244140625
1996-10-16,560.5999755859375
1996-10-17,569.7000122070312
1996-10-18,569.7000122070312
1996-10-21,557.4000244140625
1996-10-22,557.2999877929688
1996-10-23,561.0
1996-10-24,561.0
1996-10-25,559.5999755859375
1996-10-28,562.2000122070312
1996-10-29,570.2000122070312
1996-10-30,570.2000122070312
1996-10-31,570.5
1996-11-01,573.9000244140625
1996-11-04,582.2999877929688
1996-11-05,583.5
1996-11-06,579.7000122070312
1996-11-07,583.2999877929688
1996-11-08,579.4000244140625
1996-11-11,587.5999755859375
1996-11-12,593.0
1996-11-13,597.0999755859375
1996-11-14,605.2000122070312
1996-11-15,603.2000122070312
1996-11-18,609.2999877929688
1996-11-19,607.2000122070312
1996-11-20,602.7000122070312
1996-11-21,603.0
1996-11-22,607.0999755859375
1996-11-25,607.0
1996-11-26,610.5999755859375
1996-11-27,603.7000122070312
1996-11-28,603.5999755859375
1996-11-29,617.0
1996-12-02,628.5999755859375
1996-12-03,635.7000122070312
1996-12-04,628.7999877929688
1996-12-05,636.5999755859375
1996-12-06,626.5
1996-12-09,627.0
1996-12-10,632.2999877929688
1996-12-11,609.0
1996-12-12,592.7999877929688
1996-12-13,600.4000244140625
1996-12-16,600.2000122070312
1996-12-17,612.7000122070312
1996-12-18,617.7999877929688
1996-12-19,626.2999877929688
1996-12-20,628.0
1996-12-23,638.2999877929688
1996-12-24,642.0999755859375
1996-12-26,650.0
1996-12-27,650.2000122070312
1996-12-30,649.4000244140625
1997-01-03,651.7999877929688
1997-01-06,657.0
1997-01-07,663.5
1997-01-08,664.5999755859375
1997-01-09,672.2000122070312
1997-01-10,670.9000244140625
1997-01-13,674.4000244140625
1997-01-14,688.4000244140625
1997-01-15,691.7000122070312
1997-01-16,686.0
1997-01-17,681.0
1997-01-20,686.5999755859375
1997-01-21,686.5999755859375
1997-01-22,679.5
1997-01-23,677.2999877929688
1997-01-24,662.0
1997-01-27,656.5
1997-01-28,666.2999877929688
1997-01-29,676.9000244140625
1997-01-30,689.2000122070312
1997-01-31,692.5
1997-02-03,706.2000122070312
1997-02-04,707.5
1997-02-05,699.2000122070312
1997-02-06,698.0999755859375
1997-02-07,703.0
1997-02-10,707.2000122070312
1997-02-11,708.0
1997-02-12,718.4000244140625
1997-02-13,724.5
1997-02-14,725.5
1997-02-17,734.2000122070312
1997-02-18,731.7999877929688
1997-02-19,729.7000122070312
1997-02-20,726.7999877929688
1997-02-21,740.9000244140625
1997-02-24,759.2000122070312
1997-02-25,752.7000122070312
1997-02-26,742.4000244140625
1997-02-27,724.2000122070312
1997-02-28,717.7000122070312
1997-03-03,716.5
1997-03-04,721.0
1997-03-05,721.2999877929688
1997-03-06,719.7999877929688
1997-03-07,730.4000244140625
1997-03-10,742.0
1997-03-11,726.7999877929688
1997-03-12,718.0
1997-03-13,708.7999877929688
1997-03-14,711.7000122070312
1997-03-17,702.5
1997-03-18,706.5
1997-03-19,708.9000244140625
1997-03-20,723.5
1997-03-21,730.4000244140625
1997-03-24,741.9000244140625
1997-03-25,744.5
1997-03-26,739.2000122070312
1997-03-31,706.0999755859375
1997-04-01,715.2999877929688
1997-04-02,729.0
1997-04-03,718.2999877929688
1997-04-04,722.4000244140625
1997-04-07,722.2000122070312
1997-04-08,716.5
1997-04-09,713.0
1997-04-10,705.9000244140625
1997-04-11,686.2000122070312
1997-04-14,689.5
1997-04-15,706.7000122070312
1997-04-16,715.9000244140625
1997-04-17,708.7000122070312
1997-04-18,703.9000244140625
1997-04-21,697.9000244140625
1997-04-22,714.7999877929688
1997-04-23,722.0999755859375
1997-04-24,709.7999877929688
1997-04-25,715.5
1997-04-28,716.5
1997-04-29,728.7000122070312
1997-04-30,722.5999755859375
1997-05-02,732.2999877929688
1997-05-05,738.2999877929688
1997-05-06,734.0
1997-05-07,724.7999877929688
1997-05-08,726.5999755859375
1997-05-09,723.7999877929688
1997-05-12,727.0
1997-05-13,729.2999877929688
1997-05-14,734.5999755859375
1997-05-15,742.5
1997-05-16,743.0
1997-05-19,744.7000122070312
1997-05-20,754.0
1997-05-21,764.7000122070312
1997-05-22,765.4000244140625
1997-05-23,767.7000122070312
1997-05-26,768.9000244140625
1997-05-27,765.2999877929688
1997-05-28,759.9000244140625
1997-05-29,767.2999877929688
1997-05-30,778.0999755859375
1997-06-02,792.0999755859375
1997-06-03,788.7000122070312
1997-06-04,790.0999755859375
1997-06-05,788.9000244140625
1997-06-06,803.0
1997-06-10,805.5
1997-06-11,803.5999755859375
1997-06-12,814.5
1997-06-13,813.4000244140625
1997-06-17,801.0
1997-06-18,817.0
1997-06-19,826.0999755859375
1997-06-20,822.5
1997-06-23,814.4000244140625
1997-06-24,825.2999877929688
1997-06-25,820.0999755859375
1997-06-26,811.7999877929688
1997-06-27,809.9000244140625
1997-06-30,809.4000244140625
1997-07-01,818.4000244140625
1997-07-02,824.0999755859375
1997-07-03,831.4000244140625
1997-07-04,838.0
1997-07-07,841.7000122070312
1997-07-08,846.2999877929688
1997-07-10,845.5999755859375
1997-07-11,850.5999755859375
1997-07-14,836.0999755859375
1997-07-15,807.9000244140625
1997-07-16,826.4000244140625
1997-07-17,815.4000244140625
1997-07-18,802.0999755859375
1997-07-21,790.7000122070312
1997-07-22,813.5
1997-07-23,821.7000122070312
1997-07-24,836.0999755859375
1997-07-25,841.2000122070312
1997-07-28,852.2000122070312
1997-07-29,849.0
1997-07-30,847.2000122070312
1997-07-31,850.0
1997-08-01,841.0999755859375
1997-08-04,832.7000122070312
1997-08-05,838.7000122070312
1997-08-06,857.4000244140625
1997-08-07,849.9000244140625
1997-08-08,850.7000122070312
1997-08-11,853.2999877929688
1997-08-12,841.0999755859375
1997-08-13,836.9000244140625
1997-08-14,840.5
1997-08-15,838.7000122070312
1997-08-19,850.0
1997-08-20,866.5
1997-08-21,862.0999755859375
1997-08-22,843.7999877929688
1997-08-25,846.9000244140625
1997-08-26,846.5
1997-08-27,861.9000244140625
1997-08-28,865.2999877929688
1997-08-29,832.9000244140625
1997-09-01,810.0999755859375
1997-09-02,826.7999877929688
1997-09-03,834.2000122070312
1997-09-04,831.7999877929688
1997-09-05,832.0
1997-09-08,832.2000122070312
1997-09-09,831.5999755859375
1997-09-10,808.2999877929688
1997-09-11,796.9000244140625
1997-09-12,815.9000244140625
1997-09-15,800.9000244140625
1997-09-16,820.5999755859375
1997-09-17,821.5999755859375
1997-09-18,820.7999877929688
1997-09-19,812.2999877929688
1997-09-22,807.7999877929688
1997-09-23,809.2000122070312
1997-09-24,817.2999877929688
1997-09-25,818.2000122070312
1997-09-26,825.9000244140625
1997-09-29,825.7000122070312
1997-09-30,822.5
1997-10-01,832.2999877929688
1997-10-02,834.5999755859375
1997-10-03,834.0999755859375
1997-10-06,837.5999755859375
1997-10-07,842.9000244140625
1997-10-08,830.5
1997-10-09,834.0
1997-10-10,825.2000122070312
1997-10-13,821.2000122070312
1997-10-14,826.9000244140625
1997-10-15,832.9000244140625
1997-10-16,829.2999877929688
1997-10-17,821.5999755859375
1997-10-20,843.4000244140625
1997-10-21,857.5999755859375
1997-10-22,862.5999755859375
1997-10-23,820.5
1997-10-24,786.2000122070312
1997-10-27,678.2999877929688
1997-10-28,719.5
1997-10-29,694.5999755859375
1997-10-30,631.2999877929688
1997-10-31,660.2000122070312
1997-11-03,686.7000122070312
1997-11-04,706.0999755859375
1997-11-05,681.0999755859375
1997-11-06,686.0999755859375
1997-11-07,651.2000122070312
1997-11-10,614.0999755859375
1997-11-11,606.0
1997-11-12,576.2999877929688
1997-11-13,593.2999877929688
1997-11-14,606.2999877929688
1997-11-17,609.7999877929688
1997-11-18,598.5
1997-11-19,620.9000244140625
1997-11-20,630.2999877929688
1997-11-21,649.9000244140625
1997-11-24,622.0999755859375
1997-11-25,633.2999877929688
1997-11-26,648.5
1997-11-27,659.0
1997-11-28,655.5999755859375
1997-12-01,680.2999877929688
1997-12-02,688.9000244140625
1997-12-03,705.4000244140625
1997-12-04,712.5999755859375
1997-12-05,723.7999877929688
1997-12-09,703.7999877929688
1997-12-10,672.7999877929688
1997-12-11,662.9000244140625
1997-12-12,653.2999877929688
1997-12-15,673.2000122070312
1997-12-16,674.7000122070312
1997-12-17,669.0999755859375
1997-12-18,655.7999877929688
1997-12-19,645.2999877929688
1997-12-22,648.5
1997-12-23,642.5999755859375
1997-12-24,641.2000122070312
1997-12-26,644.2999877929688
1997-12-29,668.7999877929688
1997-12-30,687.5
1998-01-02,694.0
1998-01-06,650.4000244140625
1998-01-07,647.9000244140625
1998-01-08,626.9000244140625
1998-01-09,590.2000122070312
1998-01-12,579.7999877929688
1998-01-13,603.4000244140625
1998-01-14,609.7999877929688
1998-01-15,600.4000244140625
1998-01-16,614.4000244140625
1998-01-19,628.7000122070312
1998-01-20,627.0999755859375
1998-01-21,615.5
1998-01-22,610.7999877929688
1998-01-23,608.9000244140625
1998-01-26,611.7000122070312
1998-01-27,628.5
1998-01-28,629.7000122070312
1998-01-29,625.0
1998-01-30,612.4000244140625
1998-02-02,642.7000122070312
1998-02-03,654.4000244140625
1998-02-04,662.0
1998-02-05,655.9000244140625
1998-02-06,658.0
1998-02-09,659.0
1998-02-10,670.7000122070312
1998-02-11,677.7999877929688
1998-02-12,678.7000122070312
1998-02-13,674.5
1998-02-16,673.2999877929688
1998-02-17,670.0
1998-02-18,666.7999877929688
1998-02-19,673.9000244140625
1998-02-20,675.2999877929688
1998-02-23,680.5999755859375
1998-02-24,682.2999877929688
1998-02-25,690.5999755859375
1998-02-26,682.5
1998-02-27,686.5999755859375
1998-03-02,684.0
1998-03-03,676.2999877929688
1998-03-04,676.2999877929688
1998-03-05,663.0
1998-03-06,667.0
1998-03-09,659.0
1998-03-10,663.5
1998-03-11,670.2999877929688
1998-03-12,674.0
1998-03-13,675.0999755859375
1998-03-16,677.0
1998-03-17,670.5999755859375
1998-03-18,674.5
1998-03-19,677.0
1998-03-20,688.2000122070312
1998-03-23,705.9000244140625
1998-03-24,708.2999877929688
1998-03-25,698.7000122070312
1998-03-26,713.5
1998-03-27,710.2999877929688
1998-03-30,715.9000244140625
1998-03-31,710.0
1998-04-01,710.7000122070312
1998-04-02,706.0
1998-04-03,684.0
1998-04-06,678.0999755859375
1998-04-07,658.7999877929688
1998-04-08,660.7999877929688
1998-04-13,664.5999755859375
1998-04-14,677.2000122070312
1998-04-15,683.0999755859375
1998-04-16,680.7000122070312
1998-04-17,693.2000122070312
1998-04-20,699.5999755859375
1998-04-21,703.7000122070312
1998-04-22,710.7000122070312
1998-04-23,703.7000122070312
1998-04-24,701.2000122070312
1998-04-27,676.7000122070312
1998-04-28,683.5999755859375
1998-04-29,692.4000244140625
1998-04-30,698.9000244140625
1998-05-04,701.9000244140625
1998-05-05,705.7999877929688
1998-05-06,701.5999755859375
1998-05-07,691.4000244140625
1998-05-08,693.7000122070312
1998-05-11,680.2999877929688
1998-05-12,683.5
1998-05-13,671.0
1998-05-14,664.4000244140625
1998-05-15,669.0
1998-05-18,637.0
1998-05-19,635.2999877929688
1998-05-20,642.5
1998-05-21,643.0999755859375
1998-05-22,626.4000244140625
1998-05-26,596.0
1998-05-27,603.0999755859375
1998-05-28,609.5999755859375
1998-05-29,602.0
1998-06-01,589.4000244140625
1998-06-02,600.7000122070312
1998-06-03,598.2999877929688
1998-06-04,604.4000244140625
1998-06-05,615.2000122070312
1998-06-08,597.2000122070312
1998-06-10,574.0
1998-06-11,560.7999877929688
1998-06-12,566.5999755859375
1998-06-16,538.4000244140625
1998-06-17,571.2000122070312
1998-06-18,561.7000122070312
1998-06-19,561.5999755859375
1998-06-22,554.0999755859375
1998-06-23,562.5999755859375
1998-06-24,555.5
1998-06-25,543.0999755859375
1998-06-26,540.5999755859375
1998-06-29,547.7999877929688
1998-06-30,550.4000244140625
1998-07-01,572.4000244140625
1998-07-02,579.0
1998-07-03,585.4000244140625
1998-07-08,616.7000122070312
1998-07-10,612.7999877929688
1998-07-13,623.5999755859375
1998-07-14,623.0
1998-07-15,621.7000122070312
1998-07-16,616.9000244140625
1998-07-17,628.5999755859375
1998-07-20,633.2999877929688
1998-07-21,617.5999755859375
1998-07-22,615.7999877929688
1998-07-23,603.9000244140625
1998-07-24,609.2000122070312
1998-07-27,605.7000122070312
1998-07-28,598.2999877929688
1998-07-29,596.7000122070312
1998-07-30,601.4000244140625
1998-07-31,588.7999877929688
1998-08-03,576.0999755859375
1998-08-04,552.2999877929688
1998-08-05,552.5999755859375
1998-08-06,551.2000122070312
1998-08-07,532.9000244140625
1998-08-10,512.0
1998-08-11,489.7000122070313
1998-08-12,485.2000122070313
1998-08-13,480.7000122070313
1998-08-14,483.5
1998-08-18,471.2999877929688
1998-08-19,470.7000122070313
1998-08-20,441.7999877929688
1998-08-21,407.2000122070313
1998-08-24,409.1000061035156
1998-08-25,415.2000122070313
1998-08-26,404.0
1998-08-27,361.1000061035156
1998-08-28,364.6000061035156
1998-08-31,358.5
1998-09-01,390.0
1998-09-02,390.3999938964844
1998-09-03,367.3999938964844
1998-09-04,355.0
1998-09-07,375.8999938964844
1998-09-08,365.0
1998-09-09,348.1000061035156
1998-09-10,301.70001220703125
1998-09-11,322.20001220703125
1998-09-14,339.70001220703125
1998-09-15,370.0
1998-09-16,368.6000061035156
1998-09-17,349.20001220703125
1998-09-18,359.29998779296875
1998-09-21,356.20001220703125
1998-09-22,368.7999877929688
1998-09-23,399.1000061035156
1998-09-24,383.6000061035156
1998-09-25,389.2999877929688
1998-09-28,399.7000122070313
1998-09-29,397.3999938964844
1998-09-30,380.2999877929688
1998-10-01,350.8999938964844
1998-10-02,374.1000061035156
1998-10-05,365.8999938964844
1998-10-06,368.8999938964844
1998-10-07,360.3999938964844
1998-10-08,363.7999877929688
1998-10-09,385.5
1998-10-13,394.0
1998-10-14,396.2000122070313
1998-10-15,428.0
1998-10-16,422.2999877929688
1998-10-19,424.0
1998-10-20,435.5
1998-10-21,443.8999938964844
1998-10-22,463.3999938964844
1998-10-23,455.1000061035156
1998-10-26,450.7999877929688
1998-10-27,458.8999938964844
1998-10-28,442.2999877929688
1998-10-29,444.2999877929688
1998-10-30,457.5
1998-11-02,474.5
1998-11-03,486.0
1998-11-04,492.8999938964844
1998-11-05,500.2000122070313
1998-11-06,494.0
1998-11-09,471.7000122070313
1998-11-10,475.7999877929688
1998-11-11,477.5
1998-11-12,464.1000061035156
1998-11-13,472.1000061035156
1998-11-16,477.3999938964844
1998-11-17,477.0
1998-11-18,477.8999938964844
1998-11-19,483.6000061035156
1998-11-20,501.8999938964844
1998-11-23,504.1000061035156
1998-11-24,512.9000244140625
1998-11-25,518.7999877929688
1998-11-26,519.2999877929688
1998-11-27,517.5
1998-11-30,488.7999877929688
1998-12-01,491.2000122070313
1998-12-02,484.8999938964844
1998-12-03,453.1000061035156
1998-12-04,450.6000061035156
1998-12-07,452.8999938964844
1998-12-09,446.2999877929688
1998-12-10,438.2000122070313
1998-12-11,435.2000122070313
1998-12-14,409.7000122070313
1998-12-15,423.7000122070313
1998-12-16,427.6000061035156
1998-12-17,418.2999877929688
1998-12-18,424.1000061035156
1998-12-21,436.3999938964844
1998-12-22,436.5
1998-12-23,440.7999877929688
1998-12-24,443.7000122070313
1998-12-28,434.0
1998-12-29,433.3999938964844
1998-12-30,430.1000061035156
1999-01-04,433.3999938964844
1999-01-05,437.7999877929688
1999-01-06,444.1000061035156
1999-01-07,438.8999938964844
1999-01-08,426.7999877929688
1999-01-11,411.1000061035156
1999-01-12,396.7999877929688
1999-01-13,356.20001220703125
1999-01-14,340.6000061035156
1999-01-15,382.3999938964844
1999-01-18,373.6000061035156
1999-01-19,380.6000061035156
1999-01-20,381.0
1999-01-21,365.2999877929688
1999-01-22,359.5
1999-01-25,358.79998779296875
1999-01-26,361.7000122070313
1999-01-27,368.5
1999-01-28,367.6000061035156
1999-01-29,371.8999938964844
1999-02-01,392.2000122070313
1999-02-02,396.1000061035156
1999-02-03,396.5
1999-02-04,396.8999938964844
1999-02-05,394.3999938964844
1999-02-08,391.3999938964844
1999-02-09,382.8999938964844
1999-02-10,381.8999938964844
1999-02-11,391.6000061035156
1999-02-12,387.3999938964844
1999-02-15,390.0
1999-02-16,390.0
1999-02-17,382.1000061035156
1999-02-18,384.3999938964844
1999-02-19,391.1000061035156
1999-02-22,389.3999938964844
1999-02-23,382.2000122070313
1999-02-24,379.0
1999-02-25,374.7999877929688
1999-02-26,380.7999877929688
1999-03-01,382.2999877929688
1999-03-02,379.7000122070313
1999-03-03,374.7999877929688
1999-03-04,383.7999877929688
1999-03-05,387.3999938964844
1999-03-08,388.3999938964844
1999-03-09,391.1000061035156
1999-03-10,403.6000061035156
1999-03-11,410.7999877929688
1999-03-12,407.8999938964844
1999-03-15,417.3999938964844
1999-03-16,413.6000061035156
1999-03-17,412.0
1999-03-18,412.7000122070313
1999-03-19,410.0
1999-03-22,401.8999938964844
1999-03-23,401.3999938964844
1999-03-24,399.3999938964844
1999-03-25,412.2999877929688
1999-03-26,406.8999938964844
1999-03-29,415.5
1999-03-30,419.0
1999-03-31,419.7999877929688
1999-04-05,438.0
1999-04-06,439.6000061035156
1999-04-07,450.0
1999-04-08,448.8999938964844
1999-04-09,444.3999938964844
1999-04-12,444.0
1999-04-13,442.0
1999-04-14,444.5
1999-04-15,458.0
1999-04-16,493.8999938964844
1999-04-19,509.3999938964844
1999-04-20,503.7000122070313
1999-04-21,511.3999938964844
1999-04-22,516.2000122070312
1999-04-23,508.3999938964844
1999-04-26,505.7999877929688
1999-04-27,503.3999938964844
1999-04-28,506.5
1999-04-29,514.2999877929688
1999-04-30,563.7000122070312
1999-05-03,574.2000122070312
1999-05-04,577.9000244140625
1999-05-05,597.5999755859375
1999-05-06,604.0999755859375
1999-05-07,590.0
1999-05-10,580.4000244140625
1999-05-11,562.4000244140625
1999-05-12,538.0999755859375
1999-05-13,546.5999755859375
1999-05-14,546.0999755859375
1999-05-17,539.9000244140625
1999-05-18,551.5999755859375
1999-05-19,527.9000244140625
1999-05-20,534.2000122070312
1999-05-21,511.2000122070313
1999-05-24,497.3999938964844
1999-05-26,518.9000244140625
1999-05-27,506.6000061035156
1999-05-28,518.7999877929688
1999-05-31,524.0999755859375
1999-06-01,520.7000122070312
1999-06-02,522.0999755859375
1999-06-03,522.0
1999-06-04,526.7999877929688
1999-06-07,523.7999877929688
1999-06-08,530.5
1999-06-09,522.7999877929688
1999-06-10,520.7000122070312
1999-06-11,512.0999755859375
1999-06-15,505.3999938964844
1999-06-16,518.0999755859375
1999-06-17,526.2999877929688
1999-06-18,525.7000122070312
1999-06-22,533.4000244140625
1999-06-23,544.7000122070312
1999-06-24,540.4000244140625
1999-06-25,535.7999877929688
1999-06-28,535.9000244140625
1999-06-29,524.2999877929688
1999-06-30,498.7000122070313
1999-07-01,512.7000122070312
1999-07-02,524.0
1999-07-05,526.5999755859375
1999-07-06,528.5
1999-07-07,519.5999755859375
1999-07-08,496.8999938964844
1999-07-09,496.8999938964844
1999-07-12,453.8999938964844
1999-07-13,474.7000122070313
1999-07-14,472.6000061035156
1999-07-15,470.7999877929688
1999-07-16,493.0
1999-07-19,492.3999938964844
1999-07-20,476.7999877929688
1999-07-21,483.2000122070313
1999-07-22,476.2000122070313
1999-07-23,469.2999877929688
1999-07-26,458.2000122070313
1999-07-27,461.7999877929688
1999-07-28,469.5
1999-07-29,471.7000122070313
1999-07-30,475.7000122070313
1999-08-02,467.3999938964844
1999-08-03,466.7999877929688
1999-08-04,461.8999938964844
1999-08-05,465.7999877929688
1999-08-06,464.8999938964844
1999-08-09,466.6000061035156
1999-08-10,463.2000122070313
1999-08-11,473.3999938964844
1999-08-12,472.6000061035156
1999-08-13,478.7999877929688
1999-08-17,480.3999938964844
1999-08-18,472.5
1999-08-19,474.6000061035156
1999-08-20,472.3999938964844
1999-08-23,483.2000122070313
1999-08-24,491.2000122070313
1999-08-25,512.7000122070312
1999-08-26,510.2999877929688
1999-08-27,507.2999877929688
1999-08-30,500.8999938964844
1999-08-31,506.7000122070313
1999-09-01,515.0999755859375
1999-09-02,514.4000244140625
1999-09-03,517.5
1999-09-06,518.0
1999-09-07,513.0
1999-09-08,512.2000122070312
1999-09-09,520.9000244140625
1999-09-10,525.2999877929688
1999-09-13,529.5999755859375
1999-09-14,528.0999755859375
1999-09-15,525.2999877929688
1999-09-16,519.0999755859375
1999-09-17,518.5999755859375
1999-09-20,520.9000244140625
1999-09-21,516.0
1999-09-22,509.7999877929688
1999-09-23,507.2000122070313
1999-09-24,506.5
1999-09-27,526.5
1999-09-28,528.2999877929688
1999-09-29,530.5
1999-09-30,534.4000244140625
1999-10-01,525.9000244140625
1999-10-04,537.7999877929688
1999-10-05,533.2000122070312
1999-10-06,536.0
1999-10-07,539.7000122070312
1999-10-08,538.0
1999-10-12,525.7999877929688
1999-10-13,510.5
1999-10-14,514.9000244140625
1999-10-15,507.5
1999-10-18,504.7999877929688
1999-10-19,515.2000122070312
1999-10-20,523.7999877929688
1999-10-21,534.4000244140625
1999-10-22,545.7999877929688
1999-10-25,546.5
1999-10-26,540.2000122070312
1999-10-27,537.5999755859375
1999-10-28,536.5
1999-10-29,538.7000122070312
1999-11-01,539.7000122070312
1999-11-02,553.0
1999-11-03,565.5999755859375
1999-11-04,561.2999877929688
1999-11-05,566.7000122070312
1999-11-08,574.7000122070312
1999-11-09,572.2000122070312
1999-11-10,570.7000122070312
1999-11-11,557.2999877929688
1999-11-12,549.9000244140625
1999-11-15,558.5
1999-11-16,546.0999755859375
1999-11-17,530.2999877929688
1999-11-18,536.0
1999-11-19,524.7999877929688
1999-11-22,543.7000122070312
1999-11-23,544.0
1999-11-24,544.2999877929688
1999-11-25,549.2999877929688
1999-11-26,555.4000244140625
1999-11-29,549.2999877929688
1999-11-30,536.0999755859375
1999-12-01,543.5
1999-12-02,555.0
1999-12-03,560.5
1999-12-06,553.5999755859375
1999-12-07,554.7999877929688
1999-12-09,553.5999755859375
1999-12-10,556.9000244140625
1999-12-13,553.4000244140625
1999-12-14,536.7000122070312
1999-12-15,536.7000122070312
1999-12-16,541.9000244140625
1999-12-17,551.5
1999-12-20,550.7999877929688
1999-12-21,551.2000122070312
1999-12-22,549.2000122070312
1999-12-23,544.9000244140625
1999-12-24,547.2999877929688
1999-12-27,536.7000122070312
1999-12-28,544.2000122070312
1999-12-29,545.0
1999-12-30,550.5
2000-01-03,551.7999877929688
2000-01-04,523.0
2000-01-05,532.7000122070312
2000-01-06,528.5
2000-01-07,522.0999755859375
2000-01-10,520.0
2000-01-11,520.9000244140625
2000-01-12,518.7000122070312
2000-01-13,560.0999755859375
2000-01-14,566.0999755859375
2000-01-17,567.7000122070312
2000-01-18,577.9000244140625
2000-01-19,581.5
2000-01-20,578.7999877929688
2000-01-21,570.0
2000-01-24,568.2000122070312
2000-01-25,563.5
2000-01-26,581.9000244140625
2000-01-27,580.5999755859375
2000-01-28,568.7999877929688
2000-01-31,566.2999877929688
2000-02-01,574.0
2000-02-02,576.7000122070312
2000-02-03,590.0999755859375
2000-02-04,599.0999755859375
2000-02-07,605.5999755859375
2000-02-08,619.5999755859375
2000-02-09,619.2999877929688
2000-02-10,640.5999755859375
2000-02-11,637.0
2000-02-14,634.0999755859375
2000-02-15,630.7000122070312
2000-02-16,629.5
2000-02-17,630.2000122070312
2000-02-18,618.7000122070312
2000-02-21,621.7999877929688
2000-02-22,621.5
2000-02-23,626.7000122070312
2000-02-24,636.2000122070312
2000-02-25,636.4000244140625
2000-02-28,634.5999755859375
2000-02-29,631.5999755859375
2000-03-01,627.4000244140625
2000-03-02,639.4000244140625
2000-03-03,645.2999877929688
2000-03-06,630.5
2000-03-07,617.7999877929688
2000-03-08,617.2000122070312
2000-03-09,618.2000122070312
2000-03-10,610.0
2000-03-13,606.5999755859375
2000-03-14,609.0999755859375
2000-03-15,606.0999755859375
2000-03-16,617.0
2000-03-17,606.2000122070312
2000-03-20,602.5
2000-03-21,593.7000122070312
2000-03-22,597.7000122070312
2000-03-23,605.4000244140625
2000-03-24,608.0
2000-03-27,603.2999877929688
2000-03-28,588.9000244140625
2000-03-29,583.4000244140625
2000-03-30,576.5
2000-03-31,569.2000122070312
2000-04-03,566.0999755859375
2000-04-04,558.0
2000-04-05,548.2999877929688
2000-04-06,559.5
2000-04-07,575.5999755859375
2000-04-10,567.4000244140625
2000-04-11,559.0999755859375
2000-04-12,553.4000244140625
2000-04-13,542.0
2000-04-14,509.2999877929688
2000-04-17,508.8999938964844
2000-04-18,517.2999877929688
2000-04-19,508.8999938964844
2000-04-24,505.6000061035156
2000-04-25,515.7000122070312
2000-04-26,514.0
2000-04-27,505.8999938964844
2000-04-28,509.5
2000-05-02,511.0
2000-05-03,491.8999938964844
2000-05-04,492.7999877929688
2000-05-05,487.3999938964844
2000-05-08,475.7000122070313
2000-05-09,483.7999877929688
2000-05-10,457.8999938964844
2000-05-11,457.3999938964844
2000-05-12,460.1000061035156
2000-05-15,472.2000122070313
2000-05-16,472.1000061035156
2000-05-17,461.5
2000-05-18,454.7000122070313
2000-05-19,425.6000061035156
2000-05-22,429.7999877929688
2000-05-23,426.1000061035156
2000-05-24,445.6000061035156
2000-05-26,457.7000122070313
2000-05-29,456.0
2000-05-30,472.7000122070313
2000-05-31,464.2999877929688
2000-06-01,472.7999877929688
2000-06-02,501.3999938964844
2000-06-05,495.2999877929688
2000-06-06,484.8999938964844
2000-06-07,491.0
2000-06-08,487.7999877929688
2000-06-09,490.1000061035156
2000-06-12,488.2000122070313
2000-06-13,499.2999877929688
2000-06-14,502.2000122070313
2000-06-15,500.5
2000-06-16,485.3999938964844
2000-06-20,483.7999877929688
2000-06-21,484.7999877929688
2000-06-22,478.3999938964844
2000-06-23,476.0
2000-06-26,469.2000122070313
2000-06-27,475.8999938964844
2000-06-28,486.6000061035156
2000-06-29,487.2000122070313
2000-06-30,496.8999938964844
2000-07-03,513.9000244140625
2000-07-04,520.4000244140625
2000-07-05,522.5999755859375
2000-07-06,531.0
2000-07-07,534.5
2000-07-10,533.7999877929688
2000-07-11,535.7999877929688
2000-07-12,544.7999877929688
2000-07-13,536.0999755859375
2000-07-14,545.7000122070312
2000-07-17,540.0999755859375
2000-07-18,529.7000122070312
2000-07-19,524.4000244140625
2000-07-20,528.5
2000-07-21,520.0
2000-07-24,518.2000122070312
2000-07-25,517.4000244140625
2000-07-26,514.5999755859375
2000-07-27,508.6000061035156
2000-07-28,497.0
2000-07-31,502.0
2000-08-01,488.7999877929688
2000-08-02,488.8999938964844
2000-08-03,484.8999938964844
2000-08-04,486.2999877929688
2000-08-07,490.7999877929688
2000-08-08,494.6000061035156
2000-08-09,496.5
2000-08-10,493.2000122070313
2000-08-11,492.0
2000-08-14,488.6000061035156
2000-08-15,478.8999938964844
2000-08-16,473.2999877929688
2000-08-17,477.1000061035156
2000-08-18,463.2999877929688
2000-08-22,460.2000122070313
2000-08-23,467.6000061035156
2000-08-24,470.5
2000-08-25,475.2000122070313
2000-08-28,475.2999877929688
2000-08-29,473.0
2000-08-30,476.0
2000-08-31,474.7000122070313
2000-09-01,496.3999938964844
2000-09-04,500.7999877929688
2000-09-05,495.6000061035156
2000-09-06,496.2999877929688
2000-09-07,497.2999877929688
2000-09-08,488.3999938964844
2000-09-11,487.1000061035156
2000-09-12,484.6000061035156
2000-09-13,484.5
2000-09-14,490.2000122070313
2000-09-15,487.8999938964844
2000-09-18,478.8999938964844
2000-09-19,480.2999877929688
2000-09-20,475.6000061035156
2000-09-21,477.0
2000-09-22,483.5
2000-09-25,484.0
2000-09-26,475.7999877929688
2000-09-27,473.1000061035156
2000-09-28,477.5
2000-09-29,475.3999938964844
2000-10-02,475.2999877929688
2000-10-03,473.8999938964844
2000-10-04,476.7999877929688
2000-10-05,472.2999877929688
2000-10-06,465.0
2000-10-09,456.1000061035156
2000-10-10,449.1000061035156
2000-10-11,442.5
2000-10-12,435.1000061035156
2000-10-13,436.8999938964844
2000-10-17,419.1000061035156
2000-10-18,414.2999877929688
2000-10-19,432.2000122070313
2000-10-20,425.1000061035156
2000-10-23,415.2000122070313
2000-10-24,414.5
2000-10-25,396.6000061035156
2000-10-26,412.6000061035156
2000-10-27,436.7999877929688
2000-10-30,433.2999877929688
2000-10-31,440.8999938964844
2000-11-01,430.8999938964844
2000-11-02,436.7999877929688
2000-11-03,427.7999877929688
2000-11-07,432.3999938964844
2000-11-08,424.7999877929688
2000-11-09,429.2000122070313
2000-11-10,434.5
2000-11-13,440.7000122070313
2000-11-14,442.3999938964844
2000-11-15,436.8999938964844
2000-11-16,432.2999877929688
2000-11-17,424.3999938964844
2000-11-20,426.2999877929688
2000-11-21,425.3999938964844
2000-11-22,413.7999877929688
2000-11-23,414.7000122070313
2000-11-24,418.1000061035156
2000-11-27,418.0
2000-11-28,406.5
2000-11-29,410.6000061035156
2000-11-30,399.5
2000-12-01,402.2999877929688
2000-12-04,399.6000061035156
2000-12-05,413.7000122070313
2000-12-06,410.3999938964844
2000-12-07,411.2999877929688
2000-12-11,417.1000061035156
2000-12-12,421.0
2000-12-13,416.2000122070313
2000-12-14,409.6000061035156
2000-12-15,405.2000122070313
2000-12-18,406.6000061035156
2000-12-19,412.1000061035156
2000-12-20,404.7000122070313
2000-12-21,416.1000061035156
2000-12-22,420.3999938964844
2000-12-26,420.1000061035156
2000-12-27,420.0
2000-12-28,416.7999877929688
2001-01-02,418.7000122070313
2001-01-03,448.8999938964844
2001-01-04,459.6000061035156
2001-01-05,464.1000061035156
2001-01-08,466.0
2001-01-09,492.5
2001-01-10,494.5
2001-01-11,501.5
2001-01-12,499.6000061035156
2001-01-15,503.5
2001-01-16,503.2000122070313
2001-01-17,510.6000061035156
2001-01-18,524.2999877929688
2001-01-19,526.7999877929688
2001-01-22,527.7000122070312
2001-01-23,539.2000122070312
2001-01-24,532.9000244140625
2001-01-25,527.2000122070312
2001-01-26,525.2000122070312
2001-01-29,530.2999877929688
2001-01-30,531.5
2001-01-31,532.7999877929688
2001-02-01,528.0
2001-02-02,517.7999877929688
2001-02-05,510.6000061035156
2001-02-06,512.7999877929688
2001-02-07,503.8999938964844
2001-02-08,509.8999938964844
2001-02-09,504.5
2001-02-12,506.7999877929688
2001-02-13,500.7999877929688
2001-02-14,494.8999938964844
2001-02-15,494.1000061035156
2001-02-16,483.2000122070313
2001-02-19,485.2999877929688
2001-02-20,470.0
2001-02-21,450.1000061035156
2001-02-22,459.7000122070313
2001-02-23,460.3999938964844
2001-02-26,455.1000061035156
2001-02-27,446.3999938964844
2001-02-28,435.8999938964844
2001-03-01,439.6000061035156
2001-03-02,448.7999877929688
2001-03-05,485.2000122070313
2001-03-06,476.2999877929688
2001-03-07,479.0
2001-03-08,477.5
2001-03-09,477.2999877929688
2001-03-12,466.0
2001-03-13,463.8999938964844
2001-03-14,449.6000061035156
2001-03-15,451.6000061035156
2001-03-16,443.0
2001-03-19,434.3999938964844
2001-03-20,431.7000122070313
2001-03-21,428.1000061035156
2001-03-22,404.1000061035156
2001-03-23,429.2999877929688
2001-03-26,451.3999938964844
2001-03-27,460.1000061035156
2001-03-28,454.0
2001-03-29,443.3999938964844
2001-03-30,443.7999877929688
2001-04-03,432.6000061035156
2001-04-04,431.0
2001-04-05,448.7999877929688
2001-04-06,452.8999938964844
2001-04-09,463.0
2001-04-10,463.0
2001-04-11,456.2000122070313
2001-04-16,444.2999877929688
2001-04-17,448.2000122070313
2001-04-18,467.2000122070313
2001-04-19,448.2999877929688
2001-04-20,420.2000122070313
2001-04-23,411.5
2001-04-24,420.2999877929688
2001-04-25,420.7999877929688
2001-04-26,437.3999938964844
2001-04-27,449.3999938964844
2001-04-30,435.6000061035156
2001-05-02,433.3999938964844
2001-05-03,431.2000122070313
2001-05-04,442.2999877929688
2001-05-07,444.1000061035156
2001-05-08,429.0
2001-05-09,431.2999877929688
2001-05-10,431.1000061035156
2001-05-11,419.3999938964844
2001-05-14,415.6000061035156
2001-05-15,419.0
2001-05-16,429.7000122070313
2001-05-17,432.3999938964844
2001-05-18,428.1000061035156
2001-05-21,435.5
2001-05-22,436.7999877929688
2001-05-23,440.7000122070313
2001-05-24,440.7000122070313
2001-05-28,436.7000122070313
2001-05-29,430.2000122070313
2001-05-30,427.8999938964844
2001-05-31,439.2000122070313
2001-06-01,435.7999877929688
2001-06-04,443.7000122070313
2001-06-05,442.8999938964844
2001-06-06,439.2000122070313
2001-06-07,451.0
2001-06-08,451.3999938964844
2001-06-11,445.5
2001-06-12,450.2000122070313
2001-06-13,445.7999877929688
2001-06-14,438.7000122070313
2001-06-15,438.2000122070313
2001-06-19,418.1000061035156
2001-06-20,419.6000061035156
2001-06-21,423.7999877929688
2001-06-22,415.7000122070313
2001-06-25,425.7999877929688
2001-06-26,420.5
2001-06-27,417.2000122070313
2001-06-28,409.6000061035156
2001-06-29,402.2999877929688
2001-07-02,406.2000122070313
2001-07-03,389.1000061035156
2001-07-04,386.0
2001-07-05,372.7000122070313
2001-07-06,369.7999877929688
2001-07-10,347.1000061035156
2001-07-11,339.3999938964844
2001-07-12,311.70001220703125
2001-07-13,329.1000061035156
2001-07-16,324.0
2001-07-17,339.70001220703125
2001-07-18,325.29998779296875
2001-07-19,319.79998779296875
2001-07-20,334.1000061035156
2001-07-23,337.70001220703125
2001-07-24,325.79998779296875
2001-07-25,330.29998779296875
2001-07-26,322.1000061035156
2001-07-27,322.79998779296875
2001-07-30,319.8999938964844
2001-07-31,320.79998779296875
2001-08-01,307.1000061035156
2001-08-02,312.79998779296875
2001-08-03,312.3999938964844
2001-08-06,302.29998779296875
2001-08-07,307.20001220703125
2001-08-08,319.1000061035156
2001-08-09,326.3999938964844
2001-08-10,331.5
2001-08-13,326.79998779296875
2001-08-14,316.6000061035156
2001-08-15,326.8999938964844
2001-08-16,334.70001220703125
2001-08-17,314.5
2001-08-21,303.6000061035156
2001-08-22,328.3999938964844
2001-08-23,319.29998779296875
2001-08-24,316.6000061035156
2001-08-27,315.1000061035156
2001-08-28,322.1000061035156
2001-08-29,325.3999938964844
2001-08-30,318.5
2001-08-31,319.8999938964844
2001-09-03,319.0
2001-09-04,314.79998779296875
2001-09-05,313.29998779296875
2001-09-06,307.0
2001-09-07,300.1000061035156
2001-09-10,287.20001220703125
2001-09-13,265.1000061035156
2001-09-14,266.0
2001-09-17,267.6000061035156
2001-09-18,268.6000061035156
2001-09-19,252.5
2001-09-20,242.1999969482422
2001-09-21,239.5
2001-09-24,247.3000030517578
2001-09-25,243.8999938964844
2001-09-26,244.6999969482422
2001-09-27,248.6000061035156
2001-09-28,243.6000061035156
2001-10-01,241.1999969482422
2001-10-02,230.8000030517578
2001-10-03,214.6000061035156
2001-10-04,206.8000030517578
2001-10-05,214.8999938964844
2001-10-09,213.5
2001-10-10,224.1000061035156
2001-10-11,232.8000030517578
2001-10-12,233.0
2001-10-15,231.5
2001-10-16,243.1999969482422
2001-10-17,251.6000061035156
2001-10-18,251.1000061035156
2001-10-19,253.1999969482422
2001-10-22,252.6999969482422
2001-10-23,247.0
2001-10-24,246.6000061035156
2001-10-25,245.8000030517578
2001-10-26,240.3999938964844
2001-10-29,219.5
2001-10-30,223.6000061035156
2001-10-31,224.8000030517578
2001-11-01,229.0
2001-11-02,222.5
2001-11-05,230.6999969482422
2001-11-07,236.8999938964844
2001-11-08,234.3999938964844
2001-11-09,228.3999938964844
2001-11-12,226.6000061035156
2001-11-13,224.1000061035156
2001-11-14,221.5
2001-11-15,227.3000030517578
2001-11-16,219.6000061035156
2001-11-19,218.1000061035156
2001-11-20,204.8999938964844
2001-11-21,205.3000030517578
2001-11-22,208.6999969482422
2001-11-23,213.1999969482422
2001-11-26,223.8999938964844
2001-11-27,218.6000061035156
2001-11-28,212.0
2001-11-29,200.8999938964844
2001-11-30,202.5
2001-12-03,214.8000030517578
2001-12-04,212.1999969482422
2001-12-05,229.1999969482422
2001-12-06,253.5
2001-12-07,254.3999938964844
2001-12-10,235.1000061035156
2001-12-11,239.3000030517578
2001-12-12,241.3999938964844
2001-12-13,252.0
2001-12-14,252.6999969482422
2001-12-17,256.6000061035156
2001-12-18,253.3999938964844
2001-12-19,272.79998779296875
2001-12-20,320.5
2001-12-28,295.3999938964844
2002-01-02,323.70001220703125
2002-01-03,340.6000061035156
2002-01-04,343.20001220703125
2002-01-17,371.2000122070313
2002-01-18,414.8999938964844
2002-01-21,470.6000061035156
2002-01-22,445.8999938964844
2002-01-23,438.8999938964844
2002-01-24,409.5
2002-01-25,406.5
2002-01-28,419.0
2002-01-29,425.1000061035156
2002-01-30,454.2999877929688
2002-01-31,439.2000122070313
2002-02-01,444.8999938964844
2002-02-06,471.2999877929688
2002-02-07,459.1000061035156
2002-02-08,457.5
2002-02-11,408.7000122070313
2002-02-12,374.5
2002-02-13,385.2000122070313
2002-02-14,375.3999938964844
2002-02-15,376.2000122070313
2002-02-18,390.5
2002-02-19,395.5
2002-02-20,388.8999938964844
2002-02-21,371.2999877929688
2002-02-22,367.8999938964844
2002-02-25,381.2000122070313
2002-02-26,373.6000061035156
2002-02-27,380.0
2002-02-28,398.2999877929688
2002-03-01,405.8999938964844
2002-03-04,371.5
2002-03-05,370.7999877929688
2002-03-06,382.8999938964844
2002-03-07,377.3999938964844
2002-03-08,389.6000061035156
2002-03-11,398.0
2002-03-12,408.7000122070313
2002-03-13,403.1000061035156
2002-03-14,389.2999877929688
2002-03-15,390.7000122070313
2002-03-18,396.0
2002-03-19,407.6000061035156
2002-03-20,412.0
2002-03-21,405.2000122070313
2002-03-22,432.2999877929688
2002-03-25,437.0
2002-03-26,438.0
2002-03-27,436.1000061035156
2002-04-02,435.1000061035156
2002-04-03,431.3999938964844
2002-04-04,415.0
2002-04-05,401.1000061035156
2002-04-08,385.2999877929688
2002-04-09,386.1000061035156
2002-04-10,391.1000061035156
2002-04-11,383.7999877929688
2002-04-12,386.6000061035156
2002-04-15,387.8999938964844
2002-04-16,362.2999877929688
2002-04-17,368.7000122070313
2002-04-18,400.5
2002-04-19,419.7000122070313
2002-04-29,389.3999938964844
2002-04-30,387.7999877929688
2002-05-02,409.1000061035156
2002-05-03,405.7999877929688
2002-05-06,407.5
2002-05-07,399.8999938964844
2002-05-08,398.8999938964844
2002-05-09,390.6000061035156
2002-05-10,387.5
2002-05-13,385.8999938964844
2002-05-14,384.2999877929688
2002-05-15,370.2000122070313
2002-05-16,369.2000122070313
2002-05-17,372.7000122070313
2002-05-20,370.5
2002-05-21,365.1000061035156
2002-05-22,351.6000061035156
2002-05-23,347.3999938964844
2002-05-24,330.3999938964844
2002-05-27,322.0
2002-05-28,341.5
2002-05-29,339.29998779296875
2002-05-30,332.79998779296875
2002-05-31,317.6000061035156
2002-06-03,309.5
2002-06-04,296.5
2002-06-05,292.3999938964844
2002-06-06,288.3999938964844
2002-06-07,294.6000061035156
2002-06-10,274.8999938964844
2002-06-11,285.3999938964844
2002-06-12,275.70001220703125
2002-06-14,267.70001220703125
2002-06-18,288.3999938964844
2002-06-19,300.5
2002-06-20,320.79998779296875
2002-06-21,313.1000061035156
2002-06-24,318.3999938964844
2002-06-25,339.6000061035156
2002-06-26,334.6000061035156
2002-06-27,332.79998779296875
2002-06-28,350.70001220703125
2002-07-01,370.7000122070313
2002-07-02,360.7999877929688
2002-07-03,371.5
2002-07-04,387.7000122070313
2002-07-05,382.7999877929688
2002-07-08,402.1000061035156
2002-07-10,385.0
2002-07-11,373.5
2002-07-12,371.0
2002-07-15,362.0
2002-07-16,376.7000122070313
2002-07-17,375.2999877929688
2002-07-18,381.7000122070313
2002-07-19,379.5
2002-07-22,364.3999938964844
2002-07-23,363.0
2002-07-24,364.2000122070313
2002-07-25,361.6000061035156
2002-07-26,355.8999938964844
2002-07-29,355.79998779296875
2002-07-30,358.8999938964844
2002-07-31,359.29998779296875
2002-08-01,357.79998779296875
2002-08-02,357.3999938964844
2002-08-05,342.0
2002-08-06,347.29998779296875
2002-08-07,356.6000061035156
2002-08-08,366.6000061035156
2002-08-09,375.5
2002-08-12,371.6000061035156
2002-08-13,366.7000122070313
2002-08-14,368.8999938964844
2002-08-15,371.2999877929688
2002-08-16,382.3999938964844
2002-08-20,383.2999877929688
2002-08-21,384.8999938964844
2002-08-22,386.7999877929688
2002-08-23,387.1000061035156
2002-08-26,385.3999938964844
2002-08-27,387.0
2002-08-28,376.8999938964844
2002-08-29,379.8999938964844
2002-08-30,375.2000122070313
2002-09-02,371.3999938964844
2002-09-03,368.6000061035156
2002-09-04,373.7000122070313
2002-09-05,370.3999938964844
2002-09-06,371.8999938964844
2002-09-09,375.5
2002-09-10,376.7999877929688
2002-09-11,386.1000061035156
2002-09-12,394.7999877929688
2002-09-13,387.3999938964844
2002-09-16,385.7999877929688
2002-09-17,383.1000061035156
2002-09-18,378.0
2002-09-19,376.3999938964844
2002-09-20,376.7999877929688
2002-09-23,375.3999938964844
2002-09-24,377.2000122070313
2002-09-25,380.1000061035156
2002-09-26,392.7999877929688
2002-09-27,393.6000061035156
2002-09-30,395.2000122070313
2002-10-01,394.0
2002-10-02,392.1000061035156
2002-10-03,407.7999877929688
2002-10-04,410.7999877929688
2002-10-07,403.3999938964844
2002-10-08,401.5
2002-10-09,396.6000061035156
2002-10-10,414.7000122070313
2002-10-11,419.1000061035156
2002-10-15,431.5
2002-10-16,438.0
2002-10-17,440.1000061035156
2002-10-18,449.2000122070313
2002-10-21,445.1000061035156
2002-10-22,433.7000122070313
2002-10-23,433.7999877929688
2002-10-24,437.5
2002-10-25,444.1000061035156
2002-10-28,440.8999938964844
2002-10-29,426.5
2002-10-30,430.7999877929688
2002-10-31,434.7999877929688
2002-11-01,430.5
2002-11-04,424.7999877929688
2002-11-05,427.2000122070313
2002-11-07,443.0
2002-11-08,439.6000061035156
2002-11-11,437.5
2002-11-12,455.8999938964844
2002-11-13,456.8999938964844
2002-11-14,442.1000061035156
2002-11-15,452.1000061035156
2002-11-18,459.1000061035156
2002-11-19,454.2999877929688
2002-11-20,460.1000061035156
2002-11-21,487.1000061035156
2002-11-22,486.5
2002-11-25,498.5
2002-11-26,502.1000061035156
2002-11-27,509.6000061035156
2002-11-28,492.0
2002-11-29,497.7999877929688
2002-12-02,513.5
2002-12-03,517.7999877929688
2002-12-04,515.0999755859375
2002-12-05,517.2000122070312
2002-12-06,517.0
2002-12-09,504.3999938964844
2002-12-10,506.1000061035156
2002-12-11,490.0
2002-12-12,485.6000061035156
2002-12-13,469.7000122070313
2002-12-16,489.5
2002-12-17,480.8999938964844
2002-12-18,487.6000061035156
2002-12-19,496.1000061035156
2002-12-20,503.8999938964844
2002-12-23,520.7999877929688
2002-12-24,523.4000244140625
2002-12-26,519.0999755859375
2002-12-27,517.9000244140625
2002-12-30,525.0999755859375
2002-12-31,525.0
2003-01-02,520.5999755859375
2003-01-03,530.5999755859375
2003-01-06,554.4000244140625
2003-01-07,559.7000122070312
2003-01-08,569.9000244140625
2003-01-09,591.0999755859375
2003-01-10,575.7999877929688
2003-01-13,581.9000244140625
2003-01-14,591.0999755859375
2003-01-15,587.0
2003-01-16,596.5999755859375
2003-01-17,577.2000122070312
2003-01-20,575.7000122070312
2003-01-21,562.7999877929688
2003-01-22,568.7000122070312
2003-01-23,568.2000122070312
2003-01-24,557.7999877929688
2003-01-27,548.2000122070312
2003-01-28,556.5
2003-01-29,557.4000244140625
2003-01-30,547.0
2003-01-31,549.9000244140625
2003-02-03,549.7000122070312
2003-02-04,569.7999877929688
2003-02-05,562.2000122070312
2003-02-06,559.0999755859375
2003-02-07,564.9000244140625
2003-02-10,571.5
2003-02-11,573.9000244140625
2003-02-12,582.0
2003-02-13,582.5
2003-02-14,580.5
2003-02-17,580.2000122070312
2003-02-18,584.9000244140625
2003-02-19,580.5
2003-02-20,584.0
2003-02-21,590.2000122070312
2003-02-24,592.9000244140625
2003-02-25,588.4000244140625
2003-02-26,585.7999877929688
2003-02-27,578.9000244140625
2003-02-28,593.7999877929688
2003-03-03,594.0
2003-03-04,596.5999755859375
2003-03-05,595.2000122070312
2003-03-06,583.4000244140625
2003-03-07,581.5
2003-03-10,561.2999877929688
2003-03-11,557.7000122070312
2003-03-12,554.7999877929688
2003-03-13,563.9000244140625
2003-03-14,560.2000122070312
2003-03-17,563.7000122070312
2003-03-18,566.5
2003-03-19,564.5999755859375
2003-03-20,574.2000122070312
2003-03-21,585.4000244140625
2003-03-24,569.7000122070312
2003-03-25,574.2999877929688
2003-03-26,568.4000244140625
2003-03-27,569.0999755859375
2003-03-28,566.5
2003-04-01,565.7999877929688
2003-04-02,561.5999755859375
2003-04-03,564.9000244140625
2003-04-04,569.0999755859375
2003-04-07,567.7999877929688
2003-04-08,566.5999755859375
2003-04-09,564.5999755859375
2003-04-10,565.7999877929688
2003-04-11,567.7999877929688
2003-04-14,586.7000122070312
2003-04-15,591.5999755859375
2003-04-16,600.5999755859375
2003-04-21,640.9000244140625
2003-04-22,649.5
2003-04-23,670.0
2003-04-24,651.7000122070312
2003-04-25,666.0
2003-04-28,608.5
2003-04-29,622.5
2003-04-30,636.0
2003-05-02,658.2999877929688
2003-05-05,653.7000122070312
2003-05-06,635.7999877929688
2003-05-07,639.9000244140625
2003-05-08,628.2000122070312
2003-05-09,637.5999755859375
2003-05-12,623.7000122070312
2003-05-13,618.5999755859375
2003-05-14,630.5999755859375
2003-05-15,626.9000244140625
2003-05-16,646.2000122070312
2003-05-19,634.4000244140625
2003-05-20,617.5
2003-05-21,634.0999755859375
2003-05-22,658.2999877929688
2003-05-23,653.2999877929688
2003-05-26,662.5999755859375
2003-05-27,664.2999877929688
2003-05-28,678.0
2003-05-29,674.2999877929688
2003-05-30,678.2999877929688
2003-06-02,702.7999877929688
2003-06-03,707.7999877929688
2003-06-04,701.7999877929688
2003-06-05,702.9000244140625
2003-06-06,718.7000122070312
2003-06-09,718.2000122070312
2003-06-10,728.5999755859375
2003-06-11,736.9000244140625
2003-06-12,763.5999755859375
2003-06-13,768.4000244140625
2003-06-17,792.0999755859375
2003-06-18,770.7000122070312
2003-06-19,782.9000244140625
2003-06-20,801.2000122070312
2003-06-23,805.5
2003-06-24,794.5
2003-06-25,792.5999755859375
2003-06-26,738.4000244140625
2003-06-27,733.9000244140625
2003-06-30,765.5999755859375
2003-07-01,758.5
2003-07-02,749.0
2003-07-03,721.0999755859375
2003-07-04,727.2999877929688
2003-07-07,738.7999877929688
2003-07-08,721.2000122070312
2003-07-10,706.0
2003-07-11,710.5
2003-07-14,708.7000122070312
2003-07-15,693.2999877929688
2003-07-16,698.2999877929688
2003-07-17,721.4000244140625
2003-07-18,743.2000122070312
2003-07-21,736.9000244140625
2003-07-22,746.0999755859375
2003-07-23,747.5
2003-07-24,735.9000244140625
2003-07-25,733.7999877929688
2003-07-28,735.5
2003-07-29,758.5999755859375
2003-07-30,763.4000244140625
2003-07-31,755.2999877929688
2003-08-01,748.7999877929688
2003-08-04,754.9000244140625
2003-08-05,742.0999755859375
2003-08-06,737.7000122070312
2003-08-07,741.7000122070312
2003-08-08,740.2999877929688
2003-08-11,715.0
2003-08-12,716.2000122070312
2003-08-13,718.7999877929688
2003-08-14,720.2999877929688
2003-08-15,713.7000122070312
2003-08-19,688.0
2003-08-20,674.5999755859375
2003-08-21,697.5999755859375
2003-08-22,683.9000244140625
2003-08-25,690.7000122070312
2003-08-26,697.2999877929688
2003-08-27,713.0
2003-08-28,714.7999877929688
2003-08-29,713.2999877929688
2003-09-01,712.4000244140625
2003-09-02,725.0
2003-09-03,733.7999877929688
2003-09-04,734.2999877929688
2003-09-05,750.9000244140625
2003-09-08,755.0
2003-09-09,727.2999877929688
2003-09-10,762.5999755859375
2003-09-11,761.9000244140625
2003-09-12,764.7000122070312
2003-09-15,778.5999755859375
2003-09-16,796.5
2003-09-17,800.0
2003-09-18,798.0999755859375
2003-09-19,781.7000122070312
2003-09-22,794.2999877929688
2003-09-23,794.5
2003-09-24,811.7000122070312
2003-09-25,803.9000244140625
2003-09-26,810.2999877929688
2003-09-29,820.2000122070312
2003-09-30,827.7000122070312
2003-10-01,827.9000244140625
2003-10-02,831.7999877929688
2003-10-03,830.2000122070312
2003-10-06,831.0
2003-10-07,831.2000122070312
2003-10-08,845.5999755859375
2003-10-09,862.5
2003-10-10,863.4000244140625
2003-10-14,864.9000244140625
2003-10-15,869.5999755859375
2003-10-16,867.2000122070312
2003-10-17,877.7999877929688
2003-10-20,902.7999877929688
2003-10-21,913.9000244140624
2003-10-22,891.9000244140625
2003-10-23,891.7000122070312
2003-10-24,923.7000122070312
2003-10-27,918.0
2003-10-28,939.5999755859376
2003-10-29,943.0
2003-10-30,938.2000122070312
2003-10-31,929.9000244140624
2003-11-03,945.2999877929688
2003-11-04,954.5
2003-11-05,965.9000244140624
2003-11-07,963.0999755859376
2003-11-10,951.7999877929688
2003-11-11,918.5
2003-11-12,924.4000244140624
2003-11-13,932.4000244140624
2003-11-14,932.2000122070312
2003-11-17,913.5999755859376
2003-11-18,916.7000122070312
2003-11-19,921.0999755859376
2003-11-20,922.0999755859376
2003-11-21,945.0
2003-11-24,970.7000122070312
2003-11-25,985.5
2003-11-26,990.0
2003-11-27,993.5
2003-11-28,996.5999755859376
2003-12-01,999.4000244140624
2003-12-02,1022.4000244140624
2003-12-03,1013.0999755859376
2003-12-04,1010.7000122070312
2003-12-05,1027.300048828125
2003-12-09,1018.0
2003-12-10,984.7000122070312
2003-12-11,1001.7000122070312
2003-12-12,995.0
2003-12-15,982.5999755859376
2003-12-16,990.9000244140624
2003-12-17,999.2000122070312
2003-12-18,1019.2999877929688
2003-12-19,999.7000122070312
2003-12-22,1028.4000244140625
2003-12-23,1025.800048828125
2003-12-24,1036.4000244140625
2003-12-26,1044.699951171875
2003-12-29,1078.0
2003-12-30,1074.5999755859375
2003-12-31,1072.0
2004-01-02,1101.5
2004-01-05,1144.5
2004-01-06,1158.800048828125
2004-01-07,1162.800048828125
2004-01-08,1157.5999755859375
2004-01-09,1195.4000244140625
2004-01-12,1175.300048828125
2004-01-13,1205.5999755859375
2004-01-14,1202.300048828125
2004-01-15,1202.9000244140625
2004-01-16,1208.199951171875
2004-01-19,1246.5
2004-01-20,1260.0
2004-01-21,1223.800048828125
2004-01-22,1210.800048828125
2004-01-23,1163.5999755859375
2004-01-26,1198.300048828125
2004-01-27,1203.199951171875
2004-01-28,1181.5
2004-01-29,1144.699951171875
2004-01-30,1140.800048828125
2004-02-02,1129.9000244140625
2004-02-03,1157.0999755859375
2004-02-04,1134.300048828125
2004-02-05,1083.5
2004-02-06,1053.300048828125
2004-02-09,1093.0
2004-02-10,1006.7999877929688
2004-02-11,1029.9000244140625
2004-02-12,1071.300048828125
2004-02-13,1090.0
2004-02-16,1119.699951171875
2004-02-17,1109.4000244140625
2004-02-18,1127.699951171875
2004-02-19,1122.800048828125
2004-02-20,1145.9000244140625
2004-02-23,1199.4000244140625
2004-02-24,1203.5999755859375
2004-02-25,1178.4000244140625
2004-02-26,1192.5999755859375
2004-02-27,1183.0999755859375
2004-03-01,1210.5
2004-03-02,1214.0999755859375
2004-03-03,1203.4000244140625
2004-03-04,1189.9000244140625
2004-03-05,1157.5999755859375
2004-03-08,1149.9000244140625
2004-03-09,1217.699951171875
2004-03-10,1239.699951171875
2004-03-11,1236.5999755859375
2004-03-12,1258.699951171875
2004-03-15,1235.0
2004-03-16,1240.199951171875
2004-03-17,1254.5
2004-03-18,1255.0999755859375
2004-03-19,1275.199951171875
2004-03-22,1259.0
2004-03-23,1257.0999755859375
2004-03-24,1239.800048828125
2004-03-25,1242.9000244140625
2004-03-26,1211.0
2004-03-29,1184.5999755859375
2004-03-30,1198.0
2004-03-31,1201.699951171875
2004-04-01,1211.300048828125
2004-04-02,1197.5
2004-04-06,1190.9000244140625
2004-04-07,1182.4000244140625
2004-04-12,1177.800048828125
2004-04-13,1202.5
2004-04-14,1192.199951171875
2004-04-15,1175.5999755859375
2004-04-16,1162.800048828125
2004-04-19,1131.4000244140625
2004-04-20,1108.5
2004-04-21,1084.800048828125
2004-04-22,1092.4000244140625
2004-04-23,1143.0
2004-04-26,1153.5999755859375
2004-04-27,1138.0999755859375
2004-04-28,1133.199951171875
2004-04-29,1104.199951171875
2004-04-30,1077.9000244140625
2004-05-03,1074.199951171875
2004-05-04,1077.699951171875
2004-05-05,1082.9000244140625
2004-05-06,1054.9000244140625
2004-05-07,1005.9000244140624
2004-05-10,921.7000122070312
2004-05-11,955.9000244140624
2004-05-12,940.4000244140624
2004-05-13,913.5999755859376
2004-05-14,900.4000244140625
2004-05-17,839.9000244140625
2004-05-18,844.2999877929688
2004-05-19,896.0999755859375
2004-05-20,890.2000122070312
2004-05-21,920.7999877929688
2004-05-24,943.0999755859376
2004-05-26,942.2999877929688
2004-05-27,957.2000122070312
2004-05-28,970.4000244140624
2004-05-31,952.5999755859376
2004-06-01,975.5999755859376
2004-06-02,977.4000244140624
2004-06-03,952.2000122070312
2004-06-04,928.7000122070312
2004-06-07,934.0999755859376
2004-06-08,933.0
2004-06-09,904.2000122070312
2004-06-10,885.0
2004-06-11,885.4000244140625
2004-06-14,855.0
2004-06-15,886.7000122070312
2004-06-16,909.2999877929688
2004-06-17,909.7000122070312
2004-06-18,951.2000122070312
2004-06-22,955.0
2004-06-23,960.9000244140624
2004-06-24,938.7000122070312
2004-06-25,931.7999877929688
2004-06-28,922.5999755859376
2004-06-29,933.5
2004-06-30,945.5
2004-07-01,951.2000122070312
2004-07-02,967.7000122070312
2004-07-05,979.9000244140624
2004-07-06,969.9000244140624
2004-07-07,970.0
2004-07-08,985.5
2004-07-12,986.5
2004-07-13,950.5999755859376
2004-07-14,972.4000244140624
2004-07-15,962.5
2004-07-16,961.5999755859376
2004-07-19,953.7000122070312
2004-07-20,989.4000244140624
2004-07-21,981.9000244140624
2004-07-22,979.2000122070312
2004-07-23,975.4000244140624
2004-07-26,953.0999755859376
2004-07-27,939.9000244140624
2004-07-28,949.2000122070312
2004-07-29,954.9000244140624
2004-07-30,966.0999755859376
2004-08-02,962.4000244140624
2004-08-03,969.0999755859376
2004-08-04,983.7999877929688
2004-08-05,973.7999877929688
2004-08-06,964.0999755859376
2004-08-09,963.7000122070312
2004-08-10,967.5999755859376
2004-08-11,957.0
2004-08-12,954.9000244140624
2004-08-13,934.0
2004-08-17,938.0
2004-08-18,952.7999877929688
2004-08-19,944.7000122070312
2004-08-20,937.2999877929688
2004-08-23,936.5
2004-08-24,940.0
2004-08-25,942.0
2004-08-26,940.2000122070312
2004-08-27,950.5999755859376
2004-08-30,962.5999755859376
2004-08-31,952.0999755859376
2004-09-01,962.7000122070312
2004-09-02,976.2000122070312
2004-09-03,986.5999755859376
2004-09-06,997.7999877929688
2004-09-07,988.5999755859376
2004-09-08,986.7000122070312
2004-09-09,995.5
2004-09-10,1002.5999755859376
2004-09-13,1025.4000244140625
2004-09-14,1037.9000244140625
2004-09-15,1026.4000244140625
2004-09-16,1045.300048828125
2004-09-17,1056.9000244140625
2004-09-20,1066.800048828125
2004-09-21,1089.0999755859375
2004-09-22,1085.800048828125
2004-09-23,1101.0999755859375
2004-09-24,1099.0
2004-09-27,1113.0
2004-09-28,1132.4000244140625
2004-09-29,1147.0999755859375
2004-09-30,1142.5
2004-10-01,1160.0999755859375
2004-10-04,1167.0999755859375
2004-10-05,1135.4000244140625
2004-10-06,1128.0
2004-10-07,1140.300048828125
2004-10-08,1128.699951171875
2004-10-12,1138.0999755859375
2004-10-13,1165.699951171875
2004-10-14,1192.699951171875
2004-10-15,1228.9000244140625
2004-10-18,1244.0
2004-10-19,1215.4000244140625
2004-10-20,1215.199951171875
2004-10-21,1234.5999755859375
2004-10-22,1204.5
2004-10-25,1209.5
2004-10-26,1225.4000244140625
2004-10-27,1286.0999755859375
2004-10-28,1280.800048828125
2004-10-29,1287.0999755859375
2004-11-01,1314.5
2004-11-02,1299.9000244140625
2004-11-03,1289.4000244140625
2004-11-04,1302.9000244140625
2004-11-05,1325.199951171875
2004-11-08,1297.0
2004-11-09,1286.199951171875
2004-11-10,1297.199951171875
2004-11-11,1284.300048828125
2004-11-12,1257.5999755859375
2004-11-15,1247.800048828125
2004-11-16,1257.800048828125
2004-11-17,1262.0999755859375
2004-11-18,1263.5999755859375
2004-11-19,1254.5
2004-11-22,1193.4000244140625
2004-11-23,1204.0999755859375
2004-11-24,1182.199951171875
2004-11-25,1187.300048828125
2004-11-26,1183.199951171875
2004-11-29,1167.5
2004-11-30,1213.0999755859375
2004-12-01,1221.0
2004-12-02,1193.5999755859375
2004-12-03,1218.800048828125
2004-12-06,1223.5
2004-12-07,1204.5999755859375
2004-12-09,1219.0
2004-12-10,1234.300048828125
2004-12-13,1233.300048828125
2004-12-14,1237.5
2004-12-15,1253.5
2004-12-16,1246.699951171875
2004-12-17,1255.800048828125
2004-12-20,1305.9000244140625
2004-12-21,1325.300048828125
2004-12-22,1322.4000244140625
2004-12-23,1356.5999755859375
2004-12-24,1366.699951171875
2004-12-27,1376.300048828125
2004-12-28,1366.699951171875
2004-12-29,1389.5
2004-12-30,1384.5999755859375
2004-12-31,1375.4000244140625
2005-01-03,1369.5
2005-01-04,1337.5
2005-01-05,1305.5999755859375
2005-01-06,1316.5999755859375
2005-01-07,1309.5
2005-01-10,1334.5999755859375
2005-01-11,1350.9000244140625
2005-01-12,1344.0999755859375
2005-01-13,1347.300048828125
2005-01-14,1344.699951171875
2005-01-17,1348.699951171875
2005-01-18,1345.5
2005-01-19,1337.0
2005-01-20,1319.199951171875
2005-01-21,1325.699951171875
2005-01-24,1311.9000244140625
2005-01-25,1309.699951171875
2005-01-26,1355.300048828125
2005-01-27,1378.4000244140625
2005-01-28,1381.9000244140625
2005-01-31,1373.800048828125
2005-02-01,1373.4000244140625
2005-02-02,1371.0
2005-02-03,1399.199951171875
2005-02-04,1428.5
2005-02-07,1434.0
2005-02-08,1480.0999755859375
2005-02-09,1484.5999755859375
2005-02-10,1487.4000244140625
2005-02-11,1496.9000244140625
2005-02-14,1517.9000244140625
2005-02-15,1494.0
2005-02-16,1508.800048828125
2005-02-17,1531.9000244140625
2005-02-18,1557.800048828125
2005-02-21,1534.0
2005-02-22,1556.0
2005-02-23,1520.9000244140625
2005-02-24,1529.5999755859375
2005-02-25,1600.300048828125
2005-02-28,1558.5999755859375
2005-03-01,1598.4000244140625
2005-03-02,1582.4000244140625
2005-03-03,1577.0999755859375
2005-03-04,1581.4000244140625
2005-03-07,1590.699951171875
2005-03-08,1596.800048828125
2005-03-09,1530.0
2005-03-10,1471.9000244140625
2005-03-11,1436.0
2005-03-14,1374.9000244140625
2005-03-15,1386.0999755859375
2005-03-16,1388.0999755859375
2005-03-17,1452.9000244140625
2005-03-18,1458.199951171875
2005-03-21,1414.4000244140625
2005-03-22,1393.5999755859375
2005-03-23,1364.300048828125
2005-03-28,1348.0
2005-03-29,1347.800048828125
2005-03-30,1401.0999755859375
2005-03-31,1400.4000244140625
2005-04-01,1424.300048828125
2005-04-04,1392.5
2005-04-05,1411.300048828125
2005-04-06,1423.300048828125
2005-04-07,1423.5
2005-04-08,1415.300048828125
2005-04-11,1408.4000244140625
2005-04-12,1372.5999755859375
2005-04-13,1344.5999755859375
2005-04-14,1325.800048828125
2005-04-15,1276.5
2005-04-18,1307.9000244140625
2005-04-19,1344.5999755859375
2005-04-20,1309.5
2005-04-21,1354.699951171875
2005-04-22,1354.699951171875
2005-04-25,1368.800048828125
2005-04-26,1352.699951171875
2005-04-27,1356.300048828125
2005-04-28,1324.800048828125
2005-04-29,1348.4000244140625
2005-05-02,1378.800048828125
2005-05-03,1404.4000244140625
2005-05-04,1442.0999755859375
2005-05-05,1438.0999755859375
2005-05-06,1429.4000244140625
2005-05-09,1406.9000244140625
2005-05-10,1381.300048828125
2005-05-11,1400.5
2005-05-12,1389.800048828125
2005-05-13,1439.5999755859375
2005-05-16,1458.199951171875
2005-05-17,1444.699951171875
2005-05-18,1459.300048828125
2005-05-19,1457.199951171875
2005-05-20,1435.0999755859375
2005-05-23,1449.5999755859375
2005-05-24,1458.199951171875
2005-05-26,1447.0999755859375
2005-05-27,1460.699951171875
2005-05-30,1497.800048828125
2005-05-31,1485.5999755859375
2005-06-01,1516.199951171875
2005-06-02,1531.199951171875
2005-06-03,1506.0999755859375
2005-06-06,1486.0999755859375
2005-06-07,1490.300048828125
2005-06-08,1489.300048828125
2005-06-09,1451.0
2005-06-10,1435.300048828125
2005-06-13,1421.300048828125
2005-06-14,1435.300048828125
2005-06-15,1453.699951171875
2005-06-16,1458.699951171875
2005-06-17,1444.0
2005-06-21,1462.0999755859375
2005-06-22,1464.800048828125
2005-06-23,1439.4000244140625
2005-06-24,1444.5999755859375
2005-06-27,1421.300048828125
2005-06-28,1419.5999755859375
2005-06-29,1374.5999755859375
2005-06-30,1367.4000244140625
2005-07-01,1361.300048828125
2005-07-04,1366.9000244140625
2005-07-05,1382.0999755859375
2005-07-06,1356.199951171875
2005-07-07,1391.0999755859375
2005-07-08,1386.800048828125
2005-07-11,1410.4000244140625
2005-07-12,1422.300048828125
2005-07-13,1423.4000244140625
2005-07-14,1466.5999755859375
2005-07-15,1462.9000244140625
2005-07-18,1473.0
2005-07-19,1492.199951171875
2005-07-20,1487.800048828125
2005-07-21,1479.0
2005-07-22,1481.800048828125
2005-07-25,1453.9000244140625
2005-07-26,1479.699951171875
2005-07-27,1502.9000244140625
2005-07-28,1511.199951171875
2005-07-29,1507.5999755859375
2005-08-01,1522.699951171875
2005-08-02,1535.5
2005-08-03,1508.199951171875
2005-08-04,1526.9000244140625
2005-08-05,1517.9000244140625
2005-08-08,1494.0
2005-08-09,1504.0
2005-08-10,1509.199951171875
2005-08-11,1496.5999755859375
2005-08-12,1479.300048828125
2005-08-16,1471.0
2005-08-17,1490.800048828125
2005-08-18,1484.699951171875
2005-08-19,1495.4000244140625
2005-08-22,1532.5999755859375
2005-08-23,1525.800048828125
2005-08-24,1536.0
2005-08-25,1573.0999755859375
2005-08-26,1564.800048828125
2005-08-29,1584.0
2005-08-30,1589.4000244140625
2005-08-31,1581.699951171875
2005-09-01,1612.9000244140625
2005-09-02,1592.699951171875
2005-09-05,1610.300048828125
2005-09-06,1607.4000244140625
2005-09-07,1608.0
2005-09-08,1615.5999755859375
2005-09-09,1611.5
2005-09-12,1587.4000244140625
2005-09-13,1589.300048828125
2005-09-14,1618.0999755859375
2005-09-15,1629.5999755859375
2005-09-16,1628.0999755859375
2005-09-19,1650.0
2005-09-20,1644.199951171875
2005-09-21,1659.0
2005-09-22,1652.4000244140625
2005-09-23,1658.800048828125
2005-09-26,1663.4000244140625
2005-09-27,1668.5
2005-09-28,1687.800048828125
2005-09-29,1709.9000244140625
2005-09-30,1694.800048828125
2005-10-03,1731.300048828125
2005-10-04,1687.300048828125
2005-10-05,1647.4000244140625
2005-10-06,1621.0
2005-10-07,1655.9000244140625
2005-10-11,1644.0
2005-10-12,1604.5999755859375
2005-10-13,1586.0999755859375
2005-10-14,1603.699951171875
2005-10-17,1613.699951171875
2005-10-18,1590.0
2005-10-19,1601.5999755859375
2005-10-20,1572.699951171875
2005-10-21,1593.0999755859375
2005-10-24,1623.199951171875
2005-10-25,1577.0
2005-10-26,1609.800048828125
2005-10-27,1577.699951171875
2005-10-28,1602.5999755859375
2005-10-31,1608.9000244140625
2005-11-01,1621.5
2005-11-02,1639.0
2005-11-03,1683.5
2005-11-04,1672.0
2005-11-07,1646.9000244140625
2005-11-08,1615.5999755859375
2005-11-09,1592.4000244140625
2005-11-10,1581.300048828125
2005-11-11,1592.5
2005-11-14,1594.9000244140625
2005-11-15,1572.800048828125
2005-11-16,1584.5999755859375
2005-11-17,1600.800048828125
2005-11-18,1603.800048828125
2005-11-21,1607.0
2005-11-22,1625.699951171875
2005-11-23,1627.4000244140625
2005-11-24,1631.5
2005-11-25,1629.5999755859375
2005-11-28,1556.5
2005-11-29,1533.5
2005-11-30,1554.699951171875
2005-12-01,1519.9000244140625
2005-12-02,1543.699951171875
2005-12-05,1560.4000244140625
2005-12-06,1558.699951171875
2005-12-07,1525.5
2005-12-09,1535.300048828125
2005-12-12,1521.9000244140625
2005-12-13,1515.4000244140625
2005-12-14,1525.5999755859375
2005-12-15,1555.0
2005-12-16,1524.5
2005-12-19,1502.4000244140625
2005-12-20,1489.4000244140625
2005-12-21,1491.300048828125
2005-12-22,1516.199951171875
2005-12-23,1529.0999755859375
2005-12-26,1551.0
2005-12-27,1533.0999755859375
2005-12-28,1537.5999755859375
2005-12-29,1543.300048828125
2006-01-02,1555.699951171875
2006-01-03,1602.0
2006-01-04,1610.5
2006-01-05,1599.9000244140625
2006-01-06,1616.300048828125
2006-01-09,1621.0999755859375
2006-01-10,1616.4000244140625
2006-01-11,1649.699951171875
2006-01-12,1638.0999755859375
2006-01-13,1645.199951171875
2006-01-16,1653.5999755859375
2006-01-17,1661.5999755859375
2006-01-18,1645.5
2006-01-19,1701.199951171875
2006-01-20,1701.9000244140625
2006-01-23,1699.0
2006-01-24,1697.9000244140625
2006-01-25,1708.4000244140625
2006-01-26,1724.5
2006-01-27,1739.800048828125
2006-01-30,1771.5999755859375
2006-01-31,1794.0
2006-02-01,1747.199951171875
2006-02-02,1699.4000244140625
2006-02-03,1703.300048828125
2006-02-06,1725.800048828125
2006-02-07,1695.0
2006-02-08,1717.5
2006-02-09,1704.800048828125
2006-02-10,1695.5
2006-02-13,1673.0
2006-02-14,1669.699951171875
2006-02-15,1669.199951171875
2006-02-16,1695.5999755859375
2006-02-17,1699.5
2006-02-20,1721.0999755859375
2006-02-21,1743.5999755859375
2006-02-22,1728.199951171875
2006-02-23,1714.0999755859375
2006-02-24,1726.699951171875
2006-02-27,1736.199951171875
2006-02-28,1714.0999755859375
2006-03-01,1741.9000244140625
2006-03-02,1795.199951171875
2006-03-03,1823.5999755859373
2006-03-06,1815.800048828125
2006-03-07,1776.5
2006-03-08,1776.0999755859375
2006-03-09,1764.800048828125
2006-03-10,1762.5999755859375
2006-03-13,1771.0999755859375
2006-03-14,1778.300048828125
2006-03-15,1799.0999755859375
2006-03-16,1817.0999755859373
2006-03-17,1810.5999755859373
2006-03-20,1817.0
2006-03-21,1806.199951171875
2006-03-22,1793.0999755859375
2006-03-23,1794.0999755859375
2006-03-27,1816.4000244140625
2006-03-28,1796.300048828125
2006-03-29,1803.9000244140625
2006-03-30,1810.0999755859373
2006-03-31,1800.5999755859375
2006-04-03,1798.699951171875
2006-04-04,1819.5999755859373
2006-04-05,1849.0999755859373
2006-04-06,1843.5999755859373
2006-04-07,1830.5999755859373
2006-04-10,1852.0
2006-04-11,1838.4000244140625
2006-04-12,1850.0999755859373
2006-04-17,1898.5
2006-04-18,1924.800048828125
2006-04-19,1912.9000244140625
2006-04-20,1896.300048828125
2006-04-21,1918.699951171875
2006-04-24,1943.0999755859373
2006-04-25,1938.9000244140625
2006-04-26,1919.699951171875
2006-04-27,1869.300048828125
2006-04-28,1908.5999755859373
2006-05-02,1909.800048828125
2006-05-03,1855.5999755859373
2006-05-04,1848.199951171875
2006-05-05,1894.5
2006-05-08,1872.199951171875
2006-05-09,1892.199951171875
2006-05-10,1896.199951171875
2006-05-11,1857.5999755859373
2006-05-12,1806.699951171875
2006-05-15,1751.800048828125
2006-05-16,1744.0
2006-05-17,1683.800048828125
2006-05-18,1654.0
2006-05-19,1655.5
2006-05-22,1590.699951171875
2006-05-23,1617.199951171875
2006-05-24,1578.800048828125
2006-05-26,1677.9000244140625
2006-05-29,1698.0
2006-05-30,1638.0
2006-05-31,1653.699951171875
2006-06-01,1682.800048828125
2006-06-02,1693.5
2006-06-05,1650.800048828125
2006-06-06,1645.4000244140625
2006-06-07,1619.300048828125
2006-06-08,1605.300048828125
2006-06-09,1584.4000244140625
2006-06-12,1512.0999755859375
2006-06-13,1497.199951171875
2006-06-14,1509.5999755859375
2006-06-15,1576.9000244140625
2006-06-16,1578.5
2006-06-21,1579.4000244140625
2006-06-22,1577.699951171875
2006-06-23,1589.0999755859375
2006-06-26,1621.199951171875
2006-06-27,1598.699951171875
2006-06-28,1632.300048828125
2006-06-29,1689.699951171875
2006-06-30,1711.0999755859375
2006-07-03,1725.800048828125
2006-07-04,1725.5
2006-07-05,1700.199951171875
2006-07-06,1714.4000244140625
2006-07-07,1704.699951171875
2006-07-10,1703.699951171875
2006-07-11,1720.800048828125
2006-07-12,1701.4000244140625
2006-07-13,1644.0
2006-07-14,1654.5
2006-07-17,1612.9000244140625
2006-07-18,1612.699951171875
2006-07-19,1662.5
2006-07-20,1638.699951171875
2006-07-21,1620.5
2006-07-24,1666.0999755859375
2006-07-25,1682.5
2006-07-26,1686.4000244140625
2006-07-27,1681.4000244140625
2006-07-28,1689.699951171875
2006-07-31,1701.5999755859375
2006-08-01,1696.800048828125
2006-08-02,1714.5999755859375
2006-08-03,1716.0
2006-08-04,1683.9000244140625
2006-08-07,1663.0
2006-08-08,1647.0
2006-08-09,1633.300048828125
2006-08-10,1632.800048828125
2006-08-11,1618.9000244140625
2006-08-14,1592.0999755859375
2006-08-15,1623.699951171875
2006-08-16,1634.0999755859375
2006-08-17,1629.800048828125
2006-08-18,1655.9000244140625
2006-08-22,1669.5999755859375
2006-08-23,1648.800048828125
2006-08-24,1657.300048828125
2006-08-25,1676.800048828125
2006-08-28,1669.800048828125
2006-08-29,1673.5
2006-08-30,1660.4000244140625
2006-08-31,1662.800048828125
2006-09-01,1677.9000244140625
2006-09-04,1677.5
2006-09-05,1679.5999755859375
2006-09-06,1654.800048828125
2006-09-07,1650.199951171875
2006-09-08,1632.699951171875
2006-09-11,1590.5
2006-09-12,1608.800048828125
2006-09-13,1632.0999755859375
2006-09-14,1630.800048828125
2006-09-15,1627.800048828125
2006-09-18,1662.300048828125
2006-09-19,1650.9000244140625
2006-09-20,1660.9000244140625
2006-09-21,1648.5
2006-09-22,1638.5
2006-09-25,1613.9000244140625
2006-09-26,1638.0999755859375
2006-09-27,1644.699951171875
2006-09-28,1657.4000244140625
2006-09-29,1637.300048828125
2006-10-02,1651.0999755859375
2006-10-03,1627.5999755859375
2006-10-04,1641.4000244140625
2006-10-05,1653.300048828125
2006-10-06,1644.9000244140625
2006-10-09,1651.0999755859375
2006-10-10,1644.699951171875
2006-10-11,1630.0999755859375
2006-10-13,1664.5999755859375
2006-10-17,1673.4000244140625
2006-10-18,1692.0
2006-10-19,1702.5999755859375
2006-10-20,1701.5999755859375
2006-10-23,1701.699951171875
2006-10-24,1723.699951171875
2006-10-25,1765.699951171875
2006-10-26,1776.199951171875
2006-10-27,1784.5999755859375
2006-10-30,1768.5
2006-10-31,1781.699951171875
2006-11-01,1794.4000244140625
2006-11-02,1822.0
2006-11-03,1842.0
2006-11-07,1839.9000244140625
2006-11-08,1873.4000244140625
2006-11-09,1893.300048828125
2006-11-10,1885.5999755859373
2006-11-13,1890.699951171875
2006-11-14,1909.300048828125
2006-11-15,1918.0999755859373
2006-11-16,1891.5
2006-11-17,1886.9000244140625
2006-11-20,1896.5999755859373
2006-11-21,1918.800048828125
2006-11-22,1939.0999755859373
2006-11-23,1933.699951171875
2006-11-24,1943.5999755859373
2006-11-27,1892.199951171875
2006-11-28,1907.5999755859373
2006-11-29,1961.199951171875
2006-11-30,1967.0
2006-12-01,1929.5
2006-12-04,1957.699951171875
2006-12-05,1977.199951171875
2006-12-06,1976.0999755859373
2006-12-07,1969.5999755859373
2006-12-11,1972.699951171875
2006-12-12,1972.0
2006-12-13,2032.699951171875
2006-12-14,2033.199951171875
2006-12-15,2049.699951171875
2006-12-18,2040.5999755859373
2006-12-19,2043.0999755859373
2006-12-20,2042.699951171875
2006-12-21,2054.800048828125
2006-12-22,2057.5
2006-12-26,2060.300048828125
2006-12-27,2089.300048828125
2006-12-28,2090.5
2007-01-02,2139.10009765625
2007-01-03,2097.60009765625
2007-01-04,2073.10009765625
2007-01-05,2063.89990234375
2007-01-08,2070.5
2007-01-09,2014.0
2007-01-10,2044.0999755859373
2007-01-11,2043.0
2007-01-12,2072.60009765625
2007-01-15,2083.39990234375
2007-01-16,2071.0
2007-01-17,2055.39990234375
2007-01-18,2024.5999755859373
2007-01-19,2037.300048828125
2007-01-22,2043.699951171875
2007-01-23,2055.39990234375
2007-01-24,2070.60009765625
2007-01-25,2044.0
2007-01-26,2039.5
2007-01-29,2022.300048828125
2007-01-30,2047.9000244140625
2007-01-31,2070.60009765625
2007-02-01,2081.5
2007-02-02,2081.300048828125
2007-02-05,2076.199951171875
2007-02-06,2100.699951171875
2007-02-07,2100.10009765625
2007-02-08,2105.89990234375
2007-02-09,2100.199951171875
2007-02-12,2100.5
2007-02-13,2115.60009765625
2007-02-14,2129.89990234375
2007-02-15,2132.699951171875
2007-02-16,2145.5
2007-02-19,2188.60009765625
2007-02-20,2206.0
2007-02-21,2203.199951171875
2007-02-22,2204.199951171875
2007-02-23,2202.5
2007-02-26,2219.0
2007-02-27,2052.800048828125
2007-02-28,2067.60009765625
2007-03-01,2038.5999755859373
2007-03-02,1997.5999755859373
2007-03-05,1944.0999755859373
2007-03-06,2004.800048828125
2007-03-07,1995.0999755859373
2007-03-08,2035.0
2007-03-09,2036.5
2007-03-12,2068.199951171875
2007-03-13,1990.4000244140625
2007-03-14,2011.5
2007-03-15,2007.5
2007-03-16,1985.800048828125
2007-03-19,2030.5999755859373
2007-03-20,2040.0
2007-03-21,2083.60009765625
2007-03-22,2073.89990234375
2007-03-23,2085.5
2007-03-26,2077.0
2007-03-27,2060.300048828125
2007-03-28,2072.10009765625
2007-03-29,2099.10009765625
2007-03-30,2102.800048828125
2007-04-03,2114.60009765625
2007-04-04,2127.5
2007-04-09,2131.89990234375
2007-04-10,2155.60009765625
2007-04-11,2154.5
2007-04-12,2188.10009765625
2007-04-13,2213.0
2007-04-16,2224.800048828125
2007-04-17,2195.199951171875
2007-04-18,2212.0
2007-04-19,2200.300048828125
2007-04-20,2216.60009765625
2007-04-23,2192.39990234375
2007-04-24,2181.199951171875
2007-04-25,2185.5
2007-04-26,2188.800048828125
2007-04-27,2197.800048828125
2007-04-30,2154.60009765625
2007-05-02,2156.800048828125
2007-05-03,2174.800048828125
2007-05-04,2163.699951171875
2007-05-07,2132.300048828125
2007-05-08,2131.699951171875
2007-05-09,2155.300048828125
2007-05-10,2098.10009765625
2007-05-11,2128.300048828125
2007-05-14,2127.699951171875
2007-05-15,2139.60009765625
2007-05-16,2162.89990234375
2007-05-17,2171.60009765625
2007-05-18,2186.39990234375
2007-05-21,2209.10009765625
2007-05-22,2193.5
2007-05-23,2196.10009765625
2007-05-24,2172.39990234375
2007-05-28,2192.89990234375
2007-05-29,2202.39990234375
2007-05-30,2222.199951171875
2007-05-31,2243.0
2007-06-01,2249.39990234375
2007-06-04,2240.699951171875
2007-06-05,2234.699951171875
2007-06-06,2206.199951171875
2007-06-07,2158.800048828125
2007-06-08,2169.300048828125
2007-06-11,2162.10009765625
2007-06-12,2147.10009765625
2007-06-13,2168.39990234375
2007-06-14,2193.0
2007-06-15,2216.60009765625
2007-06-19,2239.699951171875
2007-06-20,2226.0
2007-06-21,2235.0
2007-06-22,2229.89990234375
2007-06-25,2202.89990234375
2007-06-26,2195.60009765625
2007-06-27,2227.300048828125
2007-06-28,2216.10009765625
2007-06-29,2190.89990234375
2007-07-02,2234.800048828125
2007-07-03,2230.60009765625
2007-07-04,2252.39990234375
2007-07-05,2247.199951171875
2007-07-06,2249.0
2007-07-10,2253.300048828125
2007-07-11,2266.10009765625
2007-07-12,2289.10009765625
2007-07-13,2287.800048828125
2007-07-16,2248.89990234375
2007-07-17,2251.60009765625
2007-07-18,2247.800048828125
2007-07-19,2287.60009765625
2007-07-20,2277.5
2007-07-23,2303.39990234375
2007-07-24,2241.39990234375
2007-07-25,2242.800048828125
2007-07-26,2153.300048828125
2007-07-27,2149.89990234375
2007-07-30,2186.39990234375
2007-07-31,2180.300048828125
2007-08-01,2177.199951171875
2007-08-02,2186.60009765625
2007-08-03,2148.39990234375
2007-08-06,2107.800048828125
2007-08-07,2121.5
2007-08-08,2158.39990234375
2007-08-09,2087.699951171875
2007-08-10,2053.10009765625
2007-08-13,2065.800048828125
2007-08-14,2029.699951171875
2007-08-15,1924.699951171875
2007-08-16,1833.699951171875
2007-08-17,1929.0999755859373
2007-08-21,1962.800048828125
2007-08-22,2008.5
2007-08-23,2038.300048828125
2007-08-24,2081.5
2007-08-27,2076.5
2007-08-28,1985.9000244140625
2007-08-29,2045.699951171875
2007-08-30,2040.5999755859373
2007-08-31,2062.10009765625
2007-09-03,2071.5
2007-09-04,2068.199951171875
2007-09-05,2061.0
2007-09-06,2078.89990234375
2007-09-07,2041.0
2007-09-10,2018.199951171875
2007-09-11,2018.800048828125
2007-09-12,2008.699951171875
2007-09-13,2040.300048828125
2007-09-14,2048.89990234375
2007-09-17,2031.300048828125
2007-09-18,2090.300048828125
2007-09-19,2116.5
2007-09-20,2100.5
2007-09-21,2121.699951171875
2007-09-24,2145.199951171875
2007-09-25,2145.800048828125
2007-09-26,2177.199951171875
2007-09-27,2192.5
2007-09-28,2188.0
2007-10-01,2231.39990234375
2007-10-02,2260.5
2007-10-03,2254.39990234375
2007-10-04,2254.300048828125
2007-10-05,2277.800048828125
2007-10-08,2286.699951171875
2007-10-09,2291.800048828125
2007-10-10,2277.39990234375
2007-10-11,2246.89990234375
2007-10-12,2262.10009765625
2007-10-16,2235.10009765625
2007-10-17,2240.199951171875
2007-10-18,2270.39990234375
2007-10-19,2236.89990234375
2007-10-22,2234.699951171875
2007-10-23,2251.89990234375
2007-10-24,2256.60009765625
2007-10-25,2282.60009765625
2007-10-26,2327.199951171875
2007-10-29,2337.10009765625
2007-10-30,2339.10009765625
2007-10-31,2351.39990234375
2007-11-01,2321.60009765625
2007-11-02,2336.699951171875
2007-11-05,2297.800048828125
2007-11-07,2298.800048828125
2007-11-08,2263.0
2007-11-09,2314.199951171875
2007-11-12,2273.300048828125
2007-11-13,2305.199951171875
2007-11-14,2309.39990234375
2007-11-15,2268.10009765625
2007-11-16,2281.199951171875
2007-11-19,2243.5
2007-11-20,2245.89990234375
2007-11-21,2216.199951171875
2007-11-22,2210.5
2007-11-23,2212.0
2007-11-26,2190.800048828125
2007-11-27,2169.800048828125
2007-11-28,2230.800048828125
2007-11-29,2236.39990234375
2007-11-30,2207.199951171875
2007-12-03,2192.10009765625
2007-12-04,2186.89990234375
2007-12-05,2211.89990234375
2007-12-06,2241.89990234375
2007-12-07,2238.89990234375
2007-12-10,2245.0
2007-12-11,2230.39990234375
2007-12-12,2226.10009765625
2007-12-13,2196.5
2007-12-14,2184.5
2007-12-17,2127.199951171875
2007-12-18,2125.699951171875
2007-12-19,2130.10009765625
2007-12-20,2140.300048828125
2007-12-21,2145.300048828125
2007-12-26,2179.89990234375
2007-12-27,2168.199951171875
2007-12-28,2151.699951171875
2008-01-02,2151.699951171875
2008-01-03,2150.60009765625
2008-01-04,2128.89990234375
2008-01-07,2103.699951171875
2008-01-08,2141.0
2008-01-09,2089.60009765625
2008-01-10,2084.60009765625
2008-01-11,2082.89990234375
2008-01-14,2132.39990234375
2008-01-15,2069.300048828125
2008-01-16,2065.800048828125
2008-01-17,2011.199951171875
2008-01-18,2002.5
2008-01-21,1876.9000244140625
2008-01-22,1943.5999755859373
2008-01-23,1891.300048828125
2008-01-24,1966.5
2008-01-25,1982.699951171875
2008-01-28,2003.800048828125
2008-01-29,2003.9000244140625
2008-01-30,2036.199951171875
2008-01-31,2007.300048828125
2008-02-01,2045.0999755859373
2008-02-04,2084.60009765625
2008-02-05,2054.800048828125
2008-02-06,2039.5
2008-02-07,2011.0999755859373
2008-02-08,1992.5999755859373
2008-02-11,2001.300048828125
2008-02-12,2034.0999755859373
2008-02-13,2043.4000244140625
2008-02-14,2041.800048828125
2008-02-15,2039.0999755859373
2008-02-18,2060.5
2008-02-19,2062.800048828125
2008-02-20,2074.699951171875
2008-02-21,2083.5
2008-02-22,2088.39990234375
2008-02-25,2120.699951171875
2008-02-26,2151.39990234375
2008-02-27,2166.199951171875
2008-02-28,2199.10009765625
2008-02-29,2162.199951171875
2008-03-03,2136.800048828125
2008-03-04,2134.60009765625
2008-03-05,2182.10009765625
2008-03-06,2179.10009765625
2008-03-07,2129.800048828125
2008-03-10,2100.60009765625
2008-03-11,2144.5
2008-03-12,2134.10009765625
2008-03-13,2149.89990234375
2008-03-14,2117.10009765625
2008-03-17,2057.0
2008-03-18,2081.699951171875
2008-03-19,2014.0999755859373
2008-03-25,2068.199951171875
2008-03-26,2079.800048828125
2008-03-27,2083.699951171875
2008-03-28,2089.699951171875
2008-03-31,2103.699951171875
2008-04-01,2136.10009765625
2008-04-03,2152.60009765625
2008-04-04,2152.0
2008-04-07,2146.300048828125
2008-04-08,2158.699951171875
2008-04-09,2149.89990234375
2008-04-10,2135.5
2008-04-11,2115.10009765625
2008-04-14,2120.699951171875
2008-04-15,2121.300048828125
2008-04-16,2161.5
2008-04-17,2161.800048828125
2008-04-18,2186.5
2008-04-21,2201.60009765625
2008-04-22,2147.0
2008-04-23,2140.39990234375
2008-04-24,2129.5
2008-04-25,2101.39990234375
2008-04-28,2110.199951171875
2008-04-29,2070.0
2008-04-30,2095.5
2008-05-02,2107.60009765625
2008-05-05,2105.60009765625
2008-05-06,2127.10009765625
2008-05-07,2094.0
2008-05-08,2101.89990234375
2008-05-09,2114.39990234375
2008-05-12,2125.39990234375
2008-05-13,2106.699951171875
2008-05-14,2088.800048828125
2008-05-15,2122.10009765625
2008-05-16,2137.0
2008-05-19,2194.10009765625
2008-05-20,2218.300048828125
2008-05-21,2221.10009765625
2008-05-22,2248.60009765625
2008-05-23,2235.300048828125
2008-05-26,2239.39990234375
2008-05-27,2214.800048828125
2008-05-28,2233.39990234375
2008-05-29,2223.89990234375
2008-05-30,2205.699951171875
2008-06-02,2197.800048828125
2008-06-03,2181.800048828125
2008-06-04,2141.300048828125
2008-06-05,2189.60009765625
2008-06-06,2179.699951171875
2008-06-09,2162.10009765625
2008-06-10,2109.699951171875
2008-06-11,2072.10009765625
2008-06-12,2056.699951171875
2008-06-13,2066.39990234375
2008-06-17,2036.0
2008-06-18,2048.10009765625
2008-06-19,2063.199951171875
2008-06-20,2066.300048828125
2008-06-23,2091.60009765625
2008-06-24,2067.60009765625
2008-06-25,2091.89990234375
2008-06-26,2072.5
2008-06-27,2093.0
2008-06-30,2107.89990234375
2008-07-01,2095.10009765625
2008-07-02,2033.0
2008-07-03,1998.4000244140625
2008-07-04,2006.4000244140625
2008-07-07,1955.300048828125
2008-07-08,1947.800048828125
2008-07-10,1940.199951171875
2008-07-11,1906.5
2008-07-14,1922.0
2008-07-15,1878.800048828125
2008-07-16,1877.4000244140625
2008-07-17,1893.4000244140625
2008-07-18,1907.0999755859373
2008-07-21,1981.800048828125
2008-07-22,1956.800048828125
2008-07-23,1940.699951171875
2008-07-24,1901.9000244140625
2008-07-25,1910.199951171875
2008-07-28,1922.699951171875
2008-07-29,1926.699951171875
2008-07-30,1949.800048828125
2008-07-31,1919.800048828125
2008-08-01,1884.0999755859373
2008-08-04,1812.800048828125
2008-08-05,1809.199951171875
2008-08-06,1871.699951171875
2008-08-07,1816.0
2008-08-08,1776.699951171875
2008-08-11,1709.0
2008-08-12,1696.5999755859375
2008-08-13,1742.9000244140625
2008-08-14,1737.9000244140625
2008-08-15,1733.800048828125
2008-08-19,1727.800048828125
2008-08-20,1740.300048828125
2008-08-21,1746.0999755859375
2008-08-22,1761.0
2008-08-25,1744.699951171875
2008-08-26,1760.199951171875
2008-08-27,1779.699951171875
2008-08-28,1777.0999755859375
2008-08-29,1777.0999755859375
2008-09-01,1778.800048828125
2008-09-02,1757.9000244140625
2008-09-03,1758.0999755859375
2008-09-04,1694.5999755859375
2008-09-05,1678.699951171875
2008-09-08,1668.199951171875
2008-09-09,1595.0999755859375
2008-09-10,1604.800048828125
2008-09-11,1613.199951171875
2008-09-12,1647.699951171875
2008-09-15,1562.0999755859375
2008-09-16,1571.800048828125
2008-09-17,1492.0
2008-09-18,1508.0999755859375
2008-09-19,1662.5
2008-09-22,1690.5
2008-09-23,1656.5999755859375
2008-09-24,1655.800048828125
2008-09-25,1708.0
2008-09-26,1692.4000244140625
2008-09-29,1545.5
2008-09-30,1598.199951171875
2008-10-01,1605.699951171875
2008-10-02,1520.9000244140625
2008-10-03,1512.699951171875
2008-10-06,1423.4000244140625
2008-10-07,1384.5999755859375
2008-10-08,1359.300048828125
2008-10-09,1287.300048828125
2008-10-10,1216.0
2008-10-14,1349.699951171875
2008-10-15,1185.699951171875
2008-10-16,1185.9000244140625
2008-10-17,1216.0
2008-10-20,1175.9000244140625
2008-10-21,1046.699951171875
2008-10-22,940.7999877929688
2008-10-23,963.7000122070312
2008-10-24,890.2999877929688
2008-10-27,839.7999877929688
2008-10-28,895.0999755859375
2008-10-29,918.5
2008-10-30,973.5999755859376
2008-10-31,1010.7999877929688
2008-11-03,1057.5999755859375
2008-11-04,1123.0999755859375
2008-11-05,1135.800048828125
2008-11-07,1096.5999755859375
2008-11-10,1085.9000244140625
2008-11-11,1066.9000244140625
2008-11-12,1008.2999877929688
2008-11-13,1015.9000244140624
2008-11-14,1022.7999877929688
2008-11-17,989.0999755859376
2008-11-18,944.7999877929688
2008-11-19,925.4000244140624
2008-11-20,864.4000244140625
2008-11-21,829.0
2008-11-24,901.9000244140624
2008-11-25,906.4000244140624
2008-11-26,954.7999877929688
2008-11-27,972.0
2008-11-28,994.0
2008-12-01,925.2000122070312
2008-12-02,951.7999877929688
2008-12-03,970.2000122070312
2008-12-04,997.7000122070312
2008-12-05,1005.2999877929688
2008-12-09,1026.5999755859375
2008-12-10,1060.9000244140625
2008-12-11,1089.699951171875
2008-12-12,1098.199951171875
2008-12-15,1115.0
2008-12-16,1143.300048828125
2008-12-17,1148.0
2008-12-18,1116.4000244140625
2008-12-19,1095.9000244140625
2008-12-22,1045.5999755859375
2008-12-23,1038.300048828125
2008-12-24,1038.300048828125
2008-12-26,1058.5999755859375
2008-12-29,1076.4000244140625
2008-12-30,1079.699951171875
2008-12-31,1079.699951171875
2009-01-02,1143.300048828125
2009-01-05,1151.800048828125
2009-01-06,1214.300048828125
2009-01-07,1167.0999755859375
2009-01-08,1192.4000244140625
2009-01-09,1179.5999755859375
2009-01-12,1128.199951171875
2009-01-13,1132.0
2009-01-14,1087.5999755859375
2009-01-15,1100.300048828125
2009-01-16,1098.0
2009-01-19,1108.5
2009-01-20,1044.5999755859375
2009-01-21,1062.699951171875
2009-01-22,1057.800048828125
2009-01-23,1066.5
2009-01-26,1067.5999755859375
2009-01-27,1079.4000244140625
2009-01-28,1105.5
2009-01-29,1088.5
2009-01-30,1077.0999755859375
2009-02-02,1057.800048828125
2009-02-03,1072.300048828125
2009-02-04,1079.0
2009-02-05,1110.699951171875
2009-02-06,1143.800048828125
2009-02-09,1136.0
2009-02-10,1105.0999755859375
2009-02-11,1108.0
2009-02-12,1084.800048828125
2009-02-13,1134.9000244140625
2009-02-16,1123.800048828125
2009-02-17,1072.9000244140625
2009-02-18,1054.9000244140625
2009-02-19,1065.699951171875
2009-02-20,1048.5999755859375
2009-02-23,1009.5
2009-02-24,1041.199951171875
2009-02-25,1019.0999755859376
2009-02-26,1017.9000244140624
2009-02-27,1019.2999877929688
2009-03-02,943.7999877929688
2009-03-03,930.0999755859376
2009-03-04,986.2999877929688
2009-03-05,954.7999877929688
2009-03-06,965.0
2009-03-09,952.5999755859376
2009-03-10,1004.2000122070312
2009-03-11,1004.2999877929688
2009-03-12,1025.4000244140625
2009-03-13,1043.300048828125
2009-03-16,1033.800048828125
2009-03-17,1051.800048828125
2009-03-18,1065.5999755859375
2009-03-19,1078.800048828125
2009-03-20,1069.5
2009-03-23,1124.5999755859375
2009-03-25,1132.300048828125
2009-03-26,1171.4000244140625
2009-03-27,1165.300048828125
2009-03-30,1123.300048828125
2009-03-31,1126.0
2009-04-01,1134.5999755859375
2009-04-03,1197.0
2009-04-06,1185.0999755859375
2009-04-07,1149.699951171875
2009-04-08,1163.0999755859375
2009-04-13,1224.5999755859375
2009-04-14,1206.4000244140625
2009-04-15,1214.9000244140625
2009-04-16,1254.699951171875
2009-04-17,1258.5
2009-04-20,1193.0
2009-04-21,1220.300048828125
2009-04-22,1227.0
2009-04-23,1228.300048828125
2009-04-24,1259.199951171875
2009-04-27,1244.5
2009-04-28,1243.800048828125
2009-04-29,1270.5999755859375
2009-04-30,1275.300048828125
2009-05-04,1352.9000244140625
2009-05-05,1363.199951171875
2009-05-06,1409.9000244140625
2009-05-07,1423.9000244140625
2009-05-08,1500.0999755859375
2009-05-11,1512.0999755859375
2009-05-12,1525.199951171875
2009-05-13,1461.199951171875
2009-05-14,1448.199951171875
2009-05-15,1438.5999755859375
2009-05-18,1528.5999755859375
2009-05-19,1533.4000244140625
2009-05-20,1550.199951171875
2009-05-21,1560.9000244140625
2009-05-22,1562.4000244140625
2009-05-26,1582.300048828125
2009-05-27,1567.4000244140625
2009-05-28,1560.4000244140625
2009-05-29,1587.199951171875
2009-06-01,1656.0999755859375
2009-06-02,1668.800048828125
2009-06-03,1600.9000244140625
2009-06-04,1654.5999755859375
2009-06-05,1638.0999755859375
2009-06-08,1625.300048828125
2009-06-09,1641.699951171875
2009-06-10,1655.0
2009-06-11,1669.5
2009-06-12,1654.5999755859375
2009-06-16,1586.199951171875
2009-06-17,1534.5999755859375
2009-06-18,1529.9000244140625
2009-06-19,1559.5
2009-06-22,1496.0
2009-06-23,1506.9000244140625
2009-06-24,1545.800048828125
2009-06-25,1581.0
2009-06-26,1580.0
2009-06-29,1589.300048828125
2009-06-30,1588.0
2009-07-01,1610.0999755859375
2009-07-02,1561.9000244140625
2009-07-03,1579.0999755859375
2009-07-06,1553.699951171875
2009-07-07,1520.5
2009-07-08,1477.800048828125
2009-07-13,1548.4000244140625
2009-07-14,1535.4000244140625
2009-07-15,1603.800048828125
2009-07-16,1626.300048828125
2009-07-17,1622.699951171875
2009-07-20,1649.199951171875
2009-07-21,1652.699951171875
2009-07-22,1642.5
2009-07-23,1679.4000244140625
2009-07-24,1675.0999755859375
2009-07-27,1686.0
2009-07-28,1665.199951171875
2009-07-29,1655.699951171875
2009-07-30,1696.199951171875
2009-07-31,1719.9000244140625
2009-08-03,1781.800048828125
2009-08-04,1778.4000244140625
2009-08-05,1806.5
2009-08-06,1776.9000244140625
2009-08-07,1799.5
2009-08-10,1793.300048828125
2009-08-11,1759.5
2009-08-12,1773.300048828125
2009-08-13,1795.5999755859375
2009-08-14,1761.5999755859375
2009-08-18,1727.800048828125
2009-08-19,1728.199951171875
2009-08-20,1766.9000244140625
2009-08-21,1797.300048828125
2009-08-24,1780.9000244140625
2009-08-25,1779.800048828125
2009-08-26,1778.300048828125
2009-08-27,1778.300048828125
2009-08-28,1797.0
2009-08-31,1781.9000244140625
2009-09-01,1743.5999755859375
2009-09-02,1753.699951171875
2009-09-03,1754.699951171875
2009-09-04,1779.300048828125
2009-09-07,1809.199951171875
2009-09-08,1853.0
2009-09-09,1874.300048828125
2009-09-10,1908.5
2009-09-11,1900.199951171875
2009-09-14,1920.0999755859373
2009-09-15,1930.5999755859373
2009-09-16,1977.4000244140625
2009-09-17,2017.5999755859373
2009-09-18,2007.5999755859373
2009-09-21,1986.300048828125
2009-09-22,2057.800048828125
2009-09-23,2023.4000244140625
2009-09-24,2005.800048828125
2009-09-25,2015.800048828125
2009-09-28,2071.39990234375
2009-09-29,2065.699951171875
2009-09-30,2075.10009765625
2009-10-01,2022.800048828125
2009-10-02,2024.800048828125
2009-10-05,2053.10009765625
2009-10-06,2101.300048828125
2009-10-07,2097.699951171875
2009-10-08,2149.10009765625
2009-10-09,2169.0
2009-10-13,2193.89990234375
2009-10-14,2224.300048828125
2009-10-15,2225.0
2009-10-16,2207.300048828125
2009-10-19,2253.800048828125
2009-10-20,2246.0
2009-10-21,2257.300048828125
2009-10-22,2309.5
2009-10-23,2295.89990234375
2009-10-26,2279.5
2009-10-27,2255.300048828125
2009-10-28,2119.800048828125
2009-10-29,2206.5
2009-10-30,2115.800048828125
2009-11-02,2145.5
2009-11-03,2204.699951171875
2009-11-04,2242.5
2009-11-05,2222.800048828125
2009-11-09,2288.699951171875
2009-11-10,2279.699951171875
2009-11-11,2250.89990234375
2009-11-12,2219.300048828125
2009-11-13,2233.39990234375
2009-11-16,2294.60009765625
2009-11-17,2280.800048828125
2009-11-18,2265.60009765625
2009-11-19,2240.0
2009-11-20,2231.5
2009-11-23,2251.39990234375
2009-11-24,2247.89990234375
2009-11-25,2253.5
2009-11-26,2157.0
2009-11-27,2188.60009765625
2009-11-30,2147.300048828125
2009-12-01,2210.10009765625
2009-12-02,2220.60009765625
2009-12-03,2213.10009765625
2009-12-04,2174.5
2009-12-07,2173.0
2009-12-09,2162.60009765625
2009-12-10,2179.60009765625
2009-12-11,2177.60009765625
2009-12-14,2216.5
2009-12-15,2214.89990234375
2009-12-16,2229.699951171875
2009-12-17,2225.5
2009-12-18,2215.5
2009-12-21,2216.39990234375
2009-12-22,2241.10009765625
2009-12-23,2249.39990234375
2009-12-28,2282.60009765625
2009-12-29,2318.39990234375
2009-12-30,2320.699951171875
2010-01-04,2384.5
2010-01-05,2401.800048828125
2010-01-06,2362.5
2010-01-07,2389.5
2010-01-08,2352.800048828125
2010-01-11,2317.699951171875
2010-01-12,2270.5
2010-01-13,2338.10009765625
2010-01-14,2381.0
2010-01-15,2371.10009765625
2010-01-18,2371.89990234375
2010-01-19,2388.300048828125
2010-01-20,2351.5
2010-01-21,2340.199951171875
2010-01-22,2331.60009765625
2010-01-25,2321.199951171875
2010-01-26,2309.300048828125
2010-01-27,2306.199951171875
2010-01-28,2293.800048828125
2010-01-29,2298.60009765625
2010-02-01,2313.800048828125
2010-02-02,2342.800048828125
2010-02-03,2325.800048828125
2010-02-04,2237.0
2010-02-05,2165.199951171875
2010-02-08,2187.800048828125
2010-02-09,2233.699951171875
2010-02-10,2239.39990234375
2010-02-11,2281.0
2010-02-12,2273.39990234375
2010-02-17,2320.699951171875
2010-02-18,2334.39990234375
2010-02-19,2335.0
2010-02-22,2346.699951171875
2010-02-23,2296.60009765625
2010-02-24,2292.199951171875
2010-02-25,2211.699951171875
2010-02-26,2221.39990234375
2010-03-01,2265.10009765625
2010-03-02,2285.699951171875
2010-03-03,2291.300048828125
2010-03-04,2284.300048828125
2010-03-05,2298.699951171875
2010-03-08,2308.39990234375
2010-03-09,2319.10009765625
2010-03-10,2332.199951171875
2010-03-11,2332.199951171875
2010-03-12,2360.0
2010-03-15,2351.39990234375
2010-03-16,2379.0
2010-03-17,2382.39990234375
2010-03-18,2372.89990234375
2010-03-19,2381.10009765625
2010-03-22,2413.699951171875
2010-03-23,2439.300048828125
2010-03-25,2409.89990234375
2010-03-26,2402.5
2010-03-29,2417.699951171875
2010-03-30,2404.800048828125
2010-03-31,2373.699951171875
2010-04-05,2449.5
2010-04-06,2486.699951171875
2010-04-07,2453.699951171875
2010-04-08,2470.800048828125
2010-04-09,2487.800048828125
2010-04-12,2486.0
2010-04-13,2463.800048828125
2010-04-14,2458.5
2010-04-15,2438.199951171875
2010-04-16,2398.89990234375
2010-04-19,2420.199951171875
2010-04-20,2426.800048828125
2010-04-21,2423.300048828125
2010-04-22,2430.5
2010-04-23,2447.0
2010-04-26,2436.89990234375
2010-04-27,2374.5
2010-04-28,2378.10009765625
2010-04-29,2395.199951171875
2010-04-30,2396.300048828125
2010-05-04,2324.5
2010-05-05,2285.5
2010-05-06,2161.699951171875
2010-05-07,2160.199951171875
2010-05-10,2314.89990234375
2010-05-11,2289.60009765625
2010-05-12,2300.5
2010-05-13,2280.5
2010-05-14,2212.89990234375
2010-05-17,2185.89990234375
2010-05-18,2183.199951171875
2010-05-19,2178.39990234375
2010-05-20,2089.60009765625
2010-05-21,2123.60009765625
2010-05-26,2061.10009765625
2010-05-27,2176.199951171875
2010-05-28,2168.60009765625
2010-05-31,2203.60009765625
2010-06-01,2175.199951171875
2010-06-02,2212.39990234375
2010-06-03,2239.10009765625
2010-06-04,2181.199951171875
2010-06-07,2169.0
2010-06-08,2203.5
2010-06-09,2217.5
2010-06-10,2261.800048828125
2010-06-11,2281.199951171875
2010-06-14,2282.5
2010-06-15,2326.10009765625
2010-06-16,2323.10009765625
2010-06-17,2314.5
2010-06-18,2320.39990234375
2010-06-22,2328.5
2010-06-23,2327.0
2010-06-24,2300.699951171875
2010-06-25,2318.10009765625
2010-06-28,2292.199951171875
2010-06-29,2193.10009765625
2010-06-30,2185.0
2010-07-01,2209.39990234375
2010-07-02,2217.10009765625
2010-07-05,2205.10009765625
2010-07-06,2210.89990234375
2010-07-07,2265.0
2010-07-08,2289.5
2010-07-12,2288.60009765625
2010-07-13,2305.10009765625
2010-07-14,2309.89990234375
2010-07-15,2307.0
2010-07-16,2283.10009765625
2010-07-19,2303.0
2010-07-20,2336.39990234375
2010-07-21,2327.39990234375
2010-07-22,2359.699951171875
2010-07-23,2375.199951171875
2010-07-26,2388.300048828125
2010-07-27,2387.300048828125
2010-07-28,2374.199951171875
2010-07-29,2405.5
2010-07-30,2394.199951171875
2010-08-02,2454.800048828125
2010-08-03,2441.0
2010-08-04,2455.699951171875
2010-08-05,2432.89990234375
2010-08-06,2425.300048828125
2010-08-09,2427.699951171875
2010-08-10,2402.39990234375
2010-08-11,2349.300048828125
2010-08-12,2366.5
2010-08-13,2368.0
2010-08-18,2466.699951171875
2010-08-19,2429.300048828125
2010-08-20,2439.0
2010-08-23,2368.60009765625
2010-08-24,2293.300048828125
2010-08-25,2331.10009765625
2010-08-26,2321.39990234375
2010-08-27,2349.10009765625
2010-08-30,2307.199951171875
2010-08-31,2336.89990234375
2010-09-01,2394.800048828125
2010-09-02,2415.89990234375
2010-09-03,2423.199951171875
2010-09-06,2437.89990234375
2010-09-07,2418.800048828125
2010-09-08,2419.89990234375
2010-09-09,2431.10009765625
2010-09-10,2436.800048828125
2010-09-13,2457.89990234375
2010-09-14,2442.800048828125
2010-09-15,2439.300048828125
2010-09-16,2447.10009765625
2010-09-17,2473.39990234375
2010-09-20,2533.300048828125
2010-09-21,2531.699951171875
2010-09-22,2531.60009765625
2010-09-23,2522.800048828125
2010-09-24,2577.699951171875
2010-09-27,2600.60009765625
2010-09-28,2651.199951171875
2010-09-29,2641.39990234375
2010-09-30,2643.39990234375
2010-10-01,2652.300048828125
2010-10-04,2624.60009765625
2010-10-05,2666.300048828125
2010-10-06,2661.800048828125
2010-10-07,2641.39990234375
2010-10-08,2699.5
2010-10-12,2719.699951171875
2010-10-13,2729.5
2010-10-14,2730.60009765625
2010-10-15,2735.5
2010-10-18,2750.39990234375
2010-10-19,2727.89990234375
2010-10-20,2809.39990234375
2010-10-21,2820.300048828125
2010-10-22,2851.89990234375
2010-10-25,2916.60009765625
2010-10-26,2920.39990234375
2010-10-28,2954.89990234375
2010-10-29,3007.39990234375
2010-11-01,3076.89990234375
2010-11-02,3110.300048828125
2010-11-03,3205.800048828125
2010-11-04,3340.0
2010-11-05,3352.300048828125
2010-11-08,3324.300048828125
2010-11-09,3305.800048828125
2010-11-10,3311.0
2010-11-11,3340.699951171875
2010-11-12,3215.5
2010-11-15,3270.800048828125
2010-11-16,3122.699951171875
2010-11-17,3164.39990234375
2010-11-18,3251.699951171875
2010-11-19,3260.800048828125
2010-11-23,3201.10009765625
2010-11-24,3283.39990234375
2010-11-25,3321.199951171875
2010-11-26,3302.89990234375
2010-11-29,3270.10009765625
2010-11-30,3261.5
2010-12-01,3367.199951171875
2010-12-02,3434.39990234375
2010-12-03,3422.39990234375
2010-12-06,3456.5
2010-12-07,3428.0
2010-12-09,3368.699951171875
2010-12-10,3390.89990234375
2010-12-13,3418.89990234375
2010-12-14,3383.10009765625
2010-12-15,3289.5
2010-12-16,3336.699951171875
2010-12-17,3403.10009765625
2010-12-20,3465.300048828125
2010-12-21,3443.0
2010-12-22,3476.300048828125
2010-12-23,3476.39990234375
2010-12-27,3477.5
2010-12-28,3494.89990234375
2010-12-29,3522.60009765625
2010-12-30,3523.60009765625
2011-01-03,3628.5
2011-01-04,3613.699951171875
2011-01-05,3604.800048828125
2011-01-06,3603.39990234375
2011-01-07,3546.300048828125
2011-01-10,3540.60009765625
2011-01-11,3545.699951171875
2011-01-12,3601.5
2011-01-13,3543.5
2011-01-14,3539.10009765625
2011-01-17,3563.39990234375
2011-01-18,3613.800048828125
2011-01-19,3636.89990234375
2011-01-20,3664.800048828125
2011-01-21,3648.300048828125
2011-01-24,3631.800048828125
2011-01-25,3604.800048828125
2011-01-26,3642.199951171875
2011-01-27,3616.800048828125
2011-01-28,3583.10009765625
2011-02-01,3635.300048828125
2011-02-02,3641.0
2011-02-03,3639.300048828125
2011-02-04,3631.199951171875
2011-02-07,3559.699951171875
2011-02-08,3567.39990234375
2011-02-09,3505.699951171875
2011-02-10,3414.10009765625
2011-02-11,3460.0
2011-02-14,3508.89990234375
2011-02-15,3490.199951171875
2011-02-16,3545.39990234375
2011-02-17,3538.39990234375
2011-02-18,3537.10009765625
2011-02-21,3515.5
2011-02-22,3476.800048828125
2011-02-23,3429.10009765625
2011-02-24,3382.699951171875
2011-02-25,3435.39990234375
2011-02-28,3455.699951171875
2011-03-01,3426.89990234375
2011-03-02,3426.300048828125
2011-03-03,3475.0
2011-03-04,3467.699951171875
2011-03-09,3457.5
2011-03-10,3405.89990234375
2011-03-11,3403.5
2011-03-14,3358.0
2011-03-15,3263.300048828125
2011-03-16,3197.5
2011-03-17,3260.800048828125
2011-03-18,3277.89990234375
2011-03-21,3333.0
2011-03-22,3321.5
2011-03-23,3348.800048828125
2011-03-28,3313.199951171875
2011-03-29,3324.199951171875
2011-03-30,3376.39990234375
2011-03-31,3388.0
2011-04-01,3472.0
2011-04-04,3513.300048828125
2011-04-05,3511.10009765625
2011-04-06,3504.0
2011-04-07,3456.5
2011-04-08,3480.39990234375
2011-04-11,3448.10009765625
2011-04-12,3401.60009765625
2011-04-13,3407.199951171875
2011-04-14,3381.60009765625
2011-04-15,3381.300048828125
2011-04-18,3301.0
2011-04-19,3332.300048828125
2011-04-20,3413.89990234375
2011-04-25,3401.199951171875
2011-04-26,3374.199951171875
2011-04-27,3377.300048828125
2011-04-28,3376.0
2011-04-29,3406.0
2011-05-02,3395.60009765625
2011-05-03,3375.300048828125
2011-05-04,3352.199951171875
2011-05-05,3305.699951171875
2011-05-06,3315.800048828125
2011-05-09,3359.10009765625
2011-05-10,3422.10009765625
2011-05-11,3384.60009765625
2011-05-12,3389.699951171875
2011-05-13,3378.199951171875
2011-05-16,3372.199951171875
2011-05-17,3365.300048828125
2011-05-18,3388.800048828125
2011-05-19,3385.800048828125
2011-05-20,3383.800048828125
2011-05-23,3323.10009765625
2011-05-24,3282.39990234375
2011-05-26,3268.60009765625
2011-05-27,3265.800048828125
2011-05-30,3244.800048828125
2011-05-31,3250.89990234375
2011-06-01,3176.39990234375
2011-06-02,3150.300048828125
2011-06-03,3165.0
2011-06-06,3122.10009765625
2011-06-07,3125.0
2011-06-08,3123.300048828125
2011-06-09,3232.89990234375
2011-06-10,3227.800048828125
2011-06-13,3202.300048828125
2011-06-14,3265.60009765625
2011-06-15,3244.10009765625
2011-06-16,3235.0
2011-06-17,3269.300048828125
2011-06-21,3330.0
2011-06-22,3333.60009765625
2011-06-23,3313.89990234375
2011-06-24,3287.60009765625
2011-06-27,3314.699951171875
2011-06-28,3326.89990234375
2011-06-29,3353.800048828125
2011-06-30,3360.60009765625
2011-07-01,3396.0
2011-07-04,3418.10009765625
2011-07-05,3430.199951171875
2011-07-06,3461.800048828125
2011-07-07,3487.199951171875
2011-07-08,3470.699951171875
2011-07-11,3396.199951171875
2011-07-12,3348.60009765625
2011-07-13,3356.39990234375
2011-07-14,3302.39990234375
2011-07-15,3326.60009765625
2011-07-18,3294.60009765625
2011-07-19,3325.0
2011-07-20,3335.60009765625
2011-07-21,3366.89990234375
2011-07-22,3356.39990234375
2011-07-25,3330.89990234375
2011-07-26,3368.60009765625
2011-07-27,3270.60009765625
2011-07-28,3271.0
2011-07-29,3321.89990234375
2011-08-01,3336.199951171875
2011-08-02,3316.5
2011-08-03,3308.800048828125
2011-08-04,3109.89990234375
2011-08-05,3067.60009765625
2011-08-08,2738.39990234375
2011-08-09,2864.0
2011-08-10,2809.800048828125
2011-08-11,2949.0
2011-08-12,2967.0
2011-08-16,2983.60009765625
2011-08-17,2993.800048828125
2011-08-18,2870.5
2011-08-19,2825.39990234375
2011-08-23,2895.60009765625
2011-08-24,2908.5
2011-08-25,2865.800048828125
2011-08-26,2883.89990234375
2011-08-29,2943.300048828125
2011-08-30,2960.0
2011-08-31,2964.800048828125
2011-09-01,2927.10009765625
2011-09-02,2872.10009765625
2011-09-05,2783.300048828125
2011-09-06,2816.800048828125
2011-09-07,2876.699951171875
2011-09-08,2832.39990234375
2011-09-09,2753.199951171875
2011-09-12,2688.10009765625
2011-09-13,2705.89990234375
2011-09-14,2750.10009765625
2011-09-15,2771.300048828125
2011-09-16,2750.300048828125
2011-09-19,2716.800048828125
2011-09-20,2717.199951171875
2011-09-21,2630.89990234375
2011-09-22,2480.800048828125
2011-09-23,2482.60009765625
2011-09-26,2505.0
2011-09-27,2555.89990234375
2011-09-28,2514.60009765625
2011-09-29,2518.10009765625
2011-09-30,2463.60009765625
2011-10-03,2291.699951171875
2011-10-04,2286.699951171875
2011-10-05,2309.39990234375
2011-10-06,2360.800048828125
2011-10-07,2326.0
2011-10-11,2429.60009765625
2011-10-12,2539.10009765625
2011-10-13,2596.60009765625
2011-10-14,2717.10009765625
2011-10-17,2677.10009765625
2011-10-18,2732.60009765625
2011-10-19,2735.199951171875
2011-10-20,2737.699951171875
2011-10-21,2797.5
2011-10-24,2861.800048828125
2011-10-25,2850.5
2011-10-26,2880.800048828125
2011-10-27,3005.5
2011-10-28,3015.199951171875
2011-10-31,2905.5
2011-11-01,2762.0
2011-11-02,2689.300048828125
2011-11-03,2782.89990234375
2011-11-04,2761.39990234375
2011-11-07,2747.60009765625
2011-11-08,2792.800048828125
2011-11-09,2676.39990234375
2011-11-10,2693.60009765625
2011-11-11,2751.699951171875
2011-11-14,2676.89990234375
2011-11-15,2679.199951171875
2011-11-16,2625.89990234375
2011-11-17,2519.0
2011-11-18,2528.0
2011-11-21,2454.0
2011-11-22,2483.10009765625
2011-11-23,2410.800048828125
2011-11-24,2426.10009765625
2011-11-25,2426.0
2011-11-29,2452.0
2011-11-30,2562.89990234375
2011-12-01,2609.10009765625
2011-12-02,2629.60009765625
2011-12-05,2640.10009765625
2011-12-06,2615.60009765625
2011-12-07,2558.10009765625
2011-12-12,2485.39990234375
2011-12-13,2474.800048828125
2011-12-14,2408.39990234375
2011-12-15,2401.39990234375
2011-12-16,2433.39990234375
2011-12-19,2400.300048828125
2011-12-20,2442.300048828125
2011-12-21,2440.89990234375
2011-12-22,2456.300048828125
2011-12-23,2466.699951171875
2011-12-27,2457.39990234375
2011-12-28,2426.0
2011-12-29,2462.60009765625
2012-01-03,2568.199951171875
2012-01-04,2715.5
2012-01-05,2715.199951171875
2012-01-06,2769.800048828125
2012-01-09,2780.5
2012-01-10,2833.199951171875
2012-01-11,2825.699951171875
2012-01-12,2820.0
2012-01-13,2753.5
2012-01-16,2754.60009765625
2012-01-17,2784.89990234375
2012-01-18,2862.199951171875
2012-01-19,2882.10009765625
2012-01-20,2867.60009765625
2012-01-23,2885.60009765625
2012-01-24,2898.39990234375
2012-01-25,2914.89990234375
2012-01-26,2908.699951171875
2012-01-27,2831.60009765625
2012-01-30,2770.800048828125
2012-01-31,2787.199951171875
2012-02-01,2837.10009765625
2012-02-02,2817.699951171875
2012-02-03,2810.60009765625
2012-02-06,2806.60009765625
2012-02-07,2769.60009765625
2012-02-08,2720.199951171875
2012-02-09,2749.0
2012-02-10,2721.89990234375
2012-02-13,2757.5
2012-02-14,2725.199951171875
2012-02-15,2725.5
2012-02-16,2767.699951171875
2012-02-17,2798.800048828125
2012-02-22,2838.60009765625
2012-02-23,2818.10009765625
2012-02-24,2762.60009765625
2012-02-28,2682.10009765625
2012-02-29,2648.199951171875
2012-03-01,2748.800048828125
2012-03-02,2757.300048828125
2012-03-05,2690.60009765625
2012-03-06,2651.60009765625
2012-03-07,2688.0
2012-03-08,2684.0
2012-03-09,2665.199951171875
2012-03-12,2642.199951171875
2012-03-13,2711.89990234375
2012-03-14,2709.60009765625
2012-03-15,2744.10009765625
2012-03-16,2765.199951171875
2012-03-19,2757.199951171875
2012-03-20,2692.89990234375
2012-03-21,2718.800048828125
2012-03-22,2673.800048828125
2012-03-23,2711.89990234375
2012-03-26,2691.800048828125
2012-03-27,2692.0
2012-03-28,2684.199951171875
2012-03-29,2658.699951171875
2012-03-30,2684.0
2012-04-03,2605.5
2012-04-04,2557.5
2012-04-09,2522.199951171875
2012-04-10,2497.10009765625
2012-04-11,2503.89990234375
2012-04-12,2562.699951171875
2012-04-13,2502.10009765625
2012-04-16,2459.60009765625
2012-04-17,2378.5
2012-04-18,2357.699951171875
2012-04-19,2352.800048828125
2012-04-20,2338.5
2012-04-23,2309.89990234375
2012-04-24,2311.199951171875
2012-04-25,2277.10009765625
2012-04-26,2270.800048828125
2012-04-27,2271.89990234375
2012-05-02,2241.699951171875
2012-05-03,2195.199951171875
2012-05-04,2215.300048828125
2012-05-07,2248.39990234375
2012-05-08,2384.300048828125
2012-05-09,2335.0
2012-05-10,2307.0
2012-05-11,2304.60009765625
2012-05-14,2234.39990234375
2012-05-15,2214.10009765625
2012-05-16,2160.39990234375
2012-05-17,2121.5
2012-05-18,2134.89990234375
2012-05-21,2193.699951171875
2012-05-22,2239.199951171875
2012-05-23,2288.60009765625
2012-05-24,2340.300048828125
2012-05-28,2354.300048828125
2012-05-29,2314.199951171875
2012-05-30,2264.89990234375
2012-05-31,2256.699951171875
2012-06-01,2215.199951171875
2012-06-04,2210.39990234375
2012-06-05,2200.0
2012-06-06,2221.5
2012-06-07,2227.60009765625
2012-06-08,2198.5
2012-06-11,2179.5
2012-06-12,2178.300048828125
2012-06-13,2151.10009765625
2012-06-14,2190.800048828125
2012-06-15,2273.0
2012-06-18,2269.800048828125
2012-06-19,2351.5
2012-06-21,2311.39990234375
2012-06-22,2341.5
2012-06-25,2287.800048828125
2012-06-26,2276.39990234375
2012-06-27,2279.5
2012-06-28,2268.10009765625
2012-06-29,2346.699951171875
2012-07-02,2369.199951171875
2012-07-03,2413.800048828125
2012-07-04,2426.60009765625
2012-07-05,2381.0
2012-07-06,2383.699951171875
2012-07-10,2317.300048828125
2012-07-11,2362.0
2012-07-12,2351.0
2012-07-13,2381.39990234375
2012-07-16,2385.10009765625
2012-07-17,2403.60009765625
2012-07-18,2496.699951171875
2012-07-19,2502.5
2012-07-20,2459.39990234375
2012-07-23,2436.800048828125
2012-07-24,2387.800048828125
2012-07-25,2398.800048828125
2012-07-26,2433.300048828125
2012-07-27,2436.0
2012-07-30,2420.39990234375
2012-07-31,2400.300048828125
2012-08-01,2399.60009765625
2012-08-02,2375.60009765625
2012-08-03,2396.800048828125
2012-08-06,2422.89990234375
2012-08-07,2451.699951171875
2012-08-08,2458.800048828125
2012-08-09,2381.199951171875
2012-08-10,2410.89990234375
2012-08-13,2430.39990234375
2012-08-14,2420.300048828125
2012-08-15,2440.39990234375
2012-08-16,2483.39990234375
2012-08-17,2460.0
2012-08-21,2441.199951171875
2012-08-22,2435.699951171875
2012-08-23,2442.5
2012-08-24,2458.800048828125
2012-08-27,2460.699951171875
2012-08-28,2447.300048828125
2012-08-29,2445.39990234375
2012-08-30,2424.0
2012-08-31,2408.39990234375
2012-09-03,2402.60009765625
2012-09-04,2379.300048828125
2012-09-05,2382.300048828125
2012-09-06,2405.10009765625
2012-09-07,2382.0
2012-09-10,2371.60009765625
2012-09-11,2406.5
2012-09-12,2436.199951171875
2012-09-13,2508.699951171875
2012-09-14,2543.89990234375
2012-09-17,2479.199951171875
2012-09-18,2491.800048828125
2012-09-19,2493.89990234375
2012-09-20,2500.800048828125
2012-09-21,2531.800048828125
2012-09-25,2533.39990234375
2012-09-26,2461.0
2012-09-27,2494.199951171875
2012-09-28,2451.699951171875
2012-10-01,2458.5
2012-10-02,2464.699951171875
2012-10-03,2455.800048828125
2012-10-04,2469.39990234375
2012-10-05,2485.800048828125
2012-10-09,2435.10009765625
2012-10-10,2387.800048828125
2012-10-11,2417.60009765625
2012-10-12,2400.10009765625
2012-10-15,2405.10009765625
2012-10-16,2427.300048828125
2012-10-17,2471.5
2012-10-18,2455.89990234375
2012-10-19,2428.10009765625
2012-10-22,2457.199951171875
2012-10-23,2369.0
2012-10-24,2377.800048828125
2012-10-25,2376.5
2012-10-26,2380.300048828125
2012-10-29,2332.800048828125
2012-10-30,2320.60009765625
2012-10-31,2323.39990234375
2012-11-01,2350.300048828125
2012-11-02,2395.10009765625
2012-11-05,2394.89990234375
2012-11-07,2370.199951171875
2012-11-08,2401.800048828125
2012-11-09,2390.10009765625
2012-11-12,2394.5
2012-11-13,2354.10009765625
2012-11-14,2320.699951171875
2012-11-15,2322.300048828125
2012-11-16,2283.10009765625
2012-11-19,2295.300048828125
2012-11-20,2295.60009765625
2012-11-21,2319.699951171875
2012-11-22,2242.39990234375
2012-11-23,2339.89990234375
2012-11-27,2328.89990234375
2012-11-28,2327.5
2012-11-29,2408.199951171875
2012-11-30,2419.300048828125
2012-12-03,2419.699951171875
2012-12-04,2459.0
2012-12-05,2470.0
2012-12-06,2450.0
2012-12-07,2480.0
2012-12-10,2520.300048828125
2012-12-11,2558.800048828125
2012-12-12,2610.89990234375
2012-12-13,2610.0
2012-12-14,2697.0
2012-12-17,2759.199951171875
2012-12-18,2871.300048828125
2012-12-19,2844.0
2012-12-20,2860.10009765625
2012-12-21,2786.39990234375
2012-12-26,2828.0
2012-12-27,2839.10009765625
2012-12-28,2854.300048828125
2013-01-02,2952.89990234375
2013-01-03,2975.199951171875
2013-01-04,2996.300048828125
2013-01-07,2993.199951171875
2013-01-08,3018.0
2013-01-09,3071.800048828125
2013-01-10,3114.199951171875
2013-01-11,3107.699951171875
2013-01-14,3095.39990234375
2013-01-15,3082.39990234375
2013-01-16,3134.0
2013-01-17,3168.5
2013-01-18,3197.39990234375
2013-01-21,3250.39990234375
2013-01-22,3306.199951171875
2013-01-23,3300.89990234375
2013-01-24,3316.300048828125
2013-01-25,3339.800048828125
2013-01-28,3342.10009765625
2013-01-29,3470.199951171875
2013-01-30,3462.39990234375
2013-02-01,3531.5
2013-02-04,3428.699951171875
2013-02-05,3357.89990234375
2013-02-06,3290.0
2013-02-07,3303.0
2013-02-08,3280.0
2013-02-13,3307.800048828125
2013-02-14,3303.800048828125
2013-02-15,3295.39990234375
2013-02-18,3264.0
2013-02-19,3268.800048828125
2013-02-21,3124.39990234375
2013-02-22,3140.39990234375
2013-02-25,3124.60009765625
2013-02-26,3119.60009765625
2013-02-27,3158.89990234375
2013-02-28,3048.60009765625
2013-03-01,3099.699951171875
2013-03-04,3140.300048828125
2013-03-05,3193.199951171875
2013-03-06,3233.5
2013-03-07,3328.199951171875
2013-03-08,3324.89990234375
2013-03-11,3359.800048828125
2013-03-12,3386.5
2013-03-13,3461.199951171875
2013-03-14,3499.300048828125
2013-03-15,3488.800048828125
2013-03-18,3446.60009765625
2013-03-19,3419.300048828125
2013-03-20,3485.10009765625
2013-03-21,3490.0
2013-03-22,3430.199951171875
2013-03-25,3404.89990234375
2013-03-26,3417.300048828125
2013-03-27,3380.800048828125
2013-04-03,3306.0
2013-04-04,3297.10009765625
2013-04-05,3312.800048828125
2013-04-08,3379.39990234375
2013-04-09,3474.800048828125
2013-04-10,3462.699951171875
2013-04-11,3487.699951171875
2013-04-12,3463.5
2013-04-15,3403.10009765625
2013-04-16,3473.39990234375
2013-04-17,3425.0
2013-04-18,3413.89990234375
2013-04-19,3444.5
2013-04-22,3530.39990234375
2013-04-23,3569.300048828125
2013-04-24,3603.39990234375
2013-04-25,3685.60009765625
2013-04-26,3734.199951171875
2013-04-29,3814.699951171875
2013-04-30,3845.89990234375
2013-05-02,3843.199951171875
2013-05-03,3888.10009765625
2013-05-06,3948.39990234375
2013-05-07,4066.5
2013-05-08,4038.199951171875
2013-05-09,3863.199951171875
2013-05-10,3712.5
2013-05-13,3581.800048828125
2013-05-14,3510.10009765625
2013-05-15,3720.89990234375
2013-05-16,3706.699951171875
2013-05-17,3694.699951171875
2013-05-20,3674.89990234375
2013-05-21,3637.800048828125
2013-05-22,3547.699951171875
2013-05-23,3557.60009765625
2013-05-24,3509.699951171875
2013-05-27,3530.89990234375
2013-05-28,3421.60009765625
2013-05-29,3474.10009765625
2013-05-30,3514.60009765625
2013-05-31,3489.39990234375
2013-06-03,3486.0
2013-06-04,3442.5
2013-06-05,3423.199951171875
2013-06-06,3450.800048828125
2013-06-07,3449.699951171875
2013-06-10,3413.800048828125
2013-06-11,3342.60009765625
2013-06-12,3237.10009765625
2013-06-13,3244.0
2013-06-14,3199.89990234375
2013-06-17,3100.39990234375
2013-06-18,3048.0
2013-06-19,3070.89990234375
2013-06-24,3021.199951171875
2013-06-25,3013.199951171875
2013-06-26,2966.5
2013-06-27,2941.10009765625
2013-06-28,2976.300048828125
2013-07-01,3019.800048828125
2013-07-02,2994.10009765625
2013-07-03,3023.10009765625
2013-07-04,3096.10009765625
2013-07-05,3063.699951171875
2013-07-08,3127.699951171875
2013-07-10,3127.199951171875
2013-07-11,3232.10009765625
2013-07-12,3226.39990234375
2013-07-15,3349.0
2013-07-16,3394.300048828125
2013-07-17,3475.699951171875
2013-07-18,3376.89990234375
2013-07-19,3410.10009765625
2013-07-22,3450.5
2013-07-23,3462.10009765625
2013-07-24,3463.5
2013-07-25,3426.39990234375
2013-07-26,3423.199951171875
2013-07-29,3384.199951171875
2013-07-30,3336.699951171875
2013-07-31,3357.89990234375
2013-08-01,3431.800048828125
2013-08-02,3458.800048828125
2013-08-05,3453.10009765625
2013-08-06,3469.199951171875
2013-08-07,3546.300048828125
2013-08-08,3582.199951171875
2013-08-09,3615.10009765625
2013-08-12,3668.800048828125
2013-08-13,3764.300048828125
2013-08-14,3883.199951171875
2013-08-15,3865.10009765625
2013-08-16,3815.300048828125
2013-08-20,3850.699951171875
2013-08-21,3852.39990234375
2013-08-22,3943.5
2013-08-23,3903.199951171875
2013-08-26,3897.39990234375
2013-08-27,3848.0
2013-08-28,3925.300048828125
2013-08-29,3922.39990234375
2013-08-30,3935.89990234375
2013-09-02,3974.5
2013-09-03,4056.39990234375
2013-09-04,4094.89990234375
2013-09-05,4175.7998046875
2013-09-06,4181.60009765625
2013-09-09,4368.39990234375
2013-09-10,4502.0
2013-09-11,4516.7001953125
2013-09-12,4394.7998046875
2013-09-13,4494.89990234375
2013-09-16,4647.5
2013-09-17,4631.89990234375
2013-09-18,4732.10009765625
2013-09-19,4768.7001953125
2013-09-20,4754.89990234375
2013-09-23,4892.7001953125
2013-09-24,4815.60009765625
2013-09-25,4798.5
2013-09-26,4838.5
2013-09-27,4730.10009765625
2013-09-30,4783.7998046875
2013-10-01,4906.5
2013-10-02,4869.7998046875
2013-10-03,4866.60009765625
2013-10-04,4855.5
2013-10-07,4924.0
2013-10-08,4925.7001953125
2013-10-09,4946.39990234375
2013-10-10,5165.5
2013-10-11,5241.89990234375
2013-10-15,5285.2998046875
2013-10-16,5256.7998046875
2013-10-17,5386.2001953125
2013-10-18,5465.89990234375
2013-10-21,5662.2998046875
2013-10-22,5616.2998046875
2013-10-23,5363.5
2013-10-24,5641.60009765625
2013-10-25,5526.2998046875
2013-10-28,5470.7001953125
2013-10-29,5218.39990234375
2013-10-30,5226.5
2013-10-31,5165.10009765625
2013-11-01,5094.7001953125
2013-11-04,5223.39990234375
2013-11-05,5505.5
2013-11-07,5304.10009765625
2013-11-08,5294.2001953125
2013-11-11,5401.5
2013-11-12,5272.2001953125
2013-11-13,5244.10009765625
2013-11-14,5467.7001953125
2013-11-15,5572.2998046875
2013-11-18,5552.2001953125
2013-11-19,5188.2998046875
2013-11-20,5362.0
2013-11-21,5395.10009765625
2013-11-22,5529.5
2013-11-26,5696.2001953125
2013-11-27,5601.2001953125
2013-11-28,5734.2001953125
2013-11-29,5718.7001953125
2013-12-02,5530.89990234375
2013-12-03,5291.0
2013-12-04,5310.60009765625
2013-12-05,5324.39990234375
2013-12-06,5331.2998046875
2013-12-09,5334.2001953125
2013-12-10,5224.2001953125
2013-12-11,5186.2998046875
2013-12-12,5223.2998046875
2013-12-13,5258.2998046875
2013-12-16,5380.89990234375
2013-12-17,5422.7998046875
2013-12-18,5411.2001953125
2013-12-19,5409.7001953125
2013-12-20,5264.7998046875
2013-12-23,5351.2998046875
2013-12-26,5279.60009765625
2013-12-27,5400.2001953125
2013-12-30,5391.0
2014-01-02,5320.7001953125
2014-01-03,5382.10009765625
2014-01-06,5283.0
2014-01-07,5354.0
2014-01-08,5388.89990234375
2014-01-09,5375.10009765625
2014-01-10,5490.89990234375
2014-01-13,5571.0
2014-01-14,5560.10009765625
2014-01-15,5687.39990234375
2014-01-16,5833.2001953125
2014-01-17,5858.7998046875
2014-01-20,5919.39990234375
2014-01-21,5840.2001953125
2014-01-22,5896.7001953125
2014-01-23,5771.7998046875
2014-01-24,5545.2001953125
2014-01-27,5605.39990234375
2014-01-28,5661.0
2014-01-29,5659.39990234375
2014-01-30,5857.89990234375
2014-01-31,6018.7001953125
2014-02-03,6086.7001953125
2014-02-04,6138.2001953125
2014-02-05,5924.10009765625
2014-02-06,5881.7001953125
2014-02-07,5585.0
2014-02-10,5407.39990234375
2014-02-11,5636.2998046875
2014-02-12,5884.2001953125
2014-02-13,5937.39990234375
2014-02-14,6070.60009765625
2014-02-17,6151.7001953125
2014-02-18,6093.0
2014-02-19,5956.60009765625
2014-02-20,5976.2001953125
2014-02-21,5914.7998046875
2014-02-24,5982.5
2014-02-25,5852.5
2014-02-26,5826.60009765625
2014-02-27,5771.7001953125
2014-02-28,5784.39990234375
2014-03-05,5749.7998046875
2014-03-06,5909.0
2014-03-07,5880.7998046875
2014-03-10,5790.0
2014-03-11,5754.39990234375
2014-03-12,5713.2998046875
2014-03-13,5658.0
2014-03-14,5747.10009765625
2014-03-17,5762.7001953125
2014-03-18,5883.5
2014-03-19,5867.0
2014-03-20,5965.10009765625
2014-03-21,6086.7998046875
2014-03-25,6194.39990234375
2014-03-26,6135.0
2014-03-27,6191.7998046875
2014-03-28,6198.60009765625
2014-03-31,6373.7998046875
2014-04-01,6440.7001953125
2014-04-03,6498.2001953125
2014-04-04,6386.89990234375
2014-04-07,6444.2998046875
2014-04-08,6487.2998046875
2014-04-09,6476.0
2014-04-10,6498.39990234375
2014-04-11,6468.60009765625
2014-04-14,6398.2998046875
2014-04-15,6316.39990234375
2014-04-16,6449.89990234375
2014-04-21,6453.0
2014-04-22,6609.60009765625
2014-04-23,6704.2998046875
2014-04-24,6728.2001953125
2014-04-25,6557.2998046875
2014-04-28,6790.60009765625
2014-04-29,6827.60009765625
2014-04-30,6782.0
2014-05-05,6888.39990234375
2014-05-06,6813.5
2014-05-07,6921.60009765625
2014-05-08,6814.5
2014-05-09,6846.7001953125
2014-05-12,6843.2998046875
2014-05-13,6866.89990234375
2014-05-14,6900.5
2014-05-15,6784.39990234375
2014-05-16,6878.7001953125
2014-05-19,7156.2998046875
2014-05-20,7218.5
2014-05-21,7261.10009765625
2014-05-22,7374.7998046875
2014-05-23,7446.89990234375
2014-05-26,7533.39990234375
2014-05-27,7571.60009765625
2014-05-28,7665.39990234375
2014-05-29,7815.60009765625
2014-05-30,7712.2001953125
2014-06-02,7678.2001953125
2014-06-03,7708.7998046875
2014-06-04,7695.5
2014-06-05,7835.2001953125
2014-06-06,7913.89990234375
2014-06-09,8291.7998046875
2014-06-10,8158.0
2014-06-11,8077.7001953125
2014-06-12,8066.5
2014-06-13,8047.39990234375
2014-06-16,7235.10009765625
2014-06-17,7507.10009765625
2014-06-18,7727.7001953125
2014-06-19,7347.60009765625
2014-06-23,7985.10009765625
2014-06-24,7912.5
2014-06-25,7982.7001953125
2014-06-26,7820.5
2014-06-27,7905.10009765625
2014-06-30,7887.2998046875
2014-07-01,8060.0
2014-07-02,8155.2001953125
2014-07-03,8146.10009765625
2014-07-04,8141.7001953125
2014-07-07,8152.0
2014-07-08,8321.0
2014-07-10,8699.7001953125
2014-07-11,8822.099609375
2014-07-14,8840.2001953125
2014-07-15,8625.2998046875
2014-07-16,8548.5
2014-07-17,8341.7998046875
2014-07-18,8661.7998046875
2014-07-21,8423.7001953125
2014-07-22,8332.2998046875
2014-07-23,8138.39990234375
2014-07-24,8232.599609375
2014-07-25,7922.89990234375
2014-07-28,7844.60009765625
2014-07-29,8357.0
2014-07-30,8937.599609375
2014-07-31,8188.0
2014-08-01,8326.900390625
2014-08-04,8321.400390625
2014-08-05,8063.39990234375
2014-08-06,8132.2001953125
2014-08-07,8241.7998046875
2014-08-08,8227.900390625
2014-08-11,8212.599609375
2014-08-12,8455.7998046875
2014-08-13,8525.5
2014-08-14,8373.7998046875
2014-08-15,8670.099609375
2014-08-19,8843.7998046875
2014-08-20,8929.599609375
2014-08-21,9013.0
2014-08-22,9171.099609375
2014-08-25,9382.2001953125
2014-08-26,9522.400390625
2014-08-27,9812.0
2014-08-28,9834.7998046875
2014-08-29,9817.2998046875
2014-09-01,9946.2001953125
2014-09-02,10116.400390625
2014-09-03,10437.900390625
2014-09-04,10063.400390625
2014-09-05,10414.7001953125
2014-09-08,10653.099609375
2014-09-09,10687.7001953125
2014-09-10,10767.400390625
2014-09-11,10966.5
2014-09-12,11054.099609375
2014-09-15,10962.2998046875
2014-09-16,11448.599609375
2014-09-17,11511.2998046875
2014-09-18,11536.2998046875
2014-09-19,11580.900390625
2014-09-22,12118.900390625
2014-09-23,12058.0
2014-09-24,12257.099609375
2014-09-25,12155.2001953125
2014-09-26,12535.5
2014-09-29,12593.099609375
2014-09-30,12549.0
2014-10-01,11516.2998046875
2014-10-02,10703.2998046875
2014-10-03,11419.400390625
2014-10-06,10925.5
2014-10-07,10914.599609375
2014-10-08,10773.599609375
2014-10-09,10203.900390625
2014-10-10,10040.2001953125
2014-10-14,9894.2998046875
2014-10-15,9653.099609375
2014-10-16,9978.7998046875
2014-10-17,10542.599609375
2014-10-20,11092.599609375
2014-10-21,10872.2001953125
2014-10-22,10548.2001953125
2014-10-23,10268.0
2014-10-24,10555.900390625
2014-10-27,10295.599609375
2014-10-28,10446.7001953125
2014-10-29,10226.5
2014-10-30,10539.400390625
2014-10-31,11019.400390625
2014-11-03,11374.400390625
2014-11-04,11024.2998046875
2014-11-05,10885.599609375
2014-11-07,10588.599609375
2014-11-10,10393.400390625
2014-11-11,10271.599609375
2014-11-12,10072.0
2014-11-13,9919.5
2014-11-14,9749.7001953125
2014-11-17,9676.7001953125
2014-11-18,9795.0
2014-11-19,9584.2998046875
2014-11-20,9672.400390625
2014-11-21,9976.7001953125
2014-11-25,9937.099609375
2014-11-26,10124.599609375
2014-11-27,10122.900390625
2014-11-28,9808.599609375
2014-12-01,9366.599609375
2014-12-02,9378.2998046875
2014-12-03,9666.2998046875
2014-12-04,9558.7998046875
2014-12-05,9580.599609375
2014-12-09,8888.5
2014-12-10,8279.0
2014-12-11,8650.7001953125
2014-12-12,8266.900390625
2014-12-15,7581.7001953125
2014-12-16,7670.2998046875
2014-12-17,7975.60009765625
2014-12-18,7888.89990234375
2014-12-19,8022.2001953125
2014-12-22,7460.10009765625
2014-12-23,7669.39990234375
2014-12-29,8443.2998046875
2014-12-30,8579.0
2015-01-02,8666.5
2015-01-05,8123.7001953125
2015-01-06,8057.89990234375
2015-01-07,8246.2001953125
2015-01-08,8395.099609375
2015-01-09,8459.7001953125
2015-01-12,8201.7001953125
2015-01-13,8226.5
2015-01-14,8425.2001953125
2015-01-15,8473.2001953125
2015-01-16,8659.0
2015-01-19,8624.2998046875
2015-01-20,8583.2001953125
2015-01-21,8673.7998046875
2015-01-22,8774.7001953125
2015-01-23,8737.599609375
2015-01-26,8808.7998046875
2015-01-27,9014.5
2015-01-28,8772.5
2015-01-29,8485.2998046875
2015-01-30,8490.5
2015-02-02,8490.5
2015-02-03,9022.2998046875
2015-02-04,8957.7001953125
2015-02-05,9101.7998046875
2015-02-06,9008.599609375
2015-02-09,9120.0
2015-02-10,9017.0
2015-02-11,9118.5
2015-02-12,9322.5
2015-02-13,9562.2001953125
2015-02-18,9513.2001953125
2015-02-19,9388.599609375
2015-02-20,9436.7001953125
2015-02-23,9509.599609375
2015-02-24,9644.2998046875
2015-02-25,9564.2998046875
2015-02-26,9334.7998046875
2015-02-27,9601.599609375
2015-03-02,9575.400390625
2015-03-03,9682.099609375
2015-03-04,9668.400390625
2015-03-05,9939.400390625
2015-03-06,9928.7001953125
2015-03-09,10051.7001953125
2015-03-10,9832.5
2015-03-11,10131.900390625
2015-03-12,10098.400390625
2015-03-13,10245.2998046875
2015-03-16,10746.7001953125
2015-03-17,10987.2998046875
2015-03-18,11275.2998046875
2015-03-19,11148.5
2015-03-20,11385.400390625
2015-03-25,11166.2001953125
2015-03-26,10530.2001953125
2015-03-27,10663.5
2015-03-30,10955.7001953125
2015-03-31,10837.2001953125
2015-04-01,11071.7001953125
2015-04-06,11439.0
2015-04-07,11410.099609375
2015-04-08,11275.0
2015-04-09,11509.5
2015-04-10,11686.599609375
2015-04-13,11678.5
2015-04-14,11914.099609375
2015-04-15,12129.099609375
2015-04-16,12065.900390625
2015-04-17,11920.099609375
2015-04-20,11659.900390625
2015-04-21,11296.099609375
2015-04-22,11687.599609375
2015-04-23,12205.2998046875
2015-04-24,12409.400390625
2015-04-27,12052.7001953125
2015-04-28,12137.900390625
2015-04-29,12184.599609375
2015-04-30,12050.2001953125
2015-05-04,12347.2001953125
2015-05-05,12421.7001953125
2015-05-06,12135.2998046875
2015-05-07,12124.599609375
2015-05-08,12205.099609375
2015-05-11,12105.7998046875
2015-05-12,12237.7001953125
2015-05-13,12192.2001953125
2015-05-14,12344.7001953125
2015-05-15,12375.7998046875
2015-05-18,12097.400390625
2015-05-19,11663.400390625
2015-05-20,11728.2001953125
2015-05-21,11700.7001953125
2015-05-22,11459.5
2015-05-26,10838.099609375
2015-05-27,10924.7998046875
2015-05-28,10971.7998046875
2015-05-29,10800.900390625
2015-06-01,10758.400390625
2015-06-02,11484.7001953125
2015-06-03,11200.2998046875
2015-06-04,11245.900390625
2015-06-05,11215.7998046875
2015-06-08,11200.7998046875
2015-06-09,11382.0
2015-06-10,11364.7998046875
2015-06-11,11363.900390625
2015-06-12,11364.099609375
2015-06-15,11221.599609375
2015-06-16,11343.7998046875
2015-06-17,11151.5
2015-06-18,11263.7001953125
2015-06-19,11221.7001953125
2015-06-22,11582.7001953125
2015-06-23,11527.7001953125
2015-06-24,11553.400390625
2015-06-25,11453.2998046875
2015-06-26,11684.400390625
2015-06-29,11305.5
2015-06-30,11656.7998046875
2015-07-01,11670.900390625
2015-07-02,11809.2001953125
2015-07-03,11766.099609375
2015-07-06,11789.2001953125
2015-07-07,11842.599609375
2015-07-08,11511.2998046875
2015-07-10,11690.0
2015-07-13,11949.099609375
2015-07-14,12263.2001953125
2015-07-15,12301.900390625
2015-07-16,12438.2998046875
2015-07-17,12377.7001953125
2015-07-20,11981.599609375
2015-07-21,12146.900390625
2015-07-22,11682.2998046875
2015-07-23,11625.2001953125
2015-07-24,10904.099609375
2015-07-27,10588.099609375
2015-07-28,10939.5
2015-07-29,11313.7001953125
2015-07-30,11224.599609375
2015-07-31,11101.0
2015-08-03,10899.400390625
2015-08-04,10808.5
2015-08-05,10911.7001953125
2015-08-06,11259.099609375
2015-08-07,11167.5
2015-08-10,11830.2001953125
2015-08-11,11598.400390625
2015-08-12,11635.7998046875
2015-08-13,11674.900390625
2015-08-14,11453.0
2015-08-18,11226.2998046875
2015-08-19,10954.2001953125
2015-08-20,10862.900390625
2015-08-21,10495.400390625
2015-08-24,9833.2001953125
2015-08-25,9777.7001953125
2015-08-26,10290.2001953125
2015-08-27,10922.900390625
2015-08-28,10961.5
2015-08-31,11032.900390625
2015-09-01,10736.5
2015-09-02,10800.2001953125
2015-09-03,10990.400390625
2015-09-04,10928.599609375
2015-09-07,10928.5
2015-09-08,11177.400390625
2015-09-09,11158.7001953125
2015-09-10,11069.5
2015-09-11,10887.900390625
2015-09-14,10701.400390625
2015-09-15,10660.7001953125
2015-09-16,10702.0
2015-09-17,10800.2998046875
2015-09-18,10555.2998046875
2015-09-21,10276.7998046875
2015-09-22,9654.099609375
2015-09-23,9521.2998046875
2015-09-24,9288.400390625
2015-09-25,9799.2998046875
2015-09-28,9411.400390625
2015-09-29,9659.599609375
2015-09-30,9814.599609375
2015-10-01,9601.0
2015-10-02,10189.5
2015-10-05,10524.5
2015-10-06,10694.7998046875
2015-10-07,10919.400390625
2015-10-08,11278.2998046875
2015-10-09,11166.400390625
2015-10-13,10762.5
2015-10-14,10873.2998046875
2015-10-15,11108.900390625
2015-10-16,11177.099609375
2015-10-19,11067.900390625
2015-10-20,11068.5
2015-10-21,10824.5
2015-10-22,11132.099609375
2015-10-23,11329.2998046875
2015-10-26,11828.2001953125
2015-10-27,11693.7998046875
2015-10-28,12333.099609375
2015-10-29,12206.099609375
2015-10-30,12461.2998046875
2015-11-02,12511.2998046875
2015-11-03,12813.400390625
2015-11-04,12799.099609375
2015-11-05,12899.5
2015-11-09,12871.2001953125
2015-11-10,13053.599609375
2015-11-11,13159.7001953125
2015-11-12,13181.900390625
2015-11-13,13182.7001953125
2015-11-16,13749.2001953125
2015-11-17,13746.0
2015-11-18,13773.900390625
2015-11-19,13776.7001953125
2015-11-20,14173.900390625
2015-11-24,13393.599609375
2015-11-25,12849.599609375
2015-11-26,13165.400390625
2015-11-30,12972.099609375
2015-12-01,12826.099609375
2015-12-02,12706.0
2015-12-03,12919.599609375
2015-12-04,13070.599609375
2015-12-09,13302.900390625
2015-12-10,13106.5
2015-12-11,12779.2001953125
2015-12-14,12337.2998046875
2015-12-15,12307.099609375
2015-12-16,12036.099609375
2015-12-17,11938.2998046875
2015-12-18,11404.599609375
2015-12-21,11112.900390625
2015-12-22,11439.5
2015-12-23,12040.900390625
2015-12-28,11713.7998046875
2015-12-29,11698.400390625
2015-12-30,11675.2001953125
2016-01-04,11517.599609375
2016-01-05,11527.2001953125
2016-01-06,11423.2998046875
2016-01-07,11390.400390625
2016-01-08,11305.5
2016-01-11,10956.0
2016-01-12,10656.599609375
2016-01-13,10305.900390625
2016-01-14,10666.2998046875
2016-01-15,10020.400390625
2016-01-18,9757.099609375
2016-01-19,9801.2998046875
2016-01-20,9401.099609375
2016-01-21,9819.599609375
2016-01-22,10329.900390625
2016-01-25,10396.400390625
2016-01-26,10493.2998046875
2016-01-27,10786.599609375
2016-01-28,10883.5
2016-01-29,11306.0
2016-02-01,11251.900390625
2016-02-02,11074.7998046875
2016-02-03,11121.400390625
2016-02-04,11422.0
2016-02-05,11400.2998046875
2016-02-10,11346.7998046875
2016-02-11,11010.900390625
2016-02-12,11276.400390625
2016-02-15,11454.5
2016-02-16,11553.7001953125
2016-02-17,12059.0
2016-02-18,11991.099609375
2016-02-19,11826.099609375
2016-02-22,12525.5
2016-02-23,12533.2998046875
2016-02-24,12627.099609375
2016-02-25,12935.900390625
2016-02-26,12929.2001953125
2016-02-29,13116.0
2016-03-01,13222.599609375
2016-03-02,13221.0
2016-03-03,13327.900390625
2016-03-04,13269.2998046875
2016-03-07,13236.0
2016-03-08,13405.2001953125
2016-03-09,13269.2998046875
2016-03-10,13172.599609375
2016-03-11,13051.5
2016-03-14,12545.7998046875
2016-03-15,12076.400390625
2016-03-16,12541.599609375
2016-03-17,12972.5
2016-03-18,12906.400390625
2016-03-21,12938.0
2016-03-22,12926.2998046875
2016-03-23,12499.2001953125
2016-03-28,12875.599609375
2016-03-29,12929.599609375
2016-03-30,12872.900390625
2016-03-31,12992.400390625
2016-04-01,13179.7998046875
2016-04-04,12784.2998046875
2016-04-05,12472.900390625
2016-04-06,12262.0
2016-04-07,11864.2001953125
2016-04-08,12221.900390625
2016-04-11,12184.5
2016-04-12,12693.599609375
2016-04-13,13298.2001953125
2016-04-14,13209.7001953125
2016-04-15,13237.900390625
2016-04-18,13210.599609375
2016-04-19,13864.5
2016-04-20,13874.900390625
2016-04-21,13923.7001953125
2016-04-22,13915.5
2016-04-25,13374.099609375
2016-04-26,13621.7998046875
2016-04-27,13742.2001953125
2016-04-28,13739.2998046875
2016-04-29,13724.099609375
2016-05-02,13549.0
2016-05-03,13166.2001953125
2016-05-04,13220.099609375
2016-05-05,13348.099609375
2016-05-06,13453.900390625
2016-05-09,13270.2998046875
2016-05-10,13456.5
2016-05-11,13536.900390625
2016-05-12,13370.599609375
2016-05-13,13121.599609375
2016-05-16,13202.599609375
2016-05-17,13028.400390625
2016-05-18,12829.900390625
2016-05-19,12626.2998046875
2016-05-20,12656.2998046875
2016-05-23,12474.2998046875
2016-05-24,12381.5
2016-05-26,12713.7998046875
2016-05-27,12727.5
2016-05-30,12748.2998046875
2016-05-31,12681.7001953125
2016-06-01,12626.0
2016-06-02,12717.900390625
2016-06-03,12791.099609375
2016-06-06,12852.2998046875
2016-06-07,13269.099609375
2016-06-08,13624.900390625
2016-06-09,13528.400390625
2016-06-10,13324.400390625
2016-06-13,13174.2001953125
2016-06-14,13038.2998046875
2016-06-15,13116.2001953125
2016-06-16,13073.400390625
2016-06-21,13681.2998046875
2016-06-22,13742.2998046875
2016-06-23,14242.900390625
2016-06-24,13924.5
2016-06-27,13773.900390625
2016-06-28,14141.5
2016-06-29,14608.2998046875
2016-06-30,14683.5
2016-07-01,15111.7001953125
2016-07-04,15229.2998046875
2016-07-05,14806.7998046875
2016-07-06,14691.099609375
2016-07-07,14689.599609375
2016-07-11,14977.2998046875
2016-07-12,15100.599609375
2016-07-13,15145.2001953125
2016-07-14,15469.7001953125
2016-07-15,15643.2998046875
2016-07-18,15999.099609375
2016-07-19,15832.599609375
2016-07-20,15931.7998046875
2016-07-21,15778.5
2016-07-22,15846.5
2016-07-25,15712.599609375
2016-07-26,15757.7001953125
2016-07-27,15698.7001953125
2016-07-28,15455.099609375
2016-07-29,15803.5
2016-08-01,15442.5
2016-08-02,15061.599609375
2016-08-03,15429.7998046875
2016-08-04,15559.599609375
2016-08-05,15394.2998046875
2016-08-08,15372.7998046875
2016-08-09,15454.900390625
2016-08-10,15346.400390625
2016-08-11,15313.900390625
2016-08-12,15165.599609375
2016-08-16,15230.7998046875
2016-08-17,15402.2998046875
2016-08-18,15564.599609375
2016-08-19,15598.2001953125
2016-08-22,15497.2001953125
2016-08-23,15832.5
2016-08-24,15815.099609375
2016-08-25,15900.7998046875
2016-08-26,15764.0
2016-08-29,16033.2998046875
2016-08-30,15872.099609375
2016-08-31,15649.5
2016-09-01,15740.900390625
2016-09-02,15965.7001953125
2016-09-05,16006.2998046875
2016-09-06,16276.2998046875
2016-09-07,16315.5
2016-09-08,16457.900390625
2016-09-09,15975.599609375
2016-09-12,16058.2998046875
2016-09-13,15520.599609375
2016-09-14,15546.400390625
2016-09-15,15851.5
2016-09-16,15828.2001953125
2016-09-19,15990.7001953125
2016-09-20,16012.7998046875
2016-09-21,16292.5
2016-09-22,16643.099609375
2016-09-23,16441.69921875
2016-09-26,16356.400390625
2016-09-27,16348.5
2016-09-28,16755.19921875
2016-09-29,16743.400390625
2016-09-30,16675.69921875
2016-10-03,16846.900390625
2016-10-04,16873.80078125
2016-10-05,17070.69921875
2016-10-06,17143.30078125
2016-10-07,17136.19921875
2016-10-11,17159.19921875
2016-10-12,17207.900390625
2016-10-13,17234.80078125
2016-10-14,17414.900390625
2016-10-17,17664.0
2016-10-18,17847.599609375
2016-10-19,18125.400390625
2016-10-20,18147.30078125
2016-10-21,18257.30078125
2016-10-24,18390.69921875
2016-10-25,18409.099609375
2016-10-26,18187.599609375
2016-10-27,18065.599609375
2016-10-28,17869.099609375
2016-10-31,17610.099609375
2016-11-01,17107.599609375
2016-11-02,16807.400390625
2016-11-03,16706.099609375
2016-11-04,16754.900390625
2016-11-07,17257.599609375
2016-11-08,17138.400390625
2016-11-09,17024.900390625
2016-11-10,16230.7001953125
2016-11-11,15659.7001953125
2016-11-14,15693.7001953125
2016-11-15,16478.400390625
2016-11-16,16520.900390625
2016-11-17,16471.69921875
2016-11-18,16385.099609375
2016-11-21,16844.30078125
2016-11-22,17306.80078125
2016-11-23,17366.5
2016-11-24,17385.19921875
2016-11-25,17168.599609375
2016-11-29,17042.19921875
2016-11-30,17442.400390625
2016-12-01,17042.0
2016-12-02,16947.80078125
2016-12-05,16999.0
2016-12-06,17235.19921875
2016-12-07,17196.80078125
2016-12-12,17157.5
2016-12-13,17197.5
2016-12-14,16918.400390625
2016-12-15,16738.599609375
2016-12-16,16563.5
2016-12-19,15996.099609375
2016-12-20,16064.099609375
2016-12-21,16587.30078125
2016-12-22,16378.5
2016-12-23,16354.5
2016-12-26,16113.2998046875
2016-12-27,16386.69921875
2016-12-28,16508.30078125
2016-12-29,16917.900390625
2017-01-02,17504.80078125
2017-01-03,17911.19921875
2017-01-04,18143.099609375
2017-01-05,18222.69921875
2017-01-06,18284.30078125
2017-01-09,18509.900390625
2017-01-10,18783.30078125
2017-01-11,18467.80078125
2017-01-12,18591.30078125
2017-01-13,18885.099609375
2017-01-16,18997.5
2017-01-17,18875.599609375
2017-01-18,18870.099609375
2017-01-19,18633.5
2017-01-20,19039.5
2017-01-23,19470.599609375
2017-01-24,19366.900390625
2017-01-25,19406.599609375
2017-01-26,19180.400390625
2017-01-27,19215.80078125
2017-01-30,18777.5
2017-01-31,19062.599609375
2017-02-01,19200.80078125
2017-02-02,19375.0
2017-02-03,19200.5
2017-02-06,19248.69921875
2017-02-07,19194.30078125
2017-02-08,19147.900390625
2017-02-09,19302.30078125
2017-02-10,19502.900390625
2017-02-13,19507.5
2017-02-14,19606.400390625
2017-02-15,19657.099609375
2017-02-16,19563.19921875
2017-02-17,19681.30078125
2017-02-20,20038.400390625
2017-02-21,20072.900390625
2017-02-22,19915.30078125
2017-02-23,19538.099609375
2017-02-24,19117.5
2017-03-01,19359.0
2017-03-02,18966.5
2017-03-03,19265.5
2017-03-06,19197.30078125
2017-03-07,19248.19921875
2017-03-08,19232.599609375
2017-03-09,18785.5
2017-03-10,18895.900390625
2017-03-13,19188.30078125
2017-03-14,19062.19921875
2017-03-15,19368.400390625
2017-03-16,19601.30078125
2017-03-17,19434.0
2017-03-20,19793.5
2017-03-21,19535.19921875
2017-03-22,19666.599609375
2017-03-23,19705.099609375
2017-03-27,19801.69921875
2017-03-28,20022.400390625
2017-03-29,20203.30078125
2017-03-30,20248.400390625
2017-03-31,20265.30078125
2017-04-03,20561.900390625
2017-04-04,20834.69921875
2017-04-05,20683.0
2017-04-06,20812.80078125
2017-04-07,20727.599609375
2017-04-10,20926.19921875
2017-04-11,20994.80078125
2017-04-12,20812.19921875
2017-04-17,20748.099609375
2017-04-18,20669.69921875
2017-04-19,20513.19921875
2017-04-20,20668.69921875
2017-04-21,20769.0
2017-04-24,21169.900390625
2017-04-25,21198.900390625
2017-04-26,21027.69921875
2017-04-27,20889.5
2017-04-28,21019.900390625
2017-05-02,21157.5
2017-05-03,21212.0
2017-05-04,20985.5
2017-05-05,21169.69921875
2017-05-08,21076.69921875
2017-05-09,21140.19921875
2017-05-10,21510.0
2017-05-11,21426.599609375
2017-05-12,21502.400390625
2017-05-15,21656.599609375
2017-05-16,21833.599609375
2017-05-17,21674.19921875
2017-05-18,21034.0
2017-05-19,21614.900390625
2017-05-22,21500.80078125
2017-05-23,21520.69921875
2017-05-24,21684.599609375
2017-05-26,22141.69921875
2017-05-29,22347.400390625
2017-05-30,22310.599609375
2017-05-31,22348.599609375
2017-06-01,22518.69921875
2017-06-02,22519.0
2017-06-05,22443.599609375
2017-06-06,22355.599609375
2017-06-07,22218.69921875
2017-06-08,21928.80078125
2017-06-09,21614.30078125
2017-06-12,21145.099609375
2017-06-13,21394.900390625
2017-06-14,21178.400390625
2017-06-15,21009.400390625
2017-06-16,21291.400390625
2017-06-19,21657.19921875
2017-06-21,20614.400390625
2017-06-22,20996.900390625
2017-06-23,21066.099609375
2017-06-26,21297.0
2017-06-27,21226.900390625
2017-06-28,21394.30078125
2017-06-29,21460.80078125
2017-06-30,21912.599609375
2017-07-03,22217.0
2017-07-04,22385.80078125
2017-07-05,22415.80078125
2017-07-06,22225.19921875
2017-07-07,22027.80078125
2017-07-10,21956.599609375
2017-07-11,22127.30078125
2017-07-12,22262.599609375
2017-07-13,21976.400390625
2017-07-14,21880.19921875
2017-07-17,21296.5
2017-07-18,21075.30078125
2017-07-19,21450.400390625
2017-07-20,21465.19921875
2017-07-21,21498.599609375
2017-07-24,21310.400390625
2017-07-25,21243.30078125
2017-07-26,21202.900390625
2017-07-27,21294.0
2017-07-28,21689.19921875
2017-07-31,21582.400390625
2017-08-01,21522.30078125
2017-08-02,21798.599609375
2017-08-03,21779.5
2017-08-04,21703.900390625
2017-08-07,21478.400390625
2017-08-08,21255.69921875
2017-08-09,20925.0
2017-08-10,21133.0
2017-08-11,21633.0
2017-08-14,22540.0
2017-08-15,22702.400390625
2017-08-16,22887.900390625
2017-08-17,22724.5
2017-08-18,22967.400390625
2017-08-22,22900.19921875
2017-08-23,23262.400390625
2017-08-24,23392.5
2017-08-25,23501.0
2017-08-28,23482.099609375
2017-08-29,23443.599609375
2017-08-30,23491.80078125
2017-08-31,23589.0
2017-09-01,23657.599609375
2017-09-04,23707.80078125
2017-09-05,24025.900390625
2017-09-06,24164.900390625
2017-09-07,24250.30078125
2017-09-08,24018.099609375
2017-09-11,24066.5
2017-09-12,23529.19921875
2017-09-13,23836.599609375
2017-09-14,23701.69921875
2017-09-15,23715.5
2017-09-18,23913.900390625
2017-09-19,24214.599609375
2017-09-20,24334.80078125
2017-09-21,24578.69921875
2017-09-22,24994.5
2017-09-25,25047.19921875
2017-09-26,25166.19921875
2017-09-27,25271.19921875
2017-09-28,25597.0
2017-09-29,26078.30078125
2017-10-02,26350.80078125
2017-10-03,26673.0
2017-10-04,26476.80078125
2017-10-05,27015.599609375
2017-10-06,26797.80078125
2017-10-10,27097.30078125
2017-10-11,26889.80078125
2017-10-12,27059.5
2017-10-13,27140.80078125
2017-10-17,26622.400390625
2017-10-18,26213.19921875
2017-10-19,26804.599609375
2017-10-20,26979.0
2017-10-23,27782.599609375
2017-10-24,28009.5
2017-10-25,27878.19921875
2017-10-26,27828.69921875
2017-10-27,27479.400390625
2017-10-30,27405.80078125
2017-10-31,27935.30078125
2017-11-01,27979.80078125
2017-11-02,27944.5
2017-11-03,27978.30078125
2017-11-07,28120.19921875
2017-11-08,28081.599609375
2017-11-09,27951.5
2017-11-10,27080.599609375
2017-11-13,26714.900390625
2017-11-14,25611.0
2017-11-15,26312.69921875
2017-11-16,27267.30078125
2017-11-17,27128.5
2017-11-21,27266.099609375
2017-11-22,27328.0
2017-11-23,27293.30078125
2017-11-24,27464.80078125
2017-11-28,26912.19921875
2017-11-29,26902.900390625
2017-11-30,26905.30078125
2017-12-01,26941.599609375
2017-12-04,26834.30078125
2017-12-05,26483.0
2017-12-06,26470.5
2017-12-07,26841.5
2017-12-11,27307.099609375
2017-12-12,27341.599609375
2017-12-13,27034.599609375
2017-12-14,27139.099609375
2017-12-15,27021.900390625
2017-12-18,27137.30078125
2017-12-19,27706.69921875
2017-12-20,28069.0
2017-12-21,28480.69921875
2017-12-22,28931.5
2017-12-26,29185.599609375
2017-12-27,29193.5
2017-12-28,29974.5
2018-01-02,31084.400390625
2018-01-03,31476.30078125
2018-01-04,31952.0
2018-01-05,32190.30078125
2018-01-08,32351.19921875
2018-01-09,32138.599609375
2018-01-10,31632.400390625
2018-01-11,32078.19921875
2018-01-12,32719.69921875
2018-01-15,33622.80078125
2018-01-16,33521.6015625
2018-01-17,33598.19921875
2018-01-18,34049.3984375
2018-01-19,33591.69921875
2018-01-22,33525.5
2018-01-23,33893.3984375
2018-01-24,34948.6015625
2018-01-25,35141.69921875
2018-01-26,35126.19921875
2018-01-29,34787.3984375
2018-01-30,34241.30078125
2018-01-31,34938.6015625
2018-02-01,34641.3984375
2018-02-02,32614.80078125
2018-02-05,31145.599609375
2018-02-06,31624.19921875
2018-02-07,31626.69921875
2018-02-08,31021.599609375
2018-02-09,30143.400390625
2018-02-14,31551.30078125
2018-02-15,32023.599609375
2018-02-16,32677.30078125
2018-02-19,33281.30078125
2018-02-20,32825.8984375
2018-02-21,33042.30078125
2018-02-22,33124.80078125
2018-02-23,32742.400390625
2018-02-26,32918.19921875
2018-02-27,32516.30078125
2018-02-28,33010.8984375
2018-03-01,32013.0
2018-03-02,31900.69921875
2018-03-05,32133.69921875
2018-03-06,32865.0
2018-03-07,32743.599609375
2018-03-08,32822.6015625
2018-03-09,33182.6015625
2018-03-12,33244.0
2018-03-13,32980.1015625
2018-03-14,32824.5
2018-03-15,32707.5
2018-03-16,32555.099609375
2018-03-19,31724.400390625
2018-03-20,31797.599609375
2018-03-21,32369.599609375
2018-03-22,31908.19921875
2018-03-23,31461.30078125
2018-03-26,31636.599609375
2018-03-27,31236.099609375
2018-03-28,31114.900390625
2018-04-03,31341.099609375
2018-04-04,31318.5
2018-04-05,31866.599609375
2018-04-06,31738.80078125
2018-04-09,31844.400390625
2018-04-10,32222.400390625
2018-04-11,32030.900390625
2018-04-12,32038.80078125
2018-04-13,31593.099609375
2018-04-16,31007.80078125
2018-04-17,31402.80078125
2018-04-18,31531.900390625
2018-04-19,31281.30078125
2018-04-20,31161.69921875
2018-04-23,30941.099609375
2018-04-24,30568.900390625
2018-04-25,29946.80078125
2018-04-26,29487.80078125
2018-04-27,30006.400390625
2018-05-02,29614.0
2018-05-03,29503.400390625
2018-05-04,28553.30078125
2018-05-07,27512.599609375
2018-05-08,26276.5
2018-05-09,27907.900390625
2018-05-10,29600.69921875
2018-05-11,29852.099609375
2018-05-14,30441.599609375
2018-05-15,30676.900390625
2018-05-16,31660.599609375
2018-05-17,31806.19921875
2018-05-18,31869.80078125
2018-05-21,31632.5
2018-05-22,30991.400390625
2018-05-23,30234.0
2018-05-24,29664.900390625
2018-05-28,28653.80078125
2018-05-29,28325.599609375
2018-05-30,28389.400390625
2018-05-31,28558.80078125
2018-06-01,28436.80078125
2018-06-04,29036.19921875
2018-06-05,30359.30078125
2018-06-06,30428.0
2018-06-07,30177.80078125
2018-06-08,31444.099609375
2018-06-11,31703.900390625
2018-06-12,30749.099609375
2018-06-13,30228.400390625
2018-06-14,30114.900390625
2018-06-15,30147.69921875
2018-06-18,27656.599609375
2018-06-19,29118.5
2018-06-21,30869.400390625
2018-06-22,30210.599609375
2018-06-25,28825.099609375
2018-06-26,28473.5
2018-06-27,25921.099609375
2018-06-28,26789.400390625
2018-06-29,26037.0
2018-07-02,25298.0
2018-07-03,27092.19921875
2018-07-04,27702.900390625
2018-07-05,27813.19921875
2018-07-06,27611.0
2018-07-10,27635.19921875
2018-07-11,27231.80078125
2018-07-12,26704.900390625
2018-07-13,26514.19921875
2018-07-16,26263.69921875
2018-07-17,26765.099609375
2018-07-18,27044.5
2018-07-19,26814.400390625
2018-07-20,27625.30078125
2018-07-23,27703.69921875
2018-07-24,28272.5
2018-07-25,29363.5
2018-07-26,29204.900390625
2018-07-27,29259.0
2018-07-30,29232.099609375
2018-07-31,29287.30078125
2018-08-01,29387.80078125
2018-08-02,28882.900390625
2018-08-03,29216.0
2018-08-06,28894.0
2018-08-07,27783.400390625
2018-08-08,26674.900390625
2018-08-09,26906.30078125
2018-08-10,26856.19921875
2018-08-13,26062.0
2018-08-14,26536.599609375
2018-08-15,27008.19921875
2018-08-16,26938.80078125
2018-08-17,26238.80078125
2018-08-21,26045.900390625
2018-08-22,26844.400390625
2018-08-23,26523.19921875
2018-08-24,25168.0
2018-08-27,25435.400390625
2018-08-28,25033.0
2018-08-29,25398.400390625
2018-08-30,26754.900390625
2018-08-31,29293.5
2018-09-03,28807.30078125
2018-09-04,27625.400390625
2018-09-05,28769.099609375
2018-09-06,29948.400390625
2018-09-07,29811.19921875
2018-09-10,29455.19921875
2018-09-11,29163.599609375
2018-09-12,29744.69921875
2018-09-13,30023.80078125
2018-09-14,30177.400390625
2018-09-17,31157.400390625
2018-09-18,32106.30078125
2018-09-19,33118.3984375
2018-09-20,34514.19921875
2018-09-21,34327.1015625
2018-09-24,33163.6015625
2018-09-25,34052.6015625
2018-09-26,33943.30078125
2018-09-27,33651.30078125
2018-09-28,33461.80078125
2018-10-01,32584.900390625
2018-10-02,32730.400390625
2018-10-03,32201.5
2018-10-04,30928.80078125
2018-10-05,30168.69921875
2018-10-08,30547.099609375
2018-10-09,29612.5
2018-10-10,28549.80078125
2018-10-11,27613.099609375
2018-10-12,29598.19921875
2018-10-16,29430.599609375
2018-10-17,28721.400390625
2018-10-18,28370.5
2018-10-19,28673.30078125
2018-10-22,28567.80078125
2018-10-23,28359.69921875
2018-10-24,28157.400390625
2018-10-25,29335.0
2018-10-26,29369.900390625
2018-10-29,28898.19921875
2018-10-30,29425.80078125
2018-10-31,29491.099609375
2018-11-01,31308.599609375
2018-11-02,31419.30078125
2018-11-05,31429.30078125
2018-11-07,31404.69921875
2018-11-08,30736.400390625
2018-11-09,29912.5
2018-11-12,29423.30078125
2018-11-13,28543.400390625
2018-11-14,29372.5
2018-11-15,30473.80078125
2018-11-16,31109.30078125
2018-11-20,29714.69921875
2018-11-21,30262.900390625
2018-11-22,30274.5
2018-11-23,30723.5
2018-11-26,31131.900390625
2018-11-27,30921.099609375
2018-11-28,31138.69921875
2018-11-29,31482.599609375
2018-12-03,31888.80078125
2018-12-04,31958.30078125
2018-12-05,31779.900390625
2018-12-06,32019.80078125
2018-12-07,31550.400390625
2018-12-10,30753.5
2018-12-11,30941.099609375
2018-12-12,31081.400390625
2018-12-13,31019.80078125
2018-12-14,31109.5
2018-12-17,29888.0
2018-12-18,29777.30078125
2018-12-19,29968.30078125
2018-12-20,29242.80078125
2018-12-21,28456.900390625
2018-12-26,28473.400390625
2018-12-27,29519.400390625
2018-12-28,30292.599609375
2019-01-02,31096.599609375
2019-01-03,31065.099609375
2019-01-04,32303.099609375
2019-01-07,33010.5
2019-01-08,32914.8984375
2019-01-09,33769.3984375
2019-01-10,34167.5
2019-01-11,33884.6015625
2019-01-14,33771.19921875
2019-01-15,33562.5
2019-01-16,34048.0
2019-01-17,34262.69921875
2019-01-18,35100.5
2019-01-21,35303.30078125
2019-01-22,34042.80078125
2019-01-23,34819.1015625
2019-01-24,34939.1015625
2019-01-25,34810.5
2019-01-28,34840.80078125
2019-01-29,35511.19921875
2019-01-30,36039.1015625
2019-01-31,36326.8984375
2019-02-01,36599.8984375
2019-02-04,37145.0
2019-02-05,37471.69921875
2019-02-06,36731.69921875
2019-02-07,35929.0
2019-02-08,36664.19921875
2019-02-11,37023.69921875
2019-02-12,37686.0
2019-02-13,37038.8984375
2019-02-14,37385.80078125
2019-02-15,37470.0
2019-02-18,37355.19921875
2019-02-19,36292.30078125
2019-02-20,36503.5
2019-02-21,35852.1015625
2019-02-22,36646.80078125
2019-02-25,36332.0
2019-02-26,36026.6015625
2019-02-27,35345.5
2019-02-28,34485.80078125
2019-03-01,33834.8984375
2019-03-06,32340.400390625
2019-03-07,33189.8984375
2019-03-08,33020.1015625
2019-03-11,33790.69921875
2019-03-12,33681.30078125
2019-03-13,34023.0
2019-03-14,33530.5
2019-03-15,33933.1015625
2019-03-18,34939.30078125
2019-03-19,34373.19921875
2019-03-20,34743.8984375
2019-03-21,34186.1015625
2019-03-22,32828.0
2019-03-25,33166.30078125
2019-03-26,32627.599609375
2019-03-27,32174.69921875
2019-03-28,32892.19921875
2019-03-29,33466.0
2019-04-01,33006.80078125
2019-04-03,31765.099609375
2019-04-04,32142.5
2019-04-05,32666.900390625
2019-04-08,33080.8984375
2019-04-09,31743.400390625
2019-04-10,32154.5
2019-04-11,31501.0
2019-04-12,31357.0
2019-04-15,31745.599609375
2019-04-16,32290.19921875
2019-04-17,32036.80078125
2019-04-22,30786.599609375
2019-04-23,30926.69921875
2019-04-24,29746.599609375
2019-04-25,29556.80078125
2019-04-26,30001.099609375
2019-04-29,28827.400390625
2019-04-30,29571.400390625
2019-05-02,30817.0
2019-05-03,32412.30078125
2019-05-06,33001.1015625
2019-05-07,32741.099609375
2019-05-08,33776.0
2019-05-09,34119.1015625
2019-05-10,33393.80078125
2019-05-13,32300.30078125
2019-05-14,32510.80078125
2019-05-15,33218.1015625
2019-05-16,33892.19921875
2019-05-17,33315.69921875
2019-05-20,33492.5
2019-05-21,34481.30078125
2019-05-22,34578.80078125
2019-05-23,34378.6015625
2019-05-24,35084.8984375
2019-05-27,35448.5
2019-05-28,34643.5
2019-05-29,33967.30078125
2019-05-30,34239.30078125
2019-05-31,33949.5
2019-06-03,33765.19921875
2019-06-04,34700.80078125
2019-06-05,35275.8984375
2019-06-06,35733.69921875
2019-06-07,35662.8984375
2019-06-10,36452.80078125
2019-06-11,38283.30078125
2019-06-12,40698.19921875
2019-06-13,40646.30078125
2019-06-14,40487.6015625
2019-06-18,40687.5
2019-06-19,39861.80078125
2019-06-21,40294.80078125
2019-06-24,40112.0
2019-06-25,40292.30078125
2019-06-26,39916.80078125
2019-06-27,41128.3984375
2019-06-28,41796.3984375
2019-07-01,41507.5
2019-07-02,41793.1015625
2019-07-03,41304.30078125
2019-07-04,41380.3984375
2019-07-05,41755.69921875
2019-07-10,42807.1015625
2019-07-11,42856.30078125
2019-07-12,42753.1015625
2019-07-15,41256.6015625
2019-07-16,41788.30078125
2019-07-17,41451.30078125
2019-07-18,40752.80078125
2019-07-19,40161.6015625
2019-07-22,38730.0
2019-07-23,39203.8984375
2019-07-24,39784.8984375
2019-07-25,39884.3984375
2019-07-26,41983.69921875
2019-07-29,42785.5
2019-07-30,42463.19921875
2019-07-31,42057.80078125
2019-08-01,41411.0
2019-08-02,41359.19921875
2019-08-05,40873.3984375
2019-08-06,41317.0
2019-08-07,40949.30078125
2019-08-08,41093.5
2019-08-09,44355.1015625
2019-08-12,27530.80078125
2019-08-13,30344.599609375
2019-08-14,29920.69921875
2019-08-15,31039.30078125
2019-08-16,30406.69921875
2019-08-20,27230.599609375
2019-08-21,27977.69921875
2019-08-22,27983.0
2019-08-23,26586.0
2019-08-26,25848.30078125
2019-08-27,24622.5
2019-08-28,25458.0
2019-08-29,23984.80078125
2019-08-30,24608.599609375
2019-09-02,26195.400390625
2019-09-03,23079.30078125
2019-09-04,24664.599609375
2019-09-05,26932.099609375
2019-09-06,27659.69921875
2019-09-09,27176.400390625
2019-09-10,28432.19921875
2019-09-11,28617.900390625
2019-09-12,29114.80078125
2019-09-13,30136.30078125
2019-09-16,30561.30078125
2019-09-17,30150.69921875
2019-09-18,30071.099609375
2019-09-19,30414.400390625
2019-09-20,30060.5
2019-09-23,29152.099609375
2019-09-24,27819.80078125
2019-09-25,28212.400390625
2019-09-26,28168.0
2019-09-27,28877.5
2019-09-30,29067.0
2019-10-01,30066.099609375
2019-10-02,30792.099609375
2019-10-03,30365.900390625
2019-10-04,31816.5
2019-10-07,30940.900390625
2019-10-08,30257.30078125
2019-10-09,30338.19921875
2019-10-10,31743.19921875
2019-10-11,31798.099609375
2019-10-15,31333.69921875
2019-10-16,30759.19921875
2019-10-17,31995.099609375
2019-10-18,31968.5
2019-10-21,32550.69921875
2019-10-22,33262.6015625
2019-10-23,32775.1015625
2019-10-24,33476.19921875
2019-10-25,34522.30078125
2019-10-28,33177.19921875
2019-10-29,32544.19921875
2019-10-30,33889.0
2019-10-31,34995.19921875
2019-11-01,35743.0
2019-11-04,37278.5
2019-11-05,36870.0
2019-11-06,35500.5
2019-11-07,35869.19921875
2019-11-08,34131.1015625
2019-11-11,33661.1015625
2019-11-12,33430.1015625
2019-11-13,32340.69921875
2019-11-14,31019.69921875
2019-11-15,31851.599609375
2019-11-19,32252.80078125
2019-11-20,33421.1015625
2019-11-21,33247.3984375
2019-11-22,33588.80078125
2019-11-25,33494.69921875
2019-11-26,32113.30078125
2019-11-27,33929.69921875
2019-11-28,34219.80078125
2019-11-29,34500.19921875
2019-12-02,33446.8984375
2019-12-03,32756.69921875
2019-12-04,34691.6015625
2019-12-05,35443.1015625
2019-12-06,36562.0
2019-12-09,36409.1015625
2019-12-10,34657.3984375
2019-12-11,35019.5
2019-12-12,35504.6015625
2019-12-13,36769.6015625
2019-12-16,37620.1015625
2019-12-17,36918.80078125
2019-12-18,37620.19921875
2019-12-19,38083.0
2019-12-20,38632.3984375
2019-12-23,39915.30078125
2019-12-26,42278.5
2019-12-27,41681.8984375
2019-12-30,41671.3984375
2020-01-02,41107.0
2020-01-03,40499.19921875
2020-01-06,41469.69921875
2020-01-07,41115.69921875
2020-01-08,41016.0
2020-01-09,42035.69921875
2020-01-10,42740.3984375
2020-01-13,42017.80078125
2020-01-14,41633.69921875
2020-01-15,41246.19921875
2020-01-16,42362.30078125
2020-01-17,42339.80078125
2020-01-20,43054.0
2020-01-21,41485.8984375
2020-01-22,42002.30078125
2020-01-23,41140.19921875
2020-01-24,39917.80078125
2020-01-27,39604.6015625
2020-01-28,40829.69921875
2020-01-29,40341.3984375
2020-01-30,40395.0
2020-01-31,40105.0
2020-02-03,41577.1015625
2020-02-04,41033.80078125
2020-02-05,40767.1015625
2020-02-06,40906.1015625
2020-02-07,41213.8984375
2020-02-10,41053.0
2020-02-11,39824.5
2020-02-12,39936.19921875
2020-02-13,38669.5
2020-02-14,38647.69921875
2020-02-17,39200.30078125
2020-02-18,38157.0
2020-02-19,38390.80078125
2020-02-20,38961.3984375
2020-02-21,38602.5
2020-02-26,36422.19921875
2020-02-27,35387.1015625
2020-02-28,34973.19921875
2020-03-02,36253.30078125
2020-03-03,35999.19921875
2020-03-04,37243.3984375
2020-03-05,36772.19921875
2020-03-06,35222.3984375
2020-03-09,30379.900390625
2020-03-10,32832.30078125
2020-03-11,31419.599609375
2020-03-12,28351.900390625
2020-03-13,28448.0
2020-03-16,25697.5
2020-03-17,25823.5
2020-03-18,22087.099609375
2020-03-19,22656.400390625
2020-03-20,23890.400390625
2020-03-25,26338.0
2020-03-26,25483.900390625
2020-03-27,24058.599609375
2020-03-30,24384.19921875
2020-04-01,25324.30078125
2020-04-02,26003.30078125
2020-04-03,26505.400390625
2020-04-06,26922.599609375
2020-04-07,26696.099609375
2020-04-08,28017.599609375
2020-04-13,28880.599609375
2020-04-14,30781.599609375
2020-04-15,32070.69921875
2020-04-16,30077.69921875
2020-04-17,29883.30078125
2020-04-20,30535.69921875
2020-04-21,30237.099609375
2020-04-22,30554.900390625
2020-04-23,30378.900390625
2020-04-24,29258.099609375
2020-04-27,29986.19921875
2020-04-28,33064.80078125
2020-04-29,33185.1015625
2020-04-30,32742.80078125
2020-05-04,32387.30078125
2020-05-05,33546.5
2020-05-06,34158.8984375
2020-05-07,35850.19921875
2020-05-08,36183.8984375
2020-05-11,38581.6015625
2020-05-12,39133.69921875
2020-05-13,37842.80078125
2020-05-14,39225.69921875
2020-05-15,39388.30078125
2020-05-18,40286.69921875
2020-05-19,39388.69921875
2020-05-20,39809.19921875
2020-05-21,41388.5
2020-05-22,40962.69921875
2020-05-26,41060.30078125
2020-05-27,40431.6015625
2020-05-28,38985.80078125
2020-05-29,37824.69921875
2020-06-01,40017.0
2020-06-02,42037.6015625
2020-06-03,43853.1015625
2020-06-04,43676.19921875
2020-06-05,45128.80078125
2020-06-08,48881.19921875
2020-06-09,46471.1015625
2020-06-10,46476.1015625
2020-06-11,43057.8984375
2020-06-12,43417.19921875
2020-06-16,42686.1015625
2020-06-17,40471.19921875
2020-06-18,37990.6015625
2020-06-19,40951.5
2020-06-22,40344.30078125
2020-06-23,40803.6015625
2020-06-24,40435.30078125
2020-06-25,41996.69921875
2020-06-26,40589.8984375
2020-06-29,40308.1015625
2020-06-30,38686.69921875
2020-07-01,39846.69921875
2020-07-02,39500.8984375
2020-07-03,39758.19921875
2020-07-06,43339.69921875
2020-07-07,42497.6015625
2020-07-08,42747.6015625
2020-07-13,43237.0
2020-07-14,44001.8984375
2020-07-15,45120.6015625
2020-07-16,45245.19921875
2020-07-17,45475.19921875
2020-07-20,45683.0
2020-07-21,46781.30078125
2020-07-22,48634.1015625
2020-07-23,48408.30078125
2020-07-24,48605.1015625
2020-07-27,49449.8984375
2020-07-28,48934.3984375
2020-07-29,48884.5
2020-07-30,49405.80078125
2020-07-31,49253.6015625
2020-08-03,52504.19921875
2020-08-04,52186.30078125
2020-08-05,50994.3984375
2020-08-06,51083.80078125
2020-08-07,52325.80078125
2020-08-10,52180.8984375
2020-08-11,50998.5
2020-08-12,48970.5
2020-08-13,49626.80078125
2020-08-14,48547.8984375
2020-08-18,46491.3984375
2020-08-19,47471.6015625
2020-08-20,47737.19921875
2020-08-21,47411.30078125
2020-08-24,46736.69921875
2020-08-25,46579.30078125
2020-08-26,45831.69921875
2020-08-27,44254.8984375
2020-08-28,46396.6015625
2020-08-31,46835.3984375
2020-09-01,46545.5
2020-09-02,44877.5
2020-09-03,44800.1015625
2020-09-04,45075.1015625
2020-09-07,45691.0
2020-09-08,45481.80078125
2020-09-09,46520.19921875
2020-09-10,46868.5
2020-09-11,45840.0
2020-09-14,44614.1015625
2020-09-15,44628.3984375
2020-09-16,42167.8984375
2020-09-17,39799.8984375
2020-09-18,41484.1015625
2020-09-21,40745.1015625
2020-09-22,40944.5
2020-09-23,40974.1015625
2020-09-24,41875.69921875
2020-09-25,42042.5
2020-09-28,42077.8984375
2020-09-29,42196.8984375
2020-09-30,41260.8984375
2020-10-01,42916.19921875
2020-10-02,43654.3984375
2020-10-05,44273.19921875
2020-10-06,44438.3984375
2020-10-07,44739.8984375
2020-10-08,45482.19921875
2020-10-09,45856.1015625
2020-10-13,45994.69921875
2020-10-14,47295.30078125
2020-10-15,48239.30078125
2020-10-16,49024.1015625
2020-10-19,49162.1015625
2020-10-20,49683.80078125
2020-10-21,50088.80078125
2020-10-22,51671.6015625
2020-10-23,52512.6015625
2020-10-26,49596.5
2020-10-27,46707.8984375
2020-10-28,43532.69921875
2020-10-29,44914.19921875
2020-10-30,45290.0
2020-11-02,47467.69921875
2020-11-03,47965.30078125
2020-11-04,47028.3984375
2020-11-05,48501.1015625
2020-11-06,48492.5
2020-11-09,49650.3984375
2020-11-10,51819.0
2020-11-11,51435.0
2020-11-12,49553.19921875
2020-11-13,49895.5
2020-11-16,51084.8984375
2020-11-17,51911.5
2020-11-18,51295.5
2020-11-19,50950.19921875
2020-11-20,51492.30078125
2020-11-24,54135.80078125
2020-11-25,54150.69921875
2020-11-26,54465.69921875
2020-11-27,55427.30078125
2020-11-30,54572.5
2020-12-01,54913.3984375
2020-12-02,55268.8984375
2020-12-03,55152.30078125
2020-12-04,54730.3984375
2020-12-09,51956.8984375
2020-12-10,53690.3984375
2020-12-11,53822.3984375
2020-12-14,53034.1015625
2020-12-15,53280.19921875
2020-12-16,53206.0
2020-12-17,53115.6015625
2020-12-18,52346.80078125
2020-12-21,50159.8984375
2020-12-22,50406.8984375
2020-12-23,51619.0
2020-12-28,50483.80078125
2020-12-29,51320.1015625
2020-12-30,51226.5
2021-01-04,50730.8984375
2021-01-05,51594.69921875
2021-01-06,51880.0
2021-01-07,52500.5
2021-01-08,51673.80078125
2021-01-11,50967.5
2021-01-12,51201.6015625
2021-01-13,50961.19921875
2021-01-14,51085.0
2021-01-15,50500.80078125
2021-01-18,50220.19921875
2021-01-19,50516.6015625
2021-01-20,50224.5
2021-01-21,48472.6015625
2021-01-22,48470.8984375
2021-01-25,47470.0
2021-01-26,49463.80078125
2021-01-27,49970.3984375
2021-01-28,49630.1015625
2021-01-29,48257.1015625
2021-02-01,49576.8984375
2021-02-02,49686.80078125
2021-02-03,49857.6015625
2021-02-04,50682.69921875
2021-02-05,51052.69921875
2021-02-08,52028.6015625
2021-02-09,52266.80078125
2021-02-10,51940.8984375
2021-02-11,51654.6015625
2021-02-12,51466.19921875
2021-02-17,52386.6015625
2021-02-18,51826.8984375
2021-02-19,50992.8984375
2021-02-22,49268.3984375
2021-02-23,47856.69921875
2021-02-24,49606.69921875
2021-02-25,48920.69921875
2021-02-26,48432.30078125
2021-03-01,48996.30078125
2021-03-02,48127.30078125
2021-03-03,47325.1015625
2021-03-04,47808.19921875
2021-03-05,47242.30078125
2021-03-08,46291.80078125
2021-03-09,46476.0
2021-03-10,47339.5
2021-03-11,48360.69921875
2021-03-12,49071.0
2021-03-15,50458.30078125
2021-03-16,49646.80078125
2021-03-17,49916.5
2021-03-18,48599.30078125
2021-03-19,48976.0
2021-03-22,49185.8984375
2021-03-23,48615.30078125
2021-03-25,46856.3984375
2021-03-26,46440.80078125
2021-03-29,47241.0
2021-03-30,48090.69921875
2021-03-31,47982.3984375
2021-04-05,48597.69921875
2021-04-06,50328.30078125
2021-04-07,50128.19921875
2021-04-08,49627.5
2021-04-09,48846.0
2021-04-12,48109.6015625
2021-04-13,47679.1015625
2021-04-14,47299.0
2021-04-15,47093.30078125
2021-04-16,47664.3984375
2021-04-19,48026.30078125
2021-04-20,46894.5
2021-04-21,47616.5
2021-04-22,47122.6015625
2021-04-23,47374.5
2021-04-26,47931.30078125
2021-04-27,48962.19921875
2021-04-28,50043.80078125
2021-04-29,50065.19921875
2021-04-30,49056.1015625
2021-05-03,48872.5
2021-05-04,48655.5
2021-05-05,49152.30078125
2021-05-06,49389.30078125
2021-05-07,51419.5
2021-05-10,51750.30078125
2021-05-11,51094.0
2021-05-12,51020.19921875
2021-05-13,52625.8984375
2021-05-14,54850.1015625
2021-05-17,56095.0
2021-05-18,56078.6015625
2021-05-19,55990.0
2021-05-20,57109.3984375
2021-05-21,56221.8984375
2021-05-26,56599.0
2021-05-27,57499.5
2021-05-28,59213.0
2021-05-31,59268.8984375
2021-06-01,61096.0
2021-06-02,62659.5
2021-06-03,64303.1015625
2021-06-04,66190.1015625
2021-06-07,68151.1015625
2021-06-08,66390.296875
2021-06-09,68105.0
2021-06-10,68144.6015625
2021-06-11,66094.0
2021-06-14,66836.796875
2021-06-15,67005.796875
2021-06-16,67575.5
2021-06-17,66440.203125
2021-06-18,65136.0
2021-06-22,65901.6015625
2021-06-23,66089.8984375
2021-06-24,66933.1015625
2021-06-25,65133.5
2021-06-28,64150.8984375
2021-06-29,62972.0
2021-06-30,62372.0
2021-07-01,62060.0
2021-07-02,63330.3984375
2021-07-05,64848.6015625
2021-07-06,63563.0
2021-07-07,63383.19921875
2021-07-08,62371.6015625
2021-07-12,64215.30078125
2021-07-13,64374.69921875
2021-07-14,63959.30078125
2021-07-15,63484.6015625
2021-07-16,63090.80078125
2021-07-19,62133.19921875
2021-07-20,63391.69921875
2021-07-21,65832.203125
2021-07-22,65675.1015625
2021-07-23,64841.19921875
2021-07-26,65530.8984375
2021-07-27,65688.296875
2021-07-28,66553.5
2021-07-29,67315.6015625
2021-07-30,66005.296875
2021-08-02,65939.6015625
2021-08-03,65873.6015625
2021-08-04,65088.1015625
2021-08-05,66136.5
2021-08-06,65860.8984375
2021-08-09,66096.3984375
2021-08-10,68023.1015625
2021-08-11,69475.203125
2021-08-12,69492.6015625
2021-08-13,69544.796875
2021-08-17,67999.0
2021-08-18,67094.296875
2021-08-19,66681.703125
2021-08-20,67822.203125
2021-08-23,69050.296875
2021-08-24,71353.796875
2021-08-25,72009.1015625
2021-08-26,71550.5
2021-08-27,73203.6015625
2021-08-30,76329.3984375
2021-08-31,76451.703125
2021-09-01,75232.6015625
2021-09-02,75115.1015625
2021-09-03,74735.0
2021-09-06,76003.0
2021-09-07,79004.796875
2021-09-08,77459.0
2021-09-09,77127.0
2021-09-10,75895.0
2021-09-13,80065.8984375
2021-09-14,78989.203125
2021-09-15,78488.5
2021-09-16,79738.1015625
2021-09-17,78512.1015625
2021-09-20,73635.203125
2021-09-21,73918.6015625
2021-09-22,74750.203125
2021-09-23,74743.3984375
2021-09-24,74180.203125
2021-09-27,75687.5
2021-09-28,75808.3984375
2021-09-29,76589.296875
2021-09-30,77363.6015625
2021-10-01,77626.203125
2021-10-04,77578.8984375
2021-10-05,78191.5
2021-10-06,77443.1015625
2021-10-07,77553.296875
2021-10-12,77927.8984375
2021-10-13,78427.8984375
2021-10-14,80138.0
2021-10-15,81990.203125
2021-10-18,82859.703125
2021-10-19,84308.0
2021-10-20,87055.703125
2021-10-21,86795.296875
2021-10-22,86898.5
2021-10-25,89391.796875
2021-10-26,88907.796875
2021-10-27,85353.1015625
2021-10-28,86034.203125
2021-10-29,83561.0
2021-11-01,87460.3984375
2021-11-02,89273.0
2021-11-03,92095.0
2021-11-04,91258.203125
2021-11-05,92895.8984375
2021-11-08,96044.8984375
2021-11-09,94381.3984375
2021-11-10,95130.6015625
2021-11-11,95943.796875
2021-11-12,94963.3984375
2021-11-15,92999.3984375
2021-11-16,89674.1015625
2021-11-17,87541.796875
2021-11-18,89512.3984375
2021-11-19,85695.203125
2021-11-23,83770.5
2021-11-24,83481.203125
2021-11-25,84956.8984375
2021-11-26,80369.0
2021-11-29,79094.8984375
2021-11-30,79315.796875
2021-12-01,85164.796875
2021-12-02,87451.296875
2021-12-03,86359.796875
2021-12-06,88287.3984375
2021-12-07,89242.796875
2021-12-09,86544.8984375
2021-12-10,85441.3984375
2021-12-13,81947.703125
2021-12-14,82178.796875
2021-12-15,80939.3984375
2021-12-16,82995.203125
2021-12-17,83234.0
2021-12-20,81908.203125
2021-12-21,84137.703125
2021-12-22,83651.796875
2021-12-23,84850.296875
2021-12-27,84570.5
2021-12-28,82783.703125
2021-12-29,84006.5
2021-12-30,83500.1015625
2022-01-03,85579.1015625
2022-01-04,85286.0
2022-01-05,83835.703125
2022-01-06,83747.796875
2022-01-07,84402.1015625
2022-01-10,83746.296875
2022-01-11,84702.296875
2022-01-12,85100.296875
2022-01-13,85370.8984375
2022-01-14,85481.1015625
2022-01-17,85038.796875
2022-01-18,83350.6015625
2022-01-19,83528.203125
2022-01-20,85126.3984375
2022-01-21,83622.5
2022-01-24,81004.3984375
2022-01-25,85180.3984375
2022-01-26,85782.1015625
2022-01-27,85968.796875
2022-01-28,88269.796875
2022-01-31,90907.5
2022-02-01,91416.6015625
2022-02-02,89662.703125
2022-02-03,88091.296875
2022-02-04,87934.0
2022-02-07,89189.1015625
2022-02-08,88149.203125
2022-02-09,87393.1015625
2022-02-10,87559.3984375
2022-02-11,88185.0
2022-02-14,87803.703125
2022-02-15,88042.6015625
2022-02-16,90577.6015625
2022-02-17,89977.8984375
2022-02-18,89443.203125
2022-02-21,90029.5
2022-02-22,90440.6015625
2022-02-23,91359.5
2022-02-24,88721.5
2022-02-25,87969.8984375
2022-03-02,90248.8984375
2022-03-03,91558.0
2022-03-04,89515.3984375
2022-03-07,87948.203125
2022-03-08,88061.1015625
2022-03-09,87226.5
2022-03-10,90283.1015625
2022-03-11,88999.1015625
2022-03-14,84955.8984375
2022-03-15,84054.703125
2022-03-16,87450.8984375
2022-03-17,89645.8984375
2022-03-18,89057.6015625
2022-03-21,90041.1015625
2022-03-22,90170.1015625
2022-03-23,90106.6015625
2022-03-25,93010.3984375
2022-03-28,91663.0
2022-03-29,89967.296875
2022-03-30,90867.6015625
2022-03-31,90959.6015625
2022-04-01,92391.0
2022-04-04,93218.703125
2022-04-05,91814.296875
2022-04-06,90973.0
2022-04-07,91558.203125
2022-04-08,92091.5
2022-04-11,90629.8984375
2022-04-12,90345.8984375
2022-04-13,91041.3984375
2022-04-18,91239.203125
2022-04-19,92038.3984375
2022-04-20,92559.296875
2022-04-21,91496.1015625
2022-04-22,91717.1015625
2022-04-25,91154.3984375
2022-04-26,89574.703125
2022-04-27,90033.296875
2022-04-28,90354.203125
2022-04-29,88251.0
2022-05-02,87608.1015625
2022-05-03,89585.296875
2022-05-04,89401.3984375
2022-05-05,86434.1015625
2022-05-06,86507.203125
2022-05-09,82243.6015625
2022-05-10,83676.796875
2022-05-11,85762.796875
2022-05-12,85520.796875
2022-05-13,88795.796875
2022-05-16,89964.796875
2022-05-17,90803.3984375
2022-05-19,88634.296875
2022-05-20,88119.0
2022-05-23,90344.1015625
2022-05-24,91271.703125
2022-05-26,93711.0
2022-05-27,93683.296875
2022-05-30,93236.203125
2022-05-31,92288.0
2022-06-01,91369.6015625
2022-06-02,91452.0
2022-06-03,91775.203125
2022-06-06,90351.703125
2022-06-07,90938.1015625
2022-06-08,89946.8984375
2022-06-09,88869.796875
2022-06-10,89141.3984375
2022-06-13,87937.8984375
2022-06-14,87400.0
2022-06-15,88465.6015625
2022-06-16,87060.8984375
2022-06-21,86545.8984375
2022-06-22,85662.5
2022-06-23,83170.1015625
2022-06-24,82605.6015625
2022-06-27,85712.296875
2022-06-28,88194.703125
2022-06-29,88130.796875
2022-06-30,88449.8984375
2022-07-01,90050.796875
2022-07-04,89128.796875
2022-07-05,92689.5
2022-07-06,95075.8984375
2022-07-07,102265.3984375
2022-07-08,105850.0
2022-07-11,104431.8984375
2022-07-12,103209.796875
2022-07-13,102271.0
2022-07-14,5184.10009765625
2022-07-15,104222.8984375
2022-07-18,105441.203125
2022-07-19,107185.3984375
2022-07-20,106949.1015625
2022-07-21,112017.0
2022-07-22,113851.3984375
2022-07-25,119508.296875
2022-07-26,120038.3984375
2022-07-27,126362.0
2022-07-28,127400.0
2022-07-29,122528.296875
2022-08-01,117586.796875
2022-08-02,118691.203125
2022-08-03,120389.8984375
2022-08-04,120437.203125
2022-08-05,121003.8984375
2022-08-08,123953.3984375
2022-08-09,121920.796875
2022-08-10,122129.8984375
2022-08-11,123333.8984375
2022-08-12,125979.6015625
2022-08-16,124787.296875
2022-08-17,125962.8984375
2022-08-18,131490.90625
2022-08-19,131009.1015625
2022-08-22,132252.59375
2022-08-23,136997.703125
2022-08-24,140246.09375
2022-08-25,142777.59375
2022-08-26,141460.0
2022-08-29,143805.203125
2022-08-30,141133.59375
2022-08-31,136241.0
2022-09-01,136302.09375
2022-09-05,138268.0
2022-09-06,137309.296875
2022-09-07,141001.5
2022-09-08,141509.296875
2022-09-09,144642.203125
2022-09-12,144714.09375
2022-09-13,142941.59375
2022-09-14,146750.0
2022-09-15,144765.59375
2022-09-16,145741.796875
2022-09-19,150262.09375
2022-09-20,147929.796875
2022-09-21,146980.09375
2022-09-22,149480.796875
2022-09-23,142931.703125
2022-09-26,138148.296875
2022-09-27,135472.703125
2022-09-28,138023.40625
2022-09-29,138004.5
2022-09-30,139115.09375
2022-10-03,145063.0
2022-10-04,144926.703125
2022-10-05,146722.90625
2022-10-06,144645.296875
2022-10-11,136982.40625
2022-10-12,136396.40625
2022-10-13,140763.796875
2022-10-14,137290.703125
2022-10-17,138953.5
2022-10-18,137542.203125
2022-10-19,136484.203125
2022-10-20,136138.796875
2022-10-21,138944.796875
2022-10-24,139733.40625
2022-10-25,143959.40625
2022-10-26,145028.5
2022-10-27,148109.59375
2022-10-28,147845.40625
2022-10-31,149938.296875
2022-11-01,153002.09375
2022-11-02,149309.40625
2022-11-03,150451.0
2022-11-04,151263.296875
2022-11-07,147829.59375
2022-11-08,147924.0
2022-11-09,143091.5
2022-11-10,144879.09375
2022-11-11,150413.40625
2022-11-14,152685.40625
2022-11-15,155159.0
2022-11-16,154108.796875
2022-11-17,155259.296875
2022-11-18,157253.59375
2022-11-22,158169.296875
2022-11-23,158563.5
2022-11-24,160936.40625
2022-11-25,163716.90625
2022-11-28,164277.796875
2022-11-29,168194.59375
2022-11-30,168525.296875
2022-12-01,170604.296875
2022-12-02,169691.703125
2022-12-05,164467.296875
2022-12-06,168090.09375
2022-12-07,171177.90625
2022-12-12,166466.5
2022-12-13,165500.40625
2022-12-14,164216.703125
2022-12-15,164733.203125
2022-12-16,165109.59375
2022-12-19,168965.796875
2022-12-20,172335.90625
2022-12-21,179851.90625
2022-12-22,182459.796875
2022-12-23,187784.0
2022-12-26,192477.40625
2022-12-27,195542.796875
2022-12-28,202560.203125
2022-12-29,199360.703125
2022-12-30,202085.09375
2023-01-02,207054.296875
2023-01-03,198360.5
2023-01-04,201060.59375
2023-01-05,209646.0
2023-01-06,213794.296875
2023-01-09,215724.703125
2023-01-10,215811.0
2023-01-11,224627.5
2023-01-12,234153.703125
2023-01-13,242154.5
2023-01-16,250556.0
2023-01-17,260750.0
2023-01-18,235372.40625
2023-01-19,235179.703125
2023-01-20,247680.0
2023-01-23,250362.296875
2023-01-24,252107.90625
2023-01-25,260073.59375
2023-01-26,261498.796875
2023-01-27,254295.40625
2023-01-30,245875.09375
2023-01-31,253548.5
2023-02-01,251062.09375
2023-02-02,248854.59375
2023-02-03,239370.0
2023-02-06,243607.59375
2023-02-07,246804.203125
2023-02-08,250125.40625
2023-02-09,248238.59375
2023-02-10,249897.5
2023-02-13,257625.796875
2023-02-14,258463.5
2023-02-15,254969.796875
2023-02-16,257247.203125
2023-02-17,248979.40625
2023-02-22,244719.09375
2023-02-23,248006.296875
2023-02-24,248324.703125
2023-02-27,250465.59375
2023-02-28,247459.296875
2023-03-01,249580.5
2023-03-02,242748.90625
2023-03-03,245865.203125
2023-03-06,253018.59375
2023-03-07,246501.0
2023-03-08,250911.796875
2023-03-09,247553.796875
2023-03-10,236419.40625
2023-03-13,225227.5
2023-03-14,220447.0
2023-03-15,209824.203125
2023-03-16,223388.203125
2023-03-17,221740.296875
2023-03-20,221059.09375
2023-03-21,228790.203125
2023-03-22,224914.59375
2023-03-23,219276.703125
2023-03-27,233739.40625
2023-03-28,242386.0
2023-03-29,249104.09375
2023-03-30,251639.09375
2023-03-31,245716.203125
2023-04-03,254696.90625
2023-04-04,251488.296875
2023-04-05,252848.703125
2023-04-11,259963.40625
2023-04-12,266850.0
2023-04-13,270329.0
2023-04-14,275717.40625
2023-04-17,281295.1875
2023-04-18,284298.6875
2023-04-19,275405.90625
2023-04-20,281827.5
2023-04-21,290890.5
2023-04-24,299421.6875
2023-04-25,303058.40625
2023-04-26,304797.0
2023-04-27,296808.90625
2023-04-28,297960.0
2023-05-02,295631.0
2023-05-03,288007.90625
2023-05-04,281752.5
2023-05-05,297140.09375
2023-05-08,304395.90625
2023-05-09,307773.3125
2023-05-10,310497.1875
2023-05-11,313281.40625
2023-05-12,321529.59375
2023-05-15,320582.8125
2023-05-16,318792.0
2023-05-17,327788.59375
2023-05-18,331210.59375
2023-05-19,338677.59375
2023-05-22,338978.90625
2023-05-23,340785.5
2023-05-24,341669.3125
2023-05-29,346369.0
2023-05-30,343391.90625
2023-05-31,342078.5
2023-06-01,353373.59375
2023-06-02,352936.8125
2023-06-05,360825.59375
2023-06-06,380757.5
2023-06-07,380430.90625
2023-06-08,380907.5
2023-06-09,381763.90625
2023-06-12,381672.5
2023-06-13,381896.09375
2023-06-14,378695.40625
2023-06-15,391831.40625
2023-06-16,409416.5
2023-06-21,429908.59375
2023-06-22,415186.40625
2023-06-23,420736.6875
2023-06-26,432406.1875
2023-06-27,416375.90625
2023-06-28,409622.6875
2023-06-29,416466.8125
2023-06-30,426281.0
2023-07-03,436619.0
2023-07-04,441468.90625
2023-07-05,436732.59375
2023-07-06,417548.6875
2023-07-07,423580.5
2023-07-10,420772.59375
2023-07-11,422765.40625
2023-07-12,431551.09375
2023-07-13,451138.59375
2023-07-14,443303.59375
2023-07-17,456842.8125
2023-07-18,456880.6875
2023-07-19,453206.90625
2023-07-20,459108.0
2023-07-21,472973.59375
2023-07-24,466662.90625
2023-07-25,471449.40625
2023-07-26,471102.8125
2023-07-27,450210.59375
2023-07-28,457787.6875
2023-07-31,457137.8125
2023-08-01,453024.40625
2023-08-02,445226.1875
2023-08-03,441515.6875
2023-08-04,451570.59375
2023-08-07,452400.90625
2023-08-08,466194.1875
2023-08-09,461280.8125
2023-08-10,470380.5
2023-08-11,480252.59375
2023-08-14,496114.59375
2023-08-15,527243.1875
2023-08-16,563124.6875
2023-08-17,582323.0
2023-08-18,584293.1875
2023-08-22,593946.875
2023-08-23,615499.3125
2023-08-24,613509.125
2023-08-25,631166.125
2023-08-28,665523.875
2023-08-29,683587.6875
2023-08-30,675841.0
2023-08-31,653602.875
2023-09-01,634791.6875
2023-09-04,633243.3125
2023-09-05,598133.375
2023-09-06,583982.625
2023-09-07,548015.125
2023-09-08,532550.375
2023-09-11,514073.8125
2023-09-12,538084.5
2023-09-13,553410.125
2023-09-14,571753.3125
2023-09-15,567513.375
2023-09-18,585204.5
2023-09-19,576676.125
2023-09-20,562032.625
2023-09-21,553754.8125
2023-09-22,553392.1875
2023-09-25,548544.8125
2023-09-26,543252.125
2023-09-27,557023.5
2023-09-28,581469.0
2023-09-29,562568.5
2023-10-02,556828.0
2023-10-03,561427.0
2023-10-04,593739.875
2023-10-05,613071.625
2023-10-06,628917.6875
2023-10-09,648630.8125
2023-10-10,697833.6875
2023-10-11,716543.6875
2023-10-12,760673.8125
2023-10-17,823683.0
2023-10-18,798907.3125
2023-10-19,764079.375
2023-10-20,800804.8125
2023-10-23,701205.1875
2023-10-24,654136.5
2023-10-25,686238.1875
2023-10-26,673102.8125
2023-10-27,655565.1875
2023-10-30,591691.8125
2023-10-31,579150.0
2023-11-01,616255.375
2023-11-02,654094.875
2023-11-03,637284.1875
2023-11-07,611207.375
2023-11-08,584969.6875
2023-11-09,623995.625
2023-11-10,660274.6875
2023-11-13,636964.3125
2023-11-14,634516.3125
2023-11-15,629361.5
2023-11-16,602278.1875
2023-11-17,645079.625
2023-11-21,792443.1875
2023-11-22,838616.6875
2023-11-23,878971.3125
2023-11-24,917599.3125
2023-11-27,843665.1875
2023-11-28,773419.8125
2023-11-29,790376.625
2023-11-30,813393.875
2023-12-01,870169.1875
2023-12-04,845384.3125
2023-12-05,885270.375
2023-12-06,894502.3125
2023-12-07,941829.875
2023-12-11,976823.125
2023-12-12,1010022.0
2023-12-13,1003484.0
2023-12-14,989696.0
2023-12-15,925658.0
2023-12-18,921877.0
2023-12-19,914461.0
2023-12-20,919911.0
2023-12-21,942904.0
2023-12-22,948474.0
2023-12-26,913125.0
2023-12-27,872972.0
2023-12-28,904067.0
2023-12-29,929704.0
2024-01-02,930420.0
2024-01-03,972412.0
2024-01-04,1004790.0
2024-01-05,1055381.0
2024-01-08,1104913.0
2024-01-09,1060581.0
2024-01-10,1070425.0
2024-01-11,1043924.0
2024-01-12,1033123.0
2024-01-15,1038358.0
2024-01-16,1057770.0
2024-01-17,1124212.0
2024-01-18,1133638.0
2024-01-19,1174875.0
2024-01-22,1219960.0
2024-01-23,1206469.0
2024-01-24,1251660.0
2024-01-25,1284940.0
2024-01-26,1253620.0
2024-01-29,1253608.0
2024-01-30,1267134.0
2024-01-31,1260563.0
2024-02-01,1302467.0
2024-02-02,1316204.0
2024-02-05,1260998.0
2024-02-06,1215654.0
2024-02-07,1152888.0
2024-02-08,1115907.0
2024-02-09,1128511.0
2024-02-14,1105580.0
2024-02-15,1093752.0
2024-02-16,1065369.0
2024-02-19,1072261.0
2024-02-20,1059716.0
2024-02-21,1039512.0
2024-02-22,1076030.0
2024-02-23,1105610.0
2024-02-26,1080444.0
2024-02-27,1034335.0
2024-02-28,998835.0
2024-02-29,1014712.0
2024-03-01,1054959.0
2024-03-04,1047614.0
2024-03-05,992684.0
2024-03-06,999642.0
2024-03-07,994808.0
2024-03-08,1002336.0
2024-03-11,957778.0
2024-03-12,1026837.0
2024-03-13,1050711.0
2024-03-14,1039095.0
2024-03-15,1068974.0
2024-03-18,1124137.0
2024-03-19,1129937.0
2024-03-20,1185177.0
2024-03-21,1225494.0
2024-03-22,1227404.0
2024-03-25,1212897.0
2024-03-26,1214656.0
2024-03-27,1213485.0
2024-04-03,1212639.0
2024-04-04,1183127.0
2024-04-05,1214371.0
2024-04-08,1229638.0
2024-04-09,1253210.0
2024-04-10,1233950.0
2024-04-11,1259303.0
2024-04-12,1244524.0
2024-04-15,1197524.0
2024-04-16,1203238.0
2024-04-17,1172353.0
2024-04-18,1172830.0
2024-04-19,1189210.0
2024-04-22,1268376.0
2024-04-23,1245751.0
2024-04-24,1202669.0
2024-04-25,1245144.0
2024-04-26,1279459.0
2024-04-29,1308069.0
2024-04-30,1323586.0
2024-05-02,1369674.0
2024-05-03,1452002.0
2024-05-06,1495827.0
2024-05-07,1463624.0
2024-05-08,1450499.0
2024-05-09,1434922.0
2024-05-10,1407511.0
2024-05-13,1376939.0
2024-05-14,1409885.0
2024-05-15,1477796.0
2024-05-16,1481343.0
2024-05-17,1473463.0
2024-05-20,1535512.0
2024-05-21,1581107.0
2024-05-22,1562849.0
2024-05-23,1513777.0
2024-05-24,1520809.0
2024-05-27,1520809.0
2024-05-28,1575417.0
2024-05-29,1567731.0
2024-05-30,1643011.0
2024-05-31,1651417.0
2024-06-03,1659248.0
2024-06-04,1581164.0
2024-06-05,1570750.0
2024-06-06,1503728.0
2024-06-07,1519209.0
2024-06-10,1576628.0
2024-06-11,1544869.0
2024-06-12,1568096.0
2024-06-13,1605208.0
2024-06-14,1582372.0
2024-06-18,1557430.0
2024-06-19,1576462.0
2024-06-24,1554951.0
