date,close
1990-04-06,641.2689819335938
1990-04-09,633.4819946289062
1990-04-10,632.0859985351562
1990-04-11,634.6929931640625
1990-04-12,639.614013671875
1990-04-16,640.0139770507812
1990-04-17,641.8729858398438
1990-04-18,640.5280151367188
1990-04-19,643.906005859375
1990-04-20,641.6859741210938
1990-04-23,643.9099731445312
1990-04-24,638.7979736328125
1990-05-01,639.010009765625
1990-05-02,636.1539916992188
1990-05-03,642.1599731445312
1990-05-04,643.093994140625
1990-05-07,641.9459838867188
1990-05-08,642.9840087890625
1990-05-09,645.0120239257812
1990-05-11,643.31201171875
1990-05-14,638.9219970703125
1990-05-15,640.85498046875
1990-05-16,639.3369750976562
1990-05-17,644.4409790039062
1990-05-21,647.2160034179688
1990-05-22,647.4010009765625
1990-05-23,646.2470092773438
1990-05-25,647.3599853515625
1990-05-28,640.1300048828125
1990-05-29,641.1400146484375
1990-05-30,640.5800170898438
1990-05-31,636.4000244140625
1990-06-01,635.02001953125
1990-06-04,636.239990234375
1990-06-05,637.0800170898438
1990-06-06,636.6420288085938
1990-06-07,636.0
1990-06-08,636.0599975585938
1990-06-11,634.760009765625
1990-06-12,634.4199829101562
1990-06-13,631.3800048828125
1990-06-14,630.2999877929688
1990-06-15,628.280029296875
1990-06-18,626.9000244140625
1990-06-19,621.7899780273438
1990-06-20,622.4299926757812
1990-06-21,622.97998046875
1990-06-22,623.9500122070312
1990-06-25,626.1400146484375
1990-06-26,623.760009765625
1990-06-27,627.0999755859375
1990-06-28,626.760009765625
1990-06-29,624.3200073242188
1990-07-02,629.4400024414062
1990-07-03,629.7000122070312
1990-07-04,629.7080078125
1990-07-05,627.4229736328125
1990-07-06,626.8109741210938
1990-07-09,623.2979736328125
1990-07-10,624.6010131835938
1990-07-11,627.468994140625
1990-07-12,627.968994140625
1990-07-13,630.02099609375
1990-07-16,630.7340087890625
1990-07-17,629.531005859375
1990-07-18,631.1699829101562
1990-07-19,629.4730224609375
1990-07-20,630.0960083007812
1990-07-24,625.906005859375
1990-07-25,627.9600219726562
1990-07-26,626.0
1990-07-27,624.0869750976562
1990-07-30,619.6619873046875
1990-07-31,614.406005859375
1990-08-01,611.9810180664062
1990-08-02,612.2219848632812
1990-08-03,613.4940185546875
1990-08-06,607.6259765625
1990-08-07,603.1240234375
1990-08-08,595.9349975585938
1990-08-09,593.4730224609375
1990-08-10,591.968994140625
1990-08-13,590.010986328125
1990-08-14,587.333984375
1990-08-15,584.156005859375
1990-08-16,585.1500244140625
1990-08-20,583.4710083007812
1990-08-21,577.4769897460938
1990-08-22,573.2979736328125
1990-08-23,563.489990234375
1990-08-24,551.781982421875
1990-08-27,546.8300170898438
1990-08-28,556.3369750976562
1990-08-30,559.3829956054688
1990-08-31,571.02001953125
1990-09-03,567.406982421875
1990-09-04,562.3359985351562
1990-09-05,557.0579833984375
1990-09-06,557.14697265625
1990-09-07,546.5989990234375
1990-09-11,541.8699951171875
1990-09-12,539.3909912109375
1990-09-13,530.4229736328125
1990-09-14,529.1199951171875
1990-09-17,523.114013671875
1990-09-18,515.1439819335938
1990-09-19,507.0719909667969
1990-09-20,500.6900024414063
1990-09-21,500.2990112304688
1990-09-24,493.9360046386719
1990-09-25,477.37799072265625
1990-09-26,464.25299072265625
1990-09-27,454.5119934082031
1990-09-28,468.5090026855469
1990-10-01,468.5
1990-10-02,460.5799865722656
1990-10-03,456.9010009765625
1990-10-04,452.614990234375
1990-10-05,450.0580139160156
1990-10-08,446.3410034179688
1990-10-09,441.7659912109375
1990-10-10,433.5
1990-10-11,428.55999755859375
1990-10-12,425.3970031738281
1990-10-15,419.2430114746094
1990-10-16,414.74700927734375
1990-10-17,407.5429992675781
1990-10-18,398.5580139160156
1990-10-19,396.9809875488281
1990-10-22,407.6749877929688
1990-10-23,405.1119995117188
1990-10-24,409.12799072265625
1990-10-25,417.5759887695313
1990-10-26,437.7569885253906
1990-10-29,453.22900390625
1990-10-30,430.6860046386719
1990-10-31,416.489013671875
1990-11-01,416.3429870605469
1990-11-02,419.7319946289063
1990-11-05,416.62298583984375
1990-11-06,415.08099365234375
1990-11-07,414.5069885253906
1990-11-08,412.8259887695313
1990-11-09,412.0299987792969
1990-11-12,408.9679870605469
1990-11-13,406.41900634765625
1990-11-14,402.510009765625
1990-11-15,398.9549865722656
1990-11-16,398.52099609375
1990-11-19,395.2099914550781
1990-11-20,391.79400634765625
1990-11-21,391.9299926757813
1990-11-22,390.0419921875
1990-11-23,390.9869995117188
1990-11-26,389.6579895019531
1990-11-27,388.4719848632813
1990-11-28,387.37701416015625
1990-11-29,384.7990112304688
1990-11-30,382.2030029296875
1990-12-03,378.1189880371094
1990-12-04,376.2869873046875
1990-12-05,371.197998046875
1990-12-06,380.9679870605469
1990-12-07,380.7229919433594
1990-12-10,378.5820007324219
1990-12-11,381.4939880371094
1990-12-12,383.6570129394531
1990-12-13,386.1159973144531
1990-12-14,390.41400146484375
1990-12-17,395.2120056152344
1990-12-18,398.2160034179688
1990-12-19,397.8680114746094
1990-12-20,398.2409973144531
1990-12-21,400.4580078125
1990-12-26,403.8429870605469
1990-12-27,410.614990234375
1990-12-28,417.7879943847656
1991-01-03,408.5379943847656
1991-01-04,408.4909973144531
1991-01-07,404.8169860839844
1991-01-08,401.6470031738281
1991-01-09,399.1329956054688
1991-01-10,397.3829956054688
1991-01-11,394.7659912109375
1991-01-14,391.1700134277344
1991-01-15,390.510009765625
1991-01-16,389.2239990234375
1991-01-17,389.6409912109375
1991-01-18,393.1900024414063
1991-01-21,389.12298583984375
1991-01-22,387.4670104980469
1991-01-23,387.0759887695313
1991-01-24,384.9800109863281
1991-01-25,384.2099914550781
1991-01-28,384.83599853515625
1991-01-29,385.1000061035156
1991-01-30,384.4039916992188
1991-01-31,383.01800537109375
1991-02-01,383.6260070800781
1991-02-04,383.8659973144531
1991-02-05,382.7829895019531
1991-02-06,381.0
1991-02-07,382.2980041503906
1991-02-08,381.2749938964844
1991-02-11,381.2300109863281
1991-02-13,381.2380065917969
1991-02-14,382.4389953613281
1991-02-15,382.26800537109375
1991-02-18,385.4010009765625
1991-02-19,388.3009948730469
1991-02-20,396.1749877929688
1991-02-21,406.8269958496094
1991-02-22,419.5329895019531
1991-02-25,427.0190124511719
1991-02-26,411.4020080566406
1991-02-27,403.3989868164063
1991-02-28,391.3299865722656
1991-03-01,387.9249877929688
1991-03-04,382.2019958496094
1991-03-05,378.5820007324219
1991-03-06,382.4070129394531
1991-03-07,386.35198974609375
1991-03-08,390.0459899902344
1991-03-11,398.4049987792969
1991-03-12,397.0979919433594
1991-03-13,398.7760009765625
1991-03-14,400.4070129394531
1991-03-15,401.0299987792969
1991-03-18,398.8659973144531
1991-03-19,398.1499938964844
1991-03-20,398.760009765625
1991-03-21,397.7099914550781
1991-03-22,398.2359924316406
1991-03-25,400.875
1991-03-26,403.22698974609375
1991-03-27,406.9800109863281
1991-03-28,408.1099853515625
1991-04-01,407.0929870605469
1991-04-02,404.10400390625
1991-04-03,404.53900146484375
1991-04-04,406.1159973144531
1991-04-05,406.7749938964844
1991-04-08,408.0650024414063
1991-04-09,410.7929992675781
1991-04-10,412.0719909667969
1991-04-11,411.7820129394531
1991-04-12,412.4800109863281
1991-04-22,415.5539855957031
1991-04-23,419.58099365234375
1991-04-24,421.9119873046875
1991-04-25,423.1910095214844
1991-04-26,423.1499938964844
1991-04-29,420.5710144042969
1991-04-30,413.7130126953125
1991-05-01,413.3680114746094
1991-05-02,412.2210083007813
1991-05-03,407.4809875488281
1991-05-06,407.5849914550781
1991-05-07,406.5270080566406
1991-05-08,406.6520080566406
1991-05-10,407.6749877929688
1991-05-13,406.9259948730469
1991-05-14,404.93701171875
1991-05-15,404.7820129394531
1991-05-16,403.0570068359375
1991-05-17,404.87298583984375
1991-05-20,406.01800537109375
1991-05-21,406.4570007324219
1991-05-22,406.7030029296875
1991-05-23,403.50299072265625
1991-05-24,402.7359924316406
1991-05-27,397.8659973144531
1991-05-29,396.5079956054688
1991-05-30,397.7430114746094
1991-05-31,397.6000061035156
1991-06-03,396.5249938964844
1991-06-04,395.1300048828125
1991-06-05,394.0
1991-06-06,395.6340026855469
1991-06-07,395.9289855957031
1991-06-10,390.510009765625
1991-06-11,390.3630065917969
1991-06-12,387.2460021972656
1991-06-13,382.8569946289063
1991-06-14,379.7650146484375
1991-06-17,374.4389953613281
1991-06-18,374.9590148925781
1991-06-19,373.9240112304688
1991-06-20,374.6289978027344
1991-06-21,372.7139892578125
1991-06-24,370.2420043945313
1991-06-25,367.9920043945313
1991-06-26,360.385986328125
1991-06-27,354.2059936523437
1991-06-28,346.2659912109375
1991-07-01,342.91900634765625
1991-07-02,340.385986328125
1991-07-03,339.4649963378906
1991-07-04,342.8450012207031
1991-07-05,341.77899169921875
1991-07-08,338.3080139160156
1991-07-09,332.2489929199219
1991-07-10,333.37701416015625
1991-07-11,328.5580139160156
1991-07-12,328.6159973144531
1991-07-15,325.5270080566406
1991-07-16,324.1340026855469
1991-07-17,323.2669982910156
1991-07-18,324.62799072265625
1991-07-19,322.9460144042969
1991-07-22,324.90399169921875
1991-07-23,325.25799560546875
1991-07-24,327.7560119628906
1991-07-25,332.9549865722656
1991-07-26,332.47900390625
1991-07-29,337.4339904785156
1991-07-30,338.8030090332031
1991-07-31,339.9580078125
1991-08-01,337.572998046875
1991-08-02,336.05499267578125
1991-08-05,334.010009765625
1991-08-06,332.760009765625
1991-08-07,330.6849975585937
1991-08-08,332.4389953613281
1991-08-09,331.9750061035156
1991-08-12,337.64599609375
1991-08-13,334.25
1991-08-14,331.6960144042969
1991-08-15,329.94500732421875
1991-08-16,329.93798828125
1991-08-19,322.10400390625
1991-08-20,316.468994140625
1991-08-21,315.31298828125
1991-08-22,320.2950134277344
1991-08-23,318.5790100097656
1991-08-26,314.0459899902344
1991-08-27,313.6839904785156
1991-08-28,313.92498779296875
1991-08-29,308.59698486328125
1991-08-30,300.9800109863281
1991-09-02,303.5050048828125
1991-09-03,299.864013671875
1991-09-04,299.34100341796875
1991-09-05,301.09100341796875
1991-09-06,300.5429992675781
1991-09-09,298.3299865722656
1991-09-10,297.0719909667969
1991-09-11,296.9649963378906
1991-09-12,294.5400085449219
1991-09-13,295.29998779296875
1991-09-16,288.0880126953125
1991-09-17,281.2869873046875
1991-09-18,271.5679931640625
1991-09-19,259.2959899902344
1991-09-20,254.84300231933597
1991-09-23,253.093994140625
1991-09-24,253.8179931640625
1991-09-25,258.2760009765625
1991-09-30,249.1869964599609
1991-10-01,250.7350006103516
1991-10-02,251.3710021972656
1991-10-03,250.6540069580078
1991-10-04,250.46499633789065
1991-10-07,248.23199462890625
1991-10-08,246.36700439453125
1991-10-09,246.3730010986328
1991-10-10,241.5590057373047
1991-10-11,241.94500732421875
1991-10-14,240.5290069580078
1991-10-15,239.18299865722656
1991-10-16,238.1569976806641
1991-10-17,236.8280029296875
1991-10-18,233.4530029296875
1991-10-21,231.1999969482422
1991-10-22,230.8280029296875
1991-10-23,230.9850006103516
1991-10-24,230.51400756835935
1991-10-25,229.6020050048828
1991-10-28,227.4279937744141
1991-10-29,227.22000122070312
1991-10-30,224.70599365234372
1991-10-31,226.6840057373047
1991-11-01,226.96099853515625
1991-11-04,227.78599548339844
1991-11-05,229.33200073242188
1991-11-06,229.06100463867188
1991-11-07,227.93899536132807
1991-11-08,225.3179931640625
1991-11-11,223.24899291992188
1991-11-12,237.2429962158203
1991-11-13,242.2519989013672
1991-11-14,247.54400634765625
1991-11-15,248.88400268554688
1991-11-18,243.63800048828125
1991-11-19,243.50799560546875
1991-11-20,242.4949951171875
1991-11-21,241.25900268554688
1991-11-22,239.9830017089844
1991-11-25,240.5749969482422
1991-11-26,240.9069976806641
1991-11-27,240.6439971923828
1991-11-28,240.375
1991-11-29,241.3179931640625
1991-12-02,243.0410003662109
1991-12-03,242.73699951171875
1991-12-04,242.77200317382807
1991-12-05,243.12600708007807
1991-12-06,242.9550018310547
1991-12-09,245.57200622558597
1991-12-10,245.73699951171875
1991-12-11,244.83099365234372
1991-12-12,243.0319976806641
1991-12-13,243.4459991455078
1991-12-16,245.5709991455078
1991-12-17,246.0570068359375
1991-12-18,245.8600006103516
1991-12-19,248.76199340820312
1991-12-20,247.91200256347656
1991-12-23,246.25799560546875
1991-12-24,247.38999938964844
1992-01-02,246.9530029296875
1992-01-03,247.38999938964844
1992-01-06,249.76300048828125
1992-01-07,248.27200317382807
1992-01-08,250.5290069580078
1992-01-09,250.65499877929688
1992-01-10,250.20199584960935
1992-01-13,252.0959930419922
1992-01-14,251.406005859375
1992-01-15,250.14100646972656
1992-01-16,249.8090057373047
1992-01-17,251.25100708007807
1992-01-20,251.5800018310547
1992-01-21,253.3939971923828
1992-01-22,256.15301513671875
1992-01-23,256.57501220703125
1992-01-24,258.0509948730469
1992-01-27,260.4859924316406
1992-01-28,263.8580017089844
1992-01-29,269.8380126953125
1992-01-30,275.7229919433594
1992-01-31,282.2409973144531
1992-02-03,287.1969909667969
1992-02-04,286.04998779296875
1992-02-05,288.46600341796875
1992-02-06,287.0610046386719
1992-02-07,294.2260131835937
1992-02-10,295.3099975585937
1992-02-11,290.5249938964844
1992-02-12,291.34100341796875
1992-02-13,292.5509948730469
1992-02-14,293.1180114746094
1992-02-17,290.9100036621094
1992-02-18,286.7470092773437
1992-02-19,280.197998046875
1992-02-20,276.3869934082031
1992-02-21,279.9320068359375
1992-02-24,282.9330139160156
1992-02-25,281.1860046386719
1992-02-26,280.3009948730469
1992-02-27,280.1390075683594
1992-02-28,280.9949951171875
1992-03-02,280.4280090332031
1992-03-03,282.8559875488281
1992-03-04,282.2049865722656
1992-03-05,282.20001220703125
1992-03-06,283.2080078125
1992-03-09,283.9979858398437
1992-03-10,282.343994140625
1992-03-11,282.4580078125
1992-03-12,282.2120056152344
1992-03-13,282.32501220703125
1992-03-16,280.614990234375
1992-03-17,277.2460021972656
1992-03-18,275.82000732421875
1992-03-19,276.81298828125
1992-03-20,277.4960021972656
1992-03-23,276.9739990234375
1992-03-24,279.32598876953125
1992-03-25,279.02398681640625
1992-03-26,278.093994140625
1992-03-27,277.9259948730469
1992-03-30,278.54998779296875
1992-03-31,278.68798828125
1992-04-01,279.5090026855469
1992-04-02,280.0270080566406
1992-04-09,279.1669921875
1992-04-10,277.96099853515625
1992-04-13,277.0
1992-04-14,274.9830017089844
1992-04-15,273.385986328125
1992-04-16,271.7829895019531
1992-04-20,271.3810119628906
1992-04-21,273.239013671875
1992-04-22,274.0929870605469
1992-04-23,276.6659851074219
1992-04-24,277.07598876953125
1992-04-27,274.9330139160156
1992-04-28,274.93701171875
1992-04-29,276.7260131835937
1992-04-30,277.27398681640625
1992-05-01,277.9079895019531
1992-05-04,280.0379943847656
1992-05-05,283.1189880371094
1992-05-06,286.27301025390625
1992-05-07,291.2269897460937
1992-05-08,293.8699951171875
1992-05-11,288.65399169921875
1992-05-12,288.78399658203125
1992-05-13,289.5799865722656
1992-05-14,290.239990234375
1992-05-15,290.17999267578125
1992-05-18,290.9800109863281
1992-05-19,292.4700012207031
1992-05-20,294.2300109863281
1992-05-21,296.3099975585937
1992-05-22,295.4700012207031
1992-05-25,295.4800109863281
1992-05-26,296.5400085449219
1992-05-27,297.010009765625
1992-05-29,299.2200012207031
1992-06-01,298.5899963378906
1992-06-02,303.5799865722656
1992-06-03,307.9100036621094
1992-06-04,313.5
1992-06-05,315.5799865722656
1992-06-08,323.0799865722656
1992-06-09,323.0799865722656
1992-06-10,329.6600036621094
1992-06-12,329.6199951171875
1992-06-15,328.6400146484375
1992-06-16,329.6099853515625
1992-06-17,330.8699951171875
1992-06-18,330.8999938964844
1992-06-19,331.0599975585937
1992-06-22,326.1000061035156
1992-06-23,325.8599853515625
1992-06-24,322.5299987792969
1992-06-25,319.6700134277344
1992-06-26,319.3800048828125
1992-06-29,318.1199951171875
1992-06-30,313.5599975585937
1992-07-01,314.20001220703125
1992-07-03,319.1199951171875
1992-07-06,318.3299865722656
1992-07-07,319.0199890136719
1992-07-08,319.70001220703125
1992-07-09,320.1300048828125
1992-07-10,321.1099853515625
1992-07-13,321.5400085449219
1992-07-14,322.20001220703125
1992-07-15,321.3699951171875
1992-07-16,321.7099914550781
1992-07-17,321.010009765625
1992-07-20,320.4200134277344
1992-07-21,320.260009765625
1992-07-22,319.2099914550781
1992-07-23,318.6000061035156
1992-07-24,319.8999938964844
1992-07-27,318.94000244140625
1992-07-28,317.19000244140625
1992-07-29,316.7200012207031
1992-07-30,317.95001220703125
1992-07-31,317.19000244140625
1992-08-03,316.19000244140625
1992-08-04,315.57000732421875
1992-08-05,314.5899963378906
1992-08-06,312.7699890136719
1992-08-07,312.7300109863281
1992-08-10,313.8299865722656
1992-08-11,314.20001220703125
1992-08-12,310.5599975585937
1992-08-13,310.6099853515625
1992-08-14,310.260009765625
1992-08-18,308.29998779296875
1992-08-19,304.3999938964844
1992-08-20,301.5599975585937
1992-08-21,300.2799987792969
1992-08-24,301.1400146484375
1992-08-25,301.0
1992-08-26,300.2099914550781
1992-08-27,301.4200134277344
1992-08-28,302.0599975585937
1992-08-31,301.2799987792969
1992-09-01,301.5799865722656
1992-09-03,300.3500061035156
1992-09-04,298.8900146484375
1992-09-07,299.6600036621094
1992-09-08,298.9200134277344
1992-09-10,297.17999267578125
1992-09-11,296.1000061035156
1992-09-14,295.57000732421875
1992-09-15,295.3500061035156
1992-09-16,296.7200012207031
1992-09-17,296.3900146484375
1992-09-18,296.20001220703125
1992-09-21,295.1700134277344
1992-09-22,295.6099853515625
1992-09-23,297.8500061035156
1992-09-24,297.8699951171875
1992-09-25,297.5299987792969
1992-09-28,297.4800109863281
1992-09-29,296.8599853515625
1992-09-30,298.3900146484375
1992-10-01,298.5599975585937
1992-10-02,299.8599853515625
1992-10-05,300.7799987792969
1992-10-06,299.42999267578125
1992-10-07,299.6700134277344
1992-10-08,299.8299865722656
1992-10-09,302.8599853515625
1992-10-12,304.6499938964844
1992-10-13,304.9200134277344
1992-10-14,305.6400146484375
1992-10-15,306.1400146484375
1992-10-16,306.32000732421875
1992-10-19,306.7200012207031
1992-10-20,306.7099914550781
1992-10-21,307.1300048828125
1992-10-22,306.45001220703125
1992-10-23,309.6099853515625
1992-10-26,308.3999938964844
1992-10-27,308.25
1992-10-28,305.8800048828125
1992-10-29,305.3699951171875
1992-10-30,307.5799865722656
1992-11-02,306.20001220703125
1992-11-03,305.3099975585937
1992-11-04,304.5299987792969
1992-11-05,304.5400085449219
1992-11-06,304.3599853515625
1992-11-09,302.4100036621094
1992-11-10,301.6499938964844
1992-11-11,300.6199951171875
1992-11-12,299.3800048828125
1992-11-13,296.739990234375
1992-11-16,291.7200012207031
1992-11-17,292.6499938964844
1992-11-18,290.6700134277344
1992-11-19,288.8099975585937
1992-11-20,288.8800048828125
1992-11-23,288.5199890136719
1992-11-24,288.0
1992-11-25,285.8699951171875
1992-11-26,286.0799865722656
1992-11-27,284.6600036621094
1992-11-30,285.6000061035156
1992-12-01,284.3500061035156
1992-12-02,282.3599853515625
1992-12-03,281.2099914550781
1992-12-04,280.45001220703125
1992-12-07,279.3699951171875
1992-12-08,278.57000732421875
1992-12-09,277.5599975585937
1992-12-10,278.95001220703125
1992-12-11,278.5799865722656
1992-12-14,278.3900146484375
1992-12-15,275.67999267578125
1992-12-16,272.7799987792969
1992-12-17,273.0299987792969
1992-12-18,271.8599853515625
1992-12-21,270.45001220703125
1992-12-22,272.19000244140625
1992-12-23,271.75
1992-12-24,271.2799987792969
1992-12-28,271.69000244140625
1992-12-29,271.7699890136719
1992-12-30,274.3399963378906
1993-01-04,273.5799865722656
1993-01-05,273.3099975585937
1993-01-06,274.8399963378906
1993-01-07,276.8500061035156
1993-01-08,279.1099853515625
1993-01-11,278.5199890136719
1993-01-12,278.07000732421875
1993-01-13,277.4100036621094
1993-01-14,276.4230041503906
1993-01-15,277.2699890136719
1993-01-18,277.93798828125
1993-01-19,277.1499938964844
1993-01-21,276.739990234375
1993-01-22,277.04998779296875
1993-01-25,276.70001220703125
1993-01-26,276.2900085449219
1993-01-27,275.9700012207031
1993-01-28,277.4200134277344
1993-01-29,280.1499938964844
1993-02-01,280.8900146484375
1993-02-02,280.3900146484375
1993-02-03,283.95001220703125
1993-02-04,289.20001220703125
1993-02-05,292.0400085449219
1993-02-08,295.8099975585937
1993-02-09,297.9100036621094
1993-02-10,299.3999938964844
1993-02-11,299.6099853515625
1993-02-12,300.5400085449219
1993-02-15,301.7799987792969
1993-02-16,301.989990234375
1993-02-17,302.69000244140625
1993-02-18,301.9200134277344
1993-02-19,300.44000244140625
1993-02-22,301.2200012207031
1993-02-23,299.82000732421875
1993-02-24,299.8099975585937
1993-02-25,300.2200012207031
1993-02-26,300.3800048828125
1993-03-01,300.45001220703125
1993-03-02,300.8399963378906
1993-03-03,302.0799865722656
1993-03-04,304.7799987792969
1993-03-05,307.19000244140625
1993-03-08,308.5
1993-03-09,310.0799865722656
1993-03-10,311.7799987792969
1993-03-11,312.69000244140625
1993-03-12,312.95001220703125
1993-03-15,311.70001220703125
1993-03-16,311.0899963378906
1993-03-17,310.7799987792969
1993-03-18,310.3699951171875
1993-03-19,312.07000732421875
1993-03-29,310.5
1993-03-30,311.2699890136719
1993-03-31,310.760009765625
1993-04-01,311.1300048828125
1993-04-02,310.0799865722656
1993-04-05,309.6000061035156
1993-04-06,309.3500061035156
1993-04-07,308.3699951171875
1993-04-08,307.8099975585937
1993-04-12,308.45001220703125
1993-04-13,307.2300109863281
1993-04-14,307.2799987792969
1993-04-15,308.6700134277344
1993-04-16,308.67999267578125
1993-04-19,310.489990234375
1993-04-20,312.0
1993-04-21,312.0
1993-04-22,311.2799987792969
1993-04-23,310.7799987792969
1993-04-26,311.1400146484375
1993-04-27,311.2699890136719
1993-04-28,312.19000244140625
1993-04-29,313.2200012207031
1993-04-30,314.1000061035156
1993-05-03,313.69000244140625
1993-05-04,313.9100036621094
1993-05-05,313.6099853515625
1993-05-07,315.0799865722656
1993-05-10,316.3699951171875
1993-05-11,316.4100036621094
1993-05-12,319.1199951171875
1993-05-13,321.8399963378906
1993-05-14,323.54998779296875
1993-05-17,325.42999267578125
1993-05-18,325.32000732421875
1993-05-19,326.4100036621094
1993-05-21,326.44000244140625
1993-05-24,328.79998779296875
1993-05-25,330.6400146484375
1993-05-26,331.9100036621094
1993-05-27,333.9200134277344
1993-05-28,333.3699951171875
1993-05-31,341.8500061035156
1993-06-02,345.989990234375
1993-06-03,349.8169860839844
1993-06-04,349.6600036621094
1993-06-07,349.3399963378906
1993-06-08,352.0010070800781
1993-06-09,352.8299865722656
1993-06-10,351.3800048828125
1993-06-11,350.29998779296875
1993-06-14,351.3399963378906
1993-06-15,351.70001220703125
1993-06-16,354.010009765625
1993-06-17,354.92999267578125
1993-06-18,355.6400146484375
1993-06-22,356.17999267578125
1993-06-23,358.3800048828125
1993-06-24,358.8900146484375
1993-06-25,358.8800048828125
1993-06-28,358.6199951171875
1993-06-29,358.8399963378906
1993-06-30,360.3500061035156
1993-07-01,360.5299987792969
1993-07-02,360.7200012207031
1993-07-05,359.5799865722656
1993-07-06,361.0499877929688
1993-07-07,360.2799987792969
1993-07-08,360.1300048828125
1993-07-09,359.6700134277344
1993-07-12,359.4200134277344
1993-07-13,356.760009765625
1993-07-14,357.19000244140625
1993-07-15,356.5799865722656
1993-07-16,356.739990234375
1993-07-19,356.3599853515625
1993-07-20,354.8299865722656
1993-07-21,355.07000732421875
1993-07-22,355.20001220703125
1993-07-23,355.42999267578125
1993-07-26,355.3299865722656
1993-07-27,355.5
1993-07-28,354.6400146484375
1993-07-29,354.0599975585937
1993-07-30,356.7200012207031
1993-08-02,356.8399963378906
1993-08-03,358.1300048828125
1993-08-04,358.69000244140625
1993-08-05,360.0
1993-08-06,362.6099853515625
1993-08-09,364.5299987792969
1993-08-10,369.8299865722656
1993-08-11,377.3500061035156
1993-08-12,380.2900085449219
1993-08-13,379.9400024414063
1993-08-16,382.010009765625
1993-08-18,383.4299926757813
1993-08-19,384.8200073242188
1993-08-20,387.9100036621094
1993-08-23,390.1799926757813
1993-08-24,393.6300048828125
1993-08-25,398.489990234375
1993-08-26,405.55999755859375
1993-08-27,409.6700134277344
1993-08-31,417.2999877929688
1993-09-01,422.8299865722656
1993-09-02,418.4100036621094
1993-09-03,417.1600036621094
1993-09-06,416.1300048828125
1993-09-07,418.05999755859375
1993-09-08,422.3500061035156
1993-09-09,426.1099853515625
1993-09-10,427.989990234375
1993-09-13,428.3299865722656
1993-09-14,428.3599853515625
1993-09-15,431.30999755859375
1993-09-16,430.0530090332031
1993-09-17,430.3599853515625
1993-09-20,431.489990234375
1993-09-21,430.5700073242188
1993-09-22,427.760009765625
1993-09-23,425.3399963378906
1993-09-24,421.0400085449219
1993-09-27,420.8999938964844
1993-09-28,418.3999938964844
1993-09-29,419.5
1993-09-30,419.9599914550781
1993-10-01,443.260009765625
1993-10-04,446.25
1993-10-05,441.5700073242188
1993-10-06,439.4200134277344
1993-10-07,436.489990234375
1993-10-08,438.5499877929688
1993-10-11,440.4100036621094
1993-10-12,443.8699951171875
1993-10-13,448.9800109863281
1993-10-14,453.9500122070313
1993-10-15,454.8399963378906
1993-10-18,456.7999877929688
1993-10-19,460.0299987792969
1993-10-20,463.0899963378906
1993-10-21,466.30999755859375
1993-10-22,466.2200012207031
1993-10-25,464.4700012207031
1993-10-26,464.6400146484375
1993-10-27,464.7999877929688
1993-10-28,465.1099853515625
1993-10-29,466.1499938964844
1993-11-01,469.1000061035156
1993-11-02,474.010009765625
1993-11-03,484.25
1993-11-04,500.75
1993-11-05,507.2200012207031
1993-11-08,507.7799987792969
1993-11-09,508.05999755859375
1993-11-10,510.2309875488281
1993-11-11,511.3489990234375
1993-11-12,512.8699951171875
1993-11-15,516.81201171875
1993-11-16,523.1900024414062
1993-11-17,533.1829833984375
1993-11-18,535.25
1993-11-19,535.114013671875
1993-11-22,536.4600219726562
1993-11-23,523.3099975585938
1993-11-24,523.8300170898438
1993-11-25,524.2000122070312
1993-11-26,522.4199829101562
1993-11-29,520.4600219726562
1993-11-30,518.780029296875
1993-12-01,517.8599853515625
1993-12-02,520.010009765625
1993-12-03,521.72998046875
1993-12-06,523.5399780273438
1993-12-07,523.4099731445312
1993-12-08,523.3200073242188
1993-12-09,525.3200073242188
1993-12-10,528.4600219726562
1993-12-13,527.9299926757812
1993-12-14,536.0800170898438
1993-12-15,543.8400268554688
1993-12-16,553.3579711914062
1993-12-17,556.9500122070312
1993-12-20,552.9000244140625
1993-12-21,552.2000122070312
1993-12-22,550.0700073242188
1993-12-23,557.3400268554688
1993-12-24,560.5999755859375
1993-12-27,565.9400024414062
1993-12-28,572.5700073242188
1993-12-29,587.8800048828125
1993-12-30,588.77001953125
1994-01-03,589.6500244140625
1994-01-04,599.9400024414062
1994-01-05,612.8900146484375
1994-01-06,609.3200073242188
1994-01-07,607.6900024414062
1994-01-11,598.0499877929688
1994-01-12,585.219970703125
1994-01-13,572.02001953125
1994-01-14,577.6900024414062
1994-01-17,587.1599731445312
1994-01-18,592.010009765625
1994-01-19,596.0
1994-01-20,592.9400024414062
1994-01-21,590.2620239257812
1994-01-24,588.0499877929688
1994-01-25,586.5700073242188
1994-01-26,584.780029296875
1994-01-27,590.469970703125
1994-01-28,592.6500244140625
1994-01-31,592.02001953125
1994-02-01,591.9500122070312
1994-02-02,592.1900024414062
1994-02-03,594.3599853515625
1994-02-04,601.8300170898438
1994-02-07,594.1199951171875
1994-02-08,587.969970703125
1994-02-09,580.6500244140625
1994-02-10,583.469970703125
1994-02-11,586.6199951171875
1994-02-14,586.75
1994-02-15,582.7100219726562
1994-02-16,574.8200073242188
1994-02-17,564.6900024414062
1994-02-18,554.780029296875
1994-02-21,543.760009765625
1994-02-22,552.8499755859375
1994-02-23,551.8800048828125
1994-02-24,552.52001953125
1994-02-25,547.510009765625
1994-02-28,546.22998046875
1994-03-01,546.4099731445312
1994-03-02,540.469970703125
1994-03-03,530.3699951171875
1994-03-04,521.3800048828125
1994-03-07,522.3699951171875
1994-03-08,521.1699829101562
1994-03-09,514.5700073242188
1994-03-10,514.3099975585938
1994-03-17,509.8500061035156
1994-03-18,508.8800048828125
1994-03-21,501.2000122070313
1994-03-22,485.4700012207031
1994-03-23,486.8999938964844
1994-03-24,494.1799926757813
1994-03-25,490.83599853515625
1994-03-28,491.0509948730469
1994-03-29,487.2200012207031
1994-03-30,492.3699951171875
1994-04-04,485.9100036621094
1994-04-05,480.9599914550781
1994-04-06,473.9599914550781
1994-04-07,467.9800109863281
1994-04-08,463.4299926757813
1994-04-11,456.9100036621094
1994-04-13,462.3699951171875
1994-04-14,469.2799987792969
1994-04-15,472.6499938964844
1994-04-18,475.7699890136719
1994-04-19,465.760009765625
1994-04-20,458.6799926757813
1994-04-21,456.55999755859375
1994-04-22,454.8500061035156
1994-04-25,454.4100036621094
1994-04-26,454.3200073242188
1994-04-27,461.7000122070313
1994-04-28,465.2799987792969
1994-04-29,462.3999938964844
1994-05-02,461.80999755859375
1994-05-03,460.3399963378906
1994-05-04,462.6400146484375
1994-05-05,462.55999755859375
1994-05-06,463.1199951171875
1994-05-09,464.2799987792969
1994-05-10,463.0400085449219
1994-05-11,465.5299987792969
1994-05-13,467.3999938964844
1994-05-16,467.8599853515625
1994-05-17,471.7699890136719
1994-05-18,477.2099914550781
1994-05-19,482.7409973144531
1994-05-20,487.989990234375
1994-05-23,498.3599853515625
1994-05-24,501.9960021972656
1994-05-26,502.6000061035156
1994-05-27,504.9700012207031
1994-05-30,504.489990234375
1994-05-31,501.7900085449219
1994-06-01,494.3299865722656
1994-06-02,487.1099853515625
1994-06-03,486.7300109863281
1994-06-06,486.5299987792969
1994-06-07,486.1099853515625
1994-06-08,484.8999938964844
1994-06-09,484.8999938964844
1994-06-10,483.0499877929688
1994-06-13,483.0199890136719
1994-06-14,482.3500061035156
1994-06-15,482.0899963378906
1994-06-16,477.1300048828125
1994-06-17,476.5499877929688
1994-06-20,475.7300109863281
1994-06-21,475.239990234375
1994-06-22,473.1300048828125
1994-06-23,470.9599914550781
1994-06-24,468.8699951171875
1994-06-27,464.3900146484375
1994-06-28,462.4100036621094
1994-06-29,457.739990234375
1994-06-30,457.2999877929688
1994-07-01,458.739990234375
1994-07-04,458.3699951171875
1994-07-05,456.760009765625
1994-07-06,453.6900024414063
1994-07-07,454.1000061035156
1994-07-08,452.2000122070313
1994-07-11,450.4500122070313
1994-07-12,449.7200012207031
1994-07-13,453.2099914550781
1994-07-14,460.2900085449219
1994-07-15,461.7799987792969
1994-07-18,462.4800109863281
1994-07-19,460.6400146484375
1994-07-20,462.5400085449219
1994-07-21,461.1400146484375
1994-07-22,459.0700073242188
1994-07-25,455.1199951171875
1994-07-26,454.3599853515625
1994-07-27,453.3699951171875
1994-07-28,452.9700012207031
1994-07-29,451.0799865722656
1994-08-01,452.7200012207031
1994-08-02,459.239990234375
1994-08-03,464.8500061035156
1994-08-04,468.7300109863281
1994-08-05,472.7999877929688
1994-08-08,472.4100036621094
1994-08-09,469.9200134277344
1994-08-10,471.6900024414063
1994-08-11,473.5299987792969
1994-08-12,475.0
1994-08-15,478.0299987792969
1994-08-16,483.6000061035156
1994-08-18,492.8760070800781
1994-08-19,492.2099914550781
1994-08-22,492.4200134277344
1994-08-23,496.4299926757813
1994-08-24,498.5400085449219
1994-08-25,502.9599914550781
1994-08-26,505.3299865722656
1994-08-29,507.760009765625
1994-08-30,509.0899963378906
1994-08-31,510.260009765625
1994-09-01,512.7100219726562
1994-09-02,515.5599975585938
1994-09-05,519.4199829101562
1994-09-06,524.5
1994-09-07,532.0499877929688
1994-09-08,532.8400268554688
1994-09-09,532.3599853515625
1994-09-12,521.239990234375
1994-09-13,515.7000122070312
1994-09-14,520.3099975585938
1994-09-15,522.030029296875
1994-09-16,525.6300048828125
1994-09-19,522.0499877929688
1994-09-20,521.719970703125
1994-09-21,517.0800170898438
1994-09-22,513.1599731445312
1994-09-23,512.5700073242188
1994-09-26,510.1900024414063
1994-09-27,507.239990234375
1994-09-28,502.1300048828125
1994-09-29,497.239990234375
1994-09-30,497.9700012207031
1994-10-03,497.8999938964844
1994-10-04,500.7200012207031
1994-10-05,503.6400146484375
1994-10-06,511.4599914550781
1994-10-07,515.0499877929688
1994-10-10,511.8599853515625
1994-10-11,512.3800048828125
1994-10-12,511.4200134277344
1994-10-13,507.1799926757813
1994-10-14,510.3399963378906
1994-10-17,511.3399963378906
1994-10-18,510.6300048828125
1994-10-19,518.969970703125
1994-10-20,518.760009765625
1994-10-21,514.969970703125
1994-10-24,512.47998046875
1994-10-25,514.530029296875
1994-10-26,516.3200073242188
1994-10-27,517.8499755859375
1994-10-28,516.4099731445312
1994-10-31,523.489990234375
1994-11-01,524.6500244140625
1994-11-02,524.0900268554688
1994-11-03,522.8400268554688
1994-11-04,520.5900268554688
1994-11-07,517.7899780273438
1994-11-08,515.7999877929688
1994-11-09,515.1199951171875
1994-11-10,513.9099731445312
1994-11-11,513.3800048828125
1994-11-16,514.1400146484375
1994-11-17,512.4600219726562
1994-11-18,509.8399963378906
1994-11-21,506.6600036621094
1994-11-22,498.6600036621094
1994-11-23,482.010009765625
1994-11-24,488.5
1994-11-25,487.5700073242188
1994-11-28,486.8399963378906
1994-11-29,485.4200134277344
1994-11-30,482.6300048828125
1994-12-01,482.1300048828125
1994-12-02,471.0499877929688
1994-12-05,470.5899963378906
1994-12-06,466.3900146484375
1994-12-07,462.3299865722656
1994-12-08,461.2000122070313
1994-12-09,454.0799865722656
1994-12-12,447.760009765625
1994-12-13,447.0400085449219
1994-12-14,453.3699951171875
1994-12-15,458.9299926757813
1994-12-16,458.7799987792969
1994-12-19,459.3900146484375
1994-12-20,462.7799987792969
1994-12-21,466.3999938964844
1994-12-22,469.2900085449219
1994-12-23,466.7300109863281
1994-12-26,466.2699890136719
1994-12-27,466.1499938964844
1994-12-28,469.6400146484375
1995-01-02,470.1400146484375
1995-01-03,472.3800048828125
1995-01-04,474.489990234375
1995-01-05,477.8200073242188
1995-01-06,481.2200012207031
1995-01-09,477.0400085449219
1995-01-10,468.6900024414063
1995-01-11,461.3999938964844
1995-01-12,452.6900024414063
1995-01-13,441.8699951171875
1995-01-16,447.2999877929688
1995-01-17,449.1000061035156
1995-01-18,449.8399963378906
1995-01-19,451.7900085449219
1995-01-20,446.0799865722656
1995-01-23,436.1600036621094
1995-01-24,435.4599914550781
1995-01-25,432.9599914550781
1995-01-26,434.4599914550781
1995-01-27,437.1499938964844
1995-01-30,437.260009765625
1995-01-31,433.8299865722656
1995-02-01,434.6499938964844
1995-02-02,440.5
1995-02-03,445.3800048828125
1995-02-06,453.1400146484375
1995-02-07,457.3299865722656
1995-02-08,451.9500122070313
1995-02-09,450.8299865722656
1995-02-10,453.30999755859375
1995-02-13,455.7000122070313
1995-02-14,454.1000061035156
1995-02-15,456.4500122070313
1995-02-16,455.5899963378906
1995-02-17,453.1400146484375
1995-02-20,454.0299987792969
1995-02-21,455.8299865722656
1995-02-22,454.8900146484375
1995-02-23,454.3999938964844
1995-02-24,454.6900024414063
1995-02-27,452.5700073242188
1995-02-28,453.5799865722656
1995-03-01,452.8800048828125
1995-03-07,447.2200012207031
1995-03-08,437.2999877929688
1995-03-09,437.5
1995-03-10,432.7300109863281
1995-03-13,429.9400024414063
1995-03-14,425.2200012207031
1995-03-15,428.6700134277344
1995-03-16,427.2000122070313
1995-03-17,426.6700134277344
1995-03-20,426.9400024414063
1995-03-21,427.1900024414063
1995-03-22,425.9200134277344
1995-03-23,426.25
1995-03-24,422.1300048828125
1995-03-27,423.5899963378906
1995-03-28,426.0799865722656
1995-03-29,428.9200134277344
1995-03-30,428.6400146484375
1995-04-03,424.489990234375
1995-04-04,425.2000122070313
1995-04-05,428.5499877929688
1995-04-06,430.8500061035156
1995-04-07,428.989990234375
1995-04-10,426.1199951171875
1995-04-11,424.0899963378906
1995-04-12,420.0
1995-04-13,419.4500122070313
1995-04-17,417.8399963378906
1995-04-18,414.9599914550781
1995-04-19,414.2099914550781
1995-04-20,414.4100036621094
1995-04-21,419.5199890136719
1995-04-24,420.1900024414063
1995-04-25,421.7799987792969
1995-04-26,419.6000061035156
1995-04-27,417.80999755859375
1995-04-28,416.4500122070313
1995-05-01,415.3200073242188
1995-05-02,420.1600036621094
1995-05-03,423.3900146484375
1995-05-04,424.3200073242188
1995-05-05,427.010009765625
1995-05-08,428.5299987792969
1995-05-09,434.2900085449219
1995-05-11,459.5499877929688
1995-05-12,461.5299987792969
1995-05-16,463.5
1995-05-17,464.6000061035156
1995-05-18,457.8399963378906
1995-05-19,458.7099914550781
1995-05-22,461.3900146484375
1995-05-23,470.7699890136719
1995-05-24,474.8299865722656
1995-05-26,473.6900024414063
1995-05-29,472.760009765625
1995-05-30,475.2799987792969
1995-06-01,485.7799987792969
1995-06-02,493.1499938964844
1995-06-05,497.260009765625
1995-06-06,494.6799926757813
1995-06-07,495.510009765625
1995-06-08,489.0899963378906
1995-06-09,491.75
1995-06-12,487.30999755859375
1995-06-13,488.2900085449219
1995-06-14,489.3200073242188
1995-06-15,487.2699890136719
1995-06-16,486.0400085449219
1995-06-19,485.3999938964844
1995-06-20,487.9500122070313
1995-06-21,486.3699951171875
1995-06-22,490.25
1995-06-23,491.6600036621094
1995-06-26,489.80999755859375
1995-06-27,489.6400146484375
1995-06-28,489.3500061035156
1995-06-29,491.8399963378906
1995-06-30,492.2799987792969
1995-07-03,492.0799865722656
1995-07-04,493.4299926757813
1995-07-05,498.5899963378906
1995-07-06,499.4800109863281
1995-07-07,509.1400146484375
1995-07-10,510.489990234375
1995-07-11,507.510009765625
1995-07-12,507.2300109863281
1995-07-13,509.5400085449219
1995-07-14,508.260009765625
1995-07-17,511.8699951171875
1995-07-18,509.9500122070313
1995-07-19,504.5
1995-07-20,507.4299926757813
1995-07-21,510.9299926757813
1995-07-24,509.5299987792969
1995-07-25,508.9400024414063
1995-07-26,509.9400024414063
1995-07-27,510.7300109863281
1995-07-28,512.510009765625
1995-07-31,512.0599975585938
1995-08-01,511.4100036621094
1995-08-02,513.0800170898438
1995-08-03,512.5800170898438
1995-08-04,510.1300048828125
1995-08-07,515.739990234375
1995-08-08,513.6099853515625
1995-08-10,515.0
1995-08-11,519.1799926757812
1995-08-14,515.9299926757812
1995-08-15,515.010009765625
1995-08-16,510.3900146484375
1995-08-18,500.6499938964844
1995-08-21,498.0339965820313
1995-08-22,499.1000061035156
1995-08-23,502.0700073242188
1995-08-24,500.3399963378906
1995-08-25,500.6000061035156
1995-08-28,501.1700134277344
1995-08-29,504.010009765625
1995-08-30,506.7900085449219
1995-08-31,500.75
1995-09-01,501.7799987792969
1995-09-04,500.5400085449219
1995-09-05,496.6000061035156
1995-09-06,493.1499938964844
1995-09-07,491.4400024414063
1995-09-08,490.0
1995-09-11,485.4400024414063
1995-09-12,488.0
1995-09-13,493.6799926757813
1995-09-14,495.4200134277344
1995-09-15,495.3200073242188
1995-09-18,494.2099914550781
1995-09-19,493.1799926757813
1995-09-20,492.9500122070313
1995-09-21,493.6000061035156
1995-09-22,492.80999755859375
1995-09-25,493.5499877929688
1995-09-26,493.05999755859375
1995-09-27,490.2099914550781
1995-09-28,491.9400024414063
1995-09-29,493.239990234375
1995-10-02,490.55999755859375
1995-10-03,487.7999877929688
1995-10-04,492.6499938964844
1995-10-05,495.010009765625
1995-10-06,496.2900085449219
1995-10-09,496.7300109863281
1995-10-10,495.989990234375
1995-10-11,496.2799987792969
1995-10-12,495.4200134277344
1995-10-13,496.55999755859375
1995-10-16,496.010009765625
1995-10-17,499.25
1995-10-18,499.4800109863281
1995-10-19,501.6199951171875
1995-10-20,500.4400024414063
1995-10-23,498.9599914550781
1995-10-24,498.0199890136719
1995-10-25,497.1799926757813
1995-10-26,497.1499938964844
1995-10-27,494.4700012207031
1995-10-30,490.80999755859375
1995-10-31,488.4500122070313
1995-11-01,487.989990234375
1995-11-02,486.4800109863281
1995-11-03,488.3200073242188
1995-11-06,489.0199890136719
1995-11-07,489.9100036621094
1995-11-08,487.4599914550781
1995-11-09,481.4100036621094
1995-11-10,474.5899963378906
1995-11-13,467.3500061035156
1995-11-14,469.2900085449219
1995-11-15,460.80999755859375
1995-11-16,459.8999938964844
1995-11-17,456.3399963378906
1995-11-20,453.1300048828125
1995-11-21,454.0499877929688
1995-11-22,458.75
1995-11-23,469.6099853515625
1995-11-24,468.9299926757813
1995-11-27,472.9299926757813
1995-11-28,473.7699890136719
1995-11-29,478.6300048828125
1995-11-30,481.7300109863281
1995-12-01,486.7200012207031
1995-12-04,493.9200134277344
1995-12-05,496.7799987792969
1995-12-06,496.2300109863281
1995-12-07,502.6199951171875
1995-12-08,506.1199951171875
1995-12-11,500.0
1995-12-12,496.9800109863281
1995-12-13,491.6199951171875
1995-12-14,489.9599914550781
1995-12-15,492.3299865722656
1995-12-18,493.4100036621094
1995-12-19,491.739990234375
1995-12-21,504.9800109863281
1995-12-22,512.7899780273438
1995-12-26,515.6500244140625
1995-12-27,512.8699951171875
1995-12-28,513.8499755859375
1996-01-02,512.47998046875
1996-01-03,519.8400268554688
1996-01-04,532.7999877929688
1996-01-05,533.280029296875
1996-01-08,533.0999755859375
1996-01-09,530.8099975585938
1996-01-10,528.6400146484375
1996-01-11,533.780029296875
1996-01-12,550.989990234375
1996-01-15,563.9000244140625
1996-01-16,558.4299926757812
1996-01-17,557.010009765625
1996-01-18,557.7100219726562
1996-01-19,562.3499755859375
1996-01-22,571.3200073242188
1996-01-23,574.2999877929688
1996-01-24,569.9600219726562
1996-01-25,570.1300048828125
1996-01-26,566.8599853515625
1996-01-29,565.7849731445312
1996-01-30,569.1699829101562
1996-01-31,578.5599975585938
1996-02-01,581.0599975585938
1996-02-02,587.5700073242188
1996-02-05,591.1400146484375
1996-02-06,592.9199829101562
1996-02-07,591.3599853515625
1996-02-08,592.6500244140625
1996-02-09,581.010009765625
1996-02-12,577.4749755859375
1996-02-13,584.8209838867188
1996-02-14,590.2000122070312
1996-02-15,590.7659912109375
1996-02-16,595.5269775390625
1996-02-26,594.2050170898438
1996-02-27,597.3599853515625
1996-02-28,595.2760009765625
1996-02-29,585.208984375
1996-03-01,589.1129760742188
1996-03-04,592.0469970703125
1996-03-05,591.4829711914062
1996-03-06,587.8740234375
1996-03-07,581.5440063476562
1996-03-08,568.0980224609375
1996-03-11,544.5390014648438
1996-03-12,560.8619995117188
1996-03-13,560.1290283203125
1996-03-14,569.906982421875
1996-03-15,576.7899780273438
1996-03-18,578.85498046875
1996-03-19,587.3460083007812
1996-03-20,585.97900390625
1996-03-22,586.02197265625
1996-03-25,585.927001953125
1996-03-26,585.8829956054688
1996-03-27,587.0659790039062
1996-03-28,585.7050170898438
1996-04-01,587.60400390625
1996-04-02,588.2730102539062
1996-04-03,595.0640258789062
1996-04-04,605.0869750976562
1996-04-08,597.6430053710938
1996-04-09,597.35302734375
1996-04-10,603.9359741210938
1996-04-11,605.3369750976562
1996-04-12,607.0499877929688
1996-04-15,612.9959716796875
1996-04-16,619.260986328125
1996-04-17,624.1699829101562
1996-04-18,620.9739990234375
1996-04-19,624.5339965820312
1996-04-22,628.385986328125
1996-04-23,627.8289794921875
1996-04-24,630.218994140625
1996-04-25,625.3800048828125
1996-04-26,628.2410278320312
1996-04-29,625.3259887695312
1996-04-30,623.9089965820312
1996-05-01,629.4719848632812
1996-05-02,622.8629760742188
1996-05-03,608.1209716796875
1996-05-06,599.6719970703125
1996-05-07,613.8400268554688
1996-05-08,615.5250244140625
1996-05-09,620.27197265625
1996-05-10,619.280029296875
1996-05-13,621.4940185546875
1996-05-14,618.0230102539062
1996-05-15,619.8369750976562
1996-05-17,621.3980102539062
1996-05-20,617.6920166015625
1996-05-21,617.2940063476562
1996-05-22,616.3909912109375
1996-05-23,617.3200073242188
1996-05-24,618.0609741210938
1996-05-27,620.6680297851562
1996-05-28,620.9860229492188
1996-05-29,622.4849853515625
1996-05-30,617.2420043945312
1996-05-31,617.4660034179688
1996-06-03,624.4769897460938
1996-06-04,615.9190063476562
1996-06-05,616.0780029296875
1996-06-06,613.218994140625
1996-06-07,612.7659912109375
1996-06-10,611.6920166015625
1996-06-11,608.5280151367188
1996-06-12,596.0969848632812
1996-06-13,581.5269775390625
1996-06-14,592.3619995117188
1996-06-17,590.7340087890625
1996-06-18,588.2319946289062
1996-06-19,583.1749877929688
1996-06-20,580.6740112304688
1996-06-21,572.8499755859375
1996-06-24,578.7730102539062
1996-06-25,584.2069702148438
1996-06-26,592.7849731445312
1996-06-27,592.0380249023438
1996-06-28,594.2589721679688
1996-07-01,596.281005859375
1996-07-02,594.4080200195312
1996-07-03,594.0709838867188
1996-07-04,588.6119995117188
1996-07-05,575.0499877929688
1996-07-08,573.8319702148438
1996-07-09,574.8900146484375
1996-07-10,577.9559936523438
1996-07-11,579.6909790039062
1996-07-12,579.947021484375
1996-07-15,579.010986328125
1996-07-16,573.3270263671875
1996-07-17,576.2659912109375
1996-07-18,576.3289794921875
1996-07-19,580.073974609375
1996-07-22,579.7630004882812
1996-07-23,578.1849975585938
1996-07-24,571.7260131835938
1996-07-25,568.447021484375
1996-07-26,561.3090209960938
1996-07-29,540.7379760742188
1996-07-30,533.4810180664062
1996-07-31,536.0289916992188
1996-08-01,548.9359741210938
1996-08-02,560.9619750976562
1996-08-05,562.833984375
1996-08-06,554.7899780273438
1996-08-07,553.9429931640625
1996-08-08,548.1810302734375
1996-08-09,547.7139892578125
1996-08-12,543.9450073242188
1996-08-13,537.510009765625
1996-08-14,535.9000244140625
1996-08-15,532.4089965820312
1996-08-16,536.7310180664062
1996-08-19,537.0770263671875
1996-08-20,539.60498046875
1996-08-21,542.2009887695312
1996-08-22,544.281982421875
1996-08-23,549.2119750976562
1996-08-26,552.739990234375
1996-08-27,549.52001953125
1996-08-28,548.4249877929688
1996-08-29,550.0280151367188
1996-08-30,547.6099853515625
1996-09-02,545.02001953125
1996-09-03,540.541015625
1996-09-04,546.0009765625
1996-09-05,543.0330200195312
1996-09-06,543.7509765625
1996-09-09,542.5170288085938
1996-09-10,545.1069946289062
1996-09-11,542.719970703125
1996-09-12,546.4619750976562
1996-09-13,549.0360107421875
1996-09-16,554.4010009765625
1996-09-17,561.9420166015625
1996-09-18,559.697021484375
1996-09-19,565.5640258789062
1996-09-20,568.9940185546875
1996-09-23,570.1669921875
1996-09-24,569.7659912109375
1996-09-25,572.2860107421875
1996-09-26,571.2579956054688
1996-09-27,573.302978515625
1996-09-30,573.9390258789062
1996-10-01,580.2119750976562
1996-10-02,589.3070068359375
1996-10-03,589.7899780273438
1996-10-04,588.3489990234375
1996-10-07,586.3109741210938
1996-10-08,574.780029296875
1996-10-09,566.3179931640625
1996-10-10,567.9290161132812
1996-10-11,571.2310180664062
1996-10-14,570.9769897460938
1996-10-15,568.5900268554688
1996-10-16,565.780029296875
1996-10-17,569.1220092773438
1996-10-18,570.2000122070312
1996-10-21,572.468994140625
1996-10-22,571.8070068359375
1996-10-23,575.4019775390625
1996-10-24,575.885986328125
1996-10-25,571.3350219726562
1996-10-28,567.2739868164062
1996-10-29,567.7540283203125
1996-10-30,568.8629760742188
1996-10-31,568.0289916992188
1996-11-01,570.6589965820312
1996-11-04,578.3079833984375
1996-11-05,583.8699951171875
1996-11-06,587.3389892578125
1996-11-07,594.593017578125
1996-11-08,602.02001953125
1996-11-11,601.1339721679688
1996-11-12,597.0499877929688
1996-11-13,595.4940185546875
1996-11-14,600.9119873046875
1996-11-15,616.8900146484375
1996-11-18,620.8599853515625
1996-11-19,615.2069702148438
1996-11-20,606.7579956054688
1996-11-21,602.9869995117188
1996-11-22,612.8610229492188
1996-11-25,628.2369995117188
1996-11-26,626.2249755859375
1996-11-27,620.27001953125
1996-11-28,611.5020141601562
1996-11-29,613.0130004882812
1996-12-02,616.1680297851562
1996-12-03,620.8090209960938
1996-12-04,626.2689819335938
1996-12-05,634.2960205078125
1996-12-06,628.1229858398438
1996-12-09,634.5759887695312
1996-12-10,626.677978515625
1996-12-11,626.573974609375
1996-12-12,627.8989868164062
1996-12-13,624.4580078125
1996-12-16,623.614013671875
1996-12-17,623.8049926757812
1996-12-18,629.4520263671875
1996-12-19,628.3189697265625
1996-12-20,632.5239868164062
1996-12-23,633.072998046875
1996-12-24,632.7440185546875
1996-12-26,632.4970092773438
1996-12-27,637.4320068359375
1997-01-02,638.10302734375
1997-01-03,646.1939697265625
1997-01-06,653.9569702148438
1997-01-07,660.3670043945312
1997-01-08,662.2050170898438
1997-01-09,657.4329833984375
1997-01-10,657.8679809570312
1997-01-13,656.093017578125
1997-01-14,656.6530151367188
1997-01-15,656.0670166015625
1997-01-16,658.7009887695312
1997-01-17,663.9739990234375
1997-01-20,674.1290283203125
1997-01-21,680.8800048828125
1997-01-22,686.114990234375
1997-01-23,684.9819946289062
1997-01-24,678.9089965820312
1997-01-27,684.9819946289062
1997-01-28,689.9739990234375
1997-01-29,691.3350219726562
1997-01-30,687.2930297851562
1997-01-31,691.1160278320312
1997-02-03,687.469970703125
1997-02-04,680.3319702148438
1997-02-05,686.8569946289062
1997-02-06,694.2789916992188
1997-02-12,701.0549926757812
1997-02-13,707.3690185546875
1997-02-14,704.4760131835938
1997-02-17,701.7650146484375
1997-02-18,695.2169799804688
1997-02-19,694.8829956054688
1997-02-20,698.6690063476562
1997-02-21,696.4949951171875
1997-02-24,697.3690185546875
1997-02-25,701.3070068359375
1997-02-26,712.6069946289062
1997-02-27,709.9210205078125
1997-02-28,705.3740234375
1997-03-03,700.1090087890625
1997-03-04,695.5230102539062
1997-03-05,686.1589965820312
1997-03-06,683.1079711914062
1997-03-07,683.8060302734375
1997-03-10,688.0490112304688
1997-03-11,687.9340209960938
1997-03-12,682.6060180664062
1997-03-13,669.9910278320312
1997-03-14,666.8419799804688
1997-03-17,670.9359741210938
1997-03-18,659.4409790039062
1997-03-19,663.1740112304688
1997-03-20,663.1320190429688
1997-03-21,656.1069946289062
1997-03-24,649.6199951171875
1997-03-25,657.2860107421875
1997-03-26,659.35400390625
1997-03-27,662.2360229492188
1997-04-01,652.0070190429688
1997-04-02,650.8770141601562
1997-04-03,641.6209716796875
1997-04-04,637.427001953125
1997-04-07,636.6400146484375
1997-04-08,638.2230224609375
1997-04-10,635.5570068359375
1997-04-11,637.1480102539062
1997-04-14,635.166015625
1997-04-15,631.2739868164062
1997-04-16,632.8189697265625
1997-04-17,637.593994140625
1997-04-21,642.260009765625
1997-04-22,646.2410278320312
1997-04-23,651.4500122070312
1997-04-24,652.9840087890625
1997-04-25,652.4760131835938
1997-04-28,656.530029296875
1997-04-29,647.22998046875
1997-04-30,652.0490112304688
1997-05-01,650.4580078125
1997-05-02,647.8939819335938
1997-05-05,652.7869873046875
1997-05-06,659.60400390625
1997-05-07,666.843017578125
1997-05-09,673.6890258789062
1997-05-12,675.81298828125
1997-05-13,672.864990234375
1997-05-14,670.2860107421875
1997-05-15,656.9860229492188
1997-05-16,657.072998046875
1997-05-19,652.5499877929688
1997-05-20,652.8250122070312
1997-05-21,654.0910034179688
1997-05-23,658.52197265625
1997-05-26,663.1950073242188
1997-05-27,668.8489990234375
1997-05-28,672.4990234375
1997-05-29,689.4979858398438
1997-05-30,696.0280151367188
1997-06-02,699.7310180664062
1997-06-03,698.4010009765625
1997-06-04,693.5390014648438
1997-06-05,691.9819946289062
1997-06-06,695.0159912109375
1997-06-09,692.5040283203125
1997-06-10,689.7650146484375
1997-06-11,693.0360107421875
1997-06-12,695.219970703125
1997-06-13,698.6199951171875
1997-06-16,705.2880249023438
1997-06-17,705.083984375
1997-06-18,710.7860107421875
1997-06-19,708.4450073242188
1997-06-20,712.2239990234375
1997-06-23,719.6380004882812
1997-06-24,713.3870239257812
1997-06-25,712.4949951171875
1997-06-26,709.406982421875
1997-06-27,716.8289794921875
1997-06-30,724.5560302734375
1997-07-01,731.6190185546875
1997-07-02,730.155029296875
1997-07-03,735.4920043945312
1997-07-04,736.5969848632812
1997-07-07,738.0059814453125
1997-07-08,740.8330078125
1997-07-09,738.1380004882812
1997-07-10,729.1510009765625
1997-07-11,723.416015625
1997-07-14,722.4979858398438
1997-07-15,722.208984375
1997-07-16,723.5029907226562
1997-07-18,724.0
1997-07-21,712.4019775390625
1997-07-22,711.4409790039062
1997-07-23,718.1890258789062
1997-07-24,712.0460205078125
1997-07-25,710.0579833984375
1997-07-28,710.8189697265625
1997-07-29,716.35498046875
1997-07-30,721.97900390625
1997-07-31,721.27001953125
1997-08-01,721.77197265625
1997-08-04,718.708984375
1997-08-05,713.8800048828125
1997-08-06,699.8560180664062
1997-08-07,677.9390258789062
1997-08-08,675.4359741210938
1997-08-11,658.1699829101562
1997-08-12,662.947021484375
1997-08-13,658.60400390625
1997-08-14,643.010986328125
1997-08-15,617.7059936523438
1997-08-18,599.635986328125
1997-08-19,590.530029296875
1997-08-20,593.1710205078125
1997-08-21,603.0599975585938
1997-08-22,574.39501953125
1997-08-25,540.9290161132812
1997-08-26,554.2379760742188
1997-08-27,555.4619750976562
1997-08-28,530.3660278320312
1997-08-29,493.9620056152344
1997-09-01,485.968994140625
1997-09-02,479.0140075683594
1997-09-03,512.5880126953125
1997-09-04,533.8699951171875
1997-09-05,594.1129760742188
1997-09-08,600.3109741210938
1997-09-09,598.0040283203125
1997-09-10,575.0159912109375
1997-09-11,556.135986328125
1997-09-12,546.6370239257812
1997-09-15,550.760986328125
1997-09-16,534.8289794921875
1997-09-17,526.7369995117188
1997-09-18,524.27197265625
1997-09-19,531.0789794921875
1997-09-22,535.6010131835938
1997-09-23,539.4829711914062
1997-09-24,553.64599609375
1997-09-25,559.219970703125
1997-09-26,549.9199829101562
1997-09-29,546.2379760742188
1997-09-30,546.68798828125
1997-10-01,536.9860229492188
1997-10-02,536.9240112304688
1997-10-03,515.4769897460938
1997-10-06,512.8930053710938
1997-10-07,513.948974609375
1997-10-08,518.9400024414062
1997-10-09,521.1119995117188
1997-10-10,534.7520141601562
1997-10-13,534.8259887695312
1997-10-14,528.9190063476562
1997-10-15,518.9149780273438
1997-10-16,517.0910034179688
1997-10-17,520.6849975585938
1997-10-20,514.1710205078125
1997-10-21,514.968017578125
1997-10-22,505.2330017089844
1997-10-23,494.1369934082031
1997-10-24,490.3970031738281
1997-10-27,490.1199951171875
1997-10-28,447.9960021972656
1997-10-29,472.0509948730469
1997-10-30,502.8710021972656
1997-10-31,500.4179992675781
1997-11-03,501.7139892578125
1997-11-04,494.8489990234375
1997-11-05,490.9859924316406
1997-11-06,478.9129943847656
1997-11-07,466.1159973144531
1997-11-10,462.6919860839844
1997-11-11,448.1549987792969
1997-11-12,449.6400146484375
1997-11-13,437.9469909667969
1997-11-14,436.8429870605469
1997-11-17,439.5379943847656
1997-11-18,434.2090148925781
1997-11-19,415.6539916992188
1997-11-20,396.1300048828125
1997-11-21,391.2579956054688
1997-11-24,410.20599365234375
1997-11-25,395.6789855957031
1997-11-26,398.53900146484375
1997-11-27,401.7080078125
1997-12-01,398.6159973144531
1997-12-02,394.2829895019531
1997-12-03,389.6820068359375
1997-12-04,401.9259948730469
1997-12-05,414.7780151367188
1997-12-08,423.6130065917969
1997-12-09,425.4960021972656
1997-12-10,415.93701171875
1997-12-11,396.1080017089844
1997-12-12,365.8529968261719
1997-12-15,339.5360107421875
1997-12-16,356.385009765625
1997-12-17,368.68499755859375
1997-12-18,378.385986328125
1997-12-19,378.7959899902344
1997-12-22,385.8489990234375
1997-12-23,397.031005859375
1997-12-24,396.531005859375
1997-12-29,398.0140075683594
1997-12-30,401.7120056152344
1998-01-02,410.010986328125
1998-01-05,410.8299865722656
1998-01-06,402.2650146484375
1998-01-07,394.239013671875
1998-01-08,347.1080017089844
1998-01-09,342.9700012207031
1998-01-12,350.23699951171875
1998-01-13,382.1369934082031
1998-01-14,403.9809875488281
1998-01-15,387.2430114746094
1998-01-16,413.9200134277344
1998-01-19,439.0280151367188
1998-01-20,448.03900146484375
1998-01-21,466.00299072265625
1998-01-22,443.5289916992188
1998-01-23,450.9840087890625
1998-01-26,473.6860046386719
1998-01-27,476.3110046386719
1998-01-28,485.93798828125
1998-02-02,554.1069946289062
1998-02-03,536.7899780273438
1998-02-04,519.9290161132812
1998-02-05,513.489013671875
1998-02-06,535.4290161132812
1998-02-09,529.2540283203125
1998-02-10,517.7009887695312
1998-02-11,487.6099853515625
1998-02-12,442.28900146484375
1998-02-13,448.1579895019531
1998-02-16,457.7080078125
1998-02-17,472.2090148925781
1998-02-18,472.6789855957031
1998-02-19,496.25201416015625
1998-02-20,495.2319946289063
1998-02-23,505.0350036621094
1998-02-24,494.8900146484375
1998-02-25,483.4110107421875
1998-02-26,483.8070068359375
1998-02-27,482.37799072265625
1998-03-02,496.72900390625
1998-03-03,518.6859741210938
1998-03-04,502.9110107421875
1998-03-05,516.489013671875
1998-03-06,512.2310180664062
1998-03-09,495.8139953613281
1998-03-10,490.47601318359375
1998-03-11,491.87298583984375
1998-03-12,498.18499755859375
1998-03-13,506.7330017089844
1998-03-16,510.7860107421875
1998-03-17,512.1400146484375
1998-03-18,504.0039978027344
1998-03-19,504.1470031738281
1998-03-20,516.7310180664062
1998-03-23,516.3179931640625
1998-03-24,501.6600036621094
1998-03-25,504.0950012207031
1998-03-26,532.81201171875
1998-03-27,542.0980224609375
1998-03-30,541.4249877929688
1998-04-01,523.947998046875
1998-04-02,516.4030151367188
1998-04-03,533.2999877929688
1998-04-06,526.1409912109375
1998-04-08,530.0360107421875
1998-04-09,527.5850219726562
1998-04-13,524.0640258789062
1998-04-14,516.1010131835938
1998-04-15,513.4450073242188
1998-04-16,510.0679931640625
1998-04-17,507.9020080566406
1998-04-20,508.156005859375
1998-04-21,497.7070007324219
1998-04-22,500.6409912109375
1998-04-23,491.8559875488281
1998-04-24,490.4809875488281
1998-04-27,485.6409912109375
1998-04-29,465.24700927734375
1998-04-30,460.135009765625
1998-05-01,448.5249938964844
1998-05-04,445.9939880371094
1998-05-05,435.1600036621094
1998-05-06,414.625
1998-05-07,436.7780151367188
1998-05-08,434.6549987792969
1998-05-12,430.5260009765625
1998-05-13,402.0570068359375
1998-05-14,403.6990051269531
1998-05-15,405.93701171875
1998-05-18,388.9179992675781
1998-05-19,413.8240051269531
1998-05-20,424.0060119628906
1998-05-22,445.14300537109375
1998-05-25,439.5549926757813
1998-05-26,434.0589904785156
1998-05-27,416.9670104980469
1998-05-28,414.2200012207031
1998-05-29,420.4649963378906
1998-06-01,414.0790100097656
1998-06-02,399.5989990234375
1998-06-03,392.6080017089844
1998-06-04,406.33099365234375
1998-06-05,409.5159912109375
1998-06-08,409.41900634765625
1998-06-09,411.0719909667969
1998-06-10,408.0799865722656
1998-06-11,411.54400634765625
1998-06-12,408.37200927734375
1998-06-15,406.5010070800781
1998-06-16,399.5119934082031
1998-06-17,419.4419860839844
1998-06-18,440.0929870605469
1998-06-19,425.4530029296875
1998-06-22,420.6589965820313
1998-06-23,423.0849914550781
1998-06-24,430.9599914550781
1998-06-25,428.80999755859375
1998-06-26,430.8699951171875
1998-06-29,431.2309875488281
1998-06-30,445.9200134277344
1998-07-01,456.5409851074219
1998-07-02,466.37298583984375
1998-07-03,470.5450134277344
1998-07-07,483.9450073242188
1998-07-08,472.9800109863281
1998-07-09,470.3210144042969
1998-07-10,463.58099365234375
1998-07-13,459.6730041503906
1998-07-14,463.8739929199219
1998-07-15,467.3389892578125
1998-07-16,473.7720031738281
1998-07-17,486.2340087890625
1998-07-20,488.68499755859375
1998-07-21,488.239013671875
1998-07-22,483.0549926757813
1998-07-23,473.8049926757813
1998-07-24,479.56298828125
1998-07-27,482.9809875488281
1998-07-28,483.531005859375
1998-07-29,485.0960083007813
1998-07-30,482.68798828125
1998-07-31,481.7170104980469
1998-08-03,475.2579956054688
1998-08-04,461.3500061035156
1998-08-05,441.7839965820313
1998-08-06,433.8330078125
1998-08-07,423.6130065917969
1998-08-10,421.1669921875
1998-08-11,407.0639953613281
1998-08-12,408.635009765625
1998-08-13,402.9410095214844
1998-08-14,414.6300048828125
1998-08-18,403.8550109863281
1998-08-19,405.8900146484375
1998-08-20,399.3299865722656
1998-08-21,388.3450012207031
1998-08-24,370.5450134277344
1998-08-25,367.14300537109375
1998-08-26,360.927001953125
1998-08-27,354.94500732421875
1998-08-28,339.02099609375
1998-08-31,342.4360046386719
1998-09-01,325.85400390625
1998-09-02,329.625
1998-09-03,334.7879943847656
1998-09-04,325.5559997558594
1998-09-07,335.8099975585937
1998-09-08,330.4129943847656
1998-09-09,325.7619934082031
1998-09-10,327.27099609375
1998-09-11,324.0400085449219
1998-09-14,320.5950012207031
1998-09-15,292.15301513671875
1998-09-16,290.9159851074219
1998-09-17,285.4750061035156
1998-09-18,271.6709899902344
1998-09-21,256.8340148925781
1998-09-22,260.8760070800781
1998-09-23,262.25
1998-09-24,282.1600036621094
1998-09-25,275.2239990234375
1998-09-28,275.0010070800781
1998-09-29,276.00799560546875
1998-09-30,276.1499938964844
1998-10-01,273.8680114746094
1998-10-02,263.22900390625
1998-10-05,261.3139953613281
1998-10-06,258.1059875488281
1998-10-07,266.1700134277344
1998-10-08,288.54998779296875
1998-10-09,304.8399963378906
1998-10-12,307.4169921875
1998-10-13,313.9859924316406
1998-10-14,303.19000244140625
1998-10-15,304.84698486328125
1998-10-16,337.5870056152344
1998-10-19,336.4179992675781
1998-10-20,336.57598876953125
1998-10-21,322.3210144042969
1998-10-22,316.7950134277344
1998-10-23,313.4150085449219
1998-10-26,315.3110046386719
1998-10-27,318.1010131835937
1998-10-28,312.2900085449219
1998-10-29,309.4119873046875
1998-10-30,300.7699890136719
1998-11-02,307.197998046875
1998-11-03,317.1820068359375
1998-11-04,330.4590148925781
1998-11-05,355.52801513671875
1998-11-06,353.9779968261719
1998-11-09,364.39300537109375
1998-11-10,357.3039855957031
1998-11-11,363.0069885253906
1998-11-12,357.9760131835937
1998-11-13,355.5400085449219
1998-11-16,356.2260131835937
1998-11-18,369.9939880371094
1998-11-19,379.1189880371094
1998-11-20,403.6520080566406
1998-11-23,424.9869995117188
1998-11-24,420.0799865722656
1998-11-25,387.3829956054688
1998-11-26,394.6780090332031
1998-11-27,392.3200073242188
1998-11-30,386.27099609375
1998-12-01,387.7349853515625
1998-12-02,396.9639892578125
1998-12-03,393.7950134277344
1998-12-04,390.3949890136719
1998-12-07,399.4599914550781
1998-12-08,398.9010009765625
1998-12-09,398.7829895019531
1998-12-10,403.6679992675781
1998-12-11,405.5950012207031
1998-12-14,404.7030029296875
1998-12-15,400.7650146484375
1998-12-16,412.6940002441406
1998-12-17,405.5840148925781
1998-12-18,403.9620056152344
1998-12-21,404.50299072265625
1998-12-22,406.4649963378906
1998-12-23,400.5190124511719
1998-12-24,401.8550109863281
1998-12-28,400.1759948730469
1998-12-29,396.7330017089844
1998-12-30,398.0379943847656
1999-01-04,394.0079956054688
1999-01-05,408.7030029296875
1999-01-06,427.0799865722656
1999-01-07,457.9400024414063
1999-01-08,439.4939880371094
1999-01-11,437.2959899902344
1999-01-12,436.1900024414063
1999-01-13,419.10400390625
1999-01-14,408.5539855957031
1999-01-15,402.4020080566406
1999-01-25,382.4779968261719
1999-01-26,398.1520080566406
1999-01-27,410.25
1999-01-28,407.27099609375
1999-01-29,411.9320068359375
1999-02-01,409.1119995117188
1999-02-02,405.16400146484375
1999-02-03,410.5559997558594
1999-02-04,409.0220031738281
1999-02-05,405.5530090332031
1999-02-08,399.6900024414063
1999-02-09,402.8259887695313
1999-02-10,398.6809997558594
1999-02-11,402.6480102539063
1999-02-12,400.552001953125
1999-02-15,396.9240112304688
1999-02-16,398.8479919433594
1999-02-17,397.9750061035156
1999-02-18,403.41400146484375
1999-02-19,404.01800537109375
1999-02-22,398.6700134277344
1999-02-23,397.93499755859375
1999-02-24,401.99798583984375
1999-02-25,397.8030090332031
1999-02-26,396.0889892578125
1999-03-01,396.3250122070313
1999-03-02,394.9660034179688
1999-03-03,395.8070068359375
1999-03-04,394.1539916992188
1999-03-05,388.6789855957031
1999-03-08,384.5679931640625
1999-03-09,379.4209899902344
1999-03-10,373.802001953125
1999-03-11,378.6440124511719
1999-03-12,375.93701171875
1999-03-15,372.3179931640625
1999-03-16,379.4530029296875
1999-03-17,387.8810119628906
1999-03-19,394.2170104980469
1999-03-22,392.2829895019531
1999-03-23,394.8089904785156
1999-03-24,391.3450012207031
1999-03-25,395.8290100097656
1999-03-26,392.947998046875
1999-03-29,392.8619995117188
1999-03-30,393.625
1999-04-01,394.4330139160156
1999-04-05,395.3370056152344
1999-04-06,395.5130004882813
1999-04-07,395.9110107421875
1999-04-08,400.00201416015625
1999-04-09,421.2130126953125
1999-04-12,421.1499938964844
1999-04-13,432.51800537109375
1999-04-14,435.5559997558594
1999-04-15,447.47900390625
1999-04-16,479.5320129394531
1999-04-19,508.1470031738281
1999-04-20,485.9700012207031
1999-04-21,480.625
1999-04-22,479.2420043945313
1999-04-23,473.5870056152344
1999-04-26,470.406005859375
1999-04-27,469.2049865722656
1999-04-28,481.343994140625
1999-04-29,490.989990234375
1999-04-30,495.2219848632813
1999-05-03,523.3579711914062
1999-05-04,548.2410278320312
1999-05-05,563.8400268554688
1999-05-06,580.905029296875
1999-05-07,575.1179809570312
1999-05-10,574.35498046875
1999-05-11,573.22998046875
1999-05-12,576.5040283203125
1999-05-14,591.6339721679688
1999-05-17,590.7999877929688
1999-05-18,577.885986328125
1999-05-19,593.60400390625
1999-05-20,594.052978515625
1999-05-21,591.6640014648438
1999-05-24,613.6409912109375
1999-05-25,619.8770141601562
1999-05-26,605.7869873046875
1999-05-27,603.1160278320312
1999-05-28,583.6489868164062
1999-05-31,585.2420043945312
1999-06-01,583.2570190429688
1999-06-02,574.3150024414062
1999-06-03,587.5689697265625
1999-06-04,612.3779907226562
1999-06-08,686.947021484375
1999-06-09,678.969970703125
1999-06-10,664.5689697265625
1999-06-11,668.281005859375
1999-06-14,679.448974609375
1999-06-15,670.1599731445312
1999-06-16,661.8519897460938
1999-06-17,681.0390014648438
1999-06-18,707.8839721679688
1999-06-21,716.4600219726562
1999-06-22,710.6820068359375
1999-06-23,700.6690063476562
1999-06-24,682.1190185546875
1999-06-25,673.155029296875
1999-06-28,672.1270141601562
1999-06-29,680.5609741210938
1999-06-30,662.0250244140625
1999-07-01,673.0419921875
1999-07-02,670.5380249023438
1999-07-05,665.1439819335938
1999-07-06,681.5869750976562
1999-07-07,665.77099609375
1999-07-08,660.2540283203125
1999-07-09,656.6439819335938
1999-07-12,663.1240234375
1999-07-13,656.18701171875
1999-07-14,664.8820190429688
1999-07-15,660.5419921875
1999-07-16,662.3670043945312
1999-07-19,658.27099609375
1999-07-20,649.8610229492188
1999-07-21,641.1069946289062
1999-07-22,642.655029296875
1999-07-23,625.8300170898438
1999-07-26,592.7210083007812
1999-07-27,573.2160034179688
1999-07-28,599.2570190429688
1999-07-29,616.427978515625
1999-07-30,597.8740234375
1999-08-02,596.5130004882812
1999-08-03,618.9860229492188
1999-08-04,614.39501953125
1999-08-05,606.27001953125
1999-08-06,607.8350219726562
1999-08-09,594.1090087890625
1999-08-10,576.343017578125
1999-08-11,554.2630004882812
1999-08-12,565.218017578125
1999-08-13,557.708984375
1999-08-16,560.4810180664062
1999-08-18,561.364990234375
1999-08-19,581.7459716796875
1999-08-20,576.1669921875
1999-08-23,584.802978515625
1999-08-24,586.2360229492188
1999-08-25,585.2570190429688
1999-08-26,581.5130004882812
1999-08-27,572.6669921875
1999-08-30,566.6699829101562
1999-08-31,567.0260009765625
1999-09-01,571.7760009765625
1999-09-02,571.114990234375
1999-09-03,565.1959838867188
1999-09-06,540.427001953125
1999-09-07,545.3510131835938
1999-09-08,520.6209716796875
1999-09-09,538.0150146484375
1999-09-10,562.7760009765625
1999-09-13,569.6519775390625
1999-09-14,562.0590209960938
1999-09-15,548.6119995117188
1999-09-16,548.7559814453125
1999-09-17,547.0170288085938
1999-09-20,543.3330078125
1999-09-21,547.2639770507812
1999-09-22,545.447998046875
1999-09-23,528.1719970703125
1999-09-24,517.5419921875
1999-09-27,515.0670166015625
1999-09-28,529.2210083007812
1999-09-29,526.468994140625
1999-09-30,547.93701171875
1999-10-01,566.0419921875
1999-10-04,555.3040161132812
1999-10-05,566.2509765625
1999-10-06,588.7490234375
1999-10-07,585.344970703125
1999-10-08,588.2369995117188
1999-10-11,584.0599975585938
1999-10-12,571.3820190429688
1999-10-13,571.947021484375
1999-10-14,567.7769775390625
1999-10-15,567.9180297851562
1999-10-18,553.2130126953125
1999-10-19,583.64697265625
1999-10-20,584.4249877929688
1999-10-21,616.489990234375
1999-10-22,604.1840209960938
1999-10-25,597.0679931640625
1999-10-26,594.2529907226562
1999-10-27,576.5189819335938
1999-10-28,577.9320068359375
1999-10-29,593.8690185546875
1999-11-01,595.083984375
1999-11-02,594.405029296875
1999-11-03,603.5869750976562
1999-11-04,618.510009765625
1999-11-05,626.0440063476562
1999-11-08,628.3070068359375
1999-11-09,638.8200073242188
1999-11-10,638.9119873046875
1999-11-11,638.4920043945312
1999-11-12,635.22998046875
1999-11-15,635.7979736328125
1999-11-16,641.7310180664062
1999-11-17,641.4749755859375
1999-11-18,636.6190185546875
1999-11-19,633.31201171875
1999-11-22,630.1699829101562
1999-11-23,618.448974609375
1999-11-24,599.7230224609375
1999-11-25,588.6599731445312
1999-11-26,596.35498046875
1999-11-29,582.8179931640625
1999-11-30,583.7999877929688
1999-12-01,597.541015625
1999-12-02,598.4089965820312
1999-12-03,613.4849853515625
1999-12-06,624.385986328125
1999-12-07,621.6489868164062
1999-12-08,620.9769897460938
1999-12-09,631.552978515625
1999-12-10,633.8389892578125
1999-12-13,630.5549926757812
1999-12-14,648.3939819335938
1999-12-15,652.3839721679688
1999-12-16,646.5059814453125
1999-12-17,638.822021484375
1999-12-20,646.0590209960938
1999-12-21,656.8880004882812
1999-12-22,661.0540161132812
1999-12-23,666.1329956054688
1999-12-27,681.3809814453125
1999-12-28,677.218017578125
1999-12-29,674.8800048828125
1999-12-30,676.9190063476562
2000-01-04,700.218017578125
2000-01-05,678.0869750976562
2000-01-06,688.52099609375
2000-01-11,696.0029907226562
2000-01-12,690.1640014648438
2000-01-13,691.6099853515625
2000-01-14,690.8920288085938
2000-01-17,703.4829711914062
2000-01-18,685.7160034179688
2000-01-19,655.9949951171875
2000-01-20,670.1530151367188
2000-01-21,664.6939697265625
2000-01-24,656.7219848632812
2000-01-25,649.8579711914062
2000-01-26,643.385009765625
2000-01-27,644.6510009765625
2000-01-28,634.6690063476562
2000-01-31,636.3720092773438
2000-02-01,616.8560180664062
2000-02-02,603.5759887695312
2000-02-03,614.3099975585938
2000-02-04,634.9979858398438
2000-02-07,636.427978515625
2000-02-08,629.9000244140625
2000-02-09,632.4509887695312
2000-02-10,639.2529907226562
2000-02-11,635.0780029296875
2000-02-14,633.7150268554688
2000-02-15,636.89501953125
2000-02-16,621.9019775390625
2000-02-17,600.1740112304688
2000-02-18,599.572998046875
2000-02-21,592.9879760742188
2000-02-22,583.4199829101562
2000-02-23,584.427978515625
2000-02-24,573.4869995117188
2000-02-25,568.5549926757812
2000-02-28,576.5419921875
2000-03-01,565.47802734375
2000-03-02,546.5280151367188
2000-03-03,548.552978515625
2000-03-06,566.7100219726562
2000-03-07,562.7589721679688
2000-03-08,570.052001953125
2000-03-09,585.1799926757812
2000-03-10,596.1820068359375
2000-03-13,587.5759887695312
2000-03-14,585.9210205078125
2000-03-15,586.8690185546875
2000-03-17,590.8519897460938
2000-03-20,584.8759765625
2000-03-21,578.9650268554688
2000-03-22,586.864990234375
2000-03-23,586.0070190429688
2000-03-24,581.4730224609375
2000-03-27,585.2369995117188
2000-03-28,588.7319946289062
2000-03-29,591.6790161132812
2000-03-30,583.2760009765625
2000-04-03,570.9010009765625
2000-04-05,564.1820068359375
2000-04-07,570.8150024414062
2000-04-10,569.6170043945312
2000-04-11,569.739990234375
2000-04-12,564.7369995117188
2000-04-13,565.1069946289062
2000-04-14,556.7880249023438
2000-04-17,529.2630004882812
2000-04-18,528.2589721679688
2000-04-19,526.2999877929688
2000-04-20,526.39599609375
2000-04-24,530.8489990234375
2000-04-25,519.0430297851562
2000-04-26,524.0780029296875
2000-04-27,521.6199951171875
2000-04-28,526.7369995117188
2000-05-01,524.6090087890625
2000-05-02,531.2540283203125
2000-05-03,535.3109741210938
2000-05-04,538.9660034179688
2000-05-05,545.6099853515625
2000-05-08,550.3289794921875
2000-05-09,547.6719970703125
2000-05-10,548.239990234375
2000-05-11,529.2009887695312
2000-05-12,526.8770141601562
2000-05-15,516.4299926757812
2000-05-16,497.8190002441406
2000-05-17,514.8510131835938
2000-05-19,509.4049987792969
2000-05-22,499.76800537109375
2000-05-23,495.510009765625
2000-05-24,493.2040100097656
2000-05-25,490.6820068359375
2000-05-26,482.072998046875
2000-05-29,461.3890075683594
2000-05-30,468.7080078125
2000-05-31,454.3269958496094
2000-06-02,444.447998046875
2000-06-05,453.9450073242188
2000-06-06,452.7619934082031
2000-06-07,459.46099853515625
2000-06-08,478.2090148925781
2000-06-09,477.9280090332031
2000-06-12,476.0329895019531
2000-06-13,468.3619995117188
2000-06-14,475.9330139160156
2000-06-16,484.02099609375
2000-06-19,490.68798828125
2000-06-20,490.1210021972656
2000-06-21,494.4920043945313
2000-06-22,501.8089904785156
2000-06-23,503.1449890136719
2000-06-26,507.5050048828125
2000-06-27,502.0509948730469
2000-06-28,510.1180114746094
2000-06-29,512.5969848632812
2000-06-30,515.1099853515625
2000-07-03,503.8559875488281
2000-07-04,509.2640075683594
2000-07-05,512.4660034179688
2000-07-06,513.4310302734375
2000-07-07,508.1080017089844
2000-07-10,508.4679870605469
2000-07-11,512.6170043945312
2000-07-12,510.9859924316406
2000-07-13,505.9209899902344
2000-07-14,504.114013671875
2000-07-17,506.802001953125
2000-07-18,507.0450134277344
2000-07-19,513.7780151367188
2000-07-20,513.3930053710938
2000-07-21,508.79400634765625
2000-07-24,506.9400024414063
2000-07-25,499.677001953125
2000-07-26,496.6910095214844
2000-07-27,499.1789855957031
2000-07-28,498.8039855957031
2000-07-31,492.1929931640625
2000-08-01,489.677001953125
2000-08-02,490.43701171875
2000-08-03,491.9920043945313
2000-08-04,494.1600036621094
2000-08-07,490.54400634765625
2000-08-08,485.0799865722656
2000-08-09,483.3500061035156
2000-08-10,488.6189880371094
2000-08-11,505.7909851074219
2000-08-14,504.0669860839844
2000-08-15,501.5790100097656
2000-08-16,496.3999938964844
2000-08-18,494.18798828125
2000-08-21,497.3940124511719
2000-08-22,500.0989990234375
2000-08-23,503.39599609375
2000-08-24,482.6530151367188
2000-08-25,486.9070129394531
2000-08-28,481.6669921875
2000-08-29,470.8380126953125
2000-08-30,469.0610046386719
2000-08-31,466.3800048828125
2000-09-01,470.4150085449219
2000-09-04,475.3559875488281
2000-09-05,478.4219970703125
2000-09-06,475.5459899902344
2000-09-07,472.5989990234375
2000-09-08,470.9249877929688
2000-09-11,462.5379943847656
2000-09-12,451.0450134277344
2000-09-13,442.0910034179688
2000-09-18,411.0329895019531
2000-09-19,425.12799072265625
2000-09-20,419.35198974609375
2000-09-21,417.6780090332031
2000-09-22,406.9150085449219
2000-09-25,410.8980102539063
2000-09-26,411.85400390625
2000-09-27,410.1310119628906
2000-09-28,415.5230102539063
2000-09-29,421.33599853515625
2000-10-02,432.239013671875
2000-10-03,427.71099853515625
2000-10-04,418.8299865722656
2000-10-05,423.89599609375
2000-10-06,421.9960021972656
2000-10-09,415.364013671875
2000-10-10,412.9150085449219
2000-10-11,412.3299865722656
2000-10-12,408.4240112304688
2000-10-13,408.2000122070313
2000-10-16,411.75
2000-10-17,417.4389953613281
2000-10-18,416.947998046875
2000-10-19,422.7330017089844
2000-10-20,420.33099365234375
2000-10-23,417.4509887695313
2000-10-24,418.6409912109375
2000-10-26,414.1600036621094
2000-10-27,411.8429870605469
2000-10-30,404.114990234375
2000-10-31,405.3469848632813
2000-11-01,409.3619995117188
2000-11-02,407.96099853515625
2000-11-03,409.8340148925781
2000-11-06,415.2669982910156
2000-11-07,421.0329895019531
2000-11-08,426.0759887695313
2000-11-09,421.4719848632813
2000-11-10,426.9700012207031
2000-11-13,423.66400146484375
2000-11-14,425.6099853515625
2000-11-15,418.718994140625
2000-11-16,416.9809875488281
2000-11-17,421.14300537109375
2000-11-20,426.2929992675781
2000-11-21,425.5159912109375
2000-11-22,431.7019958496094
2000-11-23,433.5480041503906
2000-11-24,434.21099853515625
2000-11-27,431.239990234375
2000-11-28,426.9429931640625
2000-11-29,425.302001953125
2000-11-30,429.2139892578125
2000-12-01,427.552001953125
2000-12-04,429.9039916992188
2000-12-05,431.43499755859375
2000-12-06,433.7219848632813
2000-12-07,435.6419982910156
2000-12-08,431.8080139160156
2000-12-11,421.4729919433594
2000-12-12,415.177001953125
2000-12-13,420.43798828125
2000-12-14,419.1960144042969
2000-12-15,423.6839904785156
2000-12-18,418.5530090332031
2000-12-19,418.7829895019531
2000-12-20,414.8699951171875
2000-12-21,415.1029968261719
2000-12-22,416.3210144042969
2001-01-02,410.2049865722656
2001-01-03,405.8290100097656
2001-01-04,409.8269958496094
2001-01-05,418.8200073242188
2001-01-08,415.7659912109375
2001-01-09,415.2730102539063
2001-01-10,417.5190124511719
2001-01-11,410.3810119628906
2001-01-12,407.364990234375
2001-01-15,411.97601318359375
2001-01-16,415.0889892578125
2001-01-17,414.6650085449219
2001-01-18,416.3450012207031
2001-01-19,411.5580139160156
2001-01-22,417.9079895019531
2001-01-23,415.7430114746094
2001-01-24,416.9670104980469
2001-01-25,417.1300048828125
2001-01-26,416.7879943847656
2001-01-29,413.052001953125
2001-01-30,416.3250122070313
2001-01-31,425.614013671875
2001-02-01,430.58099365234375
2001-02-02,451.97900390625
2001-02-05,458.9519958496094
2001-02-06,450.1099853515625
2001-02-07,444.3330078125
2001-02-08,440.7760009765625
2001-02-09,427.91400146484375
2001-02-12,424.4649963378906
2001-02-13,426.1719970703125
2001-02-14,423.2139892578125
2001-02-15,440.2229919433594
2001-02-16,432.0790100097656
2001-02-19,435.1390075683594
2001-02-20,433.6809997558594
2001-02-21,439.9030151367188
2001-02-22,437.0299987792969
2001-02-23,438.64599609375
2001-02-26,432.1499938964844
2001-02-27,433.3080139160156
2001-02-28,428.3030090332031
2001-03-01,424.0299987792969
2001-03-02,426.12701416015625
2001-03-06,431.51800537109375
2001-03-07,430.5499877929688
2001-03-08,428.0360107421875
2001-03-09,414.1059875488281
2001-03-12,396.6109924316406
2001-03-13,385.906005859375
2001-03-14,389.1929931640625
2001-03-15,386.8630065917969
2001-03-16,380.5150146484375
2001-03-19,367.1419982910156
2001-03-20,360.4490051269531
2001-03-21,369.0750122070313
2001-03-22,363.1820068359375
2001-03-23,371.4719848632813
2001-03-27,369.3030090332031
2001-03-28,375.1799926757813
2001-03-29,381.7730102539063
2001-03-30,381.0499877929688
2001-04-02,375.0320129394531
2001-04-03,372.6530151367188
2001-04-04,367.4079895019531
2001-04-05,362.4679870605469
2001-04-06,364.3429870605469
2001-04-09,362.2760009765625
2001-04-10,369.1969909667969
2001-04-11,367.156005859375
2001-04-12,365.9830017089844
2001-04-16,363.21099853515625
2001-04-17,360.0369873046875
2001-04-18,356.2300109863281
2001-04-19,349.3080139160156
2001-04-20,342.8580017089844
2001-04-23,346.4070129394531
2001-04-24,348.0989990234375
2001-04-25,353.1809997558594
2001-04-26,351.33599853515625
2001-04-27,351.56201171875
2001-04-30,358.23199462890625
2001-05-01,362.2279968261719
2001-05-02,362.7219848632813
2001-05-03,371.9389953613281
2001-05-04,375.5580139160156
2001-05-08,372.9739990234375
2001-05-09,372.1109924316406
2001-05-10,369.0329895019531
2001-05-11,370.3590087890625
2001-05-14,368.2820129394531
2001-05-15,370.8760070800781
2001-05-16,376.2279968261719
2001-05-17,376.7019958496094
2001-05-18,376.7959899902344
2001-05-21,380.3800048828125
2001-05-22,379.6700134277344
2001-05-23,380.6789855957031
2001-05-25,390.1239929199219
2001-05-28,392.7879943847656
2001-05-29,406.3840026855469
2001-05-30,408.927001953125
2001-05-31,405.8630065917969
2001-06-01,396.5140075683594
2001-06-05,396.4599914550781
2001-06-06,397.60198974609375
2001-06-07,397.9639892578125
2001-06-08,398.8110046386719
2001-06-11,404.47900390625
2001-06-12,417.0490112304688
2001-06-13,417.0830078125
2001-06-14,416.7369995117188
2001-06-15,417.56201171875
2001-06-18,421.4729919433594
2001-06-19,424.0419921875
2001-06-20,432.3210144042969
2001-06-21,435.21099853515625
2001-06-22,437.5950012207031
2001-06-25,435.75201416015625
2001-06-26,438.406005859375
2001-06-27,436.125
2001-06-28,428.4739990234375
2001-06-29,437.6199951171875
2001-07-02,431.33599853515625
2001-07-03,428.6549987792969
2001-07-04,429.0069885253906
2001-07-05,431.0050048828125
2001-07-06,432.87799072265625
2001-07-09,434.5379943847656
2001-07-10,435.60400390625
2001-07-11,437.427001953125
2001-07-12,441.4660034179688
2001-07-13,446.12799072265625
2001-07-16,443.3240051269531
2001-07-17,446.4450073242188
2001-07-18,453.3009948730469
2001-07-19,463.260986328125
2001-07-20,460.9079895019531
2001-07-23,470.22900390625
2001-07-24,457.9179992675781
2001-07-25,447.625
2001-07-26,443.6940002441406
2001-07-27,447.3810119628906
2001-07-30,449.1910095214844
2001-07-31,444.08099365234375
2001-08-01,443.1940002441406
2001-08-02,436.46099853515625
2001-08-03,435.1499938964844
2001-08-06,430.80999755859375
2001-08-07,432.9360046386719
2001-08-08,442.5260009765625
2001-08-09,430.6929931640625
2001-08-10,435.6740112304688
2001-08-13,441.1809997558594
2001-08-14,441.8970031738281
2001-08-15,436.406005859375
2001-08-16,435.3190002441406
2001-08-20,437.8689880371094
2001-08-21,437.1969909667969
2001-08-22,441.9779968261719
2001-08-23,439.6900024414063
2001-08-24,441.218994140625
2001-08-27,441.3070068359375
2001-08-28,440.9400024414063
2001-08-29,437.8410034179688
2001-08-30,434.3179931640625
2001-08-31,435.552001953125
2001-09-03,432.7720031738281
2001-09-04,441.1629943847656
2001-09-05,442.2319946289063
2001-09-06,448.6900024414063
2001-09-07,443.8059997558594
2001-09-10,443.60101318359375
2001-09-11,445.47698974609375
2001-09-12,429.8469848632813
2001-09-13,432.5669860839844
2001-09-14,425.6530151367188
2001-09-17,407.25
2001-09-18,413.8330078125
2001-09-19,422.4500122070313
2001-09-20,422.3460083007813
2001-09-21,414.427001953125
2001-09-24,410.3940124511719
2001-09-25,409.0870056152344
2001-09-26,401.01800537109375
2001-09-27,395.04400634765625
2001-09-28,392.47900390625
2001-10-01,388.6749877929688
2001-10-02,377.2319946289063
2001-10-03,371.4880065917969
2001-10-04,381.2409973144531
2001-10-05,381.5880126953125
2001-10-08,367.072998046875
2001-10-09,369.7969970703125
2001-10-10,368.2969970703125
2001-10-11,370.5889892578125
2001-10-12,378.5979919433594
2001-10-16,378.8800048828125
2001-10-17,381.3689880371094
2001-10-18,385.1650085449219
2001-10-19,387.85400390625
2001-10-22,391.760009765625
2001-10-23,391.7850036621094
2001-10-24,385.96099853515625
2001-10-25,390.43499755859375
2001-10-26,387.8219909667969
2001-10-29,384.3280029296875
2001-10-30,378.3619995117188
2001-10-31,383.7349853515625
2001-11-01,381.9989929199219
2001-11-02,380.6520080566406
2001-11-05,375.2139892578125
2001-11-06,375.4289855957031
2001-11-07,377.5010070800781
2001-11-08,381.8370056152344
2001-11-09,377.3399963378906
2001-11-12,371.3619995117188
2001-11-13,369.24798583984375
2001-11-14,372.78900146484375
2001-11-15,378.37701416015625
2001-11-16,378.6700134277344
2001-11-19,382.7869873046875
2001-11-20,381.8380126953125
2001-11-21,382.093994140625
2001-11-22,380.8340148925781
2001-11-23,382.7040100097656
2001-11-26,381.4280090332031
2001-11-27,380.97601318359375
2001-11-28,382.9010009765625
2001-11-29,380.1929931640625
2001-11-30,380.3080139160156
2001-12-03,380.7999877929688
2001-12-04,377.5570068359375
2001-12-05,377.9419860839844
2001-12-06,379.3550109863281
2001-12-07,377.21099853515625
2001-12-10,373.8630065917969
2001-12-11,371.2460021972656
2001-12-12,372.8529968261719
2001-12-13,374.6900024414063
2001-12-19,375.0740051269531
2001-12-20,377.8280029296875
2001-12-21,378.2510070800781
2001-12-26,377.9679870605469
2001-12-27,379.9670104980469
2001-12-28,392.0360107421875
2002-01-02,383.4580078125
2002-01-03,381.5119934082031
2002-01-04,385.2009887695313
2002-01-07,388.7239990234375
2002-01-08,387.6940002441406
2002-01-09,391.49798583984375
2002-01-10,402.0690002441406
2002-01-11,411.7749938964844
2002-01-14,415.8370056152344
2002-01-15,421.2539978027344
2002-01-16,423.5849914550781
2002-01-17,425.0419921875
2002-01-18,426.4110107421875
2002-01-21,426.1510009765625
2002-01-22,428.4719848632813
2002-01-23,433.9750061035156
2002-01-24,445.8559875488281
2002-01-25,452.4590148925781
2002-01-28,441.5669860839844
2002-01-29,446.8399963378906
2002-01-30,444.4240112304688
2002-01-31,451.635986328125
2002-02-01,454.2820129394531
2002-02-04,451.1719970703125
2002-02-05,450.489990234375
2002-02-06,446.2099914550781
2002-02-07,433.1700134277344
2002-02-08,436.9800109863281
2002-02-11,438.8469848632813
2002-02-13,436.78900146484375
2002-02-14,439.4020080566406
2002-02-15,449.3810119628906
2002-02-18,462.3489990234375
2002-02-19,460.6950073242188
2002-02-20,458.4580078125
2002-02-21,459.3869934082031
2002-02-25,449.3160095214844
2002-02-26,448.68798828125
2002-02-27,454.50201416015625
2002-02-28,453.2460021972656
2002-03-01,452.1619873046875
2002-03-04,455.18701171875
2002-03-05,459.27099609375
2002-03-06,476.96099853515625
2002-03-07,472.3900146484375
2002-03-08,475.114990234375
2002-03-11,474.0260009765625
2002-03-12,469.3659973144531
2002-03-13,474.0
2002-03-14,467.9909973144531
2002-03-18,469.6759948730469
2002-03-19,471.64300537109375
2002-03-20,477.2860107421875
2002-03-21,480.6470031738281
2002-03-22,484.7319946289063
2002-03-25,479.4280090332031
2002-03-26,481.8619995117188
2002-03-27,481.2860107421875
2002-03-28,481.7749938964844
2002-04-01,486.6679992675781
2002-04-02,489.0889892578125
2002-04-03,488.1570129394531
2002-04-04,502.5
2002-04-05,508.9939880371094
2002-04-08,515.0800170898438
2002-04-09,520.0009765625
2002-04-10,533.8079833984375
2002-04-11,531.5130004882812
2002-04-12,539.27001953125
2002-04-15,549.8380126953125
2002-04-16,551.6069946289062
2002-04-17,542.2739868164062
2002-04-18,534.8380126953125
2002-04-19,532.781005859375
2002-04-22,535.6849975585938
2002-04-23,543.0609741210938
2002-04-24,544.2620239257812
2002-04-25,544.5869750976562
2002-04-26,539.9630126953125
2002-04-29,525.8590087890625
2002-04-30,534.06201171875
2002-05-01,534.719970703125
2002-05-02,539.7000122070312
2002-05-03,544.0830078125
2002-05-06,539.8079833984375
2002-05-07,544.885986328125
2002-05-08,547.7410278320312
2002-05-10,543.905029296875
2002-05-13,537.1439819335938
2002-05-14,538.6279907226562
2002-05-15,538.8870239257812
2002-05-16,529.7449951171875
2002-05-17,531.5780029296875
2002-05-20,526.9340209960938
2002-05-21,525.3350219726562
2002-05-22,511.6310119628906
2002-05-23,503.66900634765625
2002-05-24,506.9549865722656
2002-05-27,512.7940063476562
2002-05-28,513.583984375
2002-05-29,520.6909790039062
2002-05-30,522.5490112304688
2002-05-31,530.7899780273438
2002-06-03,523.8699951171875
2002-06-04,518.9349975585938
2002-06-05,520.4650268554688
2002-06-06,513.7260131835938
2002-06-07,514.0280151367188
2002-06-10,511.3659973144531
2002-06-11,516.8209838867188
2002-06-12,523.9650268554688
2002-06-13,540.0800170898438
2002-06-14,545.0040283203125
2002-06-17,544.5130004882812
2002-06-18,539.8159790039062
2002-06-19,534.52001953125
2002-06-20,530.0020141601562
2002-06-21,525.8629760742188
2002-06-24,518.8109741210938
2002-06-25,516.958984375
2002-06-26,503.5
2002-06-27,506.8659973144531
2002-06-28,505.0090026855469
2002-07-01,492.2659912109375
2002-07-02,483.7799987792969
2002-07-03,478.5339965820313
2002-07-04,488.7239990234375
2002-07-05,492.7799987792969
2002-07-08,484.614990234375
2002-07-09,480.3089904785156
2002-07-10,477.375
2002-07-11,470.8190002441406
2002-07-12,479.6130065917969
2002-07-15,480.9020080566406
2002-07-16,481.7669982910156
2002-07-17,479.37701416015625
2002-07-18,488.2200012207031
2002-07-19,484.8500061035156
2002-07-22,475.2739868164063
2002-07-23,477.08099365234375
2002-07-24,460.0280151367188
2002-07-25,453.1549987792969
2002-07-26,441.875
2002-07-29,455.08599853515625
2002-07-30,462.8190002441406
2002-07-31,463.66900634765625
2002-08-01,461.2829895019531
2002-08-02,456.3150024414063
2002-08-05,449.87298583984375
2002-08-06,440.9320068359375
2002-08-07,447.0610046386719
2002-08-08,446.4649963378906
2002-08-09,450.2359924316406
2002-08-12,448.51800537109375
2002-08-13,450.9710083007813
2002-08-14,447.6799926757813
2002-08-15,448.7330017089844
2002-08-16,450.9849853515625
2002-08-19,451.4490051269531
2002-08-20,456.7510070800781
2002-08-21,457.2239990234375
2002-08-22,454.3450012207031
2002-08-23,458.27099609375
2002-08-26,456.4089965820313
2002-08-27,452.0639953613281
2002-08-28,442.968994140625
2002-08-29,438.9240112304688
2002-08-30,443.6740112304688
2002-09-02,439.989013671875
2002-09-03,429.9880065917969
2002-09-04,420.4419860839844
2002-09-05,427.1189880371094
2002-09-06,427.7999877929688
2002-09-09,430.27099609375
2002-09-10,429.33599853515625
2002-09-11,430.1210021972656
2002-09-12,428.1830139160156
2002-09-13,421.00299072265625
2002-09-16,420.2170104980469
2002-09-17,427.1830139160156
2002-09-18,419.1210021972656
2002-09-19,408.6960144042969
2002-09-20,408.7990112304688
2002-09-23,410.7720031738281
2002-09-24,408.3039855957031
2002-09-25,408.6470031738281
2002-09-26,411.9410095214844
2002-09-27,412.9729919433594
2002-09-30,419.3070068359375
2002-10-01,407.51800537109375
2002-10-02,409.50201416015625
2002-10-03,408.4309997558594
2002-10-07,401.8429870605469
2002-10-08,402.052001953125
2002-10-09,391.8370056152344
2002-10-10,384.4869995117188
2002-10-11,376.4660034179688
2002-10-14,337.4750061035156
2002-10-15,342.2040100097656
2002-10-16,357.37701416015625
2002-10-17,355.1050109863281
2002-10-18,360.9049987792969
2002-10-21,361.8689880371094
2002-10-22,353.8139953613281
2002-10-23,354.8510131835937
2002-10-24,353.18798828125
2002-10-25,353.65399169921875
2002-10-28,361.6799926757813
2002-10-29,361.91900634765625
2002-10-30,361.1189880371094
2002-10-31,369.04400634765625
2002-11-01,371.135986328125
2002-11-04,383.8710021972656
2002-11-05,374.91400146484375
2002-11-06,369.4039916992188
2002-11-07,369.3760070800781
2002-11-08,365.7040100097656
2002-11-11,362.572998046875
2002-11-12,371.0920104980469
2002-11-13,367.10198974609375
2002-11-14,371.2510070800781
2002-11-15,374.1499938964844
2002-11-18,367.8800048828125
2002-11-19,369.1090087890625
2002-11-20,371.5929870605469
2002-11-21,373.22601318359375
2002-11-22,381.4549865722656
2002-11-25,381.8900146484375
2002-11-26,381.9469909667969
2002-11-27,383.0429992675781
2002-11-28,389.9750061035156
2002-11-29,390.4249877929688
2002-12-02,389.2699890136719
2002-12-03,397.7380065917969
2002-12-04,397.0830078125
2002-12-11,391.7420043945313
2002-12-12,393.8590087890625
2002-12-13,391.2219848632813
2002-12-16,395.2959899902344
2002-12-17,402.3940124511719
2002-12-18,406.3919982910156
2002-12-19,420.3259887695313
2002-12-20,425.1199951171875
2002-12-23,425.6059875488281
2002-12-27,424.9450073242188
2003-01-02,409.125
2003-01-03,407.5119934082031
2003-01-06,398.24700927734375
2003-01-07,394.5190124511719
2003-01-08,389.41400146484375
2003-01-09,396.0289916992188
2003-01-10,399.6650085449219
2003-01-13,396.2279968261719
2003-01-14,407.177001953125
2003-01-15,405.5979919433594
2003-01-16,397.1090087890625
2003-01-17,401.6489868164063
2003-01-20,404.4230041503906
2003-01-21,405.16400146484375
2003-01-22,405.7009887695313
2003-01-23,406.7699890136719
2003-01-24,405.3429870605469
2003-01-27,393.5580139160156
2003-01-28,395.2099914550781
2003-01-29,391.5299987792969
2003-01-30,392.2929992675781
2003-01-31,388.4429931640625
2003-02-03,390.2149963378906
2003-02-04,394.1470031738281
2003-02-05,392.31298828125
2003-02-06,394.4549865722656
2003-02-07,394.6310119628906
2003-02-10,397.2179870605469
2003-02-11,395.5589904785156
2003-02-13,395.4719848632813
2003-02-14,399.5159912109375
2003-02-17,404.3980102539063
2003-02-18,402.947998046875
2003-02-19,401.9530029296875
2003-02-20,399.9649963378906
2003-02-21,402.2439880371094
2003-02-24,403.0320129394531
2003-02-25,399.1080017089844
2003-02-26,397.5360107421875
2003-02-27,398.9490051269531
2003-02-28,399.2200012207031
2003-03-04,395.3670043945313
2003-03-05,391.1820068359375
2003-03-06,393.9849853515625
2003-03-07,389.7929992675781
2003-03-10,382.6650085449219
2003-03-11,379.35101318359375
2003-03-12,387.24700927734375
2003-03-13,383.8559875488281
2003-03-14,387.8800048828125
2003-03-17,382.1489868164063
2003-03-18,384.6369934082031
2003-03-19,385.4830017089844
2003-03-20,394.6380004882813
2003-03-21,394.03900146484375
2003-03-24,395.08599853515625
2003-03-25,394.9360046386719
2003-03-26,401.03900146484375
2003-03-27,401.3429870605469
2003-03-28,404.4320068359375
2003-03-31,398.0039978027344
2003-04-01,398.0549926757813
2003-04-02,398.0549926757813
2003-04-03,400.7569885253906
2003-04-04,405.6780090332031
2003-04-07,423.8139953613281
2003-04-08,422.1109924316406
2003-04-09,430.2760009765625
2003-04-10,430.4469909667969
2003-04-11,438.5490112304688
2003-04-14,433.9469909667969
2003-04-15,437.7239990234375
2003-04-16,442.7200012207031
2003-04-17,443.8569946289063
2003-04-21,447.9410095214844
2003-04-22,442.7369995117188
2003-04-23,447.6860046386719
2003-04-24,445.1520080566406
2003-04-25,435.0429992675781
2003-04-28,430.9169921875
2003-04-29,444.1820068359375
2003-04-30,450.8609924316406
2003-05-01,452.197998046875
2003-05-02,447.8190002441406
2003-05-05,458.9570007324219
2003-05-06,463.6119995117188
2003-05-07,473.12799072265625
2003-05-08,471.1180114746094
2003-05-09,469.6340026855469
2003-05-12,473.927001953125
2003-05-13,473.510986328125
2003-05-14,467.9389953613281
2003-05-19,459.2149963378906
2003-05-20,466.1419982910156
2003-05-21,466.2869873046875
2003-05-22,465.1289978027344
2003-05-23,472.1050109863281
2003-05-26,478.4100036621094
2003-05-27,480.2659912109375
2003-05-28,492.8179931640625
2003-05-29,494.7760009765625
2003-06-02,505.7239990234375
2003-06-03,502.4249877929688
2003-06-04,504.5320129394531
2003-06-05,511.1659851074219
2003-06-06,510.6929931640625
2003-06-09,519.3250122070312
2003-06-10,519.5430297851562
2003-06-11,515.7130126953125
2003-06-12,501.8059997558594
2003-06-13,510.47900390625
2003-06-16,512.6909790039062
2003-06-17,509.0419921875
2003-06-18,503.2330017089844
2003-06-19,509.8290100097656
2003-06-20,511.4519958496094
2003-06-23,506.31298828125
2003-06-24,500.1910095214844
2003-06-25,500.2789916992188
2003-06-26,497.8139953613281
2003-06-27,506.781005859375
2003-06-30,505.4989929199219
2003-07-01,505.66400146484375
2003-07-02,506.0710144042969
2003-07-03,507.7650146484375
2003-07-04,504.0989990234375
2003-07-07,511.37799072265625
2003-07-08,518.530029296875
2003-07-09,519.8109741210938
2003-07-10,518.2459716796875
2003-07-11,524.68798828125
2003-07-14,534.9609985351562
2003-07-15,533.8300170898438
2003-07-16,524.260986328125
2003-07-17,523.552978515625
2003-07-18,525.5
2003-07-21,520.9130249023438
2003-07-22,516.7789916992188
2003-07-23,512.6209716796875
2003-07-24,505.04400634765625
2003-07-25,510.0830078125
2003-07-28,512.7940063476562
2003-07-29,511.4719848632813
2003-07-30,508.2219848632813
2003-07-31,507.9849853515625
2003-08-01,508.7030029296875
2003-08-04,503.9419860839844
2003-08-05,488.5289916992188
2003-08-06,494.4360046386719
2003-08-07,508.2699890136719
2003-08-08,505.3599853515625
2003-08-11,504.8410034179688
2003-08-12,506.4169921875
2003-08-13,511.2250061035156
2003-08-14,510.1289978027344
2003-08-15,516.64697265625
2003-08-19,517.052978515625
2003-08-20,518.7769775390625
2003-08-21,525.5830078125
2003-08-22,528.9429931640625
2003-08-25,529.0360107421875
2003-08-26,528.7589721679688
2003-08-27,530.8619995117188
2003-08-28,530.239990234375
2003-08-29,529.6749877929688
2003-09-01,534.3369750976562
2003-09-02,538.9390258789062
2003-09-03,558.2490234375
2003-09-04,575.1920166015625
2003-09-05,582.322998046875
2003-09-08,587.0570068359375
2003-09-09,585.2919921875
2003-09-10,572.85302734375
2003-09-11,565.6380004882812
2003-09-12,578.375
2003-09-15,574.7990112304688
2003-09-16,581.2449951171875
2003-09-17,585.9130249023438
2003-09-18,582.68701171875
2003-09-19,585.6710205078125
2003-09-23,588.510986328125
2003-09-24,605.6229858398438
2003-09-25,603.7080078125
2003-09-26,599.8400268554688
2003-09-29,597.1400146484375
2003-09-30,597.6519775390625
2003-10-01,606.0390014648438
2003-10-02,619.593017578125
2003-10-03,621.8619995117188
2003-10-06,615.8740234375
2003-10-07,615.3090209960938
2003-10-08,624.3280029296875
2003-10-09,636.2269897460938
2003-10-10,644.8179931640625
2003-10-13,644.4340209960938
2003-10-14,648.7160034179688
2003-10-15,650.4400024414062
2003-10-16,649.2979736328125
2003-10-17,649.64599609375
2003-10-20,652.7589721679688
2003-10-21,646.9710083007812
2003-10-22,646.1649780273438
2003-10-23,630.9920043945312
2003-10-24,634.5670166015625
2003-10-27,629.052001953125
2003-10-28,626.8619995117188
2003-10-29,624.56298828125
2003-10-30,627.833984375
2003-10-31,625.5460205078125
2003-11-03,617.260986328125
2003-11-04,626.489990234375
2003-11-05,635.8170166015625
2003-11-06,632.8109741210938
2003-11-07,626.7369995117188
2003-11-10,620.0700073242188
2003-11-11,617.718017578125
2003-11-12,619.8720092773438
2003-11-13,614.635986328125
2003-11-14,610.3350219726562
2003-11-17,607.7890014648438
2003-11-18,605.7869873046875
2003-11-19,601.93798828125
2003-11-20,605.8049926757812
2003-11-21,617.083984375
2003-12-01,629.9400024414062
2003-12-02,633.72802734375
2003-12-03,643.8629760742188
2003-12-04,641.1500244140625
2003-12-05,638.0449829101562
2003-12-08,647.77099609375
2003-12-09,644.458984375
2003-12-10,645.9609985351562
2003-12-11,653.323974609375
2003-12-12,656.739990234375
2003-12-15,658.52197265625
2003-12-16,656.9089965820312
2003-12-17,655.697998046875
2003-12-18,664.8770141601562
2003-12-19,672.2919921875
2003-12-22,674.39501953125
2003-12-23,679.3070068359375
2003-12-29,693.0330200195312
2003-12-30,691.89501953125
2004-01-02,704.4979858398438
2004-01-05,725.4719848632812
2004-01-06,723.989013671875
2004-01-07,709.3670043945312
2004-01-08,730.8150024414062
2004-01-09,753.6920166015625
2004-01-12,742.5059814453125
2004-01-13,743.1430053710938
2004-01-14,756.56298828125
2004-01-15,763.4530029296875
2004-01-16,770.333984375
2004-01-19,766.4829711914062
2004-01-20,773.125
2004-01-21,776.301025390625
2004-01-23,785.8790283203125
2004-01-26,786.8740234375
2004-01-27,772.4940185546875
2004-01-28,767.1069946289062
2004-01-29,759.6439819335938
2004-01-30,752.9320068359375
2004-02-03,730.3189697265625
2004-02-04,730.2750244140625
2004-02-05,736.468017578125
2004-02-06,758.9240112304688
2004-02-09,767.2550048828125
2004-02-10,766.77099609375
2004-02-11,769.7930297851562
2004-02-12,766.0830078125
2004-02-13,773.1400146484375
2004-02-16,775.2249755859375
2004-02-17,776.9990234375
2004-02-18,785.906982421875
2004-02-19,789.4320068359375
2004-02-20,794.4669799804688
2004-02-24,780.7529907226562
2004-02-25,777.052978515625
2004-02-26,776.0159912109375
2004-02-27,761.0809936523438
2004-03-01,759.0059814453125
2004-03-02,779.7459716796875
2004-03-03,776.8259887695312
2004-03-04,774.7680053710938
2004-03-05,778.010009765625
2004-03-08,772.8679809570312
2004-03-09,771.0780029296875
2004-03-10,760.3270263671875
2004-03-11,741.197998046875
2004-03-12,738.1519775390625
2004-03-15,724.1510009765625
2004-03-16,716.177001953125
2004-03-17,730.5850219726562
2004-03-18,733.5700073242188
2004-03-19,742.9140014648438
2004-03-23,736.4420166015625
2004-03-24,738.7930297851562
2004-03-25,727.10302734375
2004-03-26,714.1290283203125
2004-03-29,716.9210205078125
2004-03-30,730.0609741210938
2004-03-31,735.677001953125
2004-04-01,737.6530151367188
2004-04-02,750.6519775390625
2004-04-06,771.5479736328125
2004-04-07,774.3989868164062
2004-04-08,779.6170043945312
2004-04-12,767.81201171875
2004-04-13,771.739013671875
2004-04-14,777.9879760742188
2004-04-15,772.9869995117188
2004-04-16,776.572021484375
2004-04-19,784.8389892578125
2004-04-20,810.8590087890625
2004-04-21,814.2030029296875
2004-04-22,804.427001953125
2004-04-23,815.4439697265625
2004-04-26,811.7449951171875
2004-04-27,818.1589965820312
2004-04-28,817.9329833984375
2004-04-29,801.9669799804688
2004-04-30,783.4130249023438
2004-05-04,779.60302734375
2004-05-05,758.0819702148438
2004-05-06,746.1170043945312
2004-05-07,743.6370239257812
2004-05-10,707.218017578125
2004-05-11,718.260986328125
2004-05-12,744.291015625
2004-05-13,739.1370239257812
2004-05-14,722.708984375
2004-05-17,668.4769897460938
2004-05-18,676.1519775390625
2004-05-19,706.7969970703125
2004-05-21,724.9320068359375
2004-05-24,732.5800170898438
2004-05-25,717.135009765625
2004-05-26,718.0050048828125
2004-05-27,728.31298828125
2004-05-28,733.989990234375
2004-05-31,732.5159912109375
2004-06-01,731.2020263671875
2004-06-02,719.0419921875
2004-06-04,697.93701171875
2004-06-07,700.7849731445312
2004-06-08,703.5789794921875
2004-06-09,709.7529907226562
2004-06-10,706.8410034179688
2004-06-11,704.125
2004-06-14,696.3380126953125
2004-06-15,707.4110107421875
2004-06-16,707.8870239257812
2004-06-17,700.1370239257812
2004-06-18,692.7150268554688
2004-06-21,689.614990234375
2004-06-22,691.093017578125
2004-06-23,699.7559814453125
2004-06-24,709.3510131835938
2004-06-25,720.2319946289062
2004-06-28,720.5390014648438
2004-06-29,722.2930297851562
2004-06-30,732.4010009765625
2004-07-01,729.8079833984375
2004-07-02,745.0250244140625
2004-07-05,745.0250244140625
2004-07-06,768.2550048828125
2004-07-07,771.6640014648438
2004-07-08,759.7420043945312
2004-07-09,761.1400146484375
2004-07-12,757.5750122070312
2004-07-13,756.5819702148438
2004-07-14,744.3159790039062
2004-07-15,745.3400268554688
2004-07-16,756.094970703125
2004-07-19,754.2730102539062
2004-07-20,756.6669921875
2004-07-21,761.239013671875
2004-07-22,761.5180053710938
2004-07-23,766.3670043945312
2004-07-26,761.8040161132812
2004-07-27,759.2789916992188
2004-07-28,760.2000122070312
2004-07-29,760.9730224609375
2004-07-30,756.9829711914062
2004-08-02,749.4580078125
2004-08-03,757.2949829101562
2004-08-04,758.3040161132812
2004-08-05,762.010986328125
2004-08-06,753.9320068359375
2004-08-09,750.0399780273438
2004-08-10,752.4429931640625
2004-08-11,763.947021484375
2004-08-12,758.1790161132812
2004-08-13,755.9199829101562
2004-08-16,751.9500122070312
2004-08-17,751.9500122070312
2004-08-18,754.2540283203125
2004-08-19,753.6890258789062
2004-08-20,750.4719848632812
2004-08-23,749.3709716796875
2004-08-24,738.8660278320312
2004-08-25,731.7160034179688
2004-08-26,735.2540283203125
2004-08-27,746.760009765625
2004-08-30,753.0250244140625
2004-08-31,754.7039794921875
2004-09-01,775.0960083007812
2004-09-02,780.27099609375
2004-09-03,786.489990234375
2004-09-06,784.7869873046875
2004-09-07,786.68701171875
2004-09-08,789.135009765625
2004-09-09,782.6500244140625
2004-09-10,797.7750244140625
2004-09-14,809.0159912109375
2004-09-15,815.4860229492188
2004-09-16,813.0640258789062
2004-09-17,814.6259765625
2004-09-20,814.6259765625
2004-09-21,823.8579711914062
2004-09-22,818.22998046875
2004-09-23,816.7620239257812
2004-09-24,819.8209838867188
2004-09-27,815.5819702148438
2004-09-28,812.1270141601562
2004-09-29,812.8920288085938
2004-09-30,820.1339721679688
2004-10-01,835.905029296875
2004-10-04,856.448974609375
2004-10-05,861.3179931640625
2004-10-06,856.0599975585938
2004-10-07,849.8259887695312
2004-10-08,855.718994140625
2004-10-11,860.1439819335938
2004-10-12,849.1929931640625
2004-10-13,863.1710205078125
2004-10-14,859.6640014648438
2004-10-15,857.593017578125
2004-10-18,854.3870239257812
2004-10-19,853.3930053710938
2004-10-20,840.791015625
2004-10-21,834.1690063476562
2004-10-22,850.7739868164062
2004-10-25,846.635009765625
2004-10-26,841.35302734375
2004-10-27,849.1840209960938
2004-10-28,862.1190185546875
2004-10-29,860.4869995117188
2004-11-01,863.5889892578125
2004-11-02,881.39599609375
2004-11-03,890.364990234375
2004-11-04,888.3359985351562
2004-11-05,893.6389770507812
2004-11-08,888.7379760742188
2004-11-09,901.3800048828124
2004-11-10,918.7130126953124
2004-11-11,925.1849975585938
2004-11-12,934.030029296875
2004-11-19,934.030029296875
2004-11-22,939.9910278320312
2004-11-23,959.0189819335938
2004-11-24,961.323974609375
2004-11-25,955.6810302734376
2004-11-26,965.2160034179688
2004-11-29,964.0859985351562
2004-11-30,977.7670288085938
2004-12-01,986.198974609375
2004-12-02,997.697998046875
2004-12-03,981.406982421875
2004-12-06,983.197998046875
2004-12-07,986.4099731445312
2004-12-08,979.219970703125
2004-12-09,963.7969970703124
2004-12-10,945.22998046875
2004-12-13,935.7839965820312
2004-12-14,922.072998046875
2004-12-15,939.1510009765624
2004-12-16,957.166015625
2004-12-17,973.35400390625
2004-12-20,966.81298828125
2004-12-21,976.3189697265624
2004-12-22,985.1820068359376
2004-12-23,986.5059814453124
2004-12-27,997.5180053710938
2004-12-28,1003.9190063476562
2004-12-29,1004.4299926757812
2004-12-30,1000.2329711914062
2005-01-03,1000.8770141601562
2005-01-04,1018.5430297851562
2005-01-05,1015.4310302734376
2005-01-06,1029.885986328125
2005-01-07,1032.5250244140625
2005-01-10,1015.47802734375
2005-01-11,1011.6729736328124
2005-01-12,1008.5780029296876
2005-01-13,1021.6699829101562
2005-01-14,1021.3400268554688
2005-01-17,1024.885009765625
2005-01-18,1017.7260131835938
2005-01-19,1027.81005859375
2005-01-20,1035.7469482421875
2005-01-24,1030.717041015625
2005-01-25,1026.8929443359375
2005-01-26,1037.509033203125
2005-01-27,1044.988037109375
2005-01-28,1046.4830322265625
2005-01-31,1045.43505859375
2005-02-01,1047.531982421875
2005-02-02,1052.824951171875
2005-02-03,1049.3310546875
2005-02-04,1048.3909912109375
2005-02-07,1041.6280517578125
2005-02-08,1036.60400390625
2005-02-11,1045.8690185546875
2005-02-14,1050.7330322265625
2005-02-15,1067.199951171875
2005-02-16,1073.4449462890625
2005-02-17,1082.97802734375
2005-02-18,1092.4930419921875
2005-02-21,1093.7779541015625
2005-02-22,1099.9129638671875
2005-02-23,1102.926025390625
2005-02-24,1102.01904296875
2005-02-25,1083.3759765625
2005-02-28,1073.8280029296875
2005-03-01,1093.281005859375
2005-03-02,1082.7469482421875
2005-03-03,1094.595947265625
2005-03-04,1103.008056640625
2005-03-07,1105.2979736328125
2005-03-08,1114.20703125
2005-03-09,1116.8079833984375
2005-03-10,1108.0469970703125
2005-03-14,1123.4820556640625
2005-03-15,1119.0009765625
2005-03-16,1138.2340087890625
2005-03-17,1134.5909423828125
2005-03-18,1147.8740234375
2005-03-21,1151.5589599609375
2005-03-22,1152.6009521484375
2005-03-23,1142.14794921875
2005-03-24,1114.551025390625
2005-03-28,1100.239990234375
2005-03-29,1070.300048828125
2005-03-30,1065.126953125
2005-03-31,1080.1650390625
2005-04-01,1095.0660400390625
2005-04-04,1100.2030029296875
2005-04-05,1096.5260009765625
2005-04-06,1103.2879638671875
2005-04-07,1111.6209716796875
2005-04-08,1111.2259521484375
2005-04-11,1105.9820556640625
2005-04-12,1110.884033203125
2005-04-13,1116.6700439453125
2005-04-14,1108.43896484375
2005-04-15,1096.5179443359375
2005-04-18,1060.18896484375
2005-04-19,1062.6929931640625
2005-04-20,1070.946044921875
2005-04-21,1047.803955078125
2005-04-25,1019.875
2005-04-26,1031.7679443359375
2005-04-27,1032.218017578125
2005-04-28,1038.3570556640625
2005-04-29,1029.613037109375
2005-05-02,1026.52197265625
2005-05-03,1033.5030517578125
2005-05-04,1049.5789794921875
2005-05-06,1068.2750244140625
2005-05-09,1080.20703125
2005-05-10,1071.156982421875
2005-05-11,1057.0770263671875
2005-05-12,1063.8270263671875
2005-05-13,1059.27294921875
2005-05-16,1048.7869873046875
2005-05-17,1045.77294921875
2005-05-18,1040.262939453125
2005-05-19,1045.4649658203125
2005-05-20,1048.112060546875
2005-05-23,1045.1500244140625
2005-05-25,1049.0560302734375
2005-05-26,1054.3609619140625
2005-05-27,1061.4949951171875
2005-05-30,1062.9560546875
2005-05-31,1088.1689453125
2005-06-01,1082.9410400390625
2005-06-02,1091.4649658203125
2005-06-03,1092.501953125
2005-06-06,1096.8330078125
2005-06-07,1092.81396484375
2005-06-08,1095.510009765625
2005-06-09,1094.18896484375
2005-06-10,1096.9320068359375
2005-06-13,1100.8780517578125
2005-06-14,1105.8900146484375
2005-06-15,1119.5789794921875
2005-06-16,1125.759033203125
2005-06-17,1141.8179931640625
2005-06-20,1147.7099609375
2005-06-21,1133.3260498046875
2005-06-22,1134.6949462890625
2005-06-23,1137.4239501953125
2005-06-24,1135.6669921875
2005-06-27,1119.89794921875
2005-06-28,1127.8170166015625
2005-06-29,1126.8570556640625
2005-06-30,1122.3759765625
2005-07-01,1138.988037109375
2005-07-04,1138.8819580078125
2005-07-05,1131.16796875
2005-07-06,1117.81201171875
2005-07-07,1108.4029541015625
2005-07-08,1110.5570068359375
2005-07-11,1123.4620361328125
2005-07-12,1129.114990234375
2005-07-13,1132.7939453125
2005-07-14,1136.5689697265625
2005-07-15,1131.4610595703125
2005-07-18,1128.43994140625
2005-07-19,1132.0169677734375
2005-07-20,1140.656005859375
2005-07-21,1157.5140380859375
2005-07-22,1172.2440185546875
2005-07-25,1169.75
2005-07-26,1178.0030517578125
2005-07-27,1178.112060546875
2005-07-28,1186.614013671875
2005-07-29,1182.301025390625
2005-08-01,1178.2230224609375
2005-08-02,1189.3270263671875
2005-08-03,1192.2030029296875
2005-08-04,1185.3270263671875
2005-08-05,1174.0899658203125
2005-08-08,1158.5860595703125
2005-08-09,1162.7989501953125
2005-08-10,1176.8380126953125
2005-08-11,1167.9720458984375
2005-08-12,1153.968994140625
2005-08-15,1118.2740478515625
2005-08-16,1113.824951171875
2005-08-18,1100.2989501953125
2005-08-19,1087.9530029296875
2005-08-22,1076.35302734375
2005-08-23,1066.092041015625
2005-08-24,1035.4449462890625
2005-08-25,1061.8470458984375
2005-08-26,1048.8740234375
2005-08-29,994.77001953125
2005-08-30,1039.8199462890625
2005-08-31,1050.0899658203125
2005-09-01,1039.22998046875
2005-09-05,1035.8909912109375
2005-09-06,1051.593994140625
2005-09-07,1059.3800048828125
2005-09-08,1080.449951171875
2005-09-09,1098.4560546875
2005-09-12,1105.656982421875
2005-09-13,1085.7440185546875
2005-09-14,1058.626953125
2005-09-15,1050.906005859375
2005-09-16,1056.7259521484375
2005-09-19,1066.5909423828125
2005-09-20,1055.5909423828125
2005-09-21,1044.0560302734375
2005-09-22,1016.7579956054688
2005-09-23,1012.8510131835938
2005-09-26,1034.5849609375
2005-09-27,1037.634033203125
2005-09-28,1027.887939453125
2005-09-29,1048.302001953125
2005-09-30,1079.2750244140625
2005-10-03,1083.4139404296875
2005-10-04,1101.166015625
2005-10-05,1104.0550537109375
2005-10-06,1096.3759765625
2005-10-07,1094.6519775390625
2005-10-10,1102.780029296875
2005-10-11,1105.6290283203125
2005-10-12,1102.97998046875
2005-10-13,1090.5350341796875
2005-10-14,1096.7039794921875
2005-10-17,1090.0909423828125
2005-10-18,1095.873046875
2005-10-19,1075.9119873046875
2005-10-20,1075.4010009765625
2005-10-21,1075.9620361328125
2005-10-24,1073.08203125
2005-10-25,1062.1719970703125
2005-10-26,1062.175048828125
2005-10-27,1063.697021484375
2005-10-28,1058.2559814453125
2005-10-31,1066.2239990234375
2005-11-01,1064.9530029296875
2005-11-09,1052.821044921875
2005-11-10,1043.697021484375
2005-11-11,1028.9840087890625
2005-11-14,1017.7329711914062
2005-11-15,1022.0759887695312
2005-11-16,1025.8289794921875
2005-11-17,1033.281005859375
2005-11-18,1054.9849853515625
2005-11-21,1062.45703125
2005-11-22,1066.2939453125
2005-11-23,1061.0799560546875
2005-11-24,1078.178955078125
2005-11-25,1074.4000244140625
2005-11-28,1081.06005859375
2005-11-29,1082.2779541015625
2005-11-30,1096.6409912109375
2005-12-01,1096.3709716796875
2005-12-02,1119.4169921875
2005-12-05,1120.5780029296875
2005-12-06,1123.43505859375
2005-12-07,1151.364990234375
2005-12-08,1158.3189697265625
2005-12-09,1160.0679931640625
2005-12-12,1175.0069580078125
2005-12-13,1182.0279541015625
2005-12-14,1173.718017578125
2005-12-15,1155.9639892578125
2005-12-16,1143.426025390625
2005-12-19,1162.3280029296875
2005-12-20,1163.0340576171875
2005-12-21,1160.5589599609375
2005-12-22,1164.0169677734375
2005-12-23,1158.3380126953125
2005-12-27,1161.70703125
2005-12-28,1164.1429443359375
2005-12-29,1162.635009765625
2006-01-02,1171.708984375
2006-01-03,1184.68994140625
2006-01-04,1211.698974609375
2006-01-05,1211.0
2006-01-06,1222.2490234375
2006-01-09,1245.053955078125
2006-01-11,1261.282958984375
2006-01-12,1256.2530517578125
2006-01-13,1250.427978515625
2006-01-16,1235.2559814453125
2006-01-17,1212.8699951171875
2006-01-18,1193.196044921875
2006-01-19,1230.0589599609375
2006-01-20,1222.887939453125
2006-01-23,1200.126953125
2006-01-24,1207.219970703125
2006-01-25,1230.116943359375
2006-01-26,1226.6529541015625
2006-01-27,1229.708984375
2006-01-30,1232.321044921875
2006-02-01,1240.6949462890625
2006-02-02,1243.3929443359375
2006-02-03,1244.1259765625
2006-02-06,1245.6490478515625
2006-02-07,1259.362060546875
2006-02-08,1238.1700439453125
2006-02-09,1246.6400146484375
2006-02-10,1253.10498046875
2006-02-13,1252.404052734375
2006-02-14,1230.3780517578125
2006-02-15,1236.9429931640625
2006-02-16,1237.8740234375
2006-02-17,1243.4749755859375
2006-02-20,1247.4139404296875
2006-02-21,1236.0889892578125
2006-02-22,1231.25
2006-02-23,1224.1639404296875
2006-02-24,1216.1400146484375
2006-02-27,1235.4229736328125
2006-02-28,1230.6639404296875
2006-03-01,1239.27001953125
2006-03-02,1249.677978515625
2006-03-03,1261.2650146484375
2006-03-06,1262.68994140625
2006-03-07,1246.2509765625
2006-03-08,1233.595947265625
2006-03-09,1239.5770263671875
2006-03-10,1247.4219970703125
2006-03-13,1243.6610107421875
2006-03-14,1245.3790283203125
2006-03-15,1244.4410400390625
2006-03-16,1273.7969970703125
2006-03-17,1305.177978515625
2006-03-20,1330.113037109375
2006-03-21,1327.1419677734375
2006-03-22,1302.3280029296875
2006-03-23,1305.623046875
2006-03-24,1311.3740234375
2006-03-27,1311.949951171875
2006-03-28,1325.218994140625
2006-03-29,1322.9739990234375
2006-04-03,1329.31298828125
2006-04-04,1326.447998046875
2006-04-05,1344.5999755859375
2006-04-06,1355.012939453125
2006-04-07,1363.2979736328125
2006-04-11,1360.126953125
2006-04-12,1372.39404296875
2006-04-13,1382.1219482421875
2006-04-17,1386.7850341796875
2006-04-18,1417.375
2006-04-19,1453.22705078125
2006-04-20,1464.5279541015625
2006-04-21,1459.2879638671875
2006-04-24,1442.864990234375
2006-04-25,1458.7840576171875
2006-04-26,1481.718994140625
2006-04-27,1474.6090087890625
2006-04-28,1464.406005859375
2006-05-01,1476.4549560546875
2006-05-02,1475.8929443359375
2006-05-03,1499.071044921875
2006-05-04,1484.33203125
2006-05-05,1483.06103515625
2006-05-08,1507.926025390625
2006-05-09,1532.6240234375
2006-05-10,1539.4010009765625
2006-05-11,1553.06201171875
2006-05-12,1525.780029296875
2006-05-15,1429.5419921875
2006-05-16,1427.81396484375
2006-05-17,1462.157958984375
2006-05-18,1400.8470458984375
2006-05-19,1392.989990234375
2006-05-22,1309.0450439453125
2006-05-23,1326.260009765625
2006-05-24,1323.14697265625
2006-05-29,1333.884033203125
2006-05-30,1366.1700439453125
2006-05-31,1329.9959716796875
2006-06-01,1321.56005859375
2006-06-02,1347.68603515625
2006-06-05,1349.0379638671875
2006-06-06,1316.9449462890625
2006-06-07,1287.177978515625
2006-06-08,1241.3260498046875
2006-06-09,1274.7530517578125
2006-06-12,1273.1099853515625
2006-06-13,1236.5679931640625
2006-06-14,1234.197998046875
2006-06-15,1241.6500244140625
2006-06-16,1309.5250244140625
2006-06-19,1295.051025390625
2006-06-20,1294.969970703125
2006-06-21,1293.2869873046875
2006-06-22,1303.449951171875
2006-06-23,1290.1639404296875
2006-06-26,1283.85302734375
2006-06-27,1285.626953125
2006-06-28,1272.052978515625
2006-06-29,1274.7440185546875
2006-06-30,1310.262939453125
2006-07-03,1327.7550048828125
2006-07-04,1337.8680419921875
2006-07-05,1338.322998046875
2006-07-06,1340.02099609375
2006-07-07,1347.905029296875
2006-07-10,1339.8299560546875
2006-07-11,1343.9449462890625
2006-07-12,1345.866943359375
2006-07-13,1334.029052734375
2006-07-14,1303.5849609375
2006-07-17,1283.948974609375
2006-07-18,1286.050048828125
2006-07-19,1280.4959716796875
2006-07-20,1315.5899658203125
2006-07-21,1314.5770263671875
2006-07-24,1303.1500244140625
2006-07-25,1307.7750244140625
2006-07-26,1312.8299560546875
2006-07-27,1330.592041015625
2006-07-28,1337.4100341796875
2006-07-31,1351.6490478515625
2006-08-01,1371.6929931640625
2006-08-02,1394.364013671875
2006-08-03,1379.7149658203125
2006-08-04,1389.35302734375
2006-08-07,1403.489990234375
2006-08-08,1396.0830078125
2006-08-09,1413.0999755859375
2006-08-10,1384.85595703125
2006-08-11,1402.1910400390625
2006-08-14,1415.2239990234375
2006-08-15,1424.239013671875
2006-08-16,1437.7679443359375
2006-08-22,1435.029052734375
2006-08-23,1438.6309814453125
2006-08-24,1429.4840087890625
2006-08-25,1416.9300537109375
2006-08-28,1418.0040283203125
2006-08-29,1432.9310302734375
2006-08-30,1425.2249755859375
2006-08-31,1431.261962890625
2006-09-01,1444.489990234375
2006-09-04,1469.5589599609375
2006-09-05,1468.238037109375
2006-09-06,1472.56298828125
2006-09-07,1470.4659423828125
2006-09-08,1466.5760498046875
2006-09-11,1447.2540283203125
2006-09-12,1435.20703125
2006-09-13,1451.0799560546875
2006-09-14,1461.2919921875
2006-09-15,1465.7010498046875
2006-09-18,1474.258056640625
2006-09-19,1485.3489990234375
2006-09-20,1479.3070068359375
2006-09-21,1507.364990234375
2006-09-22,1510.824951171875
2006-09-25,1506.7559814453125
2006-09-26,1500.10498046875
2006-09-27,1523.0589599609375
2006-09-28,1533.800048828125
2006-09-29,1534.614990234375
2006-10-02,1528.906982421875
2006-10-03,1537.7099609375
2006-10-04,1537.0849609375
2006-10-05,1544.97802734375
2006-10-06,1549.6290283203125
2006-10-09,1543.4239501953125
2006-10-10,1554.9169921875
2006-10-11,1553.1190185546875
2006-10-12,1549.5350341796875
2006-10-13,1572.197998046875
2006-10-16,1561.7860107421875
2006-10-17,1566.823974609375
2006-10-18,1564.5489501953125
2006-10-19,1568.594970703125
2006-10-20,1572.845947265625
2006-10-30,1580.18896484375
2006-10-31,1582.6259765625
2006-11-01,1589.8680419921875
2006-11-02,1607.696044921875
2006-11-03,1612.9229736328125
2006-11-06,1640.8480224609375
2006-11-07,1654.1519775390625
2006-11-08,1646.0660400390625
2006-11-09,1660.2640380859375
2006-11-10,1664.8370361328125
2006-11-13,1639.27001953125
2006-11-14,1672.071044921875
2006-11-15,1670.1099853515625
2006-11-16,1668.823974609375
2006-11-17,1672.1080322265625
2006-11-20,1684.0059814453125
2006-11-21,1681.3399658203125
2006-11-22,1705.4410400390625
2006-11-23,1704.1300048828125
2006-11-24,1717.72998046875
2006-11-27,1728.9329833984375
2006-11-28,1691.083984375
2006-11-29,1713.39697265625
2006-11-30,1718.9610595703125
2006-12-01,1734.75
2006-12-04,1731.2349853515625
2006-12-05,1776.758056640625
2006-12-06,1784.427978515625
2006-12-07,1782.115966796875
2006-12-08,1775.2850341796875
2006-12-11,1759.6729736328125
2006-12-12,1754.5780029296875
2006-12-13,1753.7979736328125
2006-12-14,1767.802001953125
2006-12-15,1792.1639404296875
2006-12-18,1787.6199951171875
2006-12-19,1736.6700439453125
2006-12-20,1766.7989501953125
2006-12-21,1789.0860595703125
2006-12-22,1785.760009765625
2006-12-26,1783.97900390625
2006-12-27,1803.2640380859373
2006-12-28,1805.52294921875
2007-01-02,1836.52001953125
2007-01-03,1834.708984375
2007-01-04,1824.10302734375
2007-01-05,1832.550048828125
2007-01-08,1813.39404296875
2007-01-09,1780.8809814453125
2007-01-10,1710.366943359375
2007-01-11,1703.843994140625
2007-01-12,1678.0439453125
2007-01-15,1730.4749755859375
2007-01-16,1754.2939453125
2007-01-17,1758.4830322265625
2007-01-18,1777.7080078125
2007-01-19,1795.5589599609375
2007-01-22,1817.4090576171875
2007-01-23,1808.574951171875
2007-01-24,1805.6920166015625
2007-01-25,1773.9560546875
2007-01-26,1759.2060546875
2007-01-29,1764.9949951171875
2007-01-30,1765.52197265625
2007-01-31,1757.258056640625
2007-02-01,1771.3260498046875
2007-02-02,1780.3809814453125
2007-02-05,1768.5389404296875
2007-02-06,1761.29296875
2007-02-07,1764.9090576171875
2007-02-08,1751.3189697265625
2007-02-09,1740.3170166015625
2007-02-12,1734.4620361328125
2007-02-13,1727.3599853515625
2007-02-14,1750.9859619140625
2007-02-15,1790.405029296875
2007-02-16,1794.363037109375
2007-02-19,1799.29296875
2007-02-20,1806.4820556640625
2007-02-21,1816.5660400390625
2007-02-22,1808.4410400390625
2007-02-23,1791.552978515625
2007-02-26,1783.9510498046875
2007-02-27,1764.008056640625
2007-02-28,1740.970947265625
2007-03-01,1759.489990234375
2007-03-02,1760.01904296875
2007-03-05,1698.8199462890625
2007-03-06,1732.43798828125
2007-03-07,1743.18896484375
2007-03-08,1771.5579833984375
2007-03-09,1764.58203125
2007-03-12,1794.52197265625
2007-03-13,1797.4019775390625
2007-03-14,1762.2840576171875
2007-03-15,1776.3609619140625
2007-03-16,1777.8900146484375
2007-03-20,1775.4229736328125
2007-03-21,1779.237060546875
2007-03-22,1809.0660400390625
2007-03-23,1805.9610595703125
2007-03-26,1813.718017578125
2007-03-27,1819.6600341796875
2007-03-28,1800.3919677734375
2007-03-29,1817.718994140625
2007-03-30,1830.9239501953125
2007-04-02,1849.384033203125
2007-04-03,1894.5760498046875
2007-04-04,1922.051025390625
2007-04-05,1895.6109619140625
2007-04-09,1913.7349853515625
2007-04-10,1925.470947265625
2007-04-11,1931.0439453125
2007-04-12,1930.39697265625
2007-04-13,1941.1519775390625
2007-04-16,1963.822021484375
2007-04-17,1965.43798828125
2007-04-18,1959.677001953125
2007-04-19,1918.35302734375
2007-04-20,1968.73095703125
2007-04-23,1986.72705078125
2007-04-24,1981.5699462890625
2007-04-25,1986.6710205078125
2007-04-26,2016.032958984375
2007-04-27,2019.676025390625
2007-04-30,1999.1669921875
2007-05-01,2001.177978515625
2007-05-02,2008.5589599609373
2007-05-03,2025.64404296875
2007-05-04,2033.3680419921875
2007-05-07,2037.041015625
2007-05-08,2022.7900390625
2007-05-09,2037.97802734375
2007-05-10,2047.031005859375
2007-05-11,2022.2969970703125
2007-05-14,2044.2110595703125
2007-05-15,2037.782958984375
2007-05-16,2063.762939453125
2007-05-21,2071.27197265625
2007-05-22,2078.75390625
2007-05-23,2104.24609375
2007-05-24,2078.60498046875
2007-05-25,2060.43408203125
2007-05-28,2076.758056640625
2007-05-29,2058.736083984375
2007-05-30,2055.39599609375
2007-05-31,2084.323974609375
2007-06-04,2111.751953125
2007-06-05,2093.110107421875
2007-06-06,2102.444091796875
2007-06-07,2093.81103515625
2007-06-08,2054.449951171875
2007-06-11,2084.029052734375
2007-06-12,2108.580078125
2007-06-13,2088.60107421875
2007-06-14,2108.412109375
2007-06-15,2120.639892578125
2007-06-18,2126.492919921875
2007-06-19,2142.18603515625
2007-06-20,2161.073974609375
2007-06-21,2152.340087890625
2007-06-22,2152.321044921875
2007-06-25,2152.202880859375
2007-06-26,2153.5419921875
2007-06-27,2125.337890625
2007-06-28,2112.85107421875
2007-06-29,2139.278076171875
2007-07-02,2167.820068359375
2007-07-03,2189.118896484375
2007-07-04,2196.10498046875
2007-07-05,2220.930908203125
2007-07-06,2227.051025390625
2007-07-09,2271.343994140625
2007-07-10,2282.37890625
2007-07-11,2273.4169921875
2007-07-12,2284.916015625
2007-07-13,2301.60107421875
2007-07-16,2286.218017578125
2007-07-17,2301.342041015625
2007-07-18,2294.591064453125
2007-07-19,2333.68310546875
2007-07-20,2366.39599609375
2007-07-23,2380.2099609375
2007-07-24,2401.14404296875
2007-07-25,2394.56494140625
2007-07-26,2365.262939453125
2007-07-27,2298.4140625
2007-07-30,2301.552001953125
2007-07-31,2348.673095703125
2007-08-01,2256.30810546875
2007-08-02,2270.85400390625
2007-08-03,2269.791015625
2007-08-06,2189.10693359375
2007-08-07,2174.071044921875
2007-08-08,2262.635986328125
2007-08-09,2241.402099609375
2007-08-10,2207.39599609375
2007-08-13,2211.455078125
2007-08-14,2168.637939453125
2007-08-15,2029.0830078125
2007-08-16,1908.635009765625
2007-08-20,2041.583984375
2007-08-21,1993.0069580078125
2007-08-22,2062.990966796875
2007-08-23,2117.659912109375
2007-08-24,2143.10888671875
2007-08-27,2175.35302734375
2007-08-28,2159.60888671875
2007-08-29,2134.883056640625
2007-08-30,2150.715087890625
2007-08-31,2194.339111328125
2007-09-03,2213.573974609375
2007-09-04,2215.116943359375
2007-09-05,2214.6220703125
2007-09-06,2220.777099609375
2007-09-07,2239.90087890625
2007-09-10,2209.64208984375
2007-09-11,2211.4130859375
2007-09-12,2209.930908203125
2007-09-13,2222.74609375
2007-09-14,2225.60693359375
2007-09-17,2223.220947265625
2007-09-18,2239.862060546875
2007-09-19,2313.339111328125
2007-09-20,2304.631103515625
2007-09-21,2335.487060546875
2007-09-24,2353.6298828125
2007-09-25,2330.363037109375
2007-09-26,2361.012939453125
2007-09-27,2378.830078125
2007-09-28,2359.2060546875
2007-10-01,2399.4560546875
2007-10-02,2464.943115234375
2007-10-03,2451.5859375
2007-10-04,2473.155029296875
2007-10-05,2500.5810546875
2007-10-08,2523.700927734375
2007-10-09,2546.60791015625
2007-10-10,2591.48291015625
2007-10-11,2638.212890625
2007-10-17,2641.590087890625
2007-10-18,2616.739990234375
2007-10-19,2563.751953125
2007-10-22,2453.2109375
2007-10-23,2553.799072265625
2007-10-24,2524.98095703125
2007-10-25,2596.6630859375
2007-10-26,2624.431884765625
2007-10-29,2667.531982421875
2007-10-30,2662.922119140625
2007-10-31,2643.487060546875
2007-11-01,2704.656982421875
2007-11-02,2710.616943359375
2007-11-05,2652.47802734375
2007-11-06,2681.902099609375
2007-11-07,2713.97802734375
2007-11-08,2678.22412109375
2007-11-09,2707.6669921875
2007-11-12,2671.902099609375
2007-11-13,2654.2080078125
2007-11-14,2691.87109375
2007-11-15,2705.820068359375
2007-11-16,2668.7041015625
2007-11-19,2646.81298828125
2007-11-20,2624.862060546875
2007-11-21,2563.62109375
2007-11-22,2569.513916015625
2007-11-23,2584.346923828125
2007-11-26,2648.0439453125
2007-11-27,2627.9541015625
2007-11-28,2671.89501953125
2007-11-29,2699.81689453125
2007-11-30,2688.33203125
2007-12-03,2726.925048828125
2007-12-04,2752.943115234375
2007-12-05,2768.05810546875
2007-12-06,2795.39892578125
2007-12-07,2778.947021484375
2007-12-10,2790.264892578125
2007-12-11,2810.9619140625
2007-12-12,2795.839111328125
2007-12-13,2755.72900390625
2007-12-14,2740.06103515625
2007-12-17,2664.91796875
2007-12-18,2646.22802734375
2007-12-19,2657.97705078125
2007-12-26,2714.548095703125
2007-12-27,2739.7041015625
2007-12-28,2745.825927734375
2008-01-02,2731.507080078125
2008-01-03,2715.06494140625
2008-01-04,2765.18994140625
2008-01-07,2776.409912109375
2008-01-08,2785.625
2008-01-09,2830.262939453125
2008-01-14,2810.3720703125
2008-01-15,2730.031005859375
2008-01-16,2592.31103515625
2008-01-17,2649.279052734375
2008-01-18,2611.132080078125
2008-01-21,2485.87890625
2008-01-22,2294.52392578125
2008-01-23,2476.278076171875
2008-01-24,2516.700927734375
2008-01-25,2620.492919921875
2008-01-28,2582.049072265625
2008-01-29,2607.843017578125
2008-01-30,2610.35888671875
2008-01-31,2627.2509765625
2008-02-01,2646.821044921875
2008-02-04,2701.62890625
2008-02-05,2704.2470703125
2008-02-06,2639.0869140625
2008-02-11,2589.382080078125
2008-02-12,2592.070068359375
2008-02-13,2610.781005859375
2008-02-14,2675.64501953125
2008-02-15,2688.19091796875
2008-02-18,2684.701904296875
2008-02-19,2711.8720703125
2008-02-20,2689.256103515625
2008-02-21,2734.2099609375
2008-02-22,2741.180908203125
2008-02-25,2751.862060546875
2008-02-26,2738.8720703125
2008-02-27,2740.137939453125
2008-02-28,2756.31396484375
2008-02-29,2721.944091796875
2008-03-03,2652.31201171875
2008-03-04,2634.751953125
2008-03-05,2639.652099609375
2008-03-06,2656.4560546875
2008-03-10,2527.866943359375
2008-03-11,2523.533935546875
2008-03-12,2556.241943359375
2008-03-13,2440.592041015625
2008-03-14,2383.419921875
2008-03-17,2312.321044921875
2008-03-18,2339.794921875
2008-03-19,2323.56591796875
2008-03-24,2339.2939453125
2008-03-25,2419.615966796875
2008-03-26,2440.639892578125
2008-03-27,2451.35009765625
2008-03-28,2477.5859375
2008-03-31,2447.299072265625
2008-04-01,2393.2490234375
2008-04-02,2342.18896484375
2008-04-03,2237.970947265625
2008-04-04,2277.0849609375
2008-04-07,2286.797119140625
2008-04-08,2249.77001953125
2008-04-09,2180.089111328125
2008-04-10,2235.93408203125
2008-04-11,2303.928955078125
2008-04-14,2272.47607421875
2008-04-15,2294.257080078125
2008-04-16,2337.923095703125
2008-04-17,2341.780029296875
2008-04-18,2349.26904296875
2008-04-21,2335.888916015625
2008-04-22,2289.095947265625
2008-04-23,2314.302001953125
2008-04-24,2269.97998046875
2008-04-25,2240.577880859375
2008-04-28,2254.30810546875
2008-04-29,2303.52587890625
2008-04-30,2304.51611328125
2008-05-05,2387.986083984375
2008-05-06,2371.826904296875
2008-05-07,2382.698974609375
2008-05-08,2376.93310546875
2008-05-09,2375.027099609375
2008-05-12,2378.0029296875
2008-05-13,2418.89990234375
2008-05-14,2449.337890625
2008-05-15,2449.81103515625
2008-05-16,2468.840087890625
2008-05-21,2494.708984375
2008-05-22,2503.951904296875
2008-05-23,2465.955078125
2008-05-26,2419.72705078125
2008-05-27,2396.9990234375
2008-05-28,2433.76904296875
2008-05-29,2446.9541015625
2008-05-30,2444.34912109375
2008-06-02,2427.76806640625
2008-06-03,2403.81396484375
2008-06-04,2362.587890625
2008-06-05,2399.677001953125
2008-06-06,2402.236083984375
2008-06-09,2410.076904296875
2008-06-10,2373.81689453125
2008-06-11,2374.784912109375
2008-06-12,2409.008056640625
2008-06-13,2398.4169921875
2008-06-16,2398.041015625
2008-06-17,2377.97607421875
2008-06-18,2364.580078125
2008-06-19,2373.06201171875
2008-06-20,2371.77587890625
2008-06-23,2362.743896484375
2008-06-24,2365.3779296875
2008-06-25,2341.362060546875
2008-06-26,2350.89208984375
2008-06-27,2332.114990234375
2008-06-30,2349.10498046875
2008-07-01,2378.80810546875
2008-07-02,2378.47412109375
2008-07-03,2286.611083984375
2008-07-04,2314.7509765625
2008-07-07,2303.818115234375
2008-07-08,2278.972900390625
2008-07-09,2286.02587890625
2008-07-10,2276.23095703125
2008-07-11,2276.85302734375
2008-07-14,2259.5400390625
2008-07-15,2214.85205078125
2008-07-16,2218.125
2008-07-17,2167.712890625
2008-07-18,2141.135009765625
2008-07-21,2195.06689453125
2008-07-22,2212.75390625
2008-07-23,2225.843994140625
2008-07-24,2257.053955078125
2008-07-25,2245.343994140625
2008-07-28,2275.676025390625
2008-07-29,2278.68408203125
2008-07-31,2304.508056640625
2008-08-01,2248.75
2008-08-04,2227.675048828125
2008-08-05,2185.618896484375
2008-08-06,2187.2041015625
2008-08-07,2199.010986328125
2008-08-08,2195.926025390625
2008-08-11,2133.919921875
2008-08-12,2057.5791015625
2008-08-13,2063.52099609375
2008-08-14,2106.64208984375
2008-08-15,2085.14794921875
2008-08-19,2042.498046875
2008-08-20,2069.697998046875
2008-08-21,2088.2509765625
2008-08-22,2120.490966796875
2008-08-25,2127.22412109375
2008-08-26,2107.548095703125
2008-08-27,2131.06298828125
2008-08-28,2144.847900390625
2008-08-29,2165.943115234375
2008-09-01,2164.6201171875
2008-09-02,2159.052001953125
2008-09-03,2116.0
2008-09-04,2075.23388671875
2008-09-05,2022.56396484375
2008-09-08,2037.998046875
2008-09-09,1958.751953125
2008-09-10,1885.04296875
2008-09-11,1870.133056640625
2008-09-12,1804.06201171875
2008-09-15,1719.2540283203125
2008-09-16,1735.635986328125
2008-09-17,1769.89404296875
2008-09-18,1787.6729736328125
2008-09-19,1891.7320556640625
2008-09-22,1897.342041015625
2008-09-23,1873.0999755859373
2008-09-24,1883.551025390625
2008-09-25,1870.06103515625
2008-09-26,1846.0909423828125
2008-10-06,1648.739013671875
2008-10-07,1619.720947265625
2008-10-08,1451.6689453125
2008-10-13,1461.873046875
2008-10-14,1555.967041015625
2008-10-15,1520.406982421875
2008-10-16,1463.2509765625
2008-10-17,1399.4239501953125
2008-10-20,1426.93798828125
2008-10-21,1440.1490478515625
2008-10-22,1379.7430419921875
2008-10-23,1337.2039794921875
2008-10-24,1244.864013671875
2008-10-27,1166.4090576171875
2008-10-28,1111.3900146484375
2008-10-29,1113.6240234375
2008-10-30,1173.863037109375
2008-10-31,1256.7039794921875
2008-11-03,1352.7159423828125
2008-11-04,1369.7850341796875
2008-11-05,1366.2750244140625
2008-11-06,1307.89697265625
2008-11-07,1338.3599853515625
2008-11-10,1340.6810302734375
2008-11-11,1336.5570068359375
2008-11-12,1326.6209716796875
2008-11-13,1259.7130126953125
2008-11-14,1264.376953125
2008-11-17,1236.9329833984375
2008-11-18,1189.862060546875
2008-11-19,1180.3570556640625
2008-11-20,1154.969970703125
2008-11-21,1146.2760009765625
2008-11-24,1141.4010009765625
2008-11-25,1154.1409912109375
2008-11-26,1193.1510009765625
2008-11-27,1202.073974609375
2008-11-28,1241.541015625
2008-12-01,1223.125
2008-12-02,1191.3580322265625
2008-12-03,1192.5260009765625
2008-12-04,1205.323974609375
2008-12-05,1202.342041015625
2008-12-09,1266.115966796875
2008-12-10,1315.89501953125
2008-12-11,1316.6939697265625
2008-12-12,1262.968017578125
2008-12-15,1359.2779541015625
2008-12-16,1342.8360595703125
2008-12-17,1363.9840087890625
2008-12-18,1351.7640380859375
2008-12-19,1348.2850341796875
2008-12-22,1345.3079833984375
2008-12-23,1343.7159423828125
2008-12-24,1336.614013671875
2008-12-30,1355.407958984375
2009-01-05,1437.3380126953125
2009-01-06,1435.5369873046875
2009-01-07,1421.469970703125
2009-01-08,1402.6610107421875
2009-01-09,1416.6700439453125
2009-01-12,1406.552978515625
2009-01-13,1399.7330322265625
2009-01-14,1386.906005859375
2009-01-15,1343.4940185546875
2009-01-16,1363.8759765625
2009-01-19,1350.68701171875
2009-01-20,1344.1510009765625
2009-01-21,1321.4530029296875
2009-01-22,1327.322998046875
2009-01-23,1315.5849609375
2009-01-27,1336.6309814453125
2009-01-28,1321.4510498046875
2009-01-29,1324.6500244140625
2009-01-30,1332.6669921875
2009-02-02,1310.6429443359375
2009-02-03,1304.3310546875
2009-02-04,1320.363037109375
2009-02-05,1328.074951171875
2009-02-06,1350.6409912109375
2009-02-09,1342.2259521484375
2009-02-10,1332.1290283203125
2009-02-11,1324.823974609375
2009-02-12,1325.4210205078125
2009-02-13,1338.741943359375
2009-02-16,1342.001953125
2009-02-17,1318.0400390625
2009-02-18,1330.6099853515625
2009-02-19,1323.696044921875
2009-02-20,1296.9420166015625
2009-02-23,1312.43896484375
2009-02-24,1295.8690185546875
2009-02-25,1300.1080322265625
2009-02-26,1290.321044921875
2009-02-27,1285.4759521484375
2009-03-02,1256.1090087890625
2009-03-03,1264.8160400390625
2009-03-04,1289.3800048828125
2009-03-05,1288.073974609375
2009-03-06,1286.6929931640625
2009-03-10,1300.2149658203125
2009-03-11,1314.51904296875
2009-03-12,1310.4139404296875
2009-03-13,1327.43701171875
2009-03-16,1324.8470458984375
2009-03-17,1312.092041015625
2009-03-18,1322.8370361328125
2009-03-19,1341.60302734375
2009-03-20,1360.8890380859375
2009-03-23,1406.64697265625
2009-03-24,1436.115966796875
2009-03-25,1419.9730224609375
2009-03-27,1462.7449951171875
2009-03-30,1419.092041015625
2009-03-31,1434.073974609375
2009-04-01,1461.748046875
2009-04-02,1499.7330322265625
2009-04-03,1500.3609619140625
2009-04-06,1516.6409912109375
2009-04-07,1490.8570556640625
2009-04-08,1465.75
2009-04-13,1540.4029541015625
2009-04-14,1570.260986328125
2009-04-15,1593.6629638671875
2009-04-16,1625.0870361328125
2009-04-17,1634.7900390625
2009-04-20,1661.844970703125
2009-04-22,1615.2320556640625
2009-04-23,1592.699951171875
2009-04-24,1591.3360595703125
2009-04-27,1576.0810546875
2009-04-28,1595.9150390625
2009-04-29,1644.18505859375
2009-04-30,1722.7659912109375
2009-05-01,1729.58203125
2009-05-04,1788.14697265625
2009-05-05,1772.0699462890625
2009-05-06,1798.3360595703125
2009-05-07,1828.85205078125
2009-05-08,1862.531982421875
2009-05-11,1830.740966796875
2009-05-12,1842.02197265625
2009-05-13,1851.33203125
2009-05-14,1785.0030517578125
2009-05-15,1750.9139404296875
2009-05-18,1803.5679931640625
2009-05-19,1886.0159912109373
2009-05-20,1885.7220458984373
2009-05-22,1881.708984375
2009-05-25,1890.970947265625
2009-05-26,1857.5860595703125
2009-05-27,1892.843017578125
2009-05-28,1902.8759765625
2009-05-29,1916.8310546875
2009-06-01,1998.5799560546875
2009-06-02,1998.6429443359373
2009-06-03,2010.9139404296875
2009-06-04,2032.7159423828125
2009-06-05,2078.930908203125
2009-06-08,2056.64697265625
2009-06-09,2093.2939453125
2009-06-10,2108.81396484375
2009-06-11,2089.5849609375
2009-06-12,2090.943115234375
2009-06-15,2069.875
2009-06-16,2030.365966796875
2009-06-17,2024.9649658203125
2009-06-18,1950.987060546875
2009-06-19,1990.4720458984373
2009-06-22,1975.0269775390625
2009-06-23,1914.385009765625
2009-06-24,1995.6739501953125
2009-06-25,2044.1710205078125
2009-06-26,2040.1929931640625
2009-06-29,2033.7159423828125
2009-06-30,2026.780029296875
2009-07-01,2059.884033203125
2009-07-02,2065.7529296875
2009-07-03,2075.302001953125
2009-07-06,2035.010009765625
2009-07-07,2083.2470703125
2009-07-09,2083.97412109375
2009-07-10,2063.093994140625
2009-07-13,2020.1390380859373
2009-07-14,2056.5791015625
2009-07-15,2123.278076171875
2009-07-16,2117.949951171875
2009-07-17,2106.35302734375
2009-07-21,2146.553955078125
2009-07-22,2125.614990234375
2009-07-23,2160.717041015625
2009-07-24,2185.654052734375
2009-07-27,2209.10107421875
2009-07-28,2237.10498046875
2009-07-29,2225.81201171875
2009-07-30,2298.135009765625
2009-07-31,2323.236083984375
2009-08-03,2338.797119140625
2009-08-04,2360.093994140625
2009-08-05,2317.06298828125
2009-08-06,2359.97705078125
2009-08-07,2349.133056640625
2009-08-10,2389.56201171875
2009-08-11,2399.27587890625
2009-08-12,2347.35791015625
2009-08-13,2396.489990234375
2009-08-14,2386.864990234375
2009-08-18,2336.987060546875
2009-08-19,2277.751953125
2009-08-20,2328.638916015625
2009-08-21,2333.89697265625
2009-08-24,2375.8740234375
2009-08-25,2380.52099609375
2009-08-26,2380.0869140625
2009-08-27,2356.06396484375
2009-08-28,2377.2470703125
2009-08-31,2341.537109375
2009-09-01,2326.9140625
2009-09-02,2285.925048828125
2009-09-03,2322.24609375
2009-09-04,2322.736083984375
2009-09-07,2340.39208984375
2009-09-08,2371.302001953125
2009-09-09,2383.337890625
2009-09-10,2411.863037109375
2009-09-11,2415.946044921875
2009-09-14,2382.701904296875
2009-09-15,2420.10888671875
2009-09-16,2439.35693359375
2009-09-17,2456.986083984375
2009-09-24,2468.902099609375
2009-09-25,2444.583984375
2009-09-28,2397.827880859375
2009-09-29,2443.8310546875
2009-09-30,2467.591064453125
2009-10-01,2477.970947265625
2009-10-02,2479.847900390625
2009-10-05,2480.4130859375
2009-10-06,2528.14599609375
2009-10-07,2513.406005859375
2009-10-08,2484.51806640625
2009-10-09,2474.40087890625
2009-10-12,2456.68896484375
2009-10-13,2471.991943359375
2009-10-14,2511.720947265625
2009-10-15,2515.383056640625
2009-10-16,2515.805908203125
2009-10-19,2520.924072265625
2009-10-20,2502.216064453125
2009-10-21,2476.797119140625
2009-10-22,2433.18408203125
2009-10-23,2467.947998046875
2009-10-26,2467.714111328125
2009-10-27,2425.200927734375
2009-10-28,2355.31396484375
2009-10-29,2344.032958984375
2009-10-30,2367.700927734375
2009-11-02,2371.64208984375
2009-11-03,2334.10595703125
2009-11-04,2371.85595703125
2009-11-05,2367.214111328125
2009-11-06,2395.10595703125
2009-11-09,2406.43408203125
2009-11-10,2381.955078125
2009-11-11,2403.87890625
2009-11-12,2420.281005859375
2009-11-13,2426.801025390625
2009-11-16,2468.675048828125
2009-11-17,2473.7890625
2009-11-18,2484.22900390625
2009-11-19,2468.7880859375
2009-11-20,2487.364990234375
2009-11-23,2481.416015625
2009-11-24,2471.884033203125
2009-11-25,2461.528076171875
2009-11-26,2393.51904296875
2009-11-30,2415.8369140625
2009-12-01,2452.5009765625
2009-12-02,2471.56396484375
2009-12-03,2500.037109375
2009-12-04,2511.544921875
2009-12-07,2483.758056640625
2009-12-08,2483.89208984375
2009-12-09,2481.297119140625
2009-12-10,2486.43701171875
2009-12-11,2519.09912109375
2009-12-14,2506.385986328125
2009-12-15,2494.737060546875
2009-12-16,2522.544921875
2009-12-17,2509.575927734375
2009-12-21,2431.388916015625
2009-12-22,2467.636962890625
2009-12-23,2474.883056640625
2009-12-28,2509.69189453125
2009-12-29,2518.993896484375
2009-12-30,2534.35595703125
2010-01-04,2575.4130859375
2010-01-05,2605.277099609375
2010-01-06,2603.297119140625
2010-01-07,2586.89501953125
2010-01-08,2614.3701171875
2010-01-11,2632.2041015625
2010-01-12,2659.551025390625
2010-01-13,2632.8720703125
2010-01-14,2645.180908203125
2010-01-15,2647.090087890625
2010-01-18,2642.548095703125
2010-01-19,2666.071044921875
2010-01-20,2667.26611328125
2010-01-21,2638.382080078125
2010-01-22,2610.340087890625
2010-01-25,2597.860107421875
2010-01-26,2578.4150390625
2010-01-27,2564.553955078125
2010-01-28,2619.56494140625
2010-01-29,2610.7958984375
2010-02-01,2587.549072265625
2010-02-02,2580.2509765625
2010-02-03,2604.549072265625
2010-02-04,2593.219970703125
2010-02-05,2518.97607421875
2010-02-08,2475.572021484375
2010-02-09,2489.485107421875
2010-02-10,2483.43798828125
2010-02-11,2507.7509765625
2010-02-12,2534.136962890625
2010-02-15,2517.4560546875
2010-02-16,2558.5048828125
2010-02-17,2581.340087890625
2010-02-18,2560.033935546875
2010-02-19,2554.3759765625
2010-02-22,2564.262939453125
2010-02-23,2583.65087890625
2010-02-24,2579.416015625
2010-02-25,2549.032958984375
2010-03-01,2554.674072265625
2010-03-02,2576.591064453125
2010-03-03,2567.089111328125
2010-03-04,2565.64501953125
2010-03-05,2578.77197265625
2010-03-08,2626.450927734375
2010-03-09,2657.1669921875
2010-03-10,2670.218994140625
2010-03-11,2676.52197265625
2010-03-12,2666.510986328125
2010-03-15,2669.60791015625
2010-03-17,2756.261962890625
2010-03-18,2737.241943359375
2010-03-19,2742.97412109375
2010-03-22,2702.40087890625
2010-03-23,2720.862060546875
2010-03-24,2774.85009765625
2010-03-25,2799.14892578125
2010-03-26,2813.08203125
2010-03-29,2794.77099609375
2010-03-30,2798.26806640625
2010-03-31,2777.301025390625
2010-04-01,2829.99609375
2010-04-05,2887.24609375
2010-04-06,2880.968994140625
2010-04-07,2898.58203125
2010-04-08,2850.833984375
2010-04-09,2845.010986328125
2010-04-12,2881.3330078125
2010-04-13,2884.699951171875
2010-04-14,2885.014892578125
2010-04-15,2900.530029296875
2010-04-16,2878.6708984375
2010-04-19,2840.425048828125
2010-04-20,2891.27001953125
2010-04-21,2912.825927734375
2010-04-22,2926.531982421875
2010-04-23,2924.73095703125
2010-04-26,2944.708984375
2010-04-27,2939.299072265625
2010-04-28,2903.319091796875
2010-04-29,2926.860107421875
2010-04-30,2971.251953125
2010-05-03,2960.89501953125
2010-05-04,2959.014892578125
2010-05-05,2846.239013671875
2010-05-06,2810.615966796875
2010-05-07,2739.3330078125
2010-05-10,2850.427001953125
2010-05-11,2812.89111328125
2010-05-12,2847.6220703125
2010-05-14,2858.385009765625
2010-05-17,2819.469970703125
2010-05-18,2834.18603515625
2010-05-19,2729.48388671875
2010-05-20,2694.2490234375
2010-05-21,2623.220947265625
2010-05-24,2609.610107421875
2010-05-25,2514.118896484375
2010-05-26,2696.780029296875
2010-05-27,2713.923095703125
2010-05-31,2796.95703125
2010-06-01,2724.614990234375
2010-06-02,2733.677978515625
2010-06-03,2810.97705078125
2010-06-04,2823.2509765625
2010-06-07,2750.23291015625
2010-06-08,2779.98291015625
2010-06-09,2785.79296875
2010-06-10,2770.787109375
2010-06-11,2801.89892578125
2010-06-14,2826.8369140625
2010-06-15,2830.173095703125
2010-06-16,2858.658935546875
2010-06-17,2891.097900390625
2010-06-18,2929.589111328125
2010-06-21,2941.903076171875
2010-06-22,2934.589111328125
2010-06-23,2924.7900390625
2010-06-24,2914.094970703125
2010-06-25,2947.02294921875
2010-06-28,2955.73193359375
2010-06-29,2893.37109375
2010-06-30,2913.68408203125
2010-07-01,2874.248046875
2010-07-02,2871.553955078125
2010-07-05,2877.303955078125
2010-07-06,2910.64794921875
2010-07-07,2902.0439453125
2010-07-08,2915.907958984375
2010-07-09,2943.89599609375
2010-07-12,2958.791015625
2010-07-13,2961.511962890625
2010-07-14,2981.05908203125
2010-07-15,2980.596923828125
2010-07-16,2992.449951171875
2010-07-19,2975.572021484375
2010-07-20,2995.44091796875
2010-07-21,3013.40087890625
2010-07-22,3009.923095703125
2010-07-23,3042.02001953125
2010-07-26,3023.698974609375
2010-07-27,3041.677978515625
2010-07-28,3057.47509765625
2010-07-29,3096.81591796875
2010-07-30,3069.280029296875
2010-08-02,3058.97900390625
2010-08-03,2973.656005859375
2010-08-04,2983.2470703125
2010-08-05,3044.94091796875
2010-08-06,3060.593017578125
2010-08-09,3082.597900390625
2010-08-10,3057.160888671875
2010-08-11,3035.318115234375
2010-08-12,3025.64404296875
2010-08-13,3053.010009765625
2010-08-16,3052.59912109375
2010-08-18,3072.0869140625
2010-08-19,3105.35009765625
2010-08-20,3117.719970703125
2010-08-23,3128.73388671875
2010-08-24,3114.93896484375
2010-08-25,3138.909912109375
2010-08-26,3145.135009765625
2010-08-27,3104.73291015625
2010-08-30,3099.56494140625
2010-08-31,3081.884033203125
2010-09-01,3135.31591796875
2010-09-02,3122.14892578125
2010-09-03,3164.277099609375
2010-09-06,3217.14794921875
2010-09-07,3230.887939453125
2010-09-15,3357.031982421875
2010-09-16,3341.632080078125
2010-09-17,3384.653076171875
2010-09-20,3370.98193359375
2010-09-21,3365.037109375
2010-09-22,3343.343017578125
2010-09-23,3337.197021484375
2010-09-24,3397.6259765625
2010-09-27,3468.035888671875
2010-09-28,3472.70703125
2010-09-29,3495.464111328125
2010-09-30,3501.2958984375
2010-10-01,3547.114990234375
2010-10-04,3569.498046875
2010-10-05,3591.695068359375
2010-10-06,3603.404052734375
2010-10-07,3586.18603515625
2010-10-08,3546.9541015625
2010-10-11,3548.74609375
2010-10-12,3547.248046875
2010-10-13,3611.97900390625
2010-10-14,3618.47802734375
2010-10-15,3597.031005859375
2010-10-18,3566.91796875
2010-10-19,3592.7880859375
2010-10-20,3578.9541015625
2010-10-21,3588.010009765625
2010-10-22,3597.7451171875
2010-10-25,3643.490966796875
2010-10-26,3654.10205078125
2010-10-27,3624.467041015625
2010-10-28,3638.825927734375
2010-10-29,3635.323974609375
2010-11-01,3645.14697265625
2010-11-02,3625.488037109375
2010-11-03,3605.673095703125
2010-11-04,3629.0458984375
2010-11-05,3655.304931640625
2010-11-08,3699.262939453125
2010-11-09,3737.48388671875
2010-11-10,3756.967041015625
2010-11-11,3744.617919921875
2010-11-12,3665.845947265625
2010-11-15,3656.4619140625
2010-11-16,3674.027099609375
2010-11-18,3677.904052734375
2010-11-19,3725.048095703125
2010-11-22,3741.22900390625
2010-11-23,3678.194091796875
2010-11-24,3658.777099609375
2010-11-25,3702.012939453125
2010-11-26,3642.5
2010-11-29,3630.635986328125
2010-11-30,3531.2109375
2010-12-01,3619.093994140625
2010-12-02,3694.580078125
2010-12-03,3696.260009765625
2010-12-06,3722.346923828125
2010-12-08,3769.992919921875
2010-12-09,3786.096923828125
2010-12-10,3747.714111328125
2010-12-13,3692.23193359375
2010-12-14,3689.666015625
2010-12-15,3658.31396484375
2010-12-16,3571.738037109375
2010-12-17,3581.56494140625
2010-12-20,3568.81005859375
2010-12-21,3637.446044921875
2010-12-22,3620.68408203125
2010-12-23,3611.531005859375
2010-12-27,3625.26611328125
2010-12-28,3659.992919921875
2010-12-29,3699.217041015625
2010-12-30,3703.511962890625
2011-01-03,3727.51708984375
2011-01-04,3760.06103515625
2011-01-05,3783.708984375
2011-01-06,3736.257080078125
2011-01-07,3631.452880859375
2011-01-10,3478.549072265625
2011-01-11,3455.126953125
2011-01-12,3554.76611328125
2011-01-13,3564.93701171875
2011-01-14,3569.14404296875
2011-01-17,3535.73095703125
2011-01-18,3548.64892578125
2011-01-19,3534.283935546875
2011-01-20,3454.117919921875
2011-01-21,3379.54296875
2011-01-24,3346.06103515625
2011-01-25,3433.906005859375
2011-01-26,3501.717041015625
2011-01-27,3514.6240234375
2011-01-28,3487.610107421875
2011-01-31,3409.1669921875
2011-02-01,3442.5009765625
2011-02-02,3480.825927734375
2011-02-04,3496.1689453125
2011-02-07,3487.70703125
2011-02-08,3459.93310546875
2011-02-09,3417.470947265625
2011-02-10,3373.64404296875
2011-02-11,3391.76611328125
2011-02-14,3416.76708984375
2011-02-16,3416.784912109375
2011-02-17,3434.3798828125
2011-02-18,3501.4970703125
2011-02-21,3497.64306640625
2011-02-22,3451.10009765625
2011-02-23,3474.123046875
2011-02-24,3439.132080078125
2011-02-25,3443.530029296875
2011-02-28,3470.347900390625
2011-03-01,3512.616943359375
2011-03-02,3486.197021484375
2011-03-03,3494.5390625
2011-03-04,3542.903076171875
2011-03-07,3561.717041015625
2011-03-08,3580.31396484375
2011-03-09,3598.675048828125
2011-03-10,3587.64794921875
2011-03-11,3542.22802734375
2011-03-14,3569.839111328125
2011-03-15,3524.48291015625
2011-03-16,3531.47705078125
2011-03-17,3484.2099609375
2011-03-18,3494.070068359375
2011-03-21,3518.845947265625
2011-03-22,3517.720947265625
2011-03-23,3556.23095703125
2011-03-24,3611.64111328125
2011-03-25,3607.113037109375
2011-03-28,3602.85888671875
2011-03-29,3591.514892578125
2011-03-30,3640.97802734375
2011-03-31,3678.674072265625
2011-04-01,3707.487060546875
2011-04-04,3700.047119140625
2011-04-05,3685.93603515625
2011-04-06,3727.798095703125
2011-04-07,3730.5830078125
2011-04-08,3741.81103515625
2011-04-11,3745.837890625
2011-04-12,3719.23291015625
2011-04-13,3734.4130859375
2011-04-14,3707.97900390625
2011-04-15,3730.511962890625
2011-04-18,3727.072998046875
2011-04-19,3732.64990234375
2011-04-20,3794.761962890625
2011-04-21,3801.0810546875
2011-04-25,3788.5400390625
2011-04-26,3774.87109375
2011-04-27,3804.930908203125
2011-04-28,3808.928955078125
2011-04-29,3819.617919921875
2011-05-02,3849.300048828125
2011-05-03,3813.867919921875
2011-05-04,3814.927978515625
2011-05-05,3816.27197265625
2011-05-06,3798.553955078125
2011-05-09,3785.449951171875
2011-05-10,3800.52001953125
2011-05-11,3838.14208984375
2011-05-12,3808.7099609375
2011-05-13,3832.02099609375
2011-05-16,3799.22607421875
2011-05-18,3840.208984375
2011-05-19,3859.81005859375
2011-05-20,3872.952880859375
2011-05-23,3778.4541015625
2011-05-24,3785.943115234375
2011-05-25,3780.162109375
2011-05-26,3814.81591796875
2011-05-27,3832.3779296875
2011-05-30,3826.136962890625
2011-05-31,3836.967041015625
2011-06-01,3837.760986328125
2011-06-03,3844.02001953125
2011-06-06,3834.200927734375
2011-06-07,3842.952880859375
2011-06-08,3825.821044921875
2011-06-09,3806.18701171875
2011-06-10,3787.64794921875
2011-06-13,3748.758056640625
2011-06-14,3773.27294921875
2011-06-15,3794.2509765625
2011-06-16,3740.470947265625
2011-06-17,3722.302978515625
2011-06-20,3729.1220703125
2011-06-21,3794.93896484375
2011-06-22,3821.83203125
2011-06-23,3823.64990234375
2011-06-24,3848.55810546875
2011-06-27,3813.425048828125
2011-06-28,3830.27294921875
2011-06-30,3888.569091796875
2011-07-01,3927.097900390625
2011-07-04,3953.51708984375
2011-07-05,3924.126953125
2011-07-06,3908.9560546875
2011-07-07,3939.472900390625
2011-07-08,4003.69091796875
2011-07-11,3995.5869140625
2011-07-12,3938.014892578125
2011-07-13,3980.844970703125
2011-07-14,3997.635009765625
2011-07-15,4023.201904296875
2011-07-18,4032.97412109375
2011-07-19,4023.4169921875
2011-07-20,4050.632080078125
2011-07-21,4068.072998046875
2011-07-22,4106.82177734375
2011-07-25,4087.093994140625
2011-07-26,4132.77685546875
2011-07-27,4174.11181640625
2011-07-28,4145.8271484375
2011-07-29,4130.7998046875
2011-08-01,4193.44091796875
2011-08-02,4177.84619140625
2011-08-03,4136.5068359375
2011-08-04,4122.0859375
2011-08-05,3921.64306640625
2011-08-08,3850.26611328125
2011-08-09,3735.118896484375
2011-08-10,3863.575927734375
2011-08-11,3869.364990234375
2011-08-12,3890.52587890625
2011-08-15,3960.02197265625
2011-08-16,3953.277099609375
2011-08-18,4020.993896484375
2011-08-19,3842.748046875
2011-08-22,3839.615966796875
2011-08-23,3880.464111328125
2011-08-24,3847.02001953125
2011-08-25,3844.376953125
2011-08-26,3841.73095703125
2011-09-05,3866.172119140625
2011-09-06,3889.970947265625
2011-09-07,4001.43310546875
2011-09-08,4005.389892578125
2011-09-09,3998.501953125
2011-09-12,3896.118896484375
2011-09-13,3874.782958984375
2011-09-14,3799.037109375
2011-09-15,3774.333984375
2011-09-16,3835.180908203125
2011-09-19,3755.052001953125
2011-09-20,3752.110107421875
2011-09-21,3697.493896484375
2011-09-22,3369.14306640625
2011-09-23,3426.345947265625
2011-09-26,3316.136962890625
2011-09-27,3473.93798828125
2011-09-28,3513.166015625
2011-09-29,3537.177978515625
2011-09-30,3549.031982421875
2011-10-03,3348.7080078125
2011-10-04,3269.450927734375
2011-10-05,3293.239013671875
2011-10-06,3443.10595703125
2011-10-07,3425.68408203125
2011-10-10,3451.083984375
2011-10-11,3531.7529296875
2011-10-12,3635.930908203125
2011-10-13,3675.384033203125
2011-10-14,3664.679931640625
2011-10-17,3729.014892578125
2011-10-18,3622.027099609375
2011-10-19,3685.305908203125
2011-10-20,3622.77587890625
2011-10-21,3620.6640625
2011-10-24,3706.781982421875
2011-10-25,3710.47802734375
2011-10-26,3738.60693359375
2011-10-27,3813.00390625
2011-10-28,3829.9599609375
2011-10-31,3790.846923828125
2011-11-01,3685.011962890625
2011-11-02,3763.033935546875
2011-11-03,3705.81005859375
2011-11-04,3783.6279296875
2011-11-07,3778.239990234375
2011-11-08,3805.64794921875
2011-11-09,3857.363037109375
2011-11-10,3783.881103515625
2011-11-11,3778.885009765625
2011-11-14,3833.0400390625
2011-11-15,3813.842041015625
2011-11-16,3814.090087890625
2011-11-17,3792.2529296875
2011-11-18,3754.5
2011-11-21,3679.8291015625
2011-11-22,3735.531982421875
2011-11-23,3687.008056640625
2011-11-24,3696.031982421875
2011-11-25,3637.19189453125
2011-11-28,3647.049072265625
2011-11-29,3687.76904296875
2011-11-30,3715.080078125
2011-12-01,3781.09912109375
2011-12-02,3779.8359375
2011-12-05,3780.79296875
2011-12-06,3752.674072265625
2011-12-07,3793.235107421875
2011-12-08,3781.760986328125
2011-12-09,3759.60888671875
2011-12-12,3792.14892578125
2011-12-13,3763.5791015625
2011-12-14,3751.60400390625
2011-12-15,3701.5400390625
2011-12-16,3768.35400390625
2011-12-19,3770.287109375
2011-12-20,3752.337890625
2011-12-21,3794.26708984375
2011-12-22,3795.443115234375
2011-12-23,3797.15087890625
2011-12-27,3789.425048828125
2011-12-28,3769.214111328125
2011-12-29,3808.77197265625
2011-12-30,3821.991943359375
2012-01-02,3809.139892578125
2012-01-03,3857.882080078125
2012-01-04,3907.4208984375
2012-01-05,3906.263916015625
2012-01-06,3869.4150390625
2012-01-09,3889.072021484375
2012-01-10,3938.842041015625
2012-01-11,3909.639892578125
2012-01-12,3909.4970703125
2012-01-13,3935.325927734375
2012-01-16,3909.693115234375
2012-01-17,3954.7548828125
2012-01-18,3978.1279296875
2012-01-19,4001.072998046875
2012-01-20,3986.514892578125
2012-01-24,3994.5830078125
2012-01-25,3963.60498046875
2012-01-26,3983.43408203125
2012-01-27,3986.409912109375
2012-01-30,3915.159912109375
2012-01-31,3941.693115234375
2012-02-01,3964.97607421875
2012-02-02,4016.902099609375
2012-02-03,4015.948974609375
2012-02-06,3974.7880859375
2012-02-07,3955.451904296875
2012-02-08,3988.698974609375
2012-02-09,3978.988037109375
2012-02-10,3912.39306640625
2012-02-13,3961.902099609375
2012-02-14,3952.81689453125
2012-02-15,3953.044921875
2012-02-16,3927.60791015625
2012-02-17,3976.5419921875
2012-02-20,3980.2529296875
2012-02-21,4002.950927734375
2012-02-22,3995.02392578125
2012-02-23,3958.80908203125
2012-02-24,3894.56201171875
2012-02-27,3861.01611328125
2012-02-28,3903.556884765625
2012-02-29,3985.2099609375
2012-03-01,3962.285888671875
2012-03-02,4004.867919921875
2012-03-05,3984.89697265625
2012-03-06,3967.075927734375
2012-03-07,3942.51708984375
2012-03-08,3967.6689453125
2012-03-09,3991.5439453125
2012-03-12,3987.345947265625
2012-03-13,4008.64208984375
2012-03-14,4054.325927734375
2012-03-15,4039.97998046875
2012-03-16,4028.537109375
2012-03-19,4024.73291015625
2012-03-20,4022.16796875
2012-03-21,4036.23388671875
2012-03-22,4041.55908203125
2012-03-26,4031.705078125
2012-03-27,4079.384033203125
2012-03-28,4090.572998046875
2012-03-29,4105.1669921875
2012-03-30,4121.55078125
2012-04-02,4166.07177734375
2012-04-03,4215.44384765625
2012-04-04,4134.0361328125
2012-04-05,4166.3740234375
2012-04-09,4154.06689453125
2012-04-10,4149.798828125
2012-04-11,4130.01318359375
2012-04-12,4139.5400390625
2012-04-13,4159.27685546875
2012-04-16,4146.5810546875
2012-04-17,4157.365234375
2012-04-18,4166.23681640625
2012-04-19,4163.7158203125
2012-04-20,4181.3681640625
2012-04-23,4155.4912109375
2012-04-24,4170.35302734375
2012-04-25,4163.64306640625
2012-04-26,4180.30615234375
2012-04-27,4163.98095703125
2012-04-30,4180.73193359375
2012-05-01,4195.98388671875
2012-05-02,4219.294921875
2012-05-03,4224.0029296875
2012-05-04,4216.68115234375
2012-05-07,4158.86181640625
2012-05-08,4181.0732421875
2012-05-09,4129.06005859375
2012-05-10,4133.630859375
2012-05-11,4114.14013671875
2012-05-14,4053.06689453125
2012-05-15,4045.64404296875
2012-05-16,3980.49609375
2012-05-21,3940.10791015625
2012-05-22,4021.10009765625
2012-05-23,3981.577880859375
2012-05-24,3984.873046875
2012-05-25,3902.508056640625
2012-05-28,3918.68505859375
2012-05-29,3919.06494140625
2012-05-30,3917.916015625
2012-05-31,3832.823974609375
2012-06-01,3799.76611328125
2012-06-04,3654.58203125
2012-06-05,3717.8759765625
2012-06-06,3841.3310546875
2012-06-07,3840.595947265625
2012-06-08,3825.327880859375
2012-06-11,3866.212890625
2012-06-12,3852.577880859375
2012-06-13,3860.4609375
2012-06-14,3791.617919921875
2012-06-15,3818.10888671875
2012-06-18,3860.155029296875
2012-06-19,3880.81591796875
2012-06-20,3943.89697265625
2012-06-21,3901.7880859375
2012-06-22,3889.52294921875
2012-06-25,3857.589111328125
2012-06-26,3881.40087890625
2012-06-27,3934.866943359375
2012-06-28,3887.574951171875
2012-06-29,3955.576904296875
2012-07-02,3991.5400390625
2012-07-03,4049.89306640625
2012-07-04,4075.9169921875
2012-07-05,4069.8359375
2012-07-06,4055.197021484375
2012-07-09,3985.044921875
2012-07-10,4009.677978515625
2012-07-11,4019.133056640625
2012-07-12,3984.1201171875
2012-07-13,4019.673095703125
2012-07-16,4047.465087890625
2012-07-17,4080.672119140625
2012-07-18,4081.635009765625
2012-07-19,4096.19580078125
2012-07-20,4081.200927734375
2012-07-23,4009.79296875
2012-07-24,3992.113037109375
2012-07-25,4000.839111328125
2012-07-26,4004.77587890625
2012-07-27,4084.2119140625
2012-07-30,4099.12109375
2012-07-31,4142.3369140625
2012-08-01,4130.46484375
2012-08-02,4093.112060546875
2012-08-03,4099.81298828125
2012-08-06,4105.4990234375
2012-08-07,4085.580078125
2012-08-08,4090.708984375
2012-08-09,4131.169921875
2012-08-10,4141.56396484375
2012-08-13,4102.52978515625
2012-08-14,4121.55615234375
2012-08-15,4141.98583984375
2012-08-16,4160.5078125
2012-08-23,4162.6591796875
2012-08-24,4145.39892578125
2012-08-27,4145.8779296875
2012-08-28,4142.84814453125
2012-08-29,4093.169921875
2012-08-30,4025.5830078125
2012-08-31,4060.3310546875
2012-09-03,4117.9482421875
2012-09-04,4105.2529296875
2012-09-05,4075.35205078125
2012-09-06,4102.85693359375
2012-09-07,4143.67919921875
2012-09-10,4160.66015625
2012-09-11,4155.35595703125
2012-09-12,4174.09716796875
2012-09-13,4170.63916015625
2012-09-14,4256.998046875
2012-09-17,4255.283203125
2012-09-18,4223.89404296875
2012-09-19,4244.7109375
2012-09-20,4217.51611328125
2012-09-21,4244.62109375
2012-09-24,4200.9140625
2012-09-25,4226.88623046875
2012-09-26,4180.1630859375
2012-09-27,4225.02392578125
2012-09-28,4262.56103515625
2012-10-01,4236.29296875
2012-10-02,4256.8388671875
2012-10-03,4251.51123046875
2012-10-04,4271.4609375
2012-10-05,4311.31396484375
2012-10-08,4268.23486328125
2012-10-09,4280.25
2012-10-10,4280.009765625
2012-10-11,4284.966796875
2012-10-12,4311.39111328125
2012-10-15,4313.52197265625
2012-10-16,4329.076171875
2012-10-17,4337.52587890625
2012-10-18,4356.9658203125
2012-10-19,4331.25390625
2012-10-22,4341.376953125
2012-10-23,4330.14501953125
2012-10-24,4335.375
2012-10-25,4339.15283203125
2012-10-29,4331.365234375
2012-10-30,4364.59814453125
2012-10-31,4350.291015625
2012-11-01,4335.36181640625
2012-11-02,4338.89208984375
2012-11-05,4302.93896484375
2012-11-06,4314.26513671875
2012-11-07,4350.423828125
2012-11-08,4327.8681640625
2012-11-09,4333.64013671875
2012-11-12,4318.5908203125
2012-11-13,4332.083984375
2012-11-14,4351.2841796875
2012-11-19,4313.43896484375
2012-11-20,4312.3662109375
2012-11-21,4317.27685546875
2012-11-22,4335.9267578125
2012-11-23,4348.80810546875
2012-11-26,4375.1689453125
2012-11-27,4337.5087890625
2012-11-28,4304.8232421875
2012-11-29,4319.0859375
2012-11-30,4276.14111328125
2012-12-03,4302.44384765625
2012-12-04,4269.65185546875
2012-12-05,4286.83984375
2012-12-06,4292.60498046875
2012-12-07,4290.7958984375
2012-12-10,4302.60888671875
2012-12-11,4317.91796875
2012-12-12,4337.52783203125
2012-12-13,4320.18896484375
2012-12-14,4308.86279296875
2012-12-17,4315.85693359375
2012-12-18,4301.43603515625
2012-12-19,4275.85888671875
2012-12-20,4254.81591796875
2012-12-21,4250.2138671875
2012-12-26,4275.09423828125
2012-12-27,4281.86083984375
2012-12-28,4316.68701171875
2013-01-02,4346.47509765625
2013-01-03,4399.2578125
2013-01-04,4410.02001953125
2013-01-07,4392.37890625
2013-01-08,4397.544921875
2013-01-09,4362.92822265625
2013-01-10,4317.365234375
2013-01-11,4305.912109375
2013-01-14,4382.498046875
2013-01-15,4400.82421875
2013-01-16,4410.9638671875
2013-01-17,4398.3828125
2013-01-18,4465.48388671875
2013-01-21,4439.97412109375
2013-01-22,4416.5478515625
2013-01-23,4418.72705078125
2013-01-25,4437.59814453125
2013-01-28,4416.93701171875
2013-01-29,4439.02978515625
2013-01-30,4452.97509765625
2013-01-31,4453.703125
2013-02-01,4481.6337890625
2013-02-04,4490.56494140625
2013-02-05,4479.44091796875
2013-02-06,4498.97607421875
2013-02-07,4503.14794921875
2013-02-08,4491.26708984375
2013-02-11,4503.2470703125
2013-02-12,4548.2431640625
2013-02-13,4571.56787109375
2013-02-14,4588.6728515625
2013-02-15,4609.7861328125
2013-02-18,4612.0458984375
2013-02-19,4602.06201171875
2013-02-20,4634.451171875
2013-02-21,4632.40380859375
2013-02-22,4651.123046875
2013-02-25,4696.10693359375
2013-02-26,4663.03076171875
2013-02-27,4716.4150390625
2013-02-28,4795.7890625
2013-03-01,4811.61279296875
2013-03-04,4761.4609375
2013-03-05,4751.701171875
2013-03-06,4824.68310546875
2013-03-07,4848.298828125
2013-03-08,4874.4951171875
2013-03-11,4854.31201171875
2013-03-13,4835.43896484375
2013-03-14,4786.3671875
2013-03-15,4819.32421875
2013-03-18,4802.826171875
2013-03-19,4822.626953125
2013-03-20,4831.5
2013-03-21,4802.666015625
2013-03-22,4723.1591796875
2013-03-25,4799.6640625
2013-03-26,4842.51904296875
2013-03-27,4928.10205078125
2013-03-28,4940.98583984375
2013-04-01,4937.5751953125
2013-04-02,4957.2509765625
2013-04-03,4981.4658203125
2013-04-04,4922.61083984375
2013-04-05,4926.06787109375
2013-04-08,4897.52099609375
2013-04-09,4899.5869140625
2013-04-10,4877.47509765625
2013-04-11,4924.26318359375
2013-04-12,4937.2099609375
2013-04-15,4894.591796875
2013-04-16,4945.2529296875
2013-04-17,4998.65283203125
2013-04-18,5012.63818359375
2013-04-19,4998.4609375
2013-04-22,4996.9228515625
2013-04-23,4975.330078125
2013-04-24,5011.60693359375
2013-04-25,4994.52294921875
2013-04-26,4978.5068359375
2013-04-29,4999.751953125
2013-04-30,5034.07080078125
2013-05-01,5060.9189453125
2013-05-02,4994.0458984375
2013-05-03,4925.48291015625
2013-05-06,4991.87109375
2013-05-07,5042.7890625
2013-05-08,5089.3349609375
2013-05-10,5105.93701171875
2013-05-13,5054.6279296875
2013-05-14,5081.93994140625
2013-05-15,5089.8798828125
2013-05-16,5078.67822265625
2013-05-17,5145.68310546875
2013-05-20,5214.97607421875
2013-05-21,5188.7587890625
2013-05-22,5207.9990234375
2013-05-23,5121.40283203125
2013-05-24,5155.0927734375
2013-05-27,5085.13623046875
2013-05-28,5176.23486328125
2013-05-29,5200.69287109375
2013-05-30,5129.64697265625
2013-05-31,5068.6279296875
2013-06-03,4971.35400390625
2013-06-04,5021.61181640625
2013-06-05,5001.22119140625
2013-06-07,4865.32421875
2013-06-10,4777.365234375
2013-06-11,4609.9482421875
2013-06-12,4697.8837890625
2013-06-13,4607.6630859375
2013-06-14,4760.744140625
2013-06-17,4774.50390625
2013-06-18,4840.4521484375
2013-06-19,4806.65576171875
2013-06-20,4629.994140625
2013-06-21,4515.3720703125
2013-06-24,4429.4599609375
2013-06-25,4418.8720703125
2013-06-26,4587.72802734375
2013-06-27,4675.7490234375
2013-06-28,4818.89501953125
2013-07-01,4777.4521484375
2013-07-02,4728.7041015625
2013-07-03,4577.15283203125
2013-07-04,4581.93310546875
2013-07-05,4602.80712890625
2013-07-08,4433.625
2013-07-09,4403.7998046875
2013-07-10,4478.64404296875
2013-07-11,4604.22216796875
2013-07-12,4633.10791015625
2013-07-15,4635.72900390625
2013-07-16,4644.0390625
2013-07-17,4679.0009765625
2013-07-18,4720.43505859375
2013-07-19,4724.4111328125
2013-07-22,4678.98291015625
2013-07-23,4767.1591796875
2013-07-24,4718.10302734375
2013-07-25,4674.1171875
2013-07-26,4658.8740234375
2013-07-29,4580.466796875
2013-07-30,4608.48876953125
2013-07-31,4610.376953125
2013-08-01,4624.3359375
2013-08-02,4640.78076171875
2013-08-12,4597.77978515625
2013-08-13,4652.39697265625
2013-08-14,4699.73291015625
2013-08-15,4685.12890625
2013-08-16,4568.65380859375
2013-08-19,4313.51806640625
2013-08-20,4174.98291015625
2013-08-21,4218.4482421875
2013-08-22,4171.4130859375
2013-08-23,4169.8271484375
2013-08-26,4120.6689453125
2013-08-27,3967.842041015625
2013-08-28,4026.47509765625
2013-08-29,4103.5927734375
2013-08-30,4195.0888671875
2013-09-02,4101.23291015625
2013-09-03,4164.01220703125
2013-09-04,4073.455078125
2013-09-05,4050.864013671875
2013-09-06,4072.35400390625
2013-09-09,4191.2578125
2013-09-10,4358.14306640625
2013-09-11,4349.4189453125
2013-09-12,4356.60498046875
2013-09-13,4375.5390625
2013-09-16,4522.23876953125
2013-09-17,4517.6201171875
2013-09-18,4463.25390625
2013-09-19,4670.73291015625
2013-09-20,4583.828125
2013-09-23,4562.85693359375
2013-09-24,4460.4130859375
2013-09-25,4406.76708984375
2013-09-26,4405.89306640625
2013-09-27,4423.71923828125
2013-09-30,4316.17578125
2013-10-01,4345.89892578125
2013-10-02,4387.60400390625
2013-10-03,4418.64306640625
2013-10-04,4389.34716796875
2013-10-07,4374.958984375
2013-10-08,4432.5068359375
2013-10-09,4457.43798828125
2013-10-10,4486.67822265625
2013-10-11,4519.912109375
2013-10-16,4492.26123046875
2013-10-17,4518.93017578125
2013-10-18,4546.57080078125
2013-10-21,4578.17822265625
2013-10-22,4512.7431640625
2013-10-23,4546.4990234375
2013-10-24,4594.84521484375
2013-10-25,4580.84619140625
2013-10-28,4590.5380859375
2013-10-29,4562.77001953125
2013-10-30,4574.8779296875
2013-10-31,4510.630859375
2013-11-01,4432.5888671875
2013-11-04,4423.2880859375
2013-11-06,4449.759765625
2013-11-07,4486.10888671875
2013-11-08,4476.72021484375
2013-11-11,4441.72412109375
2013-11-12,4380.64013671875
2013-11-13,4301.89111328125
2013-11-14,4367.37109375
2013-11-15,4335.4482421875
2013-11-18,4393.591796875
2013-11-19,4398.3359375
2013-11-20,4350.7861328125
2013-11-21,4326.205078125
2013-11-22,4317.9599609375
2013-11-25,4334.80322265625
2013-11-26,4235.26123046875
2013-11-27,4251.48876953125
2013-11-28,4233.9248046875
2013-11-29,4256.43603515625
2013-12-02,4321.97705078125
2013-12-03,4288.76416015625
2013-12-04,4241.3017578125
2013-12-05,4216.89404296875
2013-12-06,4180.7880859375
2013-12-09,4214.341796875
2013-12-10,4275.67822265625
2013-12-11,4271.7431640625
2013-12-12,4212.2177734375
2013-12-13,4174.830078125
2013-12-16,4125.9560546875
2013-12-17,4182.34619140625
2013-12-18,4196.2822265625
2013-12-19,4231.97998046875
2013-12-20,4195.55615234375
2013-12-23,4189.60791015625
2013-12-24,4202.833984375
2013-12-27,4212.97998046875
2013-12-30,4274.1767578125
2014-01-02,4327.26513671875
2014-01-03,4257.6630859375
2014-01-06,4202.80908203125
2014-01-07,4175.80615234375
2014-01-08,4200.5927734375
2014-01-09,4201.2177734375
2014-01-10,4254.97119140625
2014-01-13,4390.77099609375
2014-01-15,4441.59423828125
2014-01-16,4412.48876953125
2014-01-17,4412.22802734375
2014-01-20,4431.57177734375
2014-01-21,4452.4990234375
2014-01-22,4477.48876953125
2014-01-23,4496.0419921875
2014-01-24,4437.3427734375
2014-01-27,4322.77978515625
2014-01-28,4341.65087890625
2014-01-29,4417.34912109375
2014-01-30,4418.7568359375
2014-02-03,4386.2587890625
2014-02-04,4352.255859375
2014-02-05,4384.31005859375
2014-02-06,4424.708984375
2014-02-07,4466.6650390625
2014-02-10,4450.748046875
2014-02-11,4470.18994140625
2014-02-12,4496.2861328125
2014-02-13,4491.66015625
2014-02-14,4508.0439453125
2014-02-17,4555.3681640625
2014-02-18,4556.19091796875
2014-02-19,4592.65087890625
2014-02-20,4598.22119140625
2014-02-21,4646.15283203125
2014-02-24,4623.57421875
2014-02-25,4577.291015625
2014-02-26,4532.72021484375
2014-02-27,4568.93994140625
2014-02-28,4620.2158203125
2014-03-03,4584.205078125
2014-03-04,4601.2841796875
2014-03-05,4659.171875
2014-03-06,4687.85693359375
2014-03-07,4685.89013671875
2014-03-10,4677.24609375
2014-03-11,4704.2138671875
2014-03-12,4684.384765625
2014-03-13,4726.1669921875
2014-03-14,4878.64306640625
2014-03-17,4876.18798828125
2014-03-18,4805.61181640625
2014-03-19,4821.45703125
2014-03-20,4698.97314453125
2014-03-21,4700.21484375
2014-03-24,4720.419921875
2014-03-25,4703.0908203125
2014-03-26,4728.240234375
2014-03-27,4723.05712890625
2014-03-28,4768.27685546875
2014-04-01,4873.93408203125
2014-04-02,4870.205078125
2014-04-03,4891.31982421875
2014-04-04,4857.94384765625
2014-04-07,4921.0390625
2014-04-08,4921.40380859375
2014-04-10,4765.72900390625
2014-04-11,4816.576171875
2014-04-14,4864.8837890625
2014-04-15,4870.21484375
2014-04-16,4873.01123046875
2014-04-17,4897.0517578125
2014-04-21,4892.2880859375
2014-04-22,4898.2060546875
2014-04-23,4893.14794921875
2014-04-24,4891.0791015625
2014-04-25,4897.64306640625
2014-04-28,4818.7578125
2014-04-29,4819.68115234375
2014-04-30,4840.14599609375
2014-05-02,4838.759765625
2014-05-05,4842.5029296875
2014-05-06,4834.4677734375
2014-05-07,4862.06884765625
2014-05-08,4860.88916015625
2014-05-09,4898.13818359375
2014-05-12,4912.998046875
2014-05-13,4921.39404296875
2014-05-14,4991.63623046875
2014-05-16,5031.57080078125
2014-05-19,5014.99609375
2014-05-20,4895.955078125
2014-05-21,4910.2919921875
2014-05-22,4969.8818359375
2014-05-23,4973.05712890625
2014-05-26,4963.9248046875
2014-05-28,4985.578125
2014-05-30,4893.908203125
2014-06-02,4912.0908203125
2014-06-03,4942.1572265625
2014-06-04,4932.56396484375
2014-06-05,4935.56396484375
2014-06-06,4937.17578125
2014-06-09,4885.0830078125
2014-06-10,4946.08984375
2014-06-11,4971.94580078125
2014-06-12,4934.4072265625
2014-06-13,4926.6630859375
2014-06-16,4885.458984375
2014-06-17,4909.51708984375
2014-06-18,4887.85986328125
2014-06-19,4864.27294921875
2014-06-20,4847.701171875
2014-06-23,4842.12890625
2014-06-24,4862.240234375
2014-06-25,4838.98193359375
2014-06-26,4872.419921875
2014-06-27,4845.1337890625
2014-06-30,4878.58203125
2014-07-01,4884.8251953125
2014-07-02,4908.27392578125
2014-07-03,4888.73486328125
2014-07-04,4905.8251953125
2014-07-07,4989.03076171875
2014-07-08,5024.7119140625
2014-07-10,5098.009765625
2014-07-11,5032.59912109375
2014-07-14,5021.06298828125
2014-07-15,5070.82080078125
2014-07-16,5113.93017578125
2014-07-17,5071.2021484375
2014-07-18,5087.01416015625
2014-07-21,5127.123046875
2014-07-22,5083.52099609375
2014-07-23,5093.22998046875
2014-07-24,5098.64111328125
2014-07-25,5088.8017578125
2014-08-04,5119.2451171875
2014-08-05,5109.0869140625
2014-08-06,5058.22705078125
2014-08-07,5066.97802734375
2014-08-08,5053.759765625
2014-08-11,5113.23583984375
2014-08-12,5132.39501953125
2014-08-13,5168.26904296875
2014-08-14,5155.546875
2014-08-15,5148.9619140625
2014-08-18,5156.7509765625
2014-08-19,5165.16796875
2014-08-20,5190.1669921875
2014-08-21,5206.13623046875
2014-08-22,5198.89599609375
2014-08-25,5184.9560546875
2014-08-26,5146.5517578125
2014-08-27,5165.2470703125
2014-08-28,5184.47900390625
2014-08-29,5136.86279296875
2014-09-01,5177.6181640625
2014-09-02,5201.5859375
2014-09-03,5224.134765625
2014-09-04,5205.32177734375
2014-09-05,5217.3349609375
2014-09-08,5246.48291015625
2014-09-09,5197.119140625
2014-09-10,5142.9912109375
2014-09-11,5133.033203125
2014-09-12,5143.7109375
2014-09-15,5144.89794921875
2014-09-16,5130.5029296875
2014-09-17,5188.18408203125
2014-09-18,5208.14208984375
2014-09-19,5227.58203125
2014-09-22,5219.80322265625
2014-09-23,5188.11376953125
2014-09-24,5174.0068359375
2014-09-25,5201.37890625
2014-09-26,5132.56298828125
2014-09-29,5142.01123046875
2014-09-30,5137.5791015625
2014-10-01,5140.9130859375
2014-10-02,5000.80908203125
2014-10-03,4949.34619140625
2014-10-06,5000.13818359375
2014-10-07,5032.8408203125
2014-10-08,4958.51904296875
2014-10-09,4993.87890625
2014-10-10,4962.9599609375
2014-10-13,4913.05322265625
2014-10-14,4922.58203125
2014-10-15,4962.93994140625
2014-10-16,4951.61376953125
2014-10-17,5028.94580078125
2014-10-20,5040.5322265625
2014-10-21,5029.34423828125
2014-10-22,5074.3232421875
2014-10-23,5103.51806640625
2014-10-24,5073.06787109375
2014-10-27,5024.2919921875
2014-10-28,5001.30419921875
2014-10-29,5074.05615234375
2014-10-30,5058.84912109375
2014-10-31,5089.546875
2014-11-03,5085.5087890625
2014-11-04,5070.93994140625
2014-11-05,5066.83203125
2014-11-06,5034.23095703125
2014-11-07,4987.423828125
2014-11-10,4965.38720703125
2014-11-11,5032.2841796875
2014-11-12,5048.8408203125
2014-11-13,5048.66796875
2014-11-14,5049.48779296875
2014-11-17,5053.94287109375
2014-11-18,5102.46923828125
2014-11-19,5127.93310546875
2014-11-20,5093.56591796875
2014-11-21,5112.044921875
2014-11-24,5141.76416015625
2014-11-25,5118.94482421875
2014-11-26,5133.0361328125
2014-11-27,5145.31494140625
2014-11-28,5149.88818359375
2014-12-01,5164.2880859375
2014-12-02,5175.79296875
2014-12-03,5166.0439453125
2014-12-04,5177.16015625
2014-12-05,5187.994140625
2014-12-08,5144.01416015625
2014-12-09,5122.31201171875
2014-12-10,5165.4072265625
2014-12-11,5152.69482421875
2014-12-12,5160.43310546875
2014-12-15,5108.43212890625
2014-12-16,5026.02783203125
2014-12-17,5035.64892578125
2014-12-18,5113.34521484375
2014-12-19,5144.62109375
2014-12-22,5125.77197265625
2014-12-23,5139.06787109375
2014-12-24,5166.98291015625
2014-12-29,5178.373046875
2014-12-30,5226.94677734375
2015-01-02,5242.76904296875
2015-01-05,5219.9951171875
2015-01-06,5169.06005859375
2015-01-07,5207.1181640625
2015-01-08,5211.828125
2015-01-09,5216.6650390625
2015-01-12,5187.93310546875
2015-01-13,5214.35888671875
2015-01-14,5159.66796875
2015-01-15,5188.7119140625
2015-01-16,5148.37890625
2015-01-19,5152.0927734375
2015-01-20,5166.08984375
2015-01-21,5215.26611328125
2015-01-22,5253.18310546875
2015-01-23,5323.884765625
2015-01-26,5260.02392578125
2015-01-27,5277.14892578125
2015-01-28,5268.85205078125
2015-01-29,5262.7177734375
2015-01-30,5289.40380859375
2015-02-02,5276.23583984375
2015-02-03,5291.7177734375
2015-02-04,5315.2841796875
2015-02-05,5279.89501953125
2015-02-06,5342.51513671875
2015-02-09,5348.47021484375
2015-02-10,5321.47412109375
2015-02-11,5336.51904296875
2015-02-12,5343.4111328125
2015-02-13,5374.1650390625
2015-02-16,5325.4951171875
2015-02-17,5337.5009765625
2015-02-18,5390.44921875
2015-02-20,5400.10400390625
2015-02-23,5403.27685546875
2015-02-24,5417.31396484375
2015-02-25,5445.10791015625
2015-02-26,5451.421875
2015-02-27,5450.2939453125
2015-03-02,5477.8310546875
2015-03-03,5474.619140625
2015-03-04,5448.05908203125
2015-03-05,5450.94677734375
2015-03-06,5514.787109375
2015-03-09,5444.6337890625
2015-03-10,5462.92822265625
2015-03-11,5419.56591796875
2015-03-12,5439.83203125
2015-03-13,5426.4658203125
2015-03-16,5435.27099609375
2015-03-17,5439.15283203125
2015-03-18,5413.15087890625
2015-03-19,5453.85400390625
2015-03-20,5443.06494140625
2015-03-23,5437.09814453125
2015-03-24,5447.64794921875
2015-03-25,5405.48876953125
2015-03-26,5368.7998046875
2015-03-27,5396.85400390625
2015-03-30,5438.65576171875
2015-03-31,5518.6748046875
2015-04-01,5466.8671875
2015-04-02,5456.39892578125
2015-04-06,5480.03076171875
2015-04-07,5523.2900390625
2015-04-08,5486.583984375
2015-04-09,5500.89990234375
2015-04-10,5491.33984375
2015-04-13,5447.4091796875
2015-04-14,5419.10693359375
2015-04-15,5414.546875
2015-04-16,5420.73291015625
2015-04-17,5410.64404296875
2015-04-20,5400.80322265625
2015-04-21,5460.5732421875
2015-04-22,5437.119140625
2015-04-23,5436.208984375
2015-04-24,5435.35498046875
2015-04-27,5245.44580078125
2015-04-28,5242.1572265625
2015-04-29,5105.56298828125
2015-04-30,5086.4248046875
2015-05-04,5141.13720703125
2015-05-05,5160.30810546875
2015-05-06,5184.9501953125
2015-05-07,5150.48583984375
2015-05-08,5182.212890625
2015-05-11,5172.48193359375
2015-05-12,5205.61181640625
2015-05-13,5246.1328125
2015-05-15,5227.09619140625
2015-05-18,5237.81103515625
2015-05-19,5269.37109375
2015-05-20,5292.7490234375
2015-05-21,5313.2080078125
2015-05-22,5315.15283203125
2015-05-25,5288.36181640625
2015-05-26,5320.90087890625
2015-05-27,5253.38818359375
2015-05-28,5237.40087890625
2015-05-29,5216.37890625
2015-06-01,5213.81591796875
2015-06-03,5130.4990234375
2015-06-04,5095.82080078125
2015-06-05,5100.57177734375
2015-06-08,5014.9921875
2015-06-09,4899.8818359375
2015-06-10,4933.55712890625
2015-06-11,4928.81201171875
2015-06-12,4935.81689453125
2015-06-15,4837.7939453125
2015-06-16,4872.59912109375
2015-06-17,4945.7529296875
2015-06-18,4945.4990234375
2015-06-19,4985.005859375
2015-06-22,4959.251953125
2015-06-23,4937.64794921875
2015-06-24,4953.51611328125
2015-06-25,4920.0419921875
2015-06-26,4923.0048828125
2015-06-29,4882.578125
2015-06-30,4910.658203125
2015-07-01,4904.06298828125
2015-07-02,4944.78076171875
2015-07-03,4982.91015625
2015-07-06,4916.7412109375
2015-07-07,4906.0498046875
2015-07-08,4871.57080078125
2015-07-09,4838.2841796875
2015-07-10,4859.0341796875
2015-07-13,4893.9169921875
2015-07-14,4901.80712890625
2015-07-15,4869.84912109375
2015-07-22,4906.68896484375
2015-07-23,4902.84521484375
2015-07-24,4856.59521484375
2015-07-27,4771.28515625
2015-07-28,4714.755859375
2015-07-29,4721.12109375
2015-07-30,4712.4921875
2015-07-31,4802.52880859375
2015-08-03,4800.18212890625
2015-08-04,4781.0869140625
2015-08-05,4850.5322265625
2015-08-06,4806.56396484375
2015-08-07,4770.30322265625
2015-08-10,4748.94921875
2015-08-11,4622.5908203125
2015-08-12,4479.4912109375
2015-08-13,4584.25
2015-08-14,4585.39111328125
2015-08-18,4510.47802734375
2015-08-19,4484.2421875
2015-08-20,4441.9111328125
2015-08-21,4335.953125
2015-08-24,4163.72900390625
2015-08-25,4228.5009765625
2015-08-26,4237.73291015625
2015-08-27,4430.6318359375
2015-08-28,4446.201171875
2015-08-31,4509.60693359375
2015-09-01,4412.458984375
2015-09-02,4401.29296875
2015-09-03,4433.11083984375
2015-09-04,4415.3427734375
2015-09-07,4301.365234375
2015-09-08,4318.5908203125
2015-09-09,4347.27685546875
2015-09-10,4343.26123046875
2015-09-11,4360.4677734375
2015-09-14,4390.373046875
2015-09-15,4347.16015625
2015-09-16,4332.51318359375
2015-09-17,4378.384765625
2015-09-18,4380.31982421875
2015-09-21,4376.08203125
2015-09-22,4344.0439453125
2015-09-23,4244.4267578125
2015-09-25,4209.43896484375
2015-09-28,4120.5029296875
2015-09-29,4178.408203125
2015-09-30,4223.908203125
2015-10-01,4254.8759765625
2015-10-02,4207.798828125
2015-10-05,4343.701171875
2015-10-06,4445.78076171875
2015-10-07,4487.1318359375
2015-10-08,4491.43310546875
2015-10-09,4589.34423828125
2015-10-12,4630.70703125
2015-10-13,4483.076171875
2015-10-15,4507.19482421875
2015-10-16,4521.8818359375
2015-10-19,4569.84423828125
2015-10-20,4585.82421875
2015-10-21,4605.22607421875
2015-10-22,4584.56201171875
2015-10-23,4653.14599609375
2015-10-26,4691.7109375
2015-10-27,4674.05810546875
2015-10-28,4608.740234375
2015-10-29,4472.02099609375
2015-10-30,4455.18017578125
2015-11-02,4464.958984375
2015-11-03,4533.0859375
2015-11-04,4612.56494140625
2015-11-05,4577.23291015625
2015-11-06,4566.5517578125
2015-11-09,4499.5068359375
2015-11-10,4451.05322265625
2015-11-11,4451.5888671875
2015-11-12,4462.22509765625
2015-11-13,4472.837890625
2015-11-16,4442.18017578125
2015-11-17,4500.94677734375
2015-11-18,4497.91015625
2015-11-19,4518.93994140625
2015-11-20,4561.333984375
2015-11-23,4541.06591796875
2015-11-24,4545.3779296875
2015-11-25,4585.5458984375
2015-11-26,4597.05712890625
2015-11-27,4560.56005859375
2015-11-30,4446.4580078125
2015-12-01,4557.66796875
2015-12-02,4545.86279296875
2015-12-03,4537.3818359375
2015-12-04,4508.4521484375
2015-12-07,4521.39208984375
2015-12-08,4464.18212890625
2015-12-10,4466.2099609375
2015-12-11,4393.52197265625
2015-12-14,4374.19091796875
2015-12-15,4409.171875
2015-12-16,4483.453125
2015-12-17,4555.9638671875
2015-12-18,4468.65380859375
2015-12-21,4490.68017578125
2015-12-22,4517.56787109375
2015-12-23,4522.65380859375
2015-12-28,4557.35498046875
2015-12-29,4569.36083984375
2015-12-30,4593.0078125
2016-01-04,4525.9189453125
2016-01-05,4557.82177734375
2016-01-06,4608.98193359375
2016-01-07,4530.4482421875
2016-01-08,4546.2880859375
2016-01-11,4465.48291015625
2016-01-12,4512.52685546875
2016-01-13,4537.17919921875
2016-01-14,4513.18115234375
2016-01-15,4523.97607421875
2016-01-18,4481.27587890625
2016-01-19,4491.73681640625
2016-01-20,4427.98486328125
2016-01-21,4414.1259765625
2016-01-22,4456.744140625
2016-01-25,4505.7880859375
2016-01-26,4510.4677734375
2016-01-27,4583.6279296875
2016-01-28,4602.8291015625
2016-01-29,4615.1630859375
2016-02-01,4624.634765625
2016-02-02,4587.43505859375
2016-02-03,4596.10791015625
2016-02-04,4665.81689453125
2016-02-05,4798.94580078125
2016-02-09,4768.625
2016-02-10,4732.48291015625
2016-02-11,4775.85986328125
2016-02-12,4714.39306640625
2016-02-15,4740.72607421875
2016-02-16,4745.00390625
2016-02-17,4765.5068359375
2016-02-18,4778.7939453125
2016-02-19,4697.56005859375
2016-02-22,4708.6201171875
2016-02-23,4654.05419921875
2016-02-24,4657.72216796875
2016-02-25,4658.3232421875
2016-02-26,4733.14892578125
2016-02-29,4770.9560546875
2016-03-01,4779.98486328125
2016-03-02,4836.19580078125
2016-03-03,4844.0390625
2016-03-04,4850.8828125
2016-03-07,4831.5751953125
2016-03-08,4811.0419921875
2016-03-10,4793.203125
2016-03-11,4813.77880859375
2016-03-14,4877.53076171875
2016-03-15,4849.78076171875
2016-03-16,4861.44091796875
2016-03-17,4885.68798828125
2016-03-18,4885.7080078125
2016-03-21,4885.1630859375
2016-03-22,4856.10693359375
2016-03-23,4854.17578125
2016-03-24,4827.0869140625
2016-03-28,4773.6259765625
2016-03-29,4781.296875
2016-03-30,4816.65478515625
2016-03-31,4845.37109375
2016-04-01,4843.18603515625
2016-04-04,4850.17578125
2016-04-05,4858.07177734375
2016-04-06,4868.22998046875
2016-04-07,4867.28515625
2016-04-08,4846.7041015625
2016-04-11,4786.97412109375
2016-04-12,4829.5732421875
2016-04-13,4853.0048828125
2016-04-14,4814.84619140625
2016-04-15,4823.56787109375
2016-04-18,4865.5341796875
2016-04-19,4881.93017578125
2016-04-20,4876.59619140625
2016-04-21,4903.08984375
2016-04-22,4914.73681640625
2016-04-25,4878.86181640625
2016-04-26,4814.0927734375
2016-04-27,4845.658203125
2016-04-28,4848.39013671875
2016-04-29,4838.5830078125
2016-05-02,4808.31884765625
2016-05-03,4812.26416015625
2016-05-04,4822.59521484375
2016-05-09,4749.31494140625
2016-05-10,4763.115234375
2016-05-11,4799.9638671875
2016-05-12,4803.32177734375
2016-05-13,4761.71484375
2016-05-16,4731.56201171875
2016-05-17,4729.15576171875
2016-05-18,4734.35693359375
2016-05-19,4704.216796875
2016-05-20,4711.8779296875
2016-05-23,4743.662109375
2016-05-24,4710.78515625
2016-05-25,4772.97705078125
2016-05-26,4784.56494140625
2016-05-27,4814.73095703125
2016-05-30,4836.033203125
2016-05-31,4796.869140625
2016-06-01,4839.66796875
2016-06-02,4833.22509765625
2016-06-03,4853.921875
2016-06-06,4896.02490234375
2016-06-07,4933.98876953125
2016-06-08,4916.06103515625
2016-06-09,4876.7939453125
2016-06-10,4848.05615234375
2016-06-13,4807.22607421875
2016-06-14,4821.58984375
2016-06-15,4814.82421875
2016-06-16,4814.39111328125
2016-06-17,4835.14306640625
2016-06-20,4863.53076171875
2016-06-21,4878.7138671875
2016-06-22,4896.85205078125
2016-06-23,4874.30908203125
2016-06-24,4834.56884765625
2016-06-27,4836.0517578125
2016-06-28,4882.1708984375
2016-06-29,4980.10498046875
2016-06-30,5016.64697265625
2016-07-01,4971.5810546875
2016-07-11,5069.01904296875
2016-07-12,5099.533203125
2016-07-13,5133.93310546875
2016-07-14,5083.5390625
2016-07-15,5110.17822265625
2016-07-18,5127.5009765625
2016-07-19,5172.830078125
2016-07-20,5242.8232421875
2016-07-21,5216.97314453125
2016-07-22,5197.2509765625
2016-07-25,5220.8017578125
2016-07-26,5224.39501953125
2016-07-27,5274.36083984375
2016-07-28,5299.212890625
2016-07-29,5215.994140625
2016-08-01,5361.576171875
2016-08-02,5373.3232421875
2016-08-03,5351.8779296875
2016-08-04,5373.86279296875
2016-08-05,5420.24609375
2016-08-08,5458.97900390625
2016-08-09,5440.29296875
2016-08-10,5423.94921875
2016-08-11,5419.087890625
2016-08-12,5377.19580078125
2016-08-15,5320.56103515625
2016-08-16,5371.84619140625
2016-08-18,5461.4501953125
2016-08-19,5416.03515625
2016-08-22,5427.1748046875
2016-08-23,5417.14013671875
2016-08-24,5403.9921875
2016-08-25,5454.1162109375
2016-08-26,5438.8310546875
2016-08-29,5370.76416015625
2016-08-30,5362.31591796875
2016-08-31,5386.08203125
2016-09-01,5334.546875
2016-09-02,5353.4609375
2016-09-05,5356.9541015625
2016-09-06,5372.09619140625
2016-09-07,5381.35400390625
2016-09-08,5371.078125
2016-09-09,5281.9169921875
2016-09-13,5215.56689453125
2016-09-14,5146.0380859375
2016-09-15,5265.81884765625
2016-09-16,5267.76904296875
2016-09-19,5321.8408203125
2016-09-20,5302.4931640625
2016-09-21,5342.591796875
2016-09-22,5380.26220703125
2016-09-23,5388.908203125
2016-09-26,5352.13916015625
2016-09-27,5419.60400390625
2016-09-28,5425.3369140625
2016-09-29,5431.95703125
2016-09-30,5364.80419921875
2016-10-03,5463.9150390625
2016-10-04,5472.31689453125
2016-10-05,5420.64794921875
2016-10-06,5409.34423828125
2016-10-07,5377.14892578125
2016-10-10,5360.828125
2016-10-11,5381.9970703125
2016-10-12,5364.61083984375
2016-10-13,5340.39990234375
2016-10-14,5399.884765625
2016-10-17,5410.30322265625
2016-10-18,5430.0478515625
2016-10-19,5409.2880859375
2016-10-20,5403.68994140625
2016-10-21,5409.2431640625
2016-10-24,5420.998046875
2016-10-25,5397.82080078125
2016-10-26,5399.67919921875
2016-10-27,5416.8359375
2016-10-28,5410.26904296875
2016-10-31,5422.5419921875
2016-11-01,5416.0068359375
2016-11-02,5405.455078125
2016-11-03,5329.501953125
2016-11-04,5362.66015625
2016-11-07,5386.2080078125
2016-11-08,5470.68115234375
2016-11-09,5414.32080078125
2016-11-10,5450.30615234375
2016-11-11,5231.97119140625
2016-11-14,5115.73876953125
2016-11-15,5078.5009765625
2016-11-16,5185.46484375
2016-11-17,5193.01513671875
2016-11-18,5170.10888671875
2016-11-21,5148.31884765625
2016-11-22,5204.673828125
2016-11-23,5211.99609375
2016-11-24,5107.623046875
2016-11-25,5122.10400390625
2016-11-28,5114.57177734375
2016-11-29,5136.6669921875
2016-11-30,5148.91015625
2016-12-01,5198.7548828125
2016-12-02,5245.9560546875
2016-12-05,5268.30810546875
2016-12-06,5272.96484375
2016-12-07,5265.3681640625
2016-12-08,5303.73388671875
2016-12-09,5308.1259765625
2016-12-13,5293.619140625
2016-12-14,5262.81689453125
2016-12-15,5254.36181640625
2016-12-16,5231.65185546875
2016-12-19,5191.912109375
2016-12-20,5162.47705078125
2016-12-21,5111.39208984375
2016-12-22,5042.8701171875
2016-12-23,5027.7041015625
2016-12-27,5102.9541015625
2016-12-28,5209.44482421875
2016-12-29,5302.56591796875
2016-12-30,5296.7109375
2017-01-03,5275.97119140625
2017-01-04,5301.18310546875
2017-01-05,5325.50390625
2017-01-06,5347.02197265625
2017-01-09,5316.36376953125
2017-01-10,5309.923828125
2017-01-11,5301.23681640625
2017-01-12,5292.75
2017-01-13,5272.98291015625
2017-01-16,5270.01123046875
2017-01-17,5266.93798828125
2017-01-18,5294.7841796875
2017-01-19,5298.9482421875
2017-01-20,5254.31103515625
2017-01-23,5250.9677734375
2017-01-24,5292.087890625
2017-01-25,5293.7822265625
2017-01-26,5317.6328125
2017-01-27,5312.83984375
2017-01-30,5302.662109375
2017-01-31,5294.10302734375
2017-02-01,5327.1611328125
2017-02-02,5353.712890625
2017-02-03,5360.76708984375
2017-02-06,5395.9951171875
2017-02-07,5381.47509765625
2017-02-08,5361.087890625
2017-02-09,5372.0771484375
2017-02-10,5371.6689453125
2017-02-13,5409.55615234375
2017-02-14,5380.669921875
2017-02-16,5377.998046875
2017-02-17,5350.93212890625
2017-02-20,5359.2880859375
2017-02-21,5340.990234375
2017-02-22,5358.68310546875
2017-02-23,5372.748046875
2017-02-24,5385.90576171875
2017-02-27,5382.8740234375
2017-02-28,5386.69189453125
2017-03-01,5363.05615234375
2017-03-02,5408.25390625
2017-03-03,5391.21484375
2017-03-06,5409.81689453125
2017-03-07,5402.615234375
2017-03-08,5393.76416015625
2017-03-09,5402.38623046875
2017-03-10,5390.6767578125
2017-03-13,5409.3720703125
2017-03-14,5431.5849609375
2017-03-15,5432.380859375
2017-03-16,5518.2412109375
2017-03-17,5540.43212890625
2017-03-20,5533.9921875
2017-03-21,5543.0927734375
2017-03-22,5534.0927734375
2017-03-23,5563.7587890625
2017-03-24,5567.1337890625
2017-03-27,5541.2021484375
2017-03-29,5592.509765625
2017-03-30,5592.9521484375
2017-03-31,5568.10595703125
2017-04-03,5606.7890625
2017-04-04,5651.8232421875
2017-04-05,5676.97998046875
2017-04-06,5680.23876953125
2017-04-07,5653.48583984375
2017-04-10,5644.298828125
2017-04-11,5627.93310546875
2017-04-12,5644.15478515625
2017-04-13,5616.544921875
2017-04-17,5577.48681640625
2017-04-18,5606.51708984375
2017-04-20,5595.30615234375
2017-04-21,5664.47509765625
2017-04-25,5680.7958984375
2017-04-26,5726.52978515625
2017-04-27,5707.02783203125
2017-04-28,5685.2978515625
2017-05-02,5675.80810546875
2017-05-03,5647.3681640625
2017-05-04,5669.44287109375
2017-05-05,5683.376953125
2017-05-08,5707.86181640625
2017-05-09,5697.05615234375
2017-05-10,5653.0078125
2017-05-12,5675.2158203125
2017-05-15,5688.8701171875
2017-05-16,5646.9990234375
2017-05-17,5615.4921875
2017-05-18,5645.451171875
2017-05-19,5791.8837890625
2017-05-22,5749.44482421875
2017-05-23,5730.61279296875
2017-05-24,5703.43310546875
2017-05-26,5716.81494140625
2017-05-29,5712.3310546875
2017-05-30,5693.39111328125
2017-05-31,5738.15478515625
2017-06-02,5742.44580078125
2017-06-05,5748.23486328125
2017-06-06,5707.8310546875
2017-06-07,5717.3251953125
2017-06-08,5702.921875
2017-06-09,5675.52294921875
2017-06-12,5691.43603515625
2017-06-13,5707.64501953125
2017-06-14,5792.89697265625
2017-06-15,5776.283203125
2017-06-16,5723.63623046875
2017-06-19,5741.9091796875
2017-06-20,5791.90380859375
2017-06-21,5818.5517578125
2017-06-22,5829.7080078125
2017-07-03,5910.23681640625
2017-07-04,5865.36376953125
2017-07-05,5825.05419921875
2017-07-06,5849.5751953125
2017-07-07,5814.79296875
2017-07-10,5771.505859375
2017-07-11,5773.326171875
2017-07-12,5819.1318359375
2017-07-13,5830.0439453125
2017-07-14,5831.794921875
2017-07-17,5841.27978515625
2017-07-18,5822.35205078125
2017-07-19,5806.68994140625
2017-07-20,5825.2080078125
2017-07-21,5765.423828125
2017-07-24,5801.5869140625
2017-07-25,5813.53515625
2017-07-26,5800.2060546875
2017-07-27,5819.744140625
2017-07-28,5831.02685546875
2017-07-31,5840.93896484375
2017-08-01,5805.205078125
2017-08-02,5824.2490234375
2017-08-03,5780.576171875
2017-08-04,5777.48193359375
2017-08-07,5749.2919921875
2017-08-08,5810.56298828125
2017-08-09,5824.0068359375
2017-08-10,5825.94580078125
2017-08-11,5766.13818359375
2017-08-14,5801.48779296875
2017-08-15,5835.041015625
2017-08-16,5891.94921875
2017-08-18,5893.8408203125
2017-08-21,5861.00390625
2017-08-22,5880.296875
2017-08-23,5914.02392578125
2017-08-24,5894.1171875
2017-08-25,5915.36279296875
2017-08-28,5903.3408203125
2017-08-29,5888.2119140625
2017-08-30,5872.505859375
2017-08-31,5864.05908203125
2017-09-04,5813.7412109375
2017-09-05,5829.97900390625
2017-09-06,5824.13818359375
2017-09-07,5832.31103515625
2017-09-08,5857.119140625
2017-09-11,5871.880859375
2017-09-12,5872.376953125
2017-09-13,5845.73388671875
2017-09-14,5852.001953125
2017-09-15,5872.39208984375
2017-09-18,5884.61083984375
2017-09-19,5901.326171875
2017-09-20,5906.5732421875
2017-09-22,5911.7080078125
2017-09-25,5894.61181640625
2017-09-26,5863.9619140625
2017-09-27,5863.02685546875
2017-09-28,5841.046875
2017-09-29,5900.85400390625
2017-10-02,5914.02978515625
2017-10-03,5939.453125
2017-10-04,5951.47509765625
2017-10-05,5901.90576171875
2017-10-06,5905.3779296875
2017-10-09,5914.93310546875
2017-10-10,5905.76220703125
2017-10-11,5882.787109375
2017-10-12,5926.2041015625
2017-10-13,5924.1240234375
2017-10-16,5949.701171875
2017-10-17,5947.330078125
2017-10-18,5929.201171875
2017-10-19,5910.52978515625
2017-10-20,5929.548828125
2017-10-23,5950.02587890625
2017-10-24,5952.076171875
2017-10-25,6025.43408203125
2017-10-26,5995.84716796875
2017-10-27,5975.28076171875
2017-10-30,5974.0771484375
2017-10-31,6005.7841796875
2017-11-01,6038.14599609375
2017-11-02,6031.10693359375
2017-11-03,6039.541015625
2017-11-06,6050.8232421875
2017-11-07,6060.453125
2017-11-08,6049.3837890625
2017-11-09,6042.4599609375
2017-11-10,6021.828125
2017-11-13,6021.4560546875
2017-11-14,5988.2919921875
2017-11-15,5972.31103515625
2017-11-16,6037.9072265625
2017-11-17,6051.73193359375
2017-11-20,6053.2822265625
2017-11-21,6031.86181640625
2017-11-22,6069.78515625
2017-11-23,6063.2451171875
2017-11-24,6067.14208984375
2017-11-27,6064.5888671875
2017-11-28,6070.7158203125
2017-11-29,6061.3671875
2017-11-30,5952.13818359375
2017-12-01,5952.13818359375
2017-12-04,5998.19482421875
2017-12-05,6000.47412109375
2017-12-06,6035.5078125
2017-12-07,6006.8349609375
2017-12-08,6030.9580078125
2017-12-11,6026.6328125
2017-12-12,6032.37109375
2017-12-13,6054.60400390625
2017-12-14,6113.65283203125
2017-12-15,6119.4189453125
2017-12-18,6133.962890625
2017-12-19,6167.666015625
2017-12-20,6109.48193359375
2017-12-21,6183.39111328125
2017-12-22,6221.01318359375
2017-12-27,6277.1650390625
2017-12-28,6314.0458984375
2017-12-29,6355.65380859375
2018-01-02,6339.23779296875
2018-01-03,6251.47900390625
2018-01-04,6292.32080078125
2018-01-05,6353.73779296875
2018-01-08,6385.40380859375
2018-01-09,6373.14404296875
2018-01-10,6371.173828125
2018-01-11,6386.3388671875
2018-01-12,6370.06494140625
2018-01-15,6382.19482421875
2018-01-16,6429.69189453125
2018-01-17,6444.51806640625
2018-01-18,6472.666015625
2018-01-19,6490.89599609375
2018-01-22,6500.52880859375
2018-01-23,6635.333984375
2018-01-24,6615.4921875
2018-01-25,6615.328125
2018-01-26,6660.6181640625
2018-01-29,6680.619140625
2018-01-30,6575.4921875
2018-01-31,6605.630859375
2018-02-01,6598.458984375
2018-02-02,6628.81982421875
2018-02-05,6589.6748046875
2018-02-06,6478.54296875
2018-02-07,6534.869140625
2018-02-08,6544.6337890625
2018-02-09,6505.52294921875
2018-02-12,6523.4541015625
2018-02-13,6578.17822265625
2018-02-14,6594.40087890625
2018-02-15,6591.58203125
2018-02-19,6689.287109375
2018-02-20,6662.8759765625
2018-02-21,6643.39990234375
2018-02-22,6593.06005859375
2018-02-23,6619.80419921875
2018-02-26,6554.6728515625
2018-02-27,6598.92578125
2018-02-28,6597.2177734375
2018-03-01,6606.05322265625
2018-03-02,6582.31591796875
2018-03-05,6550.5927734375
2018-03-06,6500.11083984375
2018-03-07,6368.26708984375
2018-03-08,6443.02099609375
2018-03-09,6433.32177734375
2018-03-12,6500.68603515625
2018-03-13,6412.84619140625
2018-03-14,6382.623046875
2018-03-15,6321.90380859375
2018-03-16,6304.9521484375
2018-03-19,6289.57177734375
2018-03-20,6243.5771484375
2018-03-21,6312.8310546875
2018-03-22,6254.07421875
2018-03-23,6210.6982421875
2018-03-26,6200.171875
2018-03-27,6209.35009765625
2018-03-28,6140.8369140625
2018-03-29,6188.98681640625
2018-04-02,6240.57080078125
2018-04-03,6229.01318359375
2018-04-04,6157.09619140625
2018-04-05,6183.22705078125
2018-04-06,6175.0517578125
2018-04-09,6246.130859375
2018-04-10,6325.81787109375
2018-04-11,6360.93212890625
2018-04-12,6310.8017578125
2018-04-13,6270.3271484375
2018-04-16,6286.748046875
2018-04-17,6285.76220703125
2018-04-18,6320.0048828125
2018-04-19,6355.90087890625
2018-04-20,6337.69482421875
2018-04-23,6308.14794921875
2018-04-24,6229.634765625
2018-04-25,6079.85009765625
2018-04-26,5909.1982421875
2018-04-27,5919.23779296875
2018-04-30,5994.59521484375
2018-05-02,6012.23779296875
2018-05-03,5858.73193359375
2018-05-04,5792.34521484375
2018-05-07,5885.09814453125
2018-05-08,5774.7158203125
2018-05-09,5907.93798828125
2018-05-11,5956.83203125
2018-05-14,5947.15478515625
2018-05-15,5838.1162109375
2018-05-16,5841.4638671875
2018-05-17,5815.919921875
2018-05-18,5783.31005859375
2018-05-21,5733.85400390625
2018-05-22,5751.119140625
2018-05-23,5792.0009765625
2018-05-24,5946.5380859375
2018-05-25,5975.7421875
2018-05-28,6068.3251953125
2018-05-30,6011.05517578125
2018-05-31,5983.5869140625
2018-06-04,6014.81884765625
2018-06-05,6088.7900390625
2018-06-06,6069.712890625
2018-06-07,6106.6982421875
2018-06-08,5993.626953125
2018-06-20,5884.0390625
2018-06-21,5822.3330078125
2018-06-22,5821.81201171875
2018-06-25,5859.0830078125
2018-06-26,5825.64892578125
2018-06-27,5787.5517578125
2018-06-28,5667.31884765625
2018-06-29,5799.23681640625
2018-07-02,5746.77001953125
2018-07-03,5633.93701171875
2018-07-04,5733.63916015625
2018-07-05,5739.33203125
2018-07-06,5694.912109375
2018-07-09,5807.375
2018-07-10,5881.759765625
2018-07-11,5893.35888671875
2018-07-12,5907.8720703125
2018-07-13,5944.07421875
2018-07-16,5905.158203125
2018-07-17,5861.5078125
2018-07-18,5890.73095703125
2018-07-19,5871.0771484375
2018-07-20,5872.7841796875
2018-07-23,5915.7958984375
2018-07-24,5931.841796875
2018-07-25,5933.88916015625
2018-07-26,5946.13623046875
2018-07-27,5989.13623046875
2018-07-30,6027.93603515625
2018-07-31,5936.44287109375
2018-08-01,6033.4189453125
2018-08-02,6011.72314453125
2018-08-03,6007.5380859375
2018-08-06,6101.130859375
2018-08-07,6091.25
2018-08-08,6094.8291015625
2018-08-09,6065.255859375
2018-08-10,6077.1728515625
2018-08-13,5861.24609375
2018-08-14,5769.873046875
2018-08-15,5816.58984375
2018-08-16,5783.7978515625
2018-08-20,5892.19189453125
2018-08-21,5944.30078125
2018-08-23,5982.98486328125
2018-08-24,5968.75
2018-08-27,6025.9677734375
2018-08-28,6042.64990234375
2018-08-29,6065.14892578125
2018-08-30,6018.9638671875
2018-08-31,6018.4599609375
2018-09-03,5967.5791015625
2018-09-04,5905.30078125
2018-09-05,5683.5009765625
2018-09-06,5776.09521484375
2018-09-07,5851.46484375
2018-09-10,5831.1171875
2018-09-12,5798.15087890625
2018-09-13,5858.27392578125
2018-09-14,5931.28076171875
2018-09-17,5824.2568359375
2018-09-18,5811.7900390625
2018-09-19,5873.59716796875
2018-09-20,5931.26611328125
2018-09-21,5957.744140625
2018-09-24,5882.22021484375
2018-09-25,5874.298828125
2018-09-26,5873.27099609375
2018-09-27,5929.2158203125
2018-09-28,5976.55322265625
2018-10-01,5944.60107421875
2018-10-02,5875.619140625
2018-10-03,5867.73681640625
2018-10-04,5756.619140625
2018-10-05,5731.93505859375
2018-10-08,5761.0732421875
2018-10-09,5796.7900390625
2018-10-10,5820.66796875
2018-10-11,5702.82177734375
2018-10-12,5756.490234375
2018-10-15,5727.255859375
2018-10-16,5800.81689453125
2018-10-17,5868.6201171875
2018-10-18,5845.2421875
2018-10-19,5837.291015625
2018-10-22,5840.43505859375
2018-10-23,5797.89111328125
2018-10-24,5709.4169921875
2018-10-25,5754.96484375
2018-10-26,5784.9208984375
2018-10-29,5754.60693359375
2018-10-30,5789.10009765625
2018-10-31,5831.64990234375
2018-11-01,5835.919921875
2018-11-02,5906.2919921875
2018-11-05,5920.59423828125
2018-11-06,5923.93017578125
2018-11-07,5939.88623046875
2018-11-08,5976.80615234375
2018-11-09,5874.15380859375
2018-11-12,5777.05322265625
2018-11-13,5835.1982421875
2018-11-14,5858.29296875
2018-11-15,5955.73583984375
2018-11-16,6012.35009765625
2018-11-19,6005.296875
2018-11-21,5948.0517578125
2018-11-22,5990.81005859375
2018-11-23,6006.2021484375
2018-11-26,6022.77783203125
2018-11-27,6013.5888671875
2018-11-28,5991.24609375
2018-11-29,6107.16796875
2018-11-30,6056.1240234375
2018-12-03,6118.31982421875
2018-12-04,6152.85986328125
2018-12-05,6133.1201171875
2018-12-06,6115.4931640625
2018-12-07,6126.35595703125
2018-12-10,6111.35986328125
2018-12-11,6076.5869140625
2018-12-12,6115.5771484375
2018-12-13,6177.72021484375
2018-12-14,6169.8427734375
2018-12-17,6089.30517578125
2018-12-18,6081.8671875
2018-12-19,6176.09423828125
2018-12-20,6147.8759765625
2018-12-21,6163.59619140625
2018-12-26,6127.85009765625
2018-12-27,6190.64306640625
2018-12-28,6194.498046875
2019-01-02,6181.1748046875
2019-01-03,6221.009765625
2019-01-04,6274.5400390625
2019-01-07,6287.22412109375
2019-01-08,6262.84716796875
2019-01-09,6272.23779296875
2019-01-10,6328.7138671875
2019-01-11,6361.46484375
2019-01-14,6336.1162109375
2019-01-15,6408.7841796875
2019-01-16,6413.35986328125
2019-01-17,6423.77978515625
2019-01-18,6448.15576171875
2019-01-21,6450.833984375
2019-01-22,6468.56201171875
2019-01-23,6451.169921875
2019-01-24,6466.65478515625
2019-01-25,6482.8427734375
2019-01-28,6458.7119140625
2019-01-29,6436.47998046875
2019-01-30,6464.18896484375
2019-01-31,6532.96923828125
2019-02-01,6538.63818359375
2019-02-04,6481.451171875
2019-02-06,6547.876953125
2019-02-07,6536.45703125
2019-02-08,6521.6630859375
2019-02-11,6495.001953125
2019-02-12,6426.3251953125
2019-02-13,6419.1162109375
2019-02-14,6420.01806640625
2019-02-15,6389.0849609375
2019-02-18,6497.81494140625
2019-02-19,6494.6669921875
2019-02-20,6512.7841796875
2019-02-21,6537.76611328125
2019-02-22,6501.3779296875
2019-02-25,6525.35791015625
2019-02-26,6540.9501953125
2019-02-27,6525.68310546875
2019-02-28,6443.34814453125
2019-03-01,6499.8837890625
2019-03-04,6488.419921875
2019-03-05,6441.27978515625
2019-03-06,6457.9560546875
2019-03-08,6383.06787109375
2019-03-11,6366.43408203125
2019-03-12,6353.77392578125
2019-03-13,6377.5751953125
2019-03-14,6413.26611328125
2019-03-15,6461.18310546875
2019-03-18,6509.44677734375
2019-03-19,6480.27587890625
2019-03-20,6482.7099609375
2019-03-21,6501.77587890625
2019-03-22,6525.27392578125
2019-03-25,6411.2509765625
2019-03-26,6469.9990234375
2019-03-27,6444.73779296875
2019-03-28,6480.7880859375
2019-03-29,6468.7548828125
2019-04-01,6452.61083984375
2019-04-02,6476.06591796875
2019-04-04,6494.6298828125
2019-04-05,6474.01806640625
2019-04-08,6425.73388671875
2019-04-09,6484.34814453125
2019-04-10,6478.326171875
2019-04-11,6410.166015625
2019-04-12,6405.8662109375
2019-04-15,6435.15087890625
2019-04-16,6481.541015625
2019-04-18,6507.22119140625
2019-04-22,6414.7431640625
2019-04-23,6462.82177734375
2019-04-24,6447.884765625
2019-04-25,6372.787109375
2019-04-26,6401.080078125
2019-04-29,6425.89501953125
2019-04-30,6455.35205078125
2019-05-02,6374.421875
2019-05-03,6319.458984375
2019-05-06,6256.35205078125
2019-05-07,6297.31787109375
2019-05-08,6270.2021484375
2019-05-09,6198.80419921875
2019-05-10,6209.1181640625
2019-05-13,6135.39599609375
2019-05-14,6071.2021484375
2019-05-15,5980.884765625
2019-05-16,5895.73779296875
2019-05-17,5826.8681640625
2019-05-20,5907.12109375
2019-05-21,5951.3720703125
2019-05-22,5939.63623046875
2019-05-23,6032.69580078125
2019-05-24,6057.35302734375
2019-05-27,6098.97412109375
2019-05-28,6033.14208984375
2019-05-29,6104.10595703125
2019-05-31,6209.1171875
2019-06-10,6289.60986328125
2019-06-11,6305.9921875
2019-06-12,6276.1767578125
2019-06-13,6273.08203125
2019-06-14,6250.26513671875
2019-06-17,6190.52490234375
2019-06-18,6257.330078125
2019-06-19,6339.26220703125
2019-06-20,6335.6982421875
2019-06-21,6315.43603515625
2019-06-24,6288.46484375
2019-06-25,6320.44482421875
2019-06-26,6310.48876953125
2019-06-27,6352.7099609375
2019-06-28,6358.62890625
2019-07-01,6379.68798828125
2019-07-02,6384.89794921875
2019-07-03,6362.6220703125
2019-07-04,6375.966796875
2019-07-05,6373.47705078125
2019-07-08,6351.8271484375
2019-07-09,6388.3232421875
2019-07-10,6410.68310546875
2019-07-11,6417.06591796875
2019-07-12,6373.34521484375
2019-07-15,6418.23388671875
2019-07-16,6401.8798828125
2019-07-17,6394.60888671875
2019-07-18,6403.2939453125
2019-07-19,6456.5390625
2019-07-22,6433.546875
2019-07-23,6403.81005859375
2019-07-24,6384.98681640625
2019-07-25,6401.365234375
2019-07-26,6325.23681640625
2019-07-29,6299.03515625
2019-07-30,6376.99609375
2019-07-31,6390.5048828125
2019-08-01,6381.5419921875
2019-08-02,6340.18017578125
2019-08-05,6175.703125
2019-08-06,6119.47119140625
2019-08-07,6204.19482421875
2019-08-08,6274.6708984375
2019-08-09,6282.1318359375
2019-08-12,6250.59521484375
2019-08-13,6210.9619140625
2019-08-14,6267.3349609375
2019-08-15,6257.5859375
2019-08-16,6286.6572265625
2019-08-19,6296.71484375
2019-08-20,6295.73779296875
2019-08-21,6252.966796875
2019-08-22,6239.2451171875
2019-08-23,6255.59716796875
2019-08-26,6214.509765625
2019-08-27,6278.1708984375
2019-08-28,6281.64599609375
2019-08-29,6289.119140625
2019-08-30,6328.47021484375
2019-09-02,6290.5458984375
2019-09-03,6261.58984375
2019-09-04,6269.6640625
2019-09-05,6306.80322265625
2019-09-06,6308.9501953125
2019-09-09,6326.212890625
2019-09-10,6336.6728515625
2019-09-11,6381.9541015625
2019-09-12,6342.173828125
2019-09-13,6334.8427734375
2019-09-16,6219.43505859375
2019-09-17,6236.68994140625
2019-09-18,6276.6328125
2019-09-19,6244.47021484375
2019-09-20,6231.47314453125
2019-09-23,6206.19921875
2019-09-24,6137.60791015625
2019-09-25,6146.40380859375
2019-09-26,6230.333984375
2019-09-27,6196.88916015625
2019-09-30,6169.10205078125
2019-10-01,6138.25
2019-10-02,6055.4248046875
2019-10-03,6038.52880859375
2019-10-04,6061.251953125
2019-10-07,6000.58203125
2019-10-08,6039.60107421875
2019-10-09,6029.16015625
2019-10-10,6023.64111328125
2019-10-11,6105.7998046875
2019-10-14,6126.876953125
2019-10-15,6158.166015625
2019-10-16,6169.591796875
2019-10-17,6181.01416015625
2019-10-18,6191.94677734375
2019-10-21,6198.98681640625
2019-10-22,6225.4970703125
2019-10-23,6257.80615234375
2019-10-24,6339.64697265625
2019-10-25,6252.34521484375
2019-10-28,6265.3837890625
2019-10-29,6281.13818359375
2019-10-30,6295.7470703125
2019-10-31,6228.31689453125
2019-11-01,6207.19091796875
2019-11-04,6180.34423828125
2019-11-05,6264.15185546875
2019-11-06,6217.544921875
2019-11-07,6165.6240234375
2019-11-08,6177.98583984375
2019-11-11,6148.740234375
2019-11-12,6180.9921875
2019-11-13,6142.5009765625
2019-11-14,6098.9501953125
2019-11-15,6128.34521484375
2019-11-18,6122.625
2019-11-19,6152.08984375
2019-11-20,6155.10888671875
2019-11-21,6117.36376953125
2019-11-22,6100.2421875
2019-11-25,6070.76220703125
2019-11-26,6026.18798828125
2019-11-27,6023.0390625
2019-11-28,5953.06005859375
2019-11-29,6011.830078125
2019-12-02,6130.05517578125
2019-12-03,6133.89599609375
2019-12-04,6112.87890625
2019-12-05,6152.1171875
2019-12-06,6186.8681640625
2019-12-09,6193.791015625
2019-12-10,6183.5048828125
2019-12-11,6180.09912109375
2019-12-12,6139.39697265625
2019-12-13,6197.31787109375
2019-12-16,6211.591796875
2019-12-17,6244.35205078125
2019-12-18,6287.25
2019-12-19,6249.93017578125
2019-12-20,6284.3720703125
2019-12-23,6305.91015625
2019-12-26,6319.44287109375
2019-12-27,6329.31396484375
2019-12-30,6299.5390625
2020-01-02,6283.5810546875
2020-01-03,6323.4658203125
2020-01-06,6257.40283203125
2020-01-07,6279.34619140625
2020-01-08,6225.68603515625
2020-01-09,6274.4931640625
2020-01-10,6274.94091796875
2020-01-13,6296.56689453125
2020-01-14,6325.40576171875
2020-01-15,6283.365234375
2020-01-16,6286.0478515625
2020-01-17,6291.6572265625
2020-01-20,6245.04296875
2020-01-21,6238.15283203125
2020-01-22,6233.453125
2020-01-23,6249.2099609375
2020-01-24,6244.10888671875
2020-01-27,6133.2080078125
2020-01-28,6111.18408203125
2020-01-29,6113.044921875
2020-01-30,6057.59619140625
2020-01-31,5940.0478515625
2020-02-03,5884.169921875
2020-02-04,5922.3388671875
2020-02-05,5978.509765625
2020-02-06,5987.14501953125
2020-02-07,5999.60693359375
2020-02-10,5952.0830078125
2020-02-11,5954.39697265625
2020-02-12,5913.0810546875
2020-02-13,5871.9541015625
2020-02-14,5866.94482421875
2020-02-17,5867.52294921875
2020-02-18,5886.9619140625
2020-02-19,5928.791015625
2020-02-20,5942.48681640625
2020-02-21,5882.2548828125
2020-02-24,5807.0498046875
2020-02-25,5787.13818359375
2020-02-26,5688.9208984375
2020-02-27,5535.69384765625
2020-02-28,5452.7041015625
2020-03-02,5361.24609375
2020-03-03,5518.6279296875
2020-03-04,5650.13623046875
2020-03-05,5638.1298828125
2020-03-06,5498.5400390625
2020-03-09,5136.80908203125
2020-03-10,5220.826171875
2020-03-11,5154.10498046875
2020-03-12,4895.748046875
2020-03-13,4907.57080078125
2020-03-16,4690.6572265625
2020-03-17,4456.7490234375
2020-03-18,4330.673828125
2020-03-19,4105.421875
2020-03-20,4194.94384765625
2020-03-23,3989.51708984375
2020-03-24,3937.632080078125
2020-03-26,4338.90380859375
2020-03-27,4545.57080078125
2020-03-30,4414.5
2020-03-31,4538.93017578125
2020-04-01,4466.037109375
2020-04-02,4531.68505859375
2020-04-03,4623.42919921875
2020-04-06,4811.8271484375
2020-04-07,4778.63916015625
2020-04-08,4626.69482421875
2020-04-09,4649.0791015625
2020-04-13,4623.89404296875
2020-04-14,4706.4912109375
2020-04-15,4625.90478515625
2020-04-16,4480.60693359375
2020-04-17,4634.82080078125
2020-04-20,4575.90478515625
2020-04-21,4501.9189453125
2020-04-22,4567.56201171875
2020-04-23,4593.55419921875
2020-04-24,4496.06396484375
2020-04-27,4513.14111328125
2020-04-28,4529.55419921875
2020-04-29,4567.3232421875
2020-04-30,4716.40283203125
2020-05-04,4605.48681640625
2020-05-05,4630.1328125
2020-05-06,4608.7900390625
2020-05-08,4597.43017578125
2020-05-11,4639.10498046875
2020-05-12,4588.73388671875
2020-05-13,4554.35888671875
2020-05-14,4513.833984375
2020-05-15,4507.60693359375
2020-05-18,4511.05810546875
2020-05-19,4548.65576171875
2020-05-20,4545.9521484375
2020-05-26,4626.798828125
2020-05-27,4641.55517578125
2020-05-28,4716.18505859375
2020-05-29,4753.61181640625
2020-06-02,4847.5068359375
2020-06-03,4941.005859375
2020-06-04,4916.7041015625
2020-06-05,4947.7822265625
2020-06-08,5070.56103515625
2020-06-09,5035.05517578125
2020-06-10,4920.68212890625
2020-06-11,4854.75390625
2020-06-12,4880.35888671875
2020-06-15,4816.3359375
2020-06-16,4986.4580078125
2020-06-17,4987.77587890625
2020-06-18,4925.248046875
2020-06-19,4942.27490234375
2020-06-22,4918.8310546875
2020-06-23,4879.1328125
2020-06-24,4964.73486328125
2020-06-25,4896.72998046875
2020-06-26,4904.087890625
2020-06-29,4901.81787109375
2020-06-30,4905.39208984375
2020-07-01,4914.38818359375
2020-07-02,4966.77978515625
2020-07-03,4973.7939453125
2020-07-06,4988.8662109375
2020-07-07,4987.08203125
2020-07-08,5076.173828125
2020-07-09,5052.7939453125
2020-07-10,5031.255859375
2020-07-13,5064.44677734375
2020-07-14,5079.1220703125
2020-07-15,5075.7978515625
2020-07-16,5098.3740234375
2020-07-17,5079.5849609375
2020-07-20,5051.10595703125
2020-07-21,5114.708984375
2020-07-22,5110.18701171875
2020-07-23,5145.009765625
2020-07-24,5082.9912109375
2020-07-27,5116.666015625
2020-07-28,5112.98876953125
2020-07-29,5149.6298828125
2020-07-30,5149.626953125
2020-08-03,5006.22314453125
2020-08-04,5075.001953125
2020-08-05,5127.05078125
2020-08-06,5178.27197265625
2020-08-07,5143.89306640625
2020-08-10,5157.833984375
2020-08-11,5190.169921875
2020-08-12,5233.4521484375
2020-08-13,5239.25
2020-08-14,5247.68994140625
2020-08-18,5295.173828125
2020-08-19,5272.81005859375
2020-08-24,5277.041015625
2020-08-25,5338.88818359375
2020-08-26,5340.328125
2020-08-27,5371.47216796875
2020-08-28,5346.6591796875
2020-08-31,5238.48681640625
2020-09-01,5310.67919921875
2020-09-02,5311.97021484375
2020-09-03,5280.81298828125
2020-09-04,5239.85107421875
2020-09-07,5230.19580078125
2020-09-08,5244.07177734375
2020-09-09,5149.3759765625
2020-09-10,4891.4609375
2020-09-11,5016.7119140625
2020-09-14,5161.828125
2020-09-15,5100.865234375
2020-09-16,5058.48193359375
2020-09-17,5038.40087890625
2020-09-18,5059.22314453125
2020-09-21,4999.35986328125
2020-09-22,4934.0927734375
2020-09-23,4917.955078125
2020-09-24,4842.755859375
2020-09-25,4945.791015625
2020-09-28,4906.5478515625
2020-09-29,4879.09814453125
2020-09-30,4870.0390625
2020-10-01,4970.09423828125
2020-10-02,4926.73388671875
2020-10-05,4958.76904296875
2020-10-06,4999.22119140625
2020-10-07,5004.3271484375
2020-10-08,5039.14208984375
2020-10-09,5053.6630859375
2020-10-12,5093.09912109375
2020-10-13,5132.57177734375
2020-10-14,5176.09912109375
2020-10-15,5105.14990234375
2020-10-16,5103.4140625
2020-10-19,5126.330078125
2020-10-20,5099.83984375
2020-10-21,5096.44580078125
2020-10-22,5091.81591796875
2020-10-23,5112.18798828125
2020-10-26,5144.048828125
2020-10-27,5128.22509765625
2020-11-02,5115.1279296875
2020-11-03,5159.4521484375
2020-11-04,5105.19921875
2020-11-05,5260.326171875
2020-11-06,5335.52880859375
2020-11-09,5356.0048828125
2020-11-10,5462.73876953125
2020-11-11,5509.51318359375
2020-11-12,5458.60205078125
2020-11-13,5461.05810546875
2020-11-16,5494.8720703125
2020-11-17,5529.93994140625
2020-11-18,5557.51806640625
2020-11-19,5594.05908203125
2020-11-20,5571.65576171875
2020-11-23,5652.76416015625
2020-11-24,5701.02880859375
2020-11-25,5679.2470703125
2020-11-26,5759.916015625
2020-11-27,5783.3349609375
2020-11-30,5612.4150390625
2020-12-01,5724.7421875
2020-12-02,5813.98681640625
2020-12-03,5822.94189453125
2020-12-04,5810.48291015625
2020-12-07,5930.7587890625
2020-12-08,5944.4091796875
2020-12-10,5933.6982421875
2020-12-11,5938.3291015625
2020-12-14,6012.51611328125
2020-12-15,6010.1279296875
2020-12-16,6118.40185546875
2020-12-17,6113.3818359375
2020-12-18,6104.32421875
2020-12-21,6165.6240234375
2020-12-22,6023.2890625
2020-12-23,6008.708984375
2020-12-28,6093.55419921875
2020-12-29,6036.173828125
2020-12-30,5979.0732421875
2021-01-04,6104.89794921875
2021-01-05,6137.3427734375
2021-01-06,6065.68212890625
2021-01-07,6153.6328125
2021-01-08,6257.8349609375
2021-01-11,6382.93701171875
2021-01-12,6395.6689453125
2021-01-13,6435.205078125
2021-01-14,6428.31494140625
2021-01-15,6373.412109375
2021-01-18,6389.833984375
2021-01-19,6321.85595703125
2021-01-20,6429.7578125
2021-01-21,6413.89208984375
2021-01-22,6307.126953125
2021-01-25,6258.57177734375
2021-01-26,6140.1708984375
2021-01-27,6109.16796875
2021-01-28,5979.38720703125
2021-01-29,5862.35205078125
2021-02-01,6067.544921875
2021-02-02,6043.8408203125
2021-02-03,6077.7451171875
2021-02-04,6107.2158203125
2021-02-05,6151.72900390625
2021-02-08,6208.8662109375
2021-02-09,6181.671875
2021-02-10,6201.828125
2021-02-11,6222.52099609375
2021-02-15,6270.32421875
2021-02-16,6292.39599609375
2021-02-17,6227.72802734375
2021-02-18,6200.30810546875
2021-02-19,6231.93212890625
2021-02-22,6255.31201171875
2021-02-23,6272.80712890625
2021-02-24,6251.05419921875
2021-02-25,6289.64599609375
2021-02-26,6241.7958984375
2021-03-01,6338.51318359375
2021-03-02,6359.205078125
2021-03-03,6376.7568359375
2021-03-04,6290.798828125
2021-03-05,6258.7490234375
2021-03-08,6248.46484375
2021-03-09,6199.64697265625
2021-03-10,6264.67919921875
2021-03-12,6358.208984375
2021-03-15,6324.2587890625
2021-03-16,6309.69921875
2021-03-17,6277.22802734375
2021-03-18,6347.8291015625
2021-03-19,6356.16015625
2021-03-22,6301.130859375
2021-03-23,6252.7119140625
2021-03-24,6156.14013671875
2021-03-25,6122.8759765625
2021-03-26,6195.56201171875
2021-03-29,6166.81787109375
2021-03-30,6071.44189453125
2021-03-31,5985.52197265625
2021-04-01,6011.4560546875
2021-04-05,5970.2861328125
2021-04-06,6002.77001953125
2021-04-07,6036.6162109375
2021-04-08,6071.72412109375
2021-04-09,6070.208984375
2021-04-12,5948.56884765625
2021-04-13,5927.43505859375
2021-04-14,6050.27587890625
2021-04-15,6079.5009765625
2021-04-16,6086.2578125
2021-04-19,6052.5400390625
2021-04-20,6038.32177734375
2021-04-21,5993.2421875
2021-04-22,5994.18408203125
2021-04-23,6016.86376953125
2021-04-26,5964.82080078125
2021-04-27,5959.62109375
2021-04-28,5974.47900390625
2021-04-29,6012.9609375
2021-04-30,5995.6162109375
2021-05-03,5952.59716796875
2021-05-04,5963.81982421875
2021-05-05,5975.9111328125
2021-05-06,5970.240234375
2021-05-07,5928.30908203125
2021-05-10,5975.787109375
2021-05-11,5938.35107421875
2021-05-17,5833.85986328125
2021-05-18,5834.39404296875
2021-05-19,5760.583984375
2021-05-20,5797.59716796875
2021-05-21,5773.1201171875
2021-05-24,5763.6318359375
2021-05-25,5815.83984375
2021-05-27,5841.828125
2021-05-28,5848.6162109375
2021-05-31,5947.462890625
2021-06-02,6031.578125
2021-06-03,6091.51318359375
2021-06-04,6065.166015625
2021-06-07,6069.93505859375
2021-06-08,5999.369140625
2021-06-09,6047.47509765625
2021-06-10,6107.5380859375
2021-06-11,6095.4970703125
2021-06-14,6080.3837890625
2021-06-15,6089.0380859375
2021-06-16,6078.56787109375
2021-06-17,6068.44677734375
2021-06-18,6007.1201171875
2021-06-21,5996.2529296875
2021-06-22,6087.841796875
2021-06-23,6034.54296875
2021-06-24,6012.05615234375
2021-06-25,6022.39892578125
2021-06-28,5939.47119140625
2021-06-29,5949.0498046875
2021-06-30,5985.48876953125
2021-07-01,6005.9580078125
2021-07-02,6023.0078125
2021-07-05,6005.60888671875
2021-07-06,6047.11083984375
2021-07-07,6044.037109375
2021-07-08,6039.89599609375
2021-07-09,6039.84423828125
2021-07-12,6078.56787109375
2021-07-13,6012.0322265625
2021-07-14,5979.21484375
2021-07-15,6046.75390625
2021-07-16,6072.509765625
2021-07-19,6017.39404296875
2021-07-21,6029.97607421875
2021-07-22,6137.546875
2021-07-23,6101.68994140625
2021-07-26,6106.39404296875
2021-07-27,6097.048828125
2021-07-28,6088.52294921875
2021-07-29,6120.72705078125
2021-07-30,6070.0390625
2021-08-02,6096.54296875
2021-08-03,6130.57080078125
2021-08-04,6159.03515625
2021-08-05,6205.4169921875
2021-08-06,6203.43115234375
2021-08-09,6127.4560546875
2021-08-10,6088.408203125
2021-08-12,6139.65185546875
2021-08-13,6139.4921875
2021-08-16,6087.9130859375
2021-08-18,6118.14990234375
2021-08-19,5992.32177734375
2021-08-20,6030.77197265625
2021-08-23,6109.828125
2021-08-24,6089.4970703125
2021-08-25,6113.240234375
2021-08-26,6058.080078125
2021-08-27,6041.3662109375
2021-08-30,6144.90185546875
2021-08-31,6150.298828125
2021-09-01,6090.93310546875
2021-09-02,6078.22900390625
2021-09-03,6126.9208984375
2021-09-06,6126.93798828125
2021-09-07,6112.39990234375
2021-09-08,6026.02001953125
2021-09-09,6068.21923828125
2021-09-10,6094.873046875
2021-09-13,6088.1572265625
2021-09-14,6129.09521484375
2021-09-15,6110.22900390625
2021-09-16,6109.94189453125
2021-09-17,6133.24609375
2021-09-20,6076.31494140625
2021-09-21,6060.7568359375
2021-09-22,6108.26513671875
2021-09-23,6142.7119140625
2021-09-24,6144.81494140625
2021-09-27,6122.4951171875
2021-09-28,6113.11181640625
2021-09-29,6162.55419921875
2021-09-30,6286.94287109375
2021-10-01,6228.84521484375
2021-10-04,6342.68603515625
2021-10-05,6288.048828125
2021-10-06,6417.3232421875
2021-10-07,6416.39599609375
2021-10-08,6481.76904296875
2021-10-11,6459.69677734375
2021-10-12,6486.26708984375
2021-10-13,6536.90380859375
2021-10-14,6626.11376953125
2021-10-15,6633.337890625
2021-10-18,6658.76806640625
2021-10-19,6655.998046875
2021-10-21,6632.97216796875
2021-10-22,6643.73779296875
2021-10-25,6625.69677734375
2021-10-26,6656.93701171875
2021-10-27,6602.208984375
2021-10-28,6524.076171875
2021-10-29,6591.34619140625
2021-11-01,6552.88916015625
2021-11-02,6493.27490234375
2021-11-03,6552.1298828125
2021-11-04,6586.44287109375
2021-11-05,6581.78515625
2021-11-08,6632.296875
2021-11-09,6669.9248046875
2021-11-10,6683.14501953125
2021-11-11,6691.341796875
2021-11-12,6651.05419921875
2021-11-15,6616.02880859375
2021-11-16,6651.20703125
2021-11-17,6675.80419921875
2021-11-18,6636.46923828125
2021-11-19,6720.26318359375
2021-11-22,6723.38623046875
2021-11-23,6677.8759765625
2021-11-24,6683.27685546875
2021-11-25,6699.34619140625
2021-11-26,6561.55322265625
2021-11-29,6608.2900390625
2021-11-30,6533.93212890625
2021-12-01,6507.6767578125
2021-12-02,6583.81982421875
2021-12-03,6538.505859375
2021-12-06,6547.1162109375
2021-12-07,6602.56884765625
2021-12-08,6603.7978515625
2021-12-09,6643.93212890625
2021-12-10,6652.921875
2021-12-13,6662.87109375
2021-12-14,6615.63720703125
2021-12-15,6626.2568359375
2021-12-16,6594.7978515625
2021-12-17,6601.93212890625
2021-12-20,6547.11181640625
2021-12-21,6554.30908203125
2021-12-22,6529.5927734375
2021-12-23,6555.55078125
2021-12-24,6562.89990234375
2021-12-27,6575.44384765625
2021-12-28,6598.3427734375
2021-12-29,6600.6767578125
2021-12-30,6581.48193359375
2022-01-03,6665.30810546875
2022-01-04,6695.373046875
2022-01-05,6662.298828125
2022-01-06,6653.35107421875
2022-01-07,6701.31591796875
2022-01-10,6691.1240234375
2022-01-11,6647.97021484375
2022-01-12,6647.06494140625
2022-01-13,6658.35595703125
2022-01-14,6693.40087890625
2022-01-17,6645.0478515625
2022-01-18,6614.05908203125
2022-01-19,6591.98095703125
2022-01-20,6626.87109375
2022-01-21,6726.373046875
2022-01-24,6655.166015625
2022-01-25,6568.1728515625
2022-01-26,6600.81884765625
2022-01-27,6611.1611328125
2022-01-28,6645.51123046875
2022-01-31,6631.15087890625
2022-02-02,6707.65185546875
2022-02-03,6683.85107421875
2022-02-04,6731.39111328125
2022-02-07,6804.93701171875
2022-02-08,6789.52197265625
2022-02-09,6834.60595703125
2022-02-10,6823.64208984375
2022-02-11,6815.60693359375
2022-02-14,6734.48583984375
2022-02-15,6807.4970703125
2022-02-16,6850.1982421875
2022-02-17,6835.1171875
2022-02-18,6892.81787109375
2022-02-21,6902.96484375
2022-02-22,6861.994140625
2022-02-23,6920.05615234375
2022-02-24,6817.81982421875
2022-02-25,6888.1708984375
2022-03-01,6921.44091796875
2022-03-02,6868.40185546875
2022-03-04,6928.328125
2022-03-07,6869.06591796875
2022-03-08,6814.18310546875
2022-03-09,6864.44091796875
2022-03-10,6924.0078125
2022-03-11,6922.60205078125
2022-03-14,6952.2041015625
2022-03-15,6918.18505859375
2022-03-16,6992.39501953125
2022-03-17,6964.384765625
2022-03-18,6954.96484375
2022-03-21,6955.18115234375
2022-03-22,7000.82177734375
2022-03-23,6996.115234375
2022-03-24,7049.68505859375
2022-03-25,7002.5322265625
2022-03-28,7049.60302734375
2022-03-29,7011.68896484375
2022-03-30,7053.18994140625
2022-03-31,7071.44189453125
2022-04-01,7078.759765625
2022-04-04,7116.2177734375
2022-04-05,7148.298828125
2022-04-06,7104.2158203125
2022-04-07,7127.3671875
2022-04-08,7210.8349609375
2022-04-11,7203.7939453125
2022-04-12,7214.78076171875
2022-04-13,7262.77685546875
2022-04-14,7235.5322265625
2022-04-18,7275.2890625
2022-04-19,7199.23193359375
2022-04-20,7227.36181640625
2022-04-21,7276.19287109375
2022-04-22,7225.60595703125
2022-04-25,7215.97900390625
2022-04-26,7232.15283203125
2022-04-27,7196.76416015625
2022-04-28,7228.9140625
2022-05-09,6909.7509765625
2022-05-10,6819.7939453125
2022-05-11,6816.203125
2022-05-12,6599.83984375
2022-05-13,6597.9931640625
2022-05-17,6644.466796875
2022-05-18,6793.4140625
2022-05-19,6823.3349609375
2022-05-20,6918.14404296875
2022-05-23,6840.77490234375
2022-05-24,6914.14111328125
2022-05-25,6883.50390625
2022-05-27,7026.255859375
2022-05-30,7037.56494140625
2022-05-31,7148.97021484375
2022-06-02,7148.72314453125
2022-06-03,7182.9609375
2022-06-06,7096.58203125
2022-06-07,7141.044921875
2022-06-08,7193.31396484375
2022-06-09,7182.830078125
2022-06-10,7086.64794921875
2022-06-13,6995.44189453125
2022-06-14,7049.8818359375
2022-06-15,7007.0498046875
2022-06-16,7050.326171875
2022-06-17,6936.966796875
2022-06-20,6976.376953125
2022-06-21,7044.07080078125
2022-06-22,6984.31103515625
2022-06-23,6998.26708984375
2022-06-24,7042.93701171875
2022-06-27,7016.05517578125
2022-06-28,6996.4560546875
2022-06-29,6942.35107421875
2022-06-30,6911.58203125
2022-07-01,6794.328125
2022-07-04,6639.171875
2022-07-05,6703.26611328125
2022-07-06,6646.41015625
2022-07-07,6652.5869140625
2022-07-08,6740.21923828125
2022-07-11,6722.14501953125
2022-07-12,6718.2939453125
2022-07-13,6640.990234375
2022-07-14,6690.0869140625
2022-07-15,6651.90478515625
2022-07-18,6659.2529296875
2022-07-19,6736.091796875
2022-07-20,6874.7431640625
2022-07-21,6864.130859375
2022-07-22,6886.9619140625
2022-07-25,6858.4072265625
2022-07-26,6871.537109375
2022-07-27,6898.2158203125
2022-07-28,6956.81689453125
2022-07-29,6951.123046875
2022-08-01,6968.783203125
2022-08-02,6988.1572265625
2022-08-03,7046.634765625
2022-08-04,7057.34814453125
2022-08-05,7084.65478515625
2022-08-08,7086.84912109375
2022-08-09,7102.8798828125
2022-08-10,7086.23583984375
2022-08-11,7160.384765625
2022-08-12,7129.27685546875
2022-08-15,7093.27587890625
2022-08-16,7133.453125
2022-08-18,7186.55810546875
2022-08-19,7172.43408203125
2022-08-22,7107.98291015625
2022-08-23,7163.26513671875
2022-08-24,7194.7060546875
2022-08-25,7174.2080078125
2022-08-26,7135.248046875
2022-08-29,7132.044921875
2022-08-30,7159.47314453125
2022-08-31,7178.58984375
2022-09-01,7153.10400390625
2022-09-02,7177.17919921875
2022-09-05,7231.8828125
2022-09-06,7233.15478515625
2022-09-07,7186.7568359375
2022-09-08,7232.01708984375
2022-09-09,7242.65576171875
2022-09-12,7254.4638671875
2022-09-13,7318.01611328125
2022-09-14,7278.078125
2022-09-15,7305.60107421875
2022-09-16,7168.8701171875
2022-09-19,7195.48779296875
2022-09-20,7196.951171875
2022-09-21,7188.31396484375
2022-09-22,7218.90576171875
2022-09-23,7178.5830078125
2022-09-26,7127.5029296875
2022-09-27,7112.44921875
2022-09-28,7077.03076171875
2022-09-29,7036.1982421875
2022-09-30,7040.7978515625
2022-10-03,7009.7177734375
2022-10-04,7072.255859375
2022-10-05,7075.384765625
2022-10-06,7076.623046875
2022-10-07,7026.783203125
2022-10-10,6994.39501953125
2022-10-11,6939.14501953125
2022-10-12,6909.208984375
2022-10-13,6880.625
2022-10-14,6814.52978515625
2022-10-17,6831.115234375
2022-10-18,6834.494140625
2022-10-19,6860.416015625
2022-10-20,6980.65185546875
2022-10-21,7017.77099609375
2022-10-24,7053.0439453125
2022-10-25,7048.3798828125
2022-10-26,7043.93896484375
2022-10-27,7091.76123046875
2022-10-28,7056.0400390625
2022-10-31,7098.89013671875
2022-11-01,7052.30322265625
2022-11-02,7015.68994140625
2022-11-03,7034.5732421875
2022-11-04,7045.52685546875
2022-11-07,7102.39599609375
2022-11-08,7050.1259765625
2022-11-09,7070.083984375
2022-11-10,6966.8369140625
2022-11-11,7089.2060546875
2022-11-14,7019.39208984375
2022-11-15,7035.5
2022-11-16,7014.3837890625
2022-11-17,7044.98583984375
2022-11-18,7082.18115234375
2022-11-21,7063.2470703125
2022-11-22,7030.587890625
2022-11-23,7054.123046875
2022-11-24,7080.51513671875
2022-11-25,7053.14990234375
2022-11-28,7017.35791015625
2022-11-29,7012.06884765625
2022-11-30,7081.31298828125
2022-12-01,7020.80322265625
2022-12-02,7019.63916015625
2022-12-05,6987.328125
2022-12-06,6892.56982421875
2022-12-07,6818.751953125
2022-12-08,6804.22705078125
2022-12-09,6715.1181640625
2022-12-12,6734.4521484375
2022-12-13,6810.31591796875
2022-12-14,6801.7490234375
2022-12-15,6751.85986328125
2022-12-16,6812.19287109375
2022-12-19,6779.6982421875
2022-12-20,6768.31591796875
2022-12-21,6820.6630859375
2022-12-22,6824.43212890625
2022-12-23,6800.6728515625
2022-12-26,6835.80810546875
2022-12-27,6923.02685546875
2022-12-28,6850.52001953125
2022-12-29,6860.0771484375
2022-12-30,6850.619140625
2023-01-02,6850.98388671875
2023-01-03,6888.7578125
2023-01-04,6813.23876953125
2023-01-05,6653.8408203125
2023-01-06,6684.55810546875
2023-01-09,6688.26513671875
2023-01-10,6622.4990234375
2023-01-11,6584.453125
2023-01-12,6629.93408203125
2023-01-13,6641.830078125
2023-01-16,6688.05712890625
2023-01-17,6767.33984375
2023-01-18,6765.7861328125
2023-01-19,6819.9072265625
2023-01-20,6874.93115234375
2023-01-24,6860.85400390625
2023-01-25,6829.93017578125
2023-01-26,6864.81787109375
2023-01-27,6898.98095703125
2023-01-30,6872.48095703125
2023-01-31,6839.341796875
2023-02-01,6862.2578125
2023-02-02,6890.57177734375
2023-02-03,6911.73193359375
2023-02-06,6873.791015625
2023-02-07,6935.30078125
2023-02-08,6940.1240234375
2023-02-09,6897.365234375
2023-02-10,6880.3291015625
2023-02-13,6900.14013671875
2023-02-14,6941.85498046875
2023-02-15,6914.5380859375
2023-02-16,6895.6640625
2023-02-17,6895.7138671875
2023-02-20,6894.716796875
2023-02-21,6873.40478515625
2023-02-22,6809.9677734375
2023-02-23,6839.4541015625
2023-02-24,6856.576171875
2023-02-27,6854.77685546875
2023-02-28,6843.23876953125
2023-03-01,6844.93603515625
2023-03-02,6857.4150390625
2023-03-03,6813.63623046875
2023-03-06,6807.0009765625
2023-03-07,6766.7578125
2023-03-08,6776.3701171875
2023-03-09,6799.794921875
2023-03-10,6765.3017578125
2023-03-13,6786.955078125
2023-03-14,6641.81396484375
2023-03-15,6628.13720703125
2023-03-16,6565.72802734375
2023-03-17,6678.23681640625
2023-03-20,6612.490234375
2023-03-21,6691.61083984375
2023-03-24,6762.25390625
2023-03-27,6708.93310546875
2023-03-28,6760.328125
2023-03-29,6839.43603515625
2023-03-30,6808.951171875
2023-03-31,6805.27685546875
2023-04-03,6827.1748046875
2023-04-04,6833.17822265625
2023-04-05,6819.6748046875
2023-04-06,6792.76513671875
2023-04-10,6771.23486328125
2023-04-11,6811.31396484375
2023-04-12,6798.9638671875
2023-04-13,6785.59814453125
2023-04-14,6818.57421875
2023-04-17,6787.58203125
2023-04-18,6821.80712890625
2023-04-26,6910.14697265625
2023-04-27,6945.47705078125
2023-04-28,6915.7158203125
2023-05-02,6863.3017578125
2023-05-03,6812.72216796875
2023-05-04,6844.02685546875
2023-05-05,6787.630859375
2023-05-08,6769.630859375
2023-05-09,6779.97998046875
2023-05-10,6811.90478515625
2023-05-11,6755.93798828125
2023-05-12,6707.76318359375
2023-05-15,6711.740234375
2023-05-16,6676.56396484375
2023-05-17,6663.11376953125
2023-05-19,6700.56103515625
2023-05-22,6729.64697265625
2023-05-23,6736.68408203125
2023-05-24,6745.80419921875
2023-05-25,6704.23095703125
2023-05-26,6687.0009765625
2023-05-29,6681.10205078125
2023-05-30,6636.4228515625
2023-05-31,6633.26123046875
2023-06-05,6633.43701171875
2023-06-06,6618.9228515625
2023-06-07,6619.7548828125
2023-06-08,6666.330078125
2023-06-09,6694.02392578125
2023-06-12,6722.373046875
2023-06-13,6719.01416015625
2023-06-14,6699.716796875
2023-06-15,6713.794921875
2023-06-16,6698.546875
2023-06-19,6686.05908203125
2023-06-20,6660.455078125
2023-06-21,6702.625
2023-06-22,6652.26123046875
2023-06-23,6639.73291015625
2023-06-26,6664.66796875
2023-06-27,6661.87890625
2023-07-03,6696.7158203125
2023-07-04,6681.75390625
2023-07-05,6718.97705078125
2023-07-06,6757.3310546875
2023-07-07,6716.458984375
2023-07-10,6731.0380859375
2023-07-11,6796.923828125
2023-07-12,6808.208984375
2023-07-13,6810.212890625
2023-07-14,6869.57177734375
2023-07-17,6867.14404296875
2023-07-18,6830.203125
2023-07-20,6864.18896484375
2023-07-21,6880.8017578125
2023-07-24,6899.39599609375
2023-07-25,6917.7109375
2023-07-26,6948.27880859375
2023-07-27,6896.6630859375
2023-07-28,6900.22998046875
2023-07-31,6931.35888671875
2023-08-01,6886.49609375
2023-08-02,6854.509765625
2023-08-03,6898.0771484375
2023-08-04,6852.841796875
2023-08-07,6886.3662109375
2023-08-08,6868.81298828125
2023-08-09,6875.11181640625
2023-08-10,6893.27587890625
2023-08-11,6879.97900390625
2023-08-14,6910.171875
2023-08-15,6915.10107421875
2023-08-16,6900.5380859375
2023-08-18,6859.912109375
2023-08-21,6866.033203125
2023-08-22,6916.4501953125
2023-08-23,6921.41015625
2023-08-24,6899.39208984375
2023-08-25,6895.44287109375
2023-08-28,6921.72705078125
2023-08-29,6957.8349609375
2023-08-30,6966.65576171875
2023-08-31,6953.259765625
2023-09-01,6977.65380859375
2023-09-04,6996.75
2023-09-05,6991.7080078125
2023-09-06,6995.953125
2023-09-07,6954.80810546875
2023-09-08,6924.77978515625
2023-09-11,6963.39306640625
2023-09-12,6933.96923828125
2023-09-13,6935.47607421875
2023-09-14,6959.3330078125
2023-09-15,6982.791015625
2023-09-18,6936.0830078125
2023-09-19,6980.32080078125
2023-09-20,7011.68115234375
2023-09-21,6991.4658203125
2023-09-22,7016.84423828125
2023-09-25,6998.380859375
2023-09-26,6923.7998046875
2023-09-27,6937.828125
2023-09-29,6939.89208984375
2023-10-02,6961.458984375
2023-10-03,6940.88720703125
2023-10-04,6886.576171875
2023-10-05,6874.826171875
2023-10-06,6888.51806640625
2023-10-09,6891.455078125
2023-10-10,6922.18798828125
2023-10-11,6931.7529296875
2023-10-12,6935.15087890625
2023-10-13,6926.77978515625
2023-10-16,6896.2919921875
2023-10-17,6939.615234375
2023-10-18,6927.90576171875
2023-10-19,6846.4267578125
2023-10-20,6849.16796875
2023-10-23,6741.9638671875
2023-10-24,6806.76220703125
2023-10-25,6834.38818359375
2023-10-26,6714.51904296875
2023-10-27,6758.79296875
2023-10-30,6735.89208984375
2023-10-31,6752.2109375
2023-11-01,6642.41796875
2023-11-02,6751.38623046875
2023-11-03,6788.85009765625
2023-11-06,6878.8359375
2023-11-07,6843.7900390625
2023-11-08,6804.10595703125
2023-11-09,6838.23291015625
2023-11-10,6809.26318359375
2023-11-13,6838.31201171875
2023-11-14,6862.05517578125
2023-11-15,6958.205078125
2023-11-16,6958.0078125
2023-11-17,6977.66796875
2023-11-20,6994.88818359375
2023-11-21,6961.7900390625
2023-11-22,6906.953125
2023-11-23,7004.34423828125
2023-11-24,7009.630859375
2023-11-27,7013.40576171875
2023-11-28,7041.0732421875
2023-11-29,7036.0869140625
2023-11-30,7080.7412109375
2023-12-01,7059.90576171875
2023-12-04,7093.60009765625
2023-12-05,7100.85498046875
2023-12-06,7087.39501953125
2023-12-07,7134.623046875
2023-12-08,7159.59814453125
2023-12-11,7088.78515625
2023-12-12,7125.30712890625
2023-12-13,7075.3408203125
2023-12-14,7176.01611328125
2023-12-15,7190.98779296875
2023-12-18,7119.52490234375
2023-12-19,7187.84619140625
2023-12-20,7219.6669921875
2023-12-21,7209.619140625
2023-12-22,7237.51904296875
2023-12-27,7245.916015625
2023-12-28,7303.88818359375
2023-12-29,7272.796875
2024-01-02,7323.587890625
2024-01-03,7279.0908203125
2024-01-04,7359.76318359375
2024-01-05,7350.619140625
2024-01-08,7283.5751953125
2024-01-09,7200.203125
2024-01-10,7227.296875
2024-01-11,7219.9638671875
2024-01-12,7241.13818359375
2024-01-15,7224.0009765625
2024-01-16,7242.787109375
2024-01-17,7200.634765625
2024-01-18,7252.966796875
2024-01-19,7227.40185546875
2024-01-22,7247.92822265625
2024-01-23,7256.22900390625
2024-01-24,7227.8232421875
2024-01-25,7178.0419921875
2024-01-26,7137.087890625
2024-01-29,7157.1748046875
2024-01-30,7192.2158203125
2024-01-31,7207.94091796875
2024-02-01,7201.69580078125
2024-02-02,7238.78515625
2024-02-05,7198.615234375
2024-02-06,7247.408203125
2024-02-07,7235.15185546875
2024-02-12,7297.6689453125
2024-02-13,7209.7412109375
2024-02-15,7303.28076171875
2024-02-16,7335.544921875
2024-02-19,7296.7021484375
2024-02-20,7352.60107421875
2024-02-21,7349.02099609375
2024-02-22,7339.63623046875
2024-02-23,7295.09521484375
2024-02-26,7283.8232421875
2024-02-27,7285.31689453125
2024-02-28,7328.63623046875
2024-02-29,7316.11083984375
2024-03-01,7311.9072265625
2024-03-04,7276.7490234375
2024-03-05,7247.4599609375
2024-03-06,7329.80078125
2024-03-07,7373.9638671875
2024-03-08,7381.9072265625
2024-03-13,7421.20703125
2024-03-14,7433.31494140625
2024-03-15,7328.05419921875
2024-03-18,7302.44921875
2024-03-19,7336.74609375
2024-03-20,7331.1279296875
2024-03-21,7338.35302734375
2024-03-22,7350.15185546875
2024-03-25,7377.759765625
2024-03-26,7365.6640625
2024-03-27,7310.091796875
2024-03-28,7288.81298828125
2024-04-01,7205.06103515625
2024-04-02,7236.98388671875
2024-04-03,7166.84423828125
2024-04-04,7254.39892578125
2024-04-05,7286.8818359375
2024-04-16,7164.80712890625
2024-04-17,7130.8408203125
2024-04-18,7166.81396484375
2024-04-19,7087.31689453125
2024-04-22,7073.81982421875
2024-04-23,7110.81298828125
2024-04-24,7174.533203125
2024-04-25,7155.2939453125
2024-04-26,7036.0751953125
2024-04-29,7155.7841796875
2024-04-30,7234.19677734375
2024-05-02,7117.4248046875
2024-05-03,7134.72412109375
2024-05-06,7135.89013671875
2024-05-07,7123.61181640625
2024-05-08,7088.794921875
2024-05-13,7099.26123046875
2024-05-14,7083.76318359375
2024-05-15,7179.8310546875
2024-05-16,7246.69580078125
2024-05-17,7317.23779296875
2024-05-20,7266.69091796875
2024-05-21,7186.037109375
2024-05-22,7222.3818359375
2024-05-27,7176.419921875
2024-05-28,7253.6259765625
2024-05-29,7140.22900390625
2024-05-30,7034.14208984375
2024-05-31,6970.73583984375
2024-06-03,7036.19091796875
2024-06-04,7099.31201171875
2024-06-05,6947.669921875
2024-06-06,6974.89697265625
2024-06-07,6897.9501953125
2024-06-10,6921.5478515625
2024-06-11,6855.69091796875
2024-06-12,6850.09716796875
2024-06-13,6831.56396484375
2024-06-14,6734.83203125
2024-06-19,6726.9189453125
2024-06-20,6819.32080078125
2024-06-21,6879.97802734375
2024-06-24,6889.1650390625
