date,close
1999-12-31,1000.0
2000-01-03,996.77001953125
2000-01-04,955.969970703125
2000-01-05,930.260009765625
2000-01-06,922.4600219726562
2000-01-07,943.8800048828124
2000-01-10,960.219970703125
2000-01-11,954.0599975585938
2000-01-12,946.8300170898438
2000-01-13,951.8200073242188
2000-01-14,973.8599853515624
2000-01-17,979.9600219726562
2000-01-18,952.5900268554688
2000-01-19,951.260009765625
2000-01-20,955.4099731445312
2000-01-21,951.510009765625
2000-01-24,956.6099853515624
2000-01-25,943.8800048828124
2000-01-26,946.2000122070312
2000-01-27,948.1500244140624
2000-01-28,948.2100219726562
2000-01-31,929.8599853515624
2000-02-01,944.77001953125
2000-02-02,968.6099853515624
2000-02-03,994.1400146484376
2000-02-04,1010.4299926757812
2000-02-07,1002.4000244140624
2000-02-08,1022.25
2000-02-09,1016.010009765625
2000-02-10,1005.6400146484376
2000-02-11,1014.1699829101562
2000-02-14,1006.27001953125
2000-02-15,993.8699951171876
2000-02-16,996.4099731445312
2000-02-17,1009.3499755859376
2000-02-18,992.530029296875
2000-02-21,978.6900024414062
2000-02-22,976.719970703125
2000-02-23,983.3800048828124
2000-02-24,988.7100219726562
2000-02-25,1004.719970703125
2000-02-28,992.4299926757812
2000-02-29,1007.3200073242188
2000-03-01,1015.6599731445312
2000-03-02,1033.5999755859375
2000-03-03,1042.4000244140625
2000-03-06,1047.77001953125
2000-03-07,1037.989990234375
2000-03-08,1032.6800537109375
2000-03-09,1035.260009765625
2000-03-10,1045.27001953125
2000-03-13,1017.3900146484376
2000-03-14,1020.8099975585938
2000-03-15,998.219970703125
2000-03-16,1015.47998046875
2000-03-17,1022.1199951171876
2000-03-20,1028.3900146484375
2000-03-21,1027.6300048828125
2000-03-22,1027.010009765625
2000-03-23,1017.7899780273438
2000-03-24,1029.6600341796875
2000-03-27,1035.760009765625
2000-03-28,1048.3699951171875
2000-03-29,1045.72998046875
2000-03-30,1023.2100219726562
2000-03-31,1021.219970703125
2000-04-03,998.989990234375
2000-04-04,1015.6799926757812
2000-04-05,990.0399780273438
2000-04-06,1017.219970703125
2000-04-07,1029.969970703125
2000-04-10,1032.010009765625
2000-04-11,1017.3800048828124
2000-04-12,1018.280029296875
2000-04-13,1019.739990234375
2000-04-14,995.3699951171876
2000-04-17,986.5499877929688
2000-04-18,998.2100219726562
2000-04-19,1004.1199951171876
2000-04-20,1011.72998046875
2000-04-21,1011.72998046875
2000-04-24,1011.72998046875
2000-04-25,1024.800048828125
2000-04-26,1038.5999755859375
2000-04-27,1018.8499755859376
2000-04-28,1042.6099853515625
2000-05-01,1044.6600341796875
2000-05-02,1062.8499755859375
2000-05-03,1048.6300048828125
2000-05-04,1053.489990234375
2000-05-05,1062.68994140625
2000-05-08,1062.5400390625
2000-05-09,1049.31005859375
2000-05-10,1035.52001953125
2000-05-11,1047.699951171875
2000-05-12,1060.5899658203125
2000-05-15,1055.5
2000-05-16,1075.3199462890625
2000-05-17,1061.719970703125
2000-05-18,1065.0899658203125
2000-05-19,1033.6199951171875
2000-05-22,1015.97998046875
2000-05-23,1020.3099975585938
2000-05-24,1001.3099975585938
2000-05-25,1017.1500244140624
2000-05-26,1013.3400268554688
2000-05-29,1027.6700439453125
2000-05-30,1038.8900146484375
2000-05-31,1051.25
2000-06-01,1066.030029296875
2000-06-02,1086.3299560546875
2000-06-05,1081.5999755859375
2000-06-06,1074.1800537109375
2000-06-07,1064.5799560546875
2000-06-08,1069.06005859375
2000-06-09,1073.2900390625
2000-06-12,1073.2900390625
2000-06-13,1074.8299560546875
2000-06-14,1083.5
2000-06-15,1072.6700439453125
2000-06-16,1068.6099853515625
2000-06-19,1070.719970703125
2000-06-20,1077.5799560546875
2000-06-21,1074.43994140625
2000-06-22,1074.239990234375
2000-06-23,1078.4000244140625
2000-06-26,1083.760009765625
2000-06-27,1080.4000244140625
2000-06-28,1082.7900390625
2000-06-29,1054.43994140625
2000-06-30,1064.06005859375
2000-07-03,1071.7900390625
2000-07-04,1073.31005859375
2000-07-05,1066.050048828125
2000-07-06,1064.050048828125
2000-07-07,1079.3599853515625
2000-07-10,1075.2900390625
2000-07-11,1078.3199462890625
2000-07-12,1085.3900146484375
2000-07-13,1088.6400146484375
2000-07-14,1088.0999755859375
2000-07-17,1093.5699462890625
2000-07-18,1080.8499755859375
2000-07-19,1078.010009765625
2000-07-20,1085.9300537109375
2000-07-21,1072.969970703125
2000-07-24,1078.969970703125
2000-07-25,1075.239990234375
2000-07-26,1075.800048828125
2000-07-27,1072.9300537109375
2000-07-28,1062.3399658203125
2000-07-31,1078.3399658203125
2000-08-01,1079.050048828125
2000-08-02,1081.8599853515625
2000-08-03,1060.8900146484375
2000-08-04,1073.1099853515625
2000-08-07,1083.510009765625
2000-08-08,1084.489990234375
2000-08-09,1093.5799560546875
2000-08-10,1093.489990234375
2000-08-11,1093.0
2000-08-14,1100.81005859375
2000-08-15,1105.1199951171875
2000-08-16,1110.9300537109375
2000-08-17,1109.8699951171875
2000-08-18,1110.699951171875
2000-08-21,1108.550048828125
2000-08-22,1104.9300537109375
2000-08-23,1104.68994140625
2000-08-24,1098.219970703125
2000-08-25,1108.8499755859375
2000-08-28,1113.489990234375
2000-08-29,1115.1400146484375
2000-08-30,1113.3399658203125
2000-08-31,1114.8800048828125
2000-09-01,1134.3299560546875
2000-09-04,1147.8399658203125
2000-09-05,1141.2900390625
2000-09-06,1133.6400146484375
2000-09-07,1136.52001953125
2000-09-08,1118.7900390625
2000-09-11,1117.6400146484375
2000-09-12,1116.8499755859375
2000-09-13,1100.219970703125
2000-09-14,1107.5799560546875
2000-09-15,1103.97998046875
2000-09-18,1090.2900390625
2000-09-19,1089.510009765625
2000-09-20,1075.31005859375
2000-09-21,1053.22998046875
2000-09-22,1052.6600341796875
2000-09-25,1061.969970703125
2000-09-26,1054.9000244140625
2000-09-27,1058.56005859375
2000-09-28,1057.469970703125
2000-09-29,1055.27001953125
2000-10-02,1005.6400146484376
2000-10-03,1045.27001953125
2000-10-04,1060.3599853515625
2000-10-05,1066.68994140625
2000-10-06,1066.52001953125
2000-10-09,1032.280029296875
2000-10-10,1036.5
2000-10-11,1009.489990234375
2000-10-12,1015.780029296875
2000-10-13,1022.469970703125
2000-10-16,1026.8800048828125
2000-10-17,1021.4600219726562
2000-10-18,1003.8599853515624
2000-10-19,1025.31005859375
2000-10-20,1038.22998046875
2000-10-23,1045.3699951171875
2000-10-24,1066.6400146484375
2000-10-25,1057.010009765625
2000-10-26,1049.050048828125
2000-10-27,1058.4300537109375
2000-10-30,1061.3399658203125
2000-10-31,1075.25
2000-11-01,1078.4000244140625
2000-11-02,1075.68994140625
2000-11-03,1077.3499755859375
2000-11-06,1074.6400146484375
2000-11-07,1077.0799560546875
2000-11-08,1072.02001953125
2000-11-09,1061.3199462890625
2000-11-10,1044.4200439453125
2000-11-13,1025.6099853515625
2000-11-14,1053.8499755859375
2000-11-15,1064.4200439453125
2000-11-16,1060.68994140625
2000-11-17,1048.949951171875
2000-11-20,1027.530029296875
2000-11-21,1034.6500244140625
2000-11-22,1012.4299926757812
2000-11-23,1022.5499877929688
2000-11-24,1034.6700439453125
2000-11-27,1041.7099609375
2000-11-28,1027.97998046875
2000-11-29,1025.6700439453125
2000-11-30,1004.3499755859376
2000-12-01,1009.0
2000-12-04,988.9000244140624
2000-12-05,1017.1900024414062
2000-12-06,1013.5499877929688
2000-12-07,1011.4500122070312
2000-12-08,1007.5
2000-12-11,1024.8299560546875
2000-12-12,1020.1300048828124
2000-12-13,1008.6199951171876
2000-12-14,994.7899780273438
2000-12-15,980.5900268554688
2000-12-18,988.8699951171876
2000-12-19,1000.4500122070312
2000-12-20,972.52001953125
2000-12-21,970.4600219726562
2000-12-22,975.5900268554688
2000-12-27,988.2899780273438
2000-12-28,997.9600219726562
2000-12-29,997.25
2001-01-02,982.219970703125
2001-01-03,965.8699951171876
2001-01-04,983.4400024414062
2001-01-05,976.0399780273438
2001-01-08,970.6900024414062
2001-01-09,963.1599731445312
2001-01-10,960.4099731445312
2001-01-11,970.1699829101562
2001-01-12,986.0599975585938
2001-01-15,987.7000122070312
2001-01-16,974.9299926757812
2001-01-17,993.6199951171876
2001-01-18,987.5800170898438
2001-01-19,985.0
2001-01-22,988.9099731445312
2001-01-23,984.1799926757812
2001-01-24,993.7000122070312
2001-01-25,998.3099975585938
2001-01-26,995.9000244140624
2001-01-29,994.3499755859376
2001-01-30,996.02001953125
2001-01-31,1007.3200073242188
2001-02-01,994.47998046875
2001-02-02,986.6199951171876
2001-02-05,986.5
2001-02-06,990.530029296875
2001-02-07,976.9099731445312
2001-02-08,980.0499877929688
2001-02-09,972.1699829101562
2001-02-12,977.02001953125
2001-02-13,975.52001953125
2001-02-14,962.969970703125
2001-02-15,971.6099853515624
2001-02-16,957.010009765625
2001-02-19,953.4500122070312
2001-02-20,949.6199951171876
2001-02-21,937.3699951171876
2001-02-22,929.9500122070312
2001-02-23,912.1300048828124
2001-02-26,926.4099731445312
2001-02-27,930.6199951171876
2001-02-28,922.3599853515624
2001-03-01,914.5599975585938
2001-03-02,909.8499755859376
2001-03-05,919.6400146484376
2001-03-06,933.02001953125
2001-03-07,935.3800048828124
2001-03-08,928.1799926757812
2001-03-09,921.3300170898438
2001-03-12,901.280029296875
2001-03-13,891.0999755859375
2001-03-14,878.7000122070312
2001-03-15,885.989990234375
2001-03-16,869.2899780273438
2001-03-19,860.4099731445312
2001-03-20,873.1500244140625
2001-03-21,855.3900146484375
2001-03-22,820.6199951171875
2001-03-23,839.780029296875
2001-03-26,868.780029296875
2001-03-27,885.3599853515625
2001-03-28,873.8099975585938
2001-03-29,874.989990234375
2001-03-30,881.6599731445312
2001-04-02,884.3900146484375
2001-04-03,853.7899780273438
2001-04-04,858.5399780273438
2001-04-05,875.4199829101562
2001-04-06,873.219970703125
2001-04-09,881.6599731445312
2001-04-10,904.469970703125
2001-04-11,908.9099731445312
2001-04-12,908.5700073242188
2001-04-17,903.2000122070312
2001-04-18,928.1300048828124
2001-04-19,921.2999877929688
2001-04-20,915.3499755859376
2001-04-23,906.9500122070312
2001-04-24,914.280029296875
2001-04-25,913.02001953125
2001-04-26,925.4600219726562
2001-04-27,936.7100219726562
2001-05-02,940.6400146484376
2001-05-03,921.7899780273438
2001-05-04,918.4299926757812
2001-05-07,925.3099975585938
2001-05-08,927.97998046875
2001-05-09,924.030029296875
2001-05-10,944.2999877929688
2001-05-11,939.280029296875
2001-05-14,928.3400268554688
2001-05-15,935.969970703125
2001-05-16,931.4600219726562
2001-05-17,942.5700073242188
2001-05-18,950.7000122070312
2001-05-21,951.52001953125
2001-05-22,959.72998046875
2001-05-23,951.5499877929688
2001-05-24,954.2000122070312
2001-05-25,943.3900146484376
2001-05-28,948.6699829101562
2001-05-29,941.1900024414062
2001-05-30,927.280029296875
2001-05-31,929.1300048828124
2001-06-01,924.5900268554688
2001-06-05,938.4099731445312
2001-06-06,936.1199951171876
2001-06-07,931.3400268554688
2001-06-08,929.510009765625
2001-06-11,923.5
2001-06-12,907.5900268554688
2001-06-13,913.260009765625
2001-06-14,902.6599731445312
2001-06-15,891.8699951171875
2001-06-18,884.0999755859375
2001-06-19,887.47998046875
2001-06-20,883.3400268554688
2001-06-21,880.9199829101562
2001-06-22,889.0900268554688
2001-06-25,892.4099731445312
2001-06-26,876.5
2001-06-27,872.25
2001-06-28,881.0
2001-06-29,896.3699951171875
2001-07-02,908.02001953125
2001-07-03,895.030029296875
2001-07-04,891.02001953125
2001-07-05,885.780029296875
2001-07-06,867.25
2001-07-09,869.1699829101562
2001-07-10,863.030029296875
2001-07-11,852.5599975585938
2001-07-12,859.2000122070312
2001-07-13,865.9099731445312
2001-07-16,862.5599975585938
2001-07-17,857.2100219726562
2001-07-18,841.27001953125
2001-07-19,849.9199829101562
2001-07-20,843.0999755859375
2001-07-23,847.989990234375
2001-07-24,840.2000122070312
2001-07-25,825.4099731445312
2001-07-26,833.2100219726562
2001-07-27,850.8400268554688
2001-07-30,862.0800170898438
2001-07-31,869.780029296875
2001-08-01,874.6900024414062
2001-08-02,869.8099975585938
2001-08-03,859.3699951171875
2001-08-06,864.1099853515625
2001-08-07,863.1799926757812
2001-08-08,853.8200073242188
2001-08-09,838.8300170898438
2001-08-10,831.6699829101562
2001-08-13,840.4000244140625
2001-08-14,847.9400024414062
2001-08-15,842.4199829101562
2001-08-16,835.9199829101562
2001-08-17,820.219970703125
2001-08-20,821.25
2001-08-21,829.22998046875
2001-08-22,825.77001953125
2001-08-23,829.0399780273438
2001-08-24,843.469970703125
2001-08-27,844.1300048828125
2001-08-28,830.260009765625
2001-08-29,833.6500244140625
2001-08-30,816.2100219726562
2001-08-31,812.7000122070312
2001-09-03,802.4099731445312
2001-09-04,810.0999755859375
2001-09-05,796.4199829101562
2001-09-06,780.3800048828125
2001-09-07,764.5800170898438
2001-09-10,759.1300048828125
2001-09-11,756.3599853515625
2001-09-12,745.5599975585938
2001-09-14,713.6699829101562
2001-09-17,710.989990234375
2001-09-18,689.8800048828125
2001-09-19,676.1400146484375
2001-09-20,647.2899780273438
2001-09-21,629.8800048828125
2001-09-24,665.8300170898438
2001-09-25,676.5599975585938
2001-09-26,687.02001953125
2001-09-27,692.7899780273438
2001-09-28,710.4099731445312
2001-10-01,695.1599731445312
2001-10-02,701.7000122070312
2001-10-03,696.0700073242188
2001-10-04,725.239990234375
2001-10-05,721.239990234375
2001-10-08,722.47998046875
2001-10-09,723.9199829101562
2001-10-10,746.75
2001-10-11,751.2100219726562
2001-10-12,749.8800048828125
2001-10-15,725.760009765625
2001-10-16,737.0399780273438
2001-10-17,753.6099853515625
2001-10-18,739.22998046875
2001-10-19,727.6500244140625
2001-10-22,740.4600219726562
2001-10-23,761.8599853515625
2001-10-24,764.3099975585938
2001-10-25,747.239990234375
2001-10-26,765.6300048828125
2001-10-29,751.2899780273438
2001-10-30,730.0800170898438
2001-10-31,743.1300048828125
2001-11-01,748.7000122070312
2001-11-02,750.3200073242188
2001-11-05,769.9400024414062
2001-11-06,766.3400268554688
2001-11-07,774.530029296875
2001-11-08,788.77001953125
2001-11-09,777.1900024414062
2001-11-12,756.1900024414062
2001-11-13,787.4299926757812
2001-11-14,787.4099731445312
2001-11-15,786.8900146484375
2001-11-16,791.0999755859375
2001-11-19,801.9099731445312
2001-11-20,791.77001953125
2001-11-21,785.530029296875
2001-11-22,793.3800048828125
2001-11-23,790.8800048828125
2001-11-26,789.0499877929688
2001-11-27,777.0999755859375
2001-11-28,768.8499755859375
2001-11-29,769.3200073242188
2001-11-30,773.1300048828125
2001-12-03,770.219970703125
2001-12-04,778.8800048828125
2001-12-05,801.8200073242188
2001-12-06,801.8200073242188
2001-12-07,796.9299926757812
2001-12-10,783.5599975585938
2001-12-11,783.239990234375
2001-12-12,775.0999755859375
2001-12-13,759.4199829101562
2001-12-14,750.6799926757812
2001-12-17,773.5399780273438
2001-12-18,772.1099853515625
2001-12-19,770.780029296875
2001-12-20,764.8400268554688
2001-12-21,779.22998046875
2001-12-24,780.0700073242188
2001-12-27,795.0399780273438
2001-12-28,800.469970703125
2002-01-02,789.780029296875
2002-01-03,803.77001953125
2002-01-04,803.0999755859375
2002-01-07,794.780029296875
2002-01-08,787.4199829101562
2002-01-09,791.75
2002-01-10,780.4600219726562
2002-01-11,786.780029296875
2002-01-14,770.2999877929688
2002-01-15,781.4000244140625
2002-01-16,768.8900146484375
2002-01-17,778.1900024414062
2002-01-18,773.3800048828125
2002-01-21,769.9500122070312
2002-01-22,774.0800170898438
2002-01-23,774.0499877929688
2002-01-24,785.5499877929688
2002-01-25,783.5499877929688
2002-01-28,790.3300170898438
2002-01-29,782.010009765625
2002-01-30,770.0499877929688
2002-01-31,779.7100219726562
2002-02-01,779.0
2002-02-04,771.1199951171875
2002-02-05,756.0900268554688
2002-02-06,749.25
2002-02-07,752.1799926757812
2002-02-08,751.47998046875
2002-02-11,760.77001953125
2002-02-12,758.5700073242188
2002-02-13,762.77001953125
2002-02-14,773.4500122070312
2002-02-15,766.4299926757812
2002-02-18,760.9299926757812
2002-02-19,745.1599731445312
2002-02-20,741.3099975585938
2002-02-21,749.75
2002-02-22,741.260009765625
2002-02-25,751.1699829101562
2002-02-26,756.8499755859375
2002-02-27,769.6099853515625
2002-02-28,774.530029296875
2002-03-01,779.4199829101562
2002-03-04,798.72998046875
2002-03-05,795.719970703125
2002-03-06,796.97998046875
2002-03-07,803.2899780273438
2002-03-08,804.6900024414062
2002-03-11,800.5599975585938
2002-03-12,795.469970703125
2002-03-13,790.9299926757812
2002-03-14,793.1599731445312
2002-03-15,800.6500244140625
2002-03-18,807.72998046875
2002-03-19,811.739990234375
2002-03-20,806.3200073242188
2002-03-21,803.219970703125
2002-03-22,806.8200073242188
2002-03-25,804.1599731445312
2002-03-26,808.9099731445312
2002-03-27,808.8200073242188
2002-03-28,819.8400268554688
2002-04-02,812.8499755859375
2002-04-03,811.5900268554688
2002-04-04,798.239990234375
2002-04-05,794.3300170898438
2002-04-08,781.780029296875
2002-04-09,786.1699829101562
2002-04-10,794.52001953125
2002-04-11,782.260009765625
2002-04-12,785.9400024414062
2002-04-15,790.9199829101562
2002-04-16,807.3499755859375
2002-04-17,808.0499877929688
2002-04-18,807.030029296875
2002-04-19,809.3699951171875
2002-04-22,803.030029296875
2002-04-23,802.9299926757812
2002-04-24,795.5800170898438
2002-04-25,784.9600219726562
2002-04-26,783.0399780273438
2002-04-29,777.8099975585938
2002-04-30,783.9199829101562
2002-05-02,774.5900268554688
2002-05-03,765.7999877929688
2002-05-06,765.9400024414062
2002-05-07,755.0999755859375
2002-05-08,771.969970703125
2002-05-09,770.760009765625
2002-05-10,761.530029296875
2002-05-13,767.7000122070312
2002-05-14,780.0499877929688
2002-05-15,783.6400146484375
2002-05-16,782.4500122070312
2002-05-17,777.5
2002-05-20,771.5499877929688
2002-05-21,770.3200073242188
2002-05-22,759.010009765625
2002-05-23,763.3400268554688
2002-05-24,763.47998046875
2002-05-27,765.77001953125
2002-05-28,762.0999755859375
2002-05-29,761.260009765625
2002-05-30,749.1900024414062
2002-05-31,753.3900146484375
2002-06-03,744.9500122070312
2002-06-04,719.7100219726562
2002-06-05,721.6500244140625
2002-06-06,724.760009765625
2002-06-07,710.9000244140625
2002-06-10,711.4199829101562
2002-06-11,718.0999755859375
2002-06-12,704.5700073242188
2002-06-13,695.7899780273438
2002-06-14,676.8900146484375
2002-06-17,703.5599975585938
2002-06-18,703.77001953125
2002-06-19,692.9099731445312
2002-06-20,674.8699951171875
2002-06-21,670.1900024414062
2002-06-24,648.260009765625
2002-06-25,666.1199951171875
2002-06-26,652.9199829101562
2002-06-27,660.5700073242188
2002-06-28,687.3900146484375
2002-07-01,688.0999755859375
2002-07-02,662.1900024414062
2002-07-03,642.5599975585938
2002-07-04,657.0399780273438
2002-07-05,684.5900268554688
2002-07-08,682.3499755859375
2002-07-09,675.5700073242188
2002-07-10,647.77001953125
2002-07-11,622.969970703125
2002-07-12,622.6099853515625
2002-07-15,590.0399780273438
2002-07-16,587.25
2002-07-17,609.0399780273438
2002-07-18,619.72998046875
2002-07-19,590.7000122070312
2002-07-22,559.1099853515625
2002-07-23,545.969970703125
2002-07-24,533.52001953125
2002-07-25,555.6099853515625
2002-07-26,558.0599975585938
2002-07-29,594.5700073242188
2002-07-30,590.739990234375
2002-07-31,598.9299926757812
2002-08-01,569.2000122070312
2002-08-02,566.1099853515625
2002-08-05,547.260009765625
2002-08-06,571.4000244140625
2002-08-07,572.8300170898438
2002-08-08,589.8200073242188
2002-08-09,600.22998046875
2002-08-12,586.97998046875
2002-08-13,592.3300170898438
2002-08-14,571.27001953125
2002-08-15,594.0599975585938
2002-08-16,595.7000122070312
2002-08-19,615.8300170898438
2002-08-20,608.0700073242188
2002-08-21,613.6099853515625
2002-08-22,633.2899780273438
2002-08-23,623.5800170898438
2002-08-26,612.3099975585938
2002-08-27,630.4299926757812
2002-08-28,605.2899780273438
2002-08-29,590.47998046875
2002-08-30,596.6099853515625
2002-09-02,582.2899780273438
2002-09-03,559.1500244140625
2002-09-04,562.6799926757812
2002-09-05,557.219970703125
2002-09-06,575.0499877929688
2002-09-09,564.8800048828125
2002-09-10,581.0399780273438
2002-09-11,597.6599731445312
2002-09-12,572.8800048828125
2002-09-13,559.6300048828125
2002-09-16,556.3200073242188
2002-09-17,550.7999877929688
2002-09-18,530.1199951171875
2002-09-19,518.9600219726562
2002-09-20,514.0
2002-09-23,496.0899963378906
2002-09-24,488.1300048828125
2002-09-25,495.1799926757813
2002-09-26,524.4199829101562
2002-09-27,521.719970703125
2002-09-30,493.6900024414063
2002-10-01,503.5299987792969
2002-10-02,522.0599975585938
2002-10-03,512.1300048828125
2002-10-04,498.8900146484375
2002-10-07,492.3399963378906
2002-10-08,484.4100036621094
2002-10-09,479.010009765625
2002-10-10,493.760009765625
2002-10-11,518.1900024414062
2002-10-14,514.9099731445312
2002-10-15,548.510009765625
2002-10-16,542.5700073242188
2002-10-17,560.3200073242188
2002-10-18,559.02001953125
2002-10-21,558.469970703125
2002-10-22,553.5999755859375
2002-10-23,533.030029296875
2002-10-24,545.9600219726562
2002-10-25,541.489990234375
2002-10-28,552.02001953125
2002-10-29,525.9600219726562
2002-10-30,544.7899780273438
2002-10-31,556.1099853515625
2002-11-01,550.0700073242188
2002-11-04,568.2999877929688
2002-11-05,571.97998046875
2002-11-06,566.0599975585938
2002-11-07,549.780029296875
2002-11-08,541.1199951171875
2002-11-11,540.02001953125
2002-11-12,542.239990234375
2002-11-13,537.7000122070312
2002-11-14,554.5
2002-11-15,557.6900024414062
2002-11-18,565.75
2002-11-19,561.5900268554688
2002-11-20,558.5800170898438
2002-11-21,581.3900146484375
2002-11-22,583.4099731445312
2002-11-25,583.3099975585938
2002-11-26,569.4199829101562
2002-11-27,585.47998046875
2002-11-28,589.030029296875
2002-11-29,589.6400146484375
2002-12-02,585.6900024414062
2002-12-03,571.3800048828125
2002-12-04,565.8900146484375
2002-12-05,560.5999755859375
2002-12-06,562.969970703125
2002-12-09,550.4400024414062
2002-12-10,553.6400146484375
2002-12-11,561.260009765625
2002-12-12,552.7899780273438
2002-12-13,542.3099975585938
2002-12-16,558.5599975585938
2002-12-17,552.5499877929688
2002-12-18,541.8800048828125
2002-12-19,538.719970703125
2002-12-20,544.5599975585938
2002-12-23,546.219970703125
2002-12-24,545.4299926757812
2002-12-27,532.5800170898438
2002-12-30,534.9199829101562
2002-12-31,540.27001953125
2003-01-02,561.27001953125
2003-01-03,559.75
2003-01-06,563.3499755859375
2003-01-07,557.3499755859375
2003-01-08,547.2999877929688
2003-01-09,555.6699829101562
2003-01-10,557.3300170898438
2003-01-13,559.7899780273438
2003-01-14,560.219970703125
2003-01-15,553.489990234375
2003-01-16,553.739990234375
2003-01-17,539.280029296875
2003-01-20,532.4400024414062
2003-01-21,527.1500244140625
2003-01-22,516.6599731445312
2003-01-23,514.3200073242188
2003-01-24,511.4100036621094
2003-01-27,493.8699951171875
2003-01-28,494.4400024414063
2003-01-29,497.5499877929688
2003-01-30,510.3500061035156
2003-01-31,513.75
2003-02-03,517.739990234375
2003-02-04,500.9800109863281
2003-02-05,506.0799865722656
2003-02-06,497.3200073242188
2003-02-07,489.510009765625
2003-02-10,484.3399963378906
2003-02-11,496.5400085449219
2003-02-12,484.75
2003-02-13,482.3900146484375
2003-02-14,494.2000122070313
2003-02-17,503.3699951171875
2003-02-18,511.489990234375
2003-02-19,499.0899963378906
2003-02-20,491.5299987792969
2003-02-21,494.2000122070313
2003-02-24,483.5799865722656
2003-02-25,466.6499938964844
2003-02-26,462.1300048828125
2003-02-27,470.2999877929688
2003-02-28,479.6700134277344
2003-03-03,480.6300048828125
2003-03-04,467.010009765625
2003-03-05,463.1300048828125
2003-03-06,458.3999938964844
2003-03-07,447.2799987792969
2003-03-10,437.3800048828125
2003-03-11,435.4700012207031
2003-03-12,419.9500122070313
2003-03-13,446.6700134277344
2003-03-14,475.0400085449219
2003-03-17,490.7999877929688
2003-03-18,485.3200073242188
2003-03-19,491.7099914550781
2003-03-20,485.6900024414063
2003-03-21,503.0199890136719
2003-03-24,476.7699890136719
2003-03-25,487.7999877929688
2003-03-26,487.2300109863281
2003-03-27,477.5700073242188
2003-03-28,479.1700134277344
2003-03-31,460.0499877929688
2003-04-01,464.9400024414063
2003-04-02,482.4100036621094
2003-04-03,488.05999755859375
2003-04-04,495.0199890136719
2003-04-07,513.0900268554688
2003-04-08,505.0799865722656
2003-04-09,503.55999755859375
2003-04-10,491.8800048828125
2003-04-11,497.0499877929688
2003-04-14,502.1300048828125
2003-04-15,511.9500122070313
2003-04-16,508.8900146484375
2003-04-17,509.55999755859375
2003-04-22,510.9299926757813
2003-04-23,517.969970703125
2003-04-24,506.1799926757813
2003-04-25,499.5299987792969
2003-04-28,512.280029296875
2003-04-29,509.5700073242188
2003-04-30,510.4200134277344
2003-05-02,510.2200012207031
2003-05-05,516.9600219726562
2003-05-06,526.3900146484375
2003-05-07,521.7999877929688
2003-05-08,509.1799926757813
2003-05-09,513.8200073242188
2003-05-12,513.3699951171875
2003-05-13,513.7899780273438
2003-05-14,514.4500122070312
2003-05-15,518.8400268554688
2003-05-16,519.9500122070312
2003-05-19,500.1400146484375
2003-05-20,502.05999755859375
2003-05-21,499.010009765625
2003-05-22,504.3200073242188
2003-05-23,502.6700134277344
2003-05-26,501.1199951171875
2003-05-27,502.5199890136719
2003-05-28,512.4500122070312
2003-05-29,514.25
2003-05-30,518.2899780273438
2003-06-02,526.6900024414062
2003-06-03,524.1099853515625
2003-06-04,528.239990234375
2003-06-05,525.5700073242188
2003-06-06,535.4000244140625
2003-06-09,528.5399780273438
2003-06-10,531.6799926757812
2003-06-11,538.8699951171875
2003-06-12,543.8699951171875
2003-06-13,534.8900146484375
2003-06-16,545.1799926757812
2003-06-17,548.6099853515625
2003-06-18,550.5700073242188
2003-06-19,542.2000122070312
2003-06-20,547.1799926757812
2003-06-23,534.4600219726562
2003-06-24,530.6300048828125
2003-06-25,533.6400146484375
2003-06-26,532.780029296875
2003-06-27,535.3200073242188
2003-06-30,530.2100219726562
2003-07-01,519.3699951171875
2003-07-02,530.77001953125
2003-07-03,532.6500244140625
2003-07-04,528.7999877929688
2003-07-07,546.77001953125
2003-07-08,546.5900268554688
2003-07-09,540.4299926757812
2003-07-10,534.3400268554688
2003-07-11,540.75
2003-07-14,548.760009765625
2003-07-15,547.5900268554688
2003-07-16,544.3300170898438
2003-07-17,540.0599975585938
2003-07-18,542.52001953125
2003-07-21,535.969970703125
2003-07-22,538.3400268554688
2003-07-23,537.2000122070312
2003-07-24,547.0599975585938
2003-07-25,539.969970703125
2003-07-28,547.4400024414062
2003-07-29,543.97998046875
2003-07-30,547.3099975585938
2003-07-31,554.6199951171875
2003-08-01,549.27001953125
2003-08-04,544.3400268554688
2003-08-05,550.9500122070312
2003-08-06,542.4299926757812
2003-08-07,543.25
2003-08-08,549.22998046875
2003-08-11,552.1599731445312
2003-08-12,555.1900024414062
2003-08-13,555.22998046875
2003-08-14,563.0
2003-08-15,566.4400024414062
2003-08-18,570.010009765625
2003-08-19,571.25
2003-08-20,567.2100219726562
2003-08-21,573.010009765625
2003-08-22,576.7000122070312
2003-08-25,570.8900146484375
2003-08-26,565.5800170898438
2003-08-27,570.2999877929688
2003-08-28,575.260009765625
2003-08-29,573.1599731445312
2003-09-01,583.8499755859375
2003-09-02,584.6400146484375
2003-09-03,593.6099853515625
2003-09-04,591.4400024414062
2003-09-05,588.9400024414062
2003-09-08,592.010009765625
2003-09-09,585.9000244140625
2003-09-10,578.2000122070312
2003-09-11,580.8400268554688
2003-09-12,576.7000122070312
2003-09-15,579.760009765625
2003-09-16,586.0599975585938
2003-09-17,588.0700073242188
2003-09-18,590.4600219726562
2003-09-19,584.0900268554688
2003-09-22,571.280029296875
2003-09-23,567.4500122070312
2003-09-24,567.219970703125
2003-09-25,561.8200073242188
2003-09-26,558.1300048828125
2003-09-29,554.25
2003-09-30,545.52001953125
2003-10-01,554.5399780273438
2003-10-02,555.3400268554688
2003-10-03,570.530029296875
2003-10-06,567.8800048828125
2003-10-07,563.8200073242188
2003-10-08,562.760009765625
2003-10-09,574.010009765625
2003-10-10,571.719970703125
2003-10-13,580.1500244140625
2003-10-14,577.6699829101562
2003-10-15,583.27001953125
2003-10-16,579.9199829101562
2003-10-17,580.3300170898438
2003-10-20,579.3599853515625
2003-10-21,580.6199951171875
2003-10-22,571.1799926757812
2003-10-23,564.5399780273438
2003-10-24,564.3200073242188
2003-10-27,570.0499877929688
2003-10-28,576.260009765625
2003-10-29,578.8300170898438
2003-10-30,582.1699829101562
2003-10-31,582.010009765625
2003-11-03,593.8800048828125
2003-11-04,591.9199829101562
2003-11-05,587.5999755859375
2003-11-06,591.0
2003-11-07,597.7000122070312
2003-11-10,593.1799926757812
2003-11-11,589.760009765625
2003-11-12,590.2899780273438
2003-11-13,591.260009765625
2003-11-14,595.4000244140625
2003-11-17,581.25
2003-11-18,580.0599975585938
2003-11-19,578.3599853515625
2003-11-20,575.7899780273438
2003-11-21,579.969970703125
2003-11-24,589.1099853515625
2003-11-25,590.0
2003-11-26,588.77001953125
2003-11-27,591.3400268554688
2003-11-28,589.3499755859375
2003-12-01,599.260009765625
2003-12-02,597.2999877929688
2003-12-03,601.010009765625
2003-12-04,599.8699951171875
2003-12-05,594.0999755859375
2003-12-08,590.0700073242188
2003-12-09,592.75
2003-12-10,588.9000244140625
2003-12-11,593.260009765625
2003-12-12,593.2999877929688
2003-12-15,595.7000122070312
2003-12-16,594.3900146484375
2003-12-17,593.5999755859375
2003-12-18,597.7100219726562
2003-12-19,599.510009765625
2003-12-22,598.3200073242188
2003-12-23,599.5800170898438
2003-12-24,600.9600219726562
2003-12-29,603.3400268554688
2003-12-30,605.489990234375
2003-12-31,608.969970703125
2004-01-02,615.9400024414062
2004-01-05,617.7000122070312
2004-01-06,615.8900146484375
2004-01-07,611.52001953125
2004-01-08,617.4299926757812
2004-01-09,612.3900146484375
2004-01-12,609.5599975585938
2004-01-13,611.5499877929688
2004-01-14,617.989990234375
2004-01-15,621.0700073242188
2004-01-16,629.0
2004-01-19,631.3900146484375
2004-01-20,626.8699951171875
2004-01-21,630.52001953125
2004-01-22,632.8200073242188
2004-01-23,632.0700073242188
2004-01-26,628.97998046875
2004-01-27,632.5399780273438
2004-01-28,634.1799926757812
2004-01-29,627.3599853515625
2004-01-30,623.739990234375
2004-02-02,627.719970703125
2004-02-03,622.9000244140625
2004-02-04,617.7999877929688
2004-02-05,618.72998046875
2004-02-06,621.010009765625
2004-02-09,627.77001953125
2004-02-10,629.239990234375
2004-02-11,631.0499877929688
2004-02-12,632.3800048828125
2004-02-13,628.1400146484375
2004-02-16,631.8400268554688
2004-02-17,636.5700073242188
2004-02-18,638.010009765625
2004-02-19,644.8400268554688
2004-02-20,640.760009765625
2004-02-23,640.8599853515625
2004-02-24,633.280029296875
2004-02-25,635.6300048828125
2004-02-26,637.5800170898438
2004-02-27,640.1599731445312
2004-03-01,643.989990234375
2004-03-02,649.5900268554688
2004-03-03,646.4500122070312
2004-03-04,648.5900268554688
2004-03-05,645.969970703125
2004-03-08,649.3400268554688
2004-03-09,642.1799926757812
2004-03-10,643.47998046875
2004-03-11,625.2899780273438
2004-03-12,627.6500244140625
2004-03-15,612.8699951171875
2004-03-16,614.719970703125
2004-03-17,626.4500122070312
2004-03-18,614.8699951171875
2004-03-19,616.5599975585938
2004-03-22,604.280029296875
2004-03-23,604.6400146484375
2004-03-24,601.6099853515625
2004-03-25,611.530029296875
2004-03-26,614.1900024414062
2004-03-29,621.280029296875
2004-03-30,619.6699829101562
2004-03-31,620.510009765625
2004-04-01,627.2000122070312
2004-04-02,638.5900268554688
2004-04-05,644.1599731445312
2004-04-06,638.6300048828125
2004-04-07,638.4299926757812
2004-04-08,639.3200073242188
2004-04-13,644.5999755859375
2004-04-14,637.6900024414062
2004-04-15,636.8599853515625
2004-04-16,641.0800170898438
2004-04-19,640.77001953125
2004-04-20,645.489990234375
2004-04-21,640.7999877929688
2004-04-22,645.6099853515625
2004-04-23,649.6300048828125
2004-04-26,645.510009765625
2004-04-27,644.6400146484375
2004-04-28,635.5399780273438
2004-04-29,630.1300048828125
2004-04-30,627.22998046875
2004-05-03,631.6799926757812
2004-05-04,631.6400146484375
2004-05-05,635.97998046875
2004-05-06,624.6199951171875
2004-05-07,623.6900024414062
2004-05-10,607.1699829101562
2004-05-11,615.2999877929688
2004-05-12,607.1699829101562
2004-05-13,614.760009765625
2004-05-14,611.510009765625
2004-05-17,603.3200073242188
2004-05-18,607.1300048828125
2004-05-19,618.77001953125
2004-05-20,614.1400146484375
2004-05-21,613.8599853515625
2004-05-24,618.3400268554688
2004-05-25,614.530029296875
2004-05-26,621.0900268554688
2004-05-27,625.3400268554688
2004-05-28,621.739990234375
2004-05-31,623.9500122070312
2004-06-01,616.3300170898438
2004-06-02,620.0700073242188
2004-06-03,622.3099975585938
2004-06-04,628.4099731445312
2004-06-07,633.0800170898438
2004-06-08,633.1099853515625
2004-06-09,630.3300170898438
2004-06-10,631.8200073242188
2004-06-11,630.1500244140625
2004-06-14,622.1900024414062
2004-06-15,627.5499877929688
2004-06-16,632.3900146484375
2004-06-17,633.030029296875
2004-06-18,635.9000244140625
2004-06-21,636.1900024414062
2004-06-22,630.219970703125
2004-06-23,632.280029296875
2004-06-24,637.760009765625
2004-06-25,636.510009765625
2004-06-28,641.75
2004-06-29,640.0399780273438
2004-06-30,636.8900146484375
2004-07-01,635.3099975585938
2004-07-02,629.9199829101562
2004-07-05,629.1799926757812
2004-07-06,624.4400024414062
2004-07-07,624.510009765625
2004-07-08,626.0
2004-07-09,625.719970703125
2004-07-12,623.239990234375
2004-07-13,624.02001953125
2004-07-14,622.4400024414062
2004-07-15,616.7100219726562
2004-07-16,617.010009765625
2004-07-19,613.8099975585938
2004-07-20,616.4099731445312
2004-07-21,621.3499755859375
2004-07-22,611.1099853515625
2004-07-23,610.3300170898438
2004-07-26,604.3099975585938
2004-07-27,609.4199829101562
2004-07-28,610.760009765625
2004-07-29,621.6199951171875
2004-07-30,620.760009765625
2004-08-02,616.969970703125
2004-08-03,620.5999755859375
2004-08-04,614.219970703125
2004-08-05,617.1900024414062
2004-08-06,602.0999755859375
2004-08-09,596.9500122070312
2004-08-10,602.7899780273438
2004-08-11,598.27001953125
2004-08-12,596.5999755859375
2004-08-13,595.260009765625
2004-08-16,600.7899780273438
2004-08-17,603.4199829101562
2004-08-18,604.6799926757812
2004-08-19,605.97998046875
2004-08-20,604.9600219726562
2004-08-23,613.5399780273438
2004-08-24,613.6900024414062
2004-08-25,614.1500244140625
2004-08-26,619.3099975585938
2004-08-27,622.5599975585938
2004-08-30,620.780029296875
2004-08-31,614.9099731445312
2004-09-01,618.1500244140625
2004-09-02,621.239990234375
2004-09-03,625.7999877929688
2004-09-06,628.0900268554688
2004-09-07,629.52001953125
2004-09-08,629.5399780273438
2004-09-09,625.4600219726562
2004-09-10,629.239990234375
2004-09-13,636.8200073242188
2004-09-14,634.8900146484375
2004-09-15,632.9600219726562
2004-09-16,632.9400024414062
2004-09-17,637.6900024414062
2004-09-20,634.030029296875
2004-09-21,638.02001953125
2004-09-22,631.1900024414062
2004-09-23,624.5700073242188
2004-09-24,626.7899780273438
2004-09-27,623.72998046875
2004-09-28,625.1699829101562
2004-09-29,628.239990234375
2004-09-30,623.530029296875
2004-10-01,636.52001953125
2004-10-04,643.530029296875
2004-10-05,644.1400146484375
2004-10-06,643.7999877929688
2004-10-07,643.3499755859375
2004-10-08,640.1799926757812
2004-10-11,638.6599731445312
2004-10-12,631.989990234375
2004-10-13,633.3300170898438
2004-10-14,629.2999877929688
2004-10-15,629.3099975585938
2004-10-18,627.9000244140625
2004-10-19,633.9400024414062
2004-10-20,628.0700073242188
2004-10-21,631.2999877929688
2004-10-22,631.0700073242188
2004-10-25,619.3699951171875
2004-10-26,621.1400146484375
2004-10-27,630.3699951171875
2004-10-28,637.25
2004-10-29,635.4099731445312
2004-11-01,639.4400024414062
2004-11-02,644.6400146484375
2004-11-03,645.75
2004-11-04,643.8599853515625
2004-11-05,646.97998046875
2004-11-08,646.3699951171875
2004-11-09,645.5700073242188
2004-11-10,648.3200073242188
2004-11-11,655.75
2004-11-12,656.3900146484375
2004-11-15,653.75
2004-11-16,649.0700073242188
2004-11-17,655.77001953125
2004-11-18,653.5700073242188
2004-11-19,649.75
2004-11-22,646.260009765625
2004-11-23,646.97998046875
2004-11-24,645.2100219726562
2004-11-25,650.47998046875
2004-11-26,648.5800170898438
2004-11-29,648.1799926757812
2004-11-30,644.22998046875
2004-12-01,651.489990234375
2004-12-02,653.9299926757812
2004-12-03,650.4500122070312
2004-12-06,648.0999755859375
2004-12-07,651.1799926757812
2004-12-08,650.1199951171875
2004-12-09,645.530029296875
2004-12-10,648.3599853515625
2004-12-13,654.1799926757812
2004-12-14,655.52001953125
2004-12-15,653.7899780273438
2004-12-16,655.5599975585938
2004-12-17,647.4500122070312
2004-12-20,649.719970703125
2004-12-21,650.8499755859375
2004-12-22,655.9600219726562
2004-12-23,657.510009765625
2004-12-24,657.6300048828125
2004-12-27,657.1099853515625
2004-12-28,658.25
2004-12-29,657.9099731445312
2004-12-30,657.8699951171875
2004-12-31,657.9299926757812
2005-01-03,663.5599975585938
2005-01-04,664.4299926757812
2005-01-05,659.530029296875
2005-01-06,664.219970703125
2005-01-07,667.3300170898438
2005-01-10,667.4500122070312
2005-01-11,662.9500122070312
2005-01-12,658.1699829101562
2005-01-13,660.9400024414062
2005-01-14,662.9400024414062
2005-01-17,666.97998046875
2005-01-18,665.9400024414062
2005-01-19,665.530029296875
2005-01-20,661.77001953125
2005-01-21,663.6599731445312
2005-01-24,663.0399780273438
2005-01-25,668.010009765625
2005-01-26,668.989990234375
2005-01-27,671.0
2005-01-28,668.9000244140625
2005-01-31,675.5900268554688
2005-02-01,681.2899780273438
2005-02-02,683.1099853515625
2005-02-03,680.47998046875
2005-02-04,685.25
2005-02-07,689.4400024414062
2005-02-08,689.780029296875
2005-02-09,687.9400024414062
2005-02-10,687.1300048828125
2005-02-11,694.4400024414062
2005-02-14,693.8300170898438
2005-02-15,697.4000244140625
2005-02-16,694.6799926757812
2005-02-17,695.25
2005-02-18,698.489990234375
2005-02-21,696.6799926757812
2005-02-22,692.5999755859375
2005-02-23,688.2899780273438
2005-02-24,687.9299926757812
2005-02-25,696.4299926757812
2005-02-28,696.5999755859375
2005-03-01,700.9299926757812
2005-03-02,700.9299926757812
2005-03-03,700.4500122070312
2005-03-04,705.72998046875
2005-03-07,708.3200073242188
2005-03-08,704.8400268554688
2005-03-09,700.9000244140625
2005-03-10,694.97998046875
2005-03-11,696.0800170898438
2005-03-14,695.219970703125
2005-03-15,699.6400146484375
2005-03-16,690.5
2005-03-17,691.47998046875
2005-03-18,694.6300048828125
2005-03-21,692.22998046875
2005-03-22,694.0
2005-03-23,691.8400268554688
2005-03-24,699.3800048828125
2005-03-29,699.5900268554688
2005-03-30,696.9600219726562
2005-03-31,697.75
2005-04-01,698.9500122070312
2005-04-04,695.3400268554688
2005-04-05,700.3200073242188
2005-04-06,703.6199951171875
2005-04-07,706.6799926757812
2005-04-08,707.1599731445312
2005-04-11,705.6099853515625
2005-04-12,702.510009765625
2005-04-13,705.3699951171875
2005-04-14,703.489990234375
2005-04-15,692.1500244140625
2005-04-18,677.5800170898438
2005-04-19,680.4099731445312
2005-04-20,677.489990234375
2005-04-21,677.489990234375
2005-04-22,681.7000122070312
2005-04-25,683.6199951171875
2005-04-26,682.9000244140625
2005-04-27,671.7000122070312
2005-04-28,668.1400146484375
2005-04-29,669.1799926757812
2005-05-02,672.5499877929688
2005-05-03,674.5900268554688
2005-05-04,678.8300170898438
2005-05-05,684.6699829101562
2005-05-06,687.030029296875
2005-05-09,684.9400024414062
2005-05-10,681.3400268554688
2005-05-11,678.5900268554688
2005-05-12,683.4099731445312
2005-05-13,683.27001953125
2005-05-16,682.2100219726562
2005-05-17,681.77001953125
2005-05-18,691.8800048828125
2005-05-19,695.2000122070312
2005-05-20,696.6099853515625
2005-05-23,700.1199951171875
2005-05-24,697.5
2005-05-25,697.739990234375
2005-05-26,702.77001953125
2005-05-27,701.6099853515625
2005-05-30,703.1099853515625
2005-05-31,700.1300048828125
2005-06-01,710.510009765625
2005-06-02,711.1400146484375
2005-06-03,708.6400146484375
2005-06-06,705.0999755859375
2005-06-07,710.8099975585938
2005-06-08,709.5399780273438
2005-06-09,708.3499755859375
2005-06-10,713.4600219726562
2005-06-13,716.1599731445312
2005-06-14,716.0800170898438
2005-06-15,713.5399780273438
2005-06-16,715.7899780273438
2005-06-17,720.1300048828125
2005-06-20,716.7000122070312
2005-06-21,721.1599731445312
2005-06-22,723.1500244140625
2005-06-23,724.780029296875
2005-06-24,718.47998046875
2005-06-27,712.1599731445312
2005-06-28,718.9400024414062
2005-06-29,724.2100219726562
2005-06-30,724.719970703125
2005-07-01,731.5599975585938
2005-07-04,732.4000244140625
2005-07-05,730.3800048828125
2005-07-06,734.469970703125
2005-07-07,723.530029296875
2005-07-08,734.510009765625
2005-07-11,738.260009765625
2005-07-12,736.3300170898438
2005-07-13,740.719970703125
2005-07-14,745.239990234375
2005-07-15,745.2100219726562
2005-07-18,743.47998046875
2005-07-19,751.1799926757812
2005-07-20,749.5
2005-07-21,750.780029296875
2005-07-22,748.3900146484375
2005-07-25,749.47998046875
2005-07-26,750.22998046875
2005-07-27,751.8699951171875
2005-07-28,755.0999755859375
2005-07-29,754.8099975585938
2005-08-01,756.1400146484375
2005-08-02,761.9000244140625
2005-08-03,761.0599975585938
2005-08-04,756.1699829101562
2005-08-05,750.6400146484375
2005-08-08,752.8300170898438
2005-08-09,761.1699829101562
2005-08-10,768.22998046875
2005-08-11,765.3900146484375
2005-08-12,759.8099975585938
2005-08-15,758.6599731445312
2005-08-16,755.9099731445312
2005-08-17,753.989990234375
2005-08-18,751.3099975585938
2005-08-19,758.9600219726562
2005-08-22,759.469970703125
2005-08-23,752.760009765625
2005-08-24,750.1199951171875
2005-08-25,743.6099853515625
2005-08-26,739.1799926757812
2005-08-29,741.1300048828125
2005-08-30,741.6500244140625
2005-08-31,748.7000122070312
2005-09-01,751.7899780273438
2005-09-02,748.9600219726562
2005-09-05,752.8699951171875
2005-09-06,758.6199951171875
2005-09-07,760.489990234375
2005-09-08,757.6099853515625
2005-09-09,761.0399780273438
2005-09-12,761.4600219726562
2005-09-13,756.3099975585938
2005-09-14,759.0499877929688
2005-09-15,761.3200073242188
2005-09-16,766.489990234375
2005-09-19,767.030029296875
2005-09-20,770.739990234375
2005-09-21,761.3400268554688
2005-09-22,757.6099853515625
2005-09-23,761.5
2005-09-26,773.6300048828125
2005-09-27,770.6799926757812
2005-09-28,778.6900024414062
2005-09-29,775.8300170898438
2005-09-30,779.3099975585938
2005-10-03,784.1300048828125
2005-10-04,787.1599731445312
2005-10-05,779.75
2005-10-06,770.5999755859375
2005-10-07,768.4099731445312
2005-10-10,769.4299926757812
2005-10-11,771.530029296875
2005-10-12,765.3300170898438
2005-10-13,757.9600219726562
2005-10-14,760.510009765625
2005-10-17,760.8400268554688
2005-10-18,757.77001953125
2005-10-19,743.52001953125
2005-10-20,746.5399780273438
2005-10-21,742.4400024414062
2005-10-24,750.2000122070312
2005-10-25,747.3499755859375
2005-10-26,749.739990234375
2005-10-27,738.7999877929688
2005-10-28,738.219970703125
2005-10-31,754.7000122070312
2005-11-01,754.7000122070312
2005-11-02,754.9600219726562
2005-11-03,764.6599731445312
2005-11-04,764.1099853515625
2005-11-07,765.8400268554688
2005-11-08,767.1400146484375
2005-11-09,765.6799926757812
2005-11-10,766.75
2005-11-11,775.2000122070312
2005-11-14,777.260009765625
2005-11-15,776.77001953125
2005-11-16,772.739990234375
2005-11-17,774.8499755859375
2005-11-18,780.1400146484375
2005-11-21,784.510009765625
2005-11-22,784.5999755859375
2005-11-23,788.72998046875
2005-11-24,785.9299926757812
2005-11-25,787.9099731445312
2005-11-28,784.5
2005-11-29,786.8300170898438
2005-11-30,783.6799926757812
2005-12-01,794.8300170898438
2005-12-02,799.9000244140625
2005-12-05,798.47998046875
2005-12-06,803.780029296875
2005-12-07,801.7899780273438
2005-12-08,803.2999877929688
2005-12-09,801.6199951171875
2005-12-12,803.4099731445312
2005-12-13,805.22998046875
2005-12-14,802.3099975585938
2005-12-15,802.27001953125
2005-12-16,807.8499755859375
2005-12-19,806.1300048828125
2005-12-20,806.5599975585938
2005-12-21,814.27001953125
2005-12-22,814.5800170898438
2005-12-23,815.2999877929688
2005-12-27,817.4500122070312
2005-12-28,815.5
2005-12-29,818.3699951171875
2005-12-30,810.3499755859375
2006-01-02,816.6300048828125
2006-01-03,820.6900024414062
2006-01-04,829.8499755859375
2006-01-05,828.6400146484375
2006-01-06,833.3400268554688
2006-01-09,835.7899780273438
2006-01-10,832.5900268554688
2006-01-11,837.6699829101562
2006-01-12,838.6099853515625
2006-01-13,832.4199829101562
2006-01-16,834.6199951171875
2006-01-17,827.1099853515625
2006-01-18,821.9099731445312
2006-01-19,827.7999877929688
2006-01-20,821.4099731445312
2006-01-23,818.6400146484375
2006-01-24,817.5999755859375
2006-01-25,824.8099975585938
2006-01-26,836.75
2006-01-27,847.969970703125
2006-01-30,846.3499755859375
2006-01-31,847.0999755859375
2006-02-01,855.4000244140625
2006-02-02,845.3900146484375
2006-02-03,846.3499755859375
2006-02-06,846.7100219726562
2006-02-07,847.22998046875
2006-02-08,843.72998046875
2006-02-09,853.2100219726562
2006-02-10,847.8599853515625
2006-02-13,853.9000244140625
2006-02-14,853.9500122070312
2006-02-15,853.1199951171875
2006-02-16,858.5499877929688
2006-02-17,862.719970703125
2006-02-20,861.9199829101562
2006-02-21,862.8400268554688
2006-02-22,869.6199951171875
2006-02-23,869.8099975585938
2006-02-24,873.780029296875
2006-02-27,877.8300170898438
2006-02-28,863.5
2006-03-01,872.3900146484375
2006-03-02,864.8099975585938
2006-03-03,861.97998046875
2006-03-06,867.22998046875
2006-03-07,862.489990234375
2006-03-08,857.0499877929688
2006-03-09,861.989990234375
2006-03-10,870.02001953125
2006-03-13,877.0700073242188
2006-03-14,878.0700073242188
2006-03-15,881.0999755859375
2006-03-16,882.1799926757812
2006-03-17,885.1599731445312
2006-03-20,885.719970703125
2006-03-21,886.6300048828125
2006-03-22,891.6900024414062
2006-03-23,892.0800170898438
2006-03-24,896.2100219726562
2006-03-27,888.7100219726562
2006-03-28,885.719970703125
2006-03-29,890.7100219726562
2006-03-30,900.75
2006-03-31,896.6099853515625
2006-04-03,903.1900024414062
2006-04-04,895.5399780273438
2006-04-05,897.6699829101562
2006-04-06,899.0399780273438
2006-04-07,893.0599975585938
2006-04-10,894.8400268554688
2006-04-11,882.9199829101562
2006-04-12,880.0800170898438
2006-04-13,882.6199951171875
2006-04-18,881.8099975585938
2006-04-19,891.72998046875
2006-04-20,898.3499755859375
2006-04-21,906.9000244140624
2006-04-24,903.4199829101562
2006-04-25,905.469970703125
2006-04-26,907.4600219726562
2006-04-27,900.6099853515625
2006-04-28,894.1500244140625
2006-05-02,899.6400146484375
2006-05-03,892.0999755859375
2006-05-04,898.1199951171875
2006-05-05,906.8400268554688
2006-05-08,908.1300048828124
2006-05-09,911.4000244140624
2006-05-10,905.280029296875
2006-05-11,902.1599731445312
2006-05-12,881.3599853515625
2006-05-15,866.989990234375
2006-05-16,868.1400146484375
2006-05-17,840.8300170898438
2006-05-18,838.0900268554688
2006-05-19,842.4500122070312
2006-05-22,819.2100219726562
2006-05-23,839.75
2006-05-24,831.3200073242188
2006-05-25,842.6599731445312
2006-05-26,858.0900268554688
2006-05-29,855.1099853515625
2006-05-30,833.8499755859375
2006-05-31,842.6099853515625
2006-06-01,845.25
2006-06-02,846.4299926757812
2006-06-05,839.75
2006-06-06,821.3400268554688
2006-06-07,826.5900268554688
2006-06-08,803.3099975585938
2006-06-09,815.8699951171875
2006-06-12,808.5399780273438
2006-06-13,791.2100219726562
2006-06-14,789.4400024414062
2006-06-15,809.1699829101562
2006-06-16,803.6599731445312
2006-06-19,808.5800170898438
2006-06-20,814.219970703125
2006-06-21,815.3499755859375
2006-06-22,819.9600219726562
2006-06-23,822.02001953125
2006-06-26,821.22998046875
2006-06-27,815.8099975585938
2006-06-28,816.5499877929688
2006-06-29,832.7000122070312
2006-06-30,847.3400268554688
2006-07-03,850.8599853515625
2006-07-04,851.3699951171875
2006-07-05,840.469970703125
2006-07-06,846.530029296875
2006-07-07,844.5
2006-07-10,848.6900024414062
2006-07-11,839.0800170898438
2006-07-12,843.530029296875
2006-07-13,830.780029296875
2006-07-14,819.7100219726562
2006-07-17,815.1199951171875
2006-07-18,813.0900268554688
2006-07-19,831.8200073242188
2006-07-20,834.9199829101562
2006-07-21,828.0700073242188
2006-07-24,844.1599731445312
2006-07-25,846.1900024414062
2006-07-26,849.6400146484375
2006-07-27,859.3699951171875
2006-07-28,864.030029296875
2006-07-31,860.6599731445312
2006-08-01,852.5999755859375
2006-08-02,864.3099975585938
2006-08-03,856.9000244140625
2006-08-04,867.2899780273438
2006-08-07,856.280029296875
2006-08-08,857.1400146484375
2006-08-09,864.27001953125
2006-08-10,857.4600219726562
2006-08-11,858.7899780273438
2006-08-14,868.0700073242188
2006-08-15,878.5999755859375
2006-08-16,882.2899780273438
2006-08-17,882.4600219726562
2006-08-18,882.25
2006-08-21,878.6599731445312
2006-08-22,881.489990234375
2006-08-23,875.0
2006-08-24,879.280029296875
2006-08-25,879.75
2006-08-28,885.1799926757812
2006-08-29,887.0399780273438
2006-08-30,890.6599731445312
2006-08-31,887.1799926757812
2006-09-01,889.8400268554688
2006-09-04,892.8800048828125
2006-09-05,888.5900268554688
2006-09-06,879.6599731445312
2006-09-07,871.9099731445312
2006-09-08,873.9199829101562
2006-09-11,871.5800170898438
2006-09-12,882.969970703125
2006-09-13,885.7100219726562
2006-09-14,884.72998046875
2006-09-15,889.0399780273438
2006-09-18,889.9299926757812
2006-09-19,884.27001953125
2006-09-20,895.3800048828125
2006-09-21,897.780029296875
2006-09-22,888.510009765625
2006-09-25,889.5
2006-09-26,901.1400146484376
2006-09-27,905.2100219726562
2006-09-28,906.9000244140624
2006-09-29,907.0800170898438
2006-10-02,906.469970703125
2006-10-03,903.1099853515624
2006-10-04,908.6900024414062
2006-10-05,913.6699829101562
2006-10-06,913.0499877929688
2006-10-09,914.0800170898438
2006-10-10,918.9400024414062
2006-10-11,919.27001953125
2006-10-12,925.47998046875
2006-10-13,924.8400268554688
2006-10-16,926.1300048828124
2006-10-17,915.6699829101562
2006-10-18,924.02001953125
2006-10-19,924.3400268554688
2006-10-20,925.3900146484376
2006-10-23,930.8099975585938
2006-10-24,930.219970703125
2006-10-25,933.4500122070312
2006-10-26,935.5499877929688
2006-10-27,929.9000244140624
2006-10-30,925.5800170898438
2006-10-31,924.0999755859376
2006-11-01,926.6400146484376
2006-11-02,919.010009765625
2006-11-03,923.9199829101562
2006-11-06,935.02001953125
2006-11-07,940.4199829101562
2006-11-08,941.1300048828124
2006-11-09,940.969970703125
2006-11-10,941.25
2006-11-13,947.6500244140624
2006-11-14,945.3300170898438
2006-11-15,951.25
2006-11-16,951.0
2006-11-17,942.469970703125
2006-11-20,943.6500244140624
2006-11-21,944.8800048828124
2006-11-22,943.1799926757812
2006-11-23,938.2000122070312
2006-11-24,933.3400268554688
2006-11-27,920.6599731445312
2006-11-28,918.989990234375
2006-11-29,930.1099853515624
2006-11-30,921.72998046875
2006-12-01,913.5599975585938
2006-12-04,919.1799926757812
2006-12-05,929.3699951171876
2006-12-06,927.9400024414062
2006-12-07,931.719970703125
2006-12-08,932.77001953125
2006-12-11,938.9000244140624
2006-12-12,940.7100219726562
2006-12-13,950.2000122070312
2006-12-14,955.8400268554688
2006-12-15,960.77001953125
2006-12-18,959.6699829101562
2006-12-19,954.6500244140624
2006-12-20,958.4000244140624
2006-12-21,958.010009765625
2006-12-22,949.2999877929688
2006-12-27,962.3300170898438
2006-12-28,961.9600219726562
2006-12-29,962.8400268554688
2007-01-02,974.3699951171876
2007-01-03,973.0399780273438
2007-01-04,967.4199829101562
2007-01-05,957.6699829101562
2007-01-08,958.6900024414062
2007-01-09,962.5
2007-01-10,957.9199829101562
2007-01-11,973.969970703125
2007-01-12,975.9000244140624
2007-01-15,979.260009765625
2007-01-16,974.5900268554688
2007-01-17,971.6099853515624
2007-01-18,970.0399780273438
2007-01-19,976.2000122070312
2007-01-22,971.6300048828124
2007-01-23,970.5599975585938
2007-01-24,979.469970703125
2007-01-25,974.7000122070312
2007-01-26,969.9199829101562
2007-01-29,974.6099853515624
2007-01-30,979.3699951171876
2007-01-31,974.3099975585938
2007-02-01,983.8800048828124
2007-02-02,986.0900268554688
2007-02-05,986.7999877929688
2007-02-06,988.1199951171876
2007-02-07,993.2100219726562
2007-02-08,985.6199951171876
2007-02-09,990.25
2007-02-12,983.1400146484376
2007-02-13,989.1400146484376
2007-02-14,994.8900146484376
2007-02-15,995.6900024414062
2007-02-16,994.260009765625
2007-02-19,999.5800170898438
2007-02-20,995.27001953125
2007-02-21,993.3900146484376
2007-02-22,995.6699829101562
2007-02-23,996.2899780273438
2007-02-26,1001.2100219726562
2007-02-27,973.4099731445312
2007-02-28,960.25
2007-03-01,950.1300048828124
2007-03-02,946.9299926757812
2007-03-05,938.5499877929688
2007-03-06,945.6699829101562
2007-03-07,951.5900268554688
2007-03-08,963.3699951171876
2007-03-09,966.2000122070312
2007-03-12,961.1799926757812
2007-03-13,951.3900146484376
2007-03-14,928.3400268554688
2007-03-15,945.4199829101562
2007-03-16,944.8900146484376
2007-03-19,960.489990234375
2007-03-20,968.6900024414062
2007-03-21,970.3800048828124
2007-03-22,986.5999755859376
2007-03-23,993.97998046875
2007-03-26,984.75
2007-03-27,985.27001953125
2007-03-28,979.4400024414062
2007-03-29,992.6400146484376
2007-03-30,992.3200073242188
2007-04-02,995.3300170898438
2007-04-03,1005.739990234375
2007-04-04,1010.3800048828124
2007-04-05,1011.0599975585938
2007-04-10,1015.9000244140624
2007-04-11,1013.6400146484376
2007-04-12,1010.5999755859376
2007-04-13,1017.3099975585938
2007-04-16,1029.77001953125
2007-04-17,1028.4100341796875
2007-04-18,1024.9100341796875
2007-04-19,1022.25
2007-04-20,1037.3199462890625
2007-04-23,1035.22998046875
2007-04-24,1029.719970703125
2007-04-25,1038.6300048828125
2007-04-26,1038.4300537109375
2007-04-27,1034.8900146484375
2007-04-30,1037.7900390625
2007-05-02,1043.0
2007-05-03,1046.3599853515625
2007-05-04,1055.3299560546875
2007-05-07,1056.9200439453125
2007-05-08,1050.1099853515625
2007-05-09,1050.8499755859375
2007-05-10,1043.2099609375
2007-05-11,1047.6400146484375
2007-05-14,1044.1099853515625
2007-05-15,1047.0
2007-05-16,1042.800048828125
2007-05-17,1046.8699951171875
2007-05-18,1058.5699462890625
2007-05-21,1058.1600341796875
2007-05-22,1060.1099853515625
2007-05-23,1066.1300048828125
2007-05-24,1057.760009765625
2007-05-25,1058.0
2007-05-28,1060.510009765625
2007-05-29,1057.77001953125
2007-05-30,1055.4200439453125
2007-05-31,1066.5999755859375
2007-06-01,1076.1199951171875
2007-06-04,1070.5899658203125
2007-06-05,1062.8599853515625
2007-06-06,1045.699951171875
2007-06-07,1033.6199951171875
2007-06-08,1032.81005859375
2007-06-11,1041.800048828125
2007-06-12,1036.6099853515625
2007-06-13,1040.949951171875
2007-06-14,1059.4000244140625
2007-06-15,1069.8499755859375
2007-06-18,1066.3900146484375
2007-06-19,1063.5400390625
2007-06-20,1068.6400146484375
2007-06-21,1062.199951171875
2007-06-22,1061.7900390625
2007-06-25,1058.4100341796875
2007-06-26,1051.760009765625
2007-06-27,1049.0999755859375
2007-06-28,1060.0400390625
2007-06-29,1066.219970703125
2007-07-02,1063.4100341796875
2007-07-03,1069.6300048828125
2007-07-04,1073.9000244140625
2007-07-05,1066.030029296875
2007-07-06,1072.6199951171875
2007-07-09,1072.6300048828125
2007-07-10,1062.1099853515625
2007-07-11,1058.3800048828125
2007-07-12,1072.3900146484375
2007-07-13,1074.7900390625
2007-07-16,1077.52001953125
2007-07-17,1073.31005859375
2007-07-18,1059.25
2007-07-19,1068.3299560546875
2007-07-20,1054.5999755859375
2007-07-23,1062.4599609375
2007-07-24,1046.719970703125
2007-07-25,1035.97998046875
2007-07-26,1009.2899780273438
2007-07-27,1001.5800170898438
2007-07-30,1001.5
2007-07-31,1019.9299926757812
2007-08-01,1002.1500244140624
2007-08-02,1006.469970703125
2007-08-03,992.8900146484376
2007-08-06,982.5
2007-08-07,995.27001953125
2007-08-08,1015.4000244140624
2007-08-09,994.2899780273438
2007-08-10,965.72998046875
2007-08-13,985.2100219726562
2007-08-14,971.719970703125
2007-08-15,966.7000122070312
2007-08-16,934.0499877929688
2007-08-17,952.27001953125
2007-08-20,961.0900268554688
2007-08-21,962.9199829101562
2007-08-22,979.8099975585938
2007-08-23,981.4400024414062
2007-08-24,988.280029296875
2007-08-27,991.8099975585938
2007-08-28,974.2999877929688
2007-08-29,979.530029296875
2007-08-30,993.1099853515624
2007-08-31,1003.8599853515624
2007-09-03,1003.6500244140624
2007-09-04,1008.4299926757812
2007-09-05,990.1400146484376
2007-09-06,994.75
2007-09-07,972.4600219726562
2007-09-10,965.4000244140624
2007-09-11,979.8599853515624
2007-09-12,983.8200073242188
2007-09-13,993.4500122070312
2007-09-14,989.6500244140624
2007-09-17,976.280029296875
2007-09-18,992.3499755859376
2007-09-19,1018.1900024414062
2007-09-20,1010.4000244140624
2007-09-21,1011.8900146484376
2007-09-24,1010.22998046875
2007-09-25,1001.010009765625
2007-09-26,1009.4299926757812
2007-09-27,1016.6400146484376
2007-09-28,1015.0700073242188
2007-10-01,1024.3800048828125
2007-10-02,1026.280029296875
2007-10-03,1027.469970703125
2007-10-04,1028.18994140625
2007-10-05,1034.9599609375
2007-10-08,1034.719970703125
2007-10-09,1043.18994140625
2007-10-10,1042.510009765625
2007-10-11,1046.02001953125
2007-10-12,1045.030029296875
2007-10-15,1037.9200439453125
2007-10-16,1033.2900390625
2007-10-17,1041.300048828125
2007-10-18,1034.3900146484375
2007-10-19,1030.75
2007-10-22,1016.8099975585938
2007-10-23,1026.75
2007-10-24,1020.530029296875
2007-10-25,1034.0799560546875
2007-10-26,1037.8399658203125
2007-10-29,1043.6300048828125
2007-10-30,1038.199951171875
2007-10-31,1044.6700439453125
2007-11-01,1027.4100341796875
2007-11-02,1023.7100219726562
2007-11-05,1017.2100219726562
2007-11-06,1021.1300048828124
2007-11-07,1014.239990234375
2007-11-08,1001.5999755859376
2007-11-09,985.9400024414062
2007-11-12,984.6599731445312
2007-11-13,985.7999877929688
2007-11-14,996.510009765625
2007-11-15,987.469970703125
2007-11-16,979.8400268554688
2007-11-19,964.0900268554688
2007-11-20,973.9299926757812
2007-11-21,954.5499877929688
2007-11-22,960.5900268554688
2007-11-23,977.030029296875
2007-11-26,969.3400268554688
2007-11-27,966.1900024414062
2007-11-28,987.5
2007-11-29,991.25
2007-11-30,1000.5700073242188
2007-12-03,994.25
2007-12-04,981.1099853515624
2007-12-05,998.47998046875
2007-12-06,1001.3300170898438
2007-12-07,1007.8599853515624
2007-12-10,1012.739990234375
2007-12-11,1008.9600219726562
2007-12-12,1011.0599975585938
2007-12-13,989.2000122070312
2007-12-14,993.9299926757812
2007-12-17,980.260009765625
2007-12-18,979.4000244140624
2007-12-19,976.3699951171876
2007-12-20,979.72998046875
2007-12-21,993.3699951171876
2007-12-24,996.2899780273438
2007-12-27,997.260009765625
2007-12-28,996.72998046875
2007-12-31,995.22998046875
2008-01-02,984.9500122070312
2008-01-03,983.0599975585938
2008-01-04,967.8800048828124
2008-01-07,968.2000122070312
2008-01-08,971.7899780273438
2008-01-09,960.25
2008-01-10,952.3900146484376
2008-01-11,945.4600219726562
2008-01-14,949.6300048828124
2008-01-15,924.5
2008-01-16,914.1699829101562
2008-01-17,904.77001953125
2008-01-18,892.6599731445312
2008-01-21,836.5999755859375
2008-01-22,851.4500122070312
2008-01-23,819.3400268554688
2008-01-24,868.3499755859375
2008-01-25,864.1300048828125
2008-01-28,860.260009765625
2008-01-29,876.739990234375
2008-01-30,866.6900024414062
2008-01-31,864.469970703125
2008-02-01,882.0999755859375
2008-02-04,881.6599731445312
2008-02-05,849.4400024414062
2008-02-06,856.5499877929688
2008-02-07,841.510009765625
2008-02-08,838.1799926757812
2008-02-11,832.6400146484375
2008-02-12,861.030029296875
2008-02-13,864.7100219726562
2008-02-14,867.2000122070312
2008-02-15,851.9400024414062
2008-02-18,867.760009765625
2008-02-19,872.760009765625
2008-02-20,858.3400268554688
2008-02-21,864.8400268554688
2008-02-22,857.9000244140625
2008-02-25,872.010009765625
2008-02-26,881.6599731445312
2008-02-27,879.72998046875
2008-02-28,864.1400146484375
2008-02-29,852.9500122070312
2008-03-03,843.2000122070312
2008-03-04,832.1599731445312
2008-03-05,846.3599853515625
2008-03-06,834.6500244140625
2008-03-07,826.25
2008-03-10,816.6099853515625
2008-03-11,826.7899780273438
2008-03-12,837.52001953125
2008-03-13,825.9400024414062
2008-03-14,819.8599853515625
2008-03-17,790.4000244140625
2008-03-18,813.8099975585938
2008-03-19,809.0800170898438
2008-03-20,806.030029296875
2008-03-25,829.3800048828125
2008-03-26,828.010009765625
2008-03-27,834.9500122070312
2008-03-28,831.3200073242188
2008-03-31,833.8200073242188
2008-04-01,860.6099853515625
2008-04-02,868.52001953125
2008-04-03,863.9099731445312
2008-04-04,868.8099975585938
2008-04-07,875.760009765625
2008-04-08,870.6199951171875
2008-04-09,864.3099975585938
2008-04-10,862.8800048828125
2008-04-11,853.1799926757812
2008-04-14,847.760009765625
2008-04-15,850.6400146484375
2008-04-16,864.1199951171875
2008-04-17,863.6900024414062
2008-04-18,880.8300170898438
2008-04-21,873.9000244140625
2008-04-22,868.4099731445312
2008-04-23,878.510009765625
2008-04-24,874.77001953125
2008-04-25,882.5
2008-04-28,890.1500244140625
2008-04-29,884.5900268554688
2008-04-30,889.3699951171875
2008-05-02,901.6500244140624
2008-05-05,900.3200073242188
2008-05-06,896.5399780273438
2008-05-07,903.77001953125
2008-05-08,899.4099731445312
2008-05-09,887.9299926757812
2008-05-12,890.3400268554688
2008-05-13,891.1699829101562
2008-05-14,899.0599975585938
2008-05-15,900.4600219726562
2008-05-16,902.25
2008-05-19,914.0900268554688
2008-05-20,899.4500122070312
2008-05-21,895.02001953125
2008-05-22,894.4000244140625
2008-05-23,878.1199951171875
2008-05-26,878.9199829101562
2008-05-27,873.0499877929688
2008-05-28,884.4000244140625
2008-05-29,885.27001953125
2008-05-30,891.9199829101562
2008-06-02,878.3599853515625
2008-06-03,886.3099975585938
2008-06-04,876.1900024414062
2008-06-05,877.0
2008-06-06,857.739990234375
2008-06-09,857.0800170898438
2008-06-10,851.219970703125
2008-06-11,835.97998046875
2008-06-12,837.5900268554688
2008-06-13,836.6799926757812
2008-06-16,833.280029296875
2008-06-17,837.8499755859375
2008-06-18,824.72998046875
2008-06-19,817.5399780273438
2008-06-20,802.280029296875
2008-06-23,800.8599853515625
2008-06-24,794.47998046875
2008-06-25,803.8099975585938
2008-06-26,783.6400146484375
2008-06-27,778.7000122070312
2008-06-30,782.97998046875
2008-07-01,765.5800170898438
2008-07-02,758.6500244140625
2008-07-03,763.6699829101562
2008-07-04,751.260009765625
2008-07-07,763.8099975585938
2008-07-08,750.5900268554688
2008-07-09,761.9000244140625
2008-07-10,742.9000244140625
2008-07-11,721.9500122070312
2008-07-14,727.5399780273438
2008-07-15,709.780029296875
2008-07-16,717.8699951171875
2008-07-17,738.0900268554688
2008-07-18,748.4600219726562
2008-07-21,754.7100219726562
2008-07-22,750.6900024414062
2008-07-23,768.0599975585938
2008-07-24,756.4500122070312
2008-07-25,758.9500122070312
2008-07-28,750.0499877929688
2008-07-29,749.4400024414062
2008-07-30,762.3699951171875
2008-07-31,759.280029296875
2008-08-01,747.1400146484375
2008-08-04,743.0999755859375
2008-08-05,760.9600219726562
2008-08-06,771.5499877929688
2008-08-07,772.1599731445312
2008-08-08,778.8699951171875
2008-08-11,788.739990234375
2008-08-12,787.5800170898438
2008-08-13,770.1199951171875
2008-08-14,771.7999877929688
2008-08-15,777.8099975585938
2008-08-18,776.3200073242188
2008-08-19,757.0
2008-08-20,761.3099975585938
2008-08-21,751.9500122070312
2008-08-22,768.47998046875
2008-08-25,760.8800048828125
2008-08-26,763.5700073242188
2008-08-27,765.260009765625
2008-08-28,778.6699829101562
2008-08-29,782.8099975585938
2008-09-01,781.5
2008-09-02,791.9400024414062
2008-09-03,777.1799926757812
2008-09-04,755.1599731445312
2008-09-05,737.739990234375
2008-09-08,760.8300170898438
2008-09-09,752.27001953125
2008-09-10,748.2100219726562
2008-09-11,741.9000244140625
2008-09-12,756.0700073242188
2008-09-15,729.1699829101562
2008-09-16,713.489990234375
2008-09-17,696.75
2008-09-18,690.7000122070312
2008-09-19,750.25
2008-09-22,734.02001953125
2008-09-23,720.1400146484375
2008-09-24,714.989990234375
2008-09-25,732.1900024414062
2008-09-26,717.030029296875
2008-09-29,677.8499755859375
2008-09-30,690.8800048828125
2008-10-01,695.1199951171875
2008-10-02,683.219970703125
2008-10-03,699.8200073242188
2008-10-06,639.9000244140625
2008-10-07,638.469970703125
2008-10-08,599.219970703125
2008-10-09,587.0700073242188
2008-10-10,543.3599853515625
2008-10-13,602.4400024414062
2008-10-14,614.9600219726562
2008-10-15,574.0499877929688
2008-10-16,543.02001953125
2008-10-17,561.2999877929688
2008-10-20,585.8099975585938
2008-10-21,587.22998046875
2008-10-22,557.2999877929688
2008-10-23,559.77001953125
2008-10-24,539.6599731445312
2008-10-27,518.2899780273438
2008-10-28,526.719970703125
2008-10-29,573.27001953125
2008-10-30,574.0599975585938
2008-10-31,589.0900268554688
2008-11-03,598.8200073242188
2008-11-04,627.1599731445312
2008-11-05,613.030029296875
2008-11-06,576.6099853515625
2008-11-07,588.3599853515625
2008-11-10,593.6099853515625
2008-11-11,569.4600219726562
2008-11-12,552.8699951171875
2008-11-13,556.989990234375
2008-11-14,560.22998046875
2008-11-17,545.2899780273438
2008-11-18,551.1099853515625
2008-11-19,529.1099853515625
2008-11-20,508.75
2008-11-21,492.05999755859375
2008-11-24,536.2899780273438
2008-11-25,541.8699951171875
2008-11-26,535.1699829101562
2008-11-27,549.0
2008-11-28,551.7000122070312
2008-12-01,521.6199951171875
2008-12-02,532.739990234375
2008-12-03,536.02001953125
2008-12-04,532.9500122070312
2008-12-05,506.0400085449219
2008-12-08,543.4199829101562
2008-12-09,551.4099731445312
2008-12-10,556.3900146484375
2008-12-11,554.3800048828125
2008-12-12,540.6699829101562
2008-12-15,538.3800048828125
2008-12-16,546.8400268554688
2008-12-17,545.739990234375
2008-12-18,546.75
2008-12-19,544.9400024414062
2008-12-22,534.2100219726562
2008-12-23,532.7899780273438
2008-12-24,529.8800048828125
2008-12-29,532.280029296875
2008-12-30,543.9099731445312
2008-12-31,544.9199829101562
2009-01-02,566.3800048828125
2009-01-05,571.2100219726562
2009-01-06,577.8300170898438
2009-01-07,571.0999755859375
2009-01-08,567.780029296875
2009-01-09,565.969970703125
2009-01-12,557.4400024414062
2009-01-13,550.1199951171875
2009-01-14,525.3499755859375
2009-01-15,516.969970703125
2009-01-16,520.6400146484375
2009-01-19,517.25
2009-01-20,507.4200134277344
2009-01-21,503.25
2009-01-22,498.9200134277344
2009-01-23,497.7099914550781
2009-01-26,516.3499755859375
2009-01-27,516.030029296875
2009-01-28,533.8800048828125
2009-01-29,523.9400024414062
2009-01-30,518.7899780273438
2009-02-02,510.5899963378906
2009-02-03,519.030029296875
2009-02-04,530.969970703125
2009-02-05,529.6900024414062
2009-02-06,540.3699951171875
2009-02-09,542.27001953125
2009-02-10,524.3599853515625
2009-02-11,525.3699951171875
2009-02-12,514.260009765625
2009-02-13,518.260009765625
2009-02-16,511.8900146484375
2009-02-17,498.2200012207031
2009-02-18,496.4800109863281
2009-02-19,498.1499938964844
2009-02-20,479.5199890136719
2009-02-23,474.7699890136719
2009-02-24,470.2999877929688
2009-02-25,467.7300109863281
2009-02-26,474.2200012207031
2009-02-27,469.6499938964844
2009-03-02,447.9299926757813
2009-03-03,439.8200073242188
2009-03-04,457.1700134277344
2009-03-05,441.7200012207031
2009-03-06,436.239990234375
2009-03-09,434.6099853515625
2009-03-10,456.8999938964844
2009-03-11,459.0799865722656
2009-03-12,462.0299987792969
2009-03-13,462.80999755859375
2009-03-16,476.1300048828125
2009-03-17,471.5799865722656
2009-03-18,469.4599914550781
2009-03-19,470.7999877929688
2009-03-20,473.55999755859375
2009-03-23,487.8999938964844
2009-03-24,488.1799926757813
2009-03-25,492.1400146484375
2009-03-26,491.7699890136719
2009-03-27,483.3200073242188
2009-03-30,464.55999755859375
2009-03-31,478.4599914550781
2009-04-01,483.7900085449219
2009-04-02,506.8800048828125
2009-04-03,501.8399963378906
2009-04-06,498.8500061035156
2009-04-07,495.1700134277344
2009-04-08,497.2099914550781
2009-04-09,504.989990234375
2009-04-14,509.1499938964844
2009-04-15,508.7900085449219
2009-04-16,516.9400024414062
2009-04-17,525.280029296875
2009-04-20,506.6400146484375
2009-04-21,509.0299987792969
2009-04-22,514.8800048828125
2009-04-23,513.3200073242188
2009-04-24,528.1099853515625
2009-04-27,528.239990234375
2009-04-28,520.9600219726562
2009-04-29,531.5999755859375
2009-04-30,537.4000244140625
2009-05-04,551.530029296875
2009-05-05,548.97998046875
2009-05-06,557.97998046875
2009-05-07,556.8099975585938
2009-05-08,566.9099731445312
2009-05-11,555.530029296875
2009-05-12,552.2999877929688
2009-05-13,542.030029296875
2009-05-14,542.0399780273438
2009-05-15,544.9299926757812
2009-05-18,556.8300170898438
2009-05-19,562.3499755859375
2009-05-20,567.77001953125
2009-05-21,554.010009765625
2009-05-22,555.8699951171875
2009-05-25,557.4500122070312
2009-05-26,562.0999755859375
2009-05-27,566.1599731445312
2009-05-28,560.2899780273438
2009-05-29,561.0800170898438
2009-06-01,575.9400024414062
2009-06-02,575.9199829101562
2009-06-03,566.3400268554688
2009-06-04,565.780029296875
2009-06-05,569.5900268554688
2009-06-08,561.8900146484375
2009-06-09,563.510009765625
2009-06-10,567.010009765625
2009-06-11,569.3599853515625
2009-06-12,567.719970703125
2009-06-15,550.969970703125
2009-06-16,549.3900146484375
2009-06-17,540.8499755859375
2009-06-18,545.4099731445312
2009-06-19,550.7999877929688
2009-06-22,535.1500244140625
2009-06-23,535.0399780273438
2009-06-24,545.5
2009-06-25,543.469970703125
2009-06-26,539.530029296875
2009-06-29,549.1799926757812
2009-06-30,542.2999877929688
2009-07-01,554.3300170898438
2009-07-02,539.1199951171875
2009-07-03,538.8400268554688
2009-07-06,531.5499877929688
2009-07-07,526.8099975585938
2009-07-08,520.219970703125
2009-07-09,522.6900024414062
2009-07-10,516.2999877929688
2009-07-13,527.0700073242188
2009-07-14,532.2100219726562
2009-07-15,546.8599853515625
2009-07-16,550.9299926757812
2009-07-17,553.280029296875
2009-07-20,560.6199951171875
2009-07-21,565.4500122070312
2009-07-22,566.6500244140625
2009-07-23,576.5599975585938
2009-07-24,574.9500122070312
2009-07-27,576.1300048828125
2009-07-28,570.6400146484375
2009-07-29,577.4299926757812
2009-07-30,589.6599731445312
2009-07-31,589.25
2009-08-03,596.780029296875
2009-08-04,596.1500244140625
2009-08-05,592.0999755859375
2009-08-06,596.3099975585938
2009-08-07,603.3400268554688
2009-08-10,602.3499755859375
2009-08-11,594.6199951171875
2009-08-12,602.7000122070312
2009-08-13,604.8800048828125
2009-08-14,600.97998046875
2009-08-17,589.3300170898438
2009-08-18,594.739990234375
2009-08-19,595.0700073242188
2009-08-20,603.5999755859375
2009-08-21,620.1699829101562
2009-08-24,626.8599853515625
2009-08-25,631.969970703125
2009-08-26,631.9000244140625
2009-08-27,629.1699829101562
2009-08-28,635.989990234375
2009-08-31,629.6699829101562
2009-09-01,618.280029296875
2009-09-02,615.469970703125
2009-09-03,614.0499877929688
2009-09-04,621.719970703125
2009-09-07,631.260009765625
2009-09-08,634.1099853515625
2009-09-09,641.3200073242188
2009-09-10,643.0399780273438
2009-09-11,646.8800048828125
2009-09-14,645.3599853515625
2009-09-15,650.22998046875
2009-09-16,661.010009765625
2009-09-17,664.5499877929688
2009-09-18,662.5
2009-09-21,660.8300170898438
2009-09-22,662.0399780273438
2009-09-23,662.3200073242188
2009-09-24,652.780029296875
2009-09-25,649.239990234375
2009-09-28,662.5399780273438
2009-09-29,661.6900024414062
2009-09-30,659.6599731445312
2009-10-01,647.8800048828125
2009-10-02,635.7100219726562
2009-10-05,640.27001953125
2009-10-06,656.5800170898438
2009-10-07,654.9600219726562
2009-10-08,664.6699829101562
2009-10-09,664.4000244140625
2009-10-12,671.4500122070312
2009-10-13,664.22998046875
2009-10-14,677.2999877929688
2009-10-15,677.0900268554688
2009-10-16,669.8300170898438
2009-10-19,680.5900268554688
2009-10-20,676.47998046875
2009-10-21,677.239990234375
2009-10-22,669.1699829101562
2009-10-23,666.5700073242188
2009-10-26,655.1599731445312
2009-10-27,653.5399780273438
2009-10-28,638.8699951171875
2009-10-29,648.0499877929688
2009-10-30,632.1599731445312
2009-11-02,636.27001953125
2009-11-03,627.7000122070312
2009-11-04,640.989990234375
2009-11-05,646.4099731445312
2009-11-06,645.72998046875
2009-11-09,658.2999877929688
2009-11-10,657.1599731445312
2009-11-11,662.6300048828125
2009-11-12,661.530029296875
2009-11-13,662.9600219726562
2009-11-16,672.1300048828125
2009-11-17,667.1300048828125
2009-11-18,666.3800048828125
2009-11-19,655.239990234375
2009-11-20,650.5499877929688
2009-11-23,663.3300170898438
2009-11-24,659.3400268554688
2009-11-25,663.4000244140625
2009-11-26,641.6599731445312
2009-11-27,648.2000122070312
2009-11-30,640.5
2009-12-01,656.4199829101562
2009-12-02,660.1900024414062
2009-12-03,661.6500244140625
2009-12-04,669.1799926757812
2009-12-07,667.72998046875
2009-12-08,658.9400024414062
2009-12-09,653.27001953125
2009-12-10,660.0599975585938
2009-12-11,662.5
2009-12-14,667.219970703125
2009-12-15,668.9000244140625
2009-12-16,674.8699951171875
2009-12-17,667.1400146484375
2009-12-18,660.8699951171875
2009-12-21,672.6199951171875
2009-12-22,676.989990234375
2009-12-23,678.8900146484375
2009-12-24,679.3400268554688
2009-12-28,684.5599975585938
2009-12-29,687.8900146484375
2009-12-30,683.760009765625
2009-12-31,683.760009765625
2010-01-04,696.989990234375
2010-01-05,697.5700073242188
2010-01-06,698.27001953125
2010-01-07,697.760009765625
2010-01-08,701.3800048828125
2010-01-11,700.719970703125
2010-01-12,693.5
2010-01-13,694.4400024414062
2010-01-14,696.3200073242188
2010-01-15,687.7000122070312
2010-01-18,691.72998046875
2010-01-19,695.8699951171875
2010-01-20,684.8200073242188
2010-01-21,674.5800170898438
2010-01-22,667.989990234375
2010-01-25,663.1199951171875
2010-01-26,666.719970703125
2010-01-27,660.739990234375
2010-01-28,651.4099731445312
2010-01-29,658.8800048828125
2010-02-01,663.760009765625
2010-02-02,670.8699951171875
2010-02-03,667.3200073242188
2010-02-04,647.969970703125
2010-02-05,628.739990234375
2010-02-08,634.8699951171875
2010-02-09,636.75
2010-02-10,640.52001953125
2010-02-11,639.27001953125
2010-02-12,636.969970703125
2010-02-15,638.1199951171875
2010-02-16,645.9000244140625
2010-02-17,655.510009765625
2010-02-18,658.3300170898438
2010-02-19,661.3099975585938
2010-02-22,659.47998046875
2010-02-23,652.02001953125
2010-02-24,653.72998046875
2010-02-25,641.6900024414062
2010-02-26,651.969970703125
2010-03-01,662.8599853515625
2010-03-02,669.3699951171875
2010-03-03,675.0
2010-03-04,673.1799926757812
2010-03-05,685.0499877929688
2010-03-08,683.6099853515625
2010-03-09,684.77001953125
2010-03-10,690.3499755859375
2010-03-11,687.7000122070312
2010-03-12,687.8499755859375
2010-03-15,681.4500122070312
2010-03-16,689.5499877929688
2010-03-17,694.1799926757812
2010-03-18,692.4099731445312
2010-03-19,690.0800170898438
2010-03-22,689.989990234375
2010-03-23,694.6199951171875
2010-03-24,694.27001953125
2010-03-25,701.8099975585938
2010-03-26,699.5800170898438
2010-03-29,701.7899780273438
2010-03-30,700.1099853515625
2010-03-31,698.510009765625
2010-04-01,708.9600219726562
2010-04-06,713.8900146484375
2010-04-07,709.9099731445312
2010-04-08,702.5
2010-04-09,714.4299926757812
2010-04-12,715.0599975585938
2010-04-13,712.1799926757812
2010-04-14,716.5599975585938
2010-04-15,717.0399780273438
2010-04-16,704.8099975585938
2010-04-19,701.6300048828125
2010-04-20,711.1900024414062
2010-04-21,704.6900024414062
2010-04-22,696.8200073242188
2010-04-23,701.1199951171875
2010-04-26,706.760009765625
2010-04-27,683.8400268554688
2010-04-28,674.0700073242188
2010-04-29,683.8800048828125
2010-04-30,681.2999877929688
2010-05-03,683.6500244140625
2010-05-04,662.3200073242188
2010-05-05,653.2999877929688
2010-05-06,641.5
2010-05-07,613.5
2010-05-10,665.530029296875
2010-05-11,661.8599853515625
2010-05-12,670.6199951171875
2010-05-13,670.7100219726562
2010-05-14,644.3200073242188
2010-05-17,641.6900024414062
2010-05-18,652.97998046875
2010-05-19,635.22998046875
2010-05-20,622.0999755859375
2010-05-21,620.9000244140625
2010-05-24,621.219970703125
2010-05-25,604.1500244140625
2010-05-26,617.9400024414062
2010-05-27,637.2000122070312
2010-05-28,636.1300048828125
2010-05-31,635.5599975585938
2010-06-01,635.77001953125
2010-06-02,636.239990234375
2010-06-03,645.489990234375
2010-06-04,629.8200073242188
2010-06-07,623.2899780273438
2010-06-08,617.030029296875
2010-06-09,628.27001953125
2010-06-10,639.6099853515625
2010-06-11,643.97998046875
2010-06-14,654.9400024414062
2010-06-15,660.02001953125
2010-06-16,662.5800170898438
2010-06-17,664.6699829101562
2010-06-18,666.010009765625
2010-06-21,674.1300048828125
2010-06-22,669.4099731445312
2010-06-23,659.3200073242188
2010-06-24,645.4099731445312
2010-06-25,639.4400024414062
2010-06-28,647.8699951171875
2010-06-29,624.5700073242188
2010-06-30,625.0
2010-07-01,607.6900024414062
2010-07-02,608.47998046875
2010-07-05,605.75
2010-07-06,621.3300170898438
2010-07-07,630.239990234375
2010-07-08,639.9299926757812
2010-07-09,642.7000122070312
2010-07-12,645.1099853515625
2010-07-13,657.1900024414062
2010-07-14,657.3200073242188
2010-07-15,649.1599731445312
2010-07-16,635.5599975585938
2010-07-19,632.5399780273438
2010-07-20,629.8800048828125
2010-07-21,636.3800048828125
2010-07-22,653.4299926757812
2010-07-23,655.7899780273438
2010-07-26,660.0700073242188
2010-07-27,663.9299926757812
2010-07-28,662.9299926757812
2010-07-29,659.2899780273438
2010-07-30,656.75
2010-08-02,674.25
2010-08-03,673.6799926757812
2010-08-04,676.02001953125
2010-08-05,674.3699951171875
2010-08-06,664.4099731445312
2010-08-09,673.9199829101562
2010-08-10,667.6500244140625
2010-08-11,650.9600219726562
2010-08-12,651.1099853515625
2010-08-13,650.6900024414062
2010-08-16,648.2899780273438
2010-08-17,658.9299926757812
2010-08-18,656.8300170898438
2010-08-19,644.6400146484375
2010-08-20,637.260009765625
2010-08-23,640.8900146484375
2010-08-24,631.47998046875
2010-08-25,625.5
2010-08-26,631.010009765625
2010-08-27,635.8499755859375
2010-08-30,633.0700073242188
2010-08-31,633.530029296875
2010-09-01,654.1799926757812
2010-09-02,655.77001953125
2010-09-03,661.5399780273438
2010-09-06,664.8800048828125
2010-09-07,658.72998046875
2010-09-08,664.5399780273438
2010-09-09,671.4500122070312
2010-09-10,671.739990234375
2010-09-13,678.2899780273438
2010-09-14,678.7000122070312
2010-09-15,676.1599731445312
2010-09-16,672.3800048828125
2010-09-17,670.0499877929688
2010-09-20,681.2000122070312
2010-09-21,680.7000122070312
2010-09-22,671.77001953125
2010-09-23,668.4299926757812
2010-09-24,679.7000122070312
2010-09-27,677.6500244140625
2010-09-28,678.0499877929688
2010-09-29,674.760009765625
2010-09-30,671.8499755859375
2010-10-01,668.280029296875
2010-10-04,661.9199829101562
2010-10-05,674.3300170898438
2010-10-06,679.219970703125
2010-10-07,680.1400146484375
2010-10-08,679.739990234375
2010-10-11,681.239990234375
2010-10-12,677.4600219726562
2010-10-13,689.8300170898438
2010-10-14,688.4299926757812
2010-10-15,689.3400268554688
2010-10-18,690.6300048828125
2010-10-19,686.6400146484375
2010-10-20,688.6199951171875
2010-10-21,697.5800170898438
2010-10-22,696.22998046875
2010-10-25,698.0700073242188
2010-10-26,694.969970703125
2010-10-27,689.1500244140625
2010-10-28,692.4299926757812
2010-10-29,692.8499755859375
2010-11-01,695.6900024414062
2010-11-02,699.4400024414062
2010-11-03,693.9400024414062
2010-11-04,705.75
2010-11-05,705.3300170898438
2010-11-08,704.1799926757812
2010-11-09,708.1400146484375
2010-11-10,700.5
2010-11-11,696.22998046875
2010-11-12,691.9000244140625
2010-11-15,697.3499755859375
2010-11-16,682.030029296875
2010-11-17,687.3400268554688
2010-11-18,699.1900024414062
2010-11-19,697.8499755859375
2010-11-22,691.3599853515625
2010-11-23,676.0900268554688
2010-11-24,680.6199951171875
2010-11-25,683.1099853515625
2010-11-26,678.0800170898438
2010-11-29,662.4500122070312
2010-11-30,657.989990234375
2010-12-01,670.219970703125
2010-12-02,682.6500244140625
2010-12-03,683.3099975585938
2010-12-06,682.8900146484375
2010-12-07,692.1400146484375
2010-12-08,694.3599853515625
2010-12-09,698.3099975585938
2010-12-10,699.1199951171875
2010-12-13,703.1199951171875
2010-12-14,703.9600219726562
2010-12-15,699.8400268554688
2010-12-16,701.5
2010-12-17,698.8699951171875
2010-12-20,701.6599731445312
2010-12-21,708.75
2010-12-22,708.27001953125
2010-12-23,707.3499755859375
2010-12-27,699.8800048828125
2010-12-28,699.6599731445312
2010-12-29,703.9600219726562
2010-12-30,697.469970703125
2011-01-03,705.3800048828125
2011-01-04,707.969970703125
2011-01-05,705.52001953125
2011-01-06,706.0900268554688
2011-01-07,700.6500244140625
2011-01-10,691.5499877929688
2011-01-11,700.780029296875
2011-01-12,711.75
2011-01-13,713.780029296875
2011-01-14,713.9000244140625
2011-01-17,713.1599731445312
2011-01-18,720.6599731445312
2011-01-19,713.4000244140625
2011-01-20,710.4600219726562
2011-01-21,717.780029296875
2011-01-24,720.2000122070312
2011-01-25,718.1400146484375
2011-01-26,722.4299926757812
2011-01-27,724.4299926757812
2011-01-28,716.5999755859375
2011-01-31,716.510009765625
2011-02-01,726.9500122070312
2011-02-02,727.0
2011-02-03,723.0700073242188
2011-02-04,723.719970703125
2011-02-07,731.97998046875
2011-02-08,734.9099731445312
2011-02-09,731.75
2011-02-10,731.4299926757812
2011-02-11,731.5800170898438
2011-02-14,731.4299926757812
2011-02-15,733.2100219726562
2011-02-16,739.030029296875
2011-02-17,740.3599853515625
2011-02-18,740.5399780273438
2011-02-21,731.260009765625
2011-02-22,725.1599731445312
2011-02-23,718.9400024414062
2011-02-24,717.9400024414062
2011-02-25,727.0
2011-02-28,732.8099975585938
2011-03-01,728.0599975585938
2011-03-02,721.77001953125
2011-03-03,725.6900024414062
2011-03-04,721.25
2011-03-07,716.6099853515625
2011-03-08,720.0900268554688
2011-03-09,717.8699951171875
2011-03-10,712.2899780273438
2011-03-11,705.5800170898438
2011-03-14,697.1599731445312
2011-03-15,680.5499877929688
2011-03-16,667.5800170898438
2011-03-17,680.6300048828125
2011-03-18,683.5999755859375
2011-03-21,699.5900268554688
2011-03-22,697.1900024414062
2011-03-23,701.4099731445312
2011-03-24,710.3400268554688
2011-03-25,711.510009765625
2011-03-28,711.4199829101562
2011-03-29,713.260009765625
2011-03-30,719.219970703125
2011-03-31,713.1599731445312
2011-04-01,723.8400268554688
2011-04-04,723.2100219726562
2011-04-05,721.97998046875
2011-04-06,722.5999755859375
2011-04-07,719.3099975585938
2011-04-08,722.6300048828125
2011-04-11,720.1900024414062
2011-04-12,709.6099853515625
2011-04-13,715.0700073242188
2011-04-14,708.9600219726562
2011-04-15,710.25
2011-04-18,695.22998046875
2011-04-19,700.6199951171875
2011-04-20,714.510009765625
2011-04-21,716.27001953125
2011-04-26,720.0
2011-04-27,722.5499877929688
2011-04-28,727.47998046875
2011-04-29,727.9099731445312
2011-05-02,729.219970703125
2011-05-03,726.8499755859375
2011-05-04,717.2899780273438
2011-05-05,712.8800048828125
2011-05-06,721.0499877929688
2011-05-09,713.969970703125
2011-05-10,721.9400024414062
2011-05-11,723.719970703125
2011-05-12,718.77001953125
2011-05-13,718.3800048828125
2011-05-16,714.489990234375
2011-05-17,706.3200073242188
2011-05-18,711.0700073242188
2011-05-19,717.9000244140625
2011-05-20,712.9099731445312
2011-05-23,699.3099975585938
2011-05-24,700.9000244140625
2011-05-25,703.3099975585938
2011-05-26,701.1199951171875
2011-05-27,705.75
2011-05-30,704.8900146484375
2011-05-31,714.0700073242188
2011-06-01,707.219970703125
2011-06-02,695.52001953125
2011-06-03,695.739990234375
2011-06-06,692.0599975585938
2011-06-07,693.02001953125
2011-06-08,686.6500244140625
2011-06-09,692.97998046875
2011-06-10,681.010009765625
2011-06-13,681.9299926757812
2011-06-14,690.219970703125
2011-06-15,681.530029296875
2011-06-16,677.9000244140625
2011-06-17,682.3400268554688
2011-06-20,678.4400024414062
2011-06-21,690.3800048828125
2011-06-22,688.280029296875
2011-06-23,675.3499755859375
2011-06-24,674.780029296875
2011-06-27,676.1300048828125
2011-06-28,682.5399780273438
2011-06-29,694.8499755859375
2011-06-30,704.5399780273438
2011-07-01,709.0999755859375
2011-07-04,710.469970703125
2011-07-05,707.0900268554688
2011-07-06,703.2899780273438
2011-07-07,708.4000244140625
2011-07-08,698.8300170898438
2011-07-11,682.02001953125
2011-07-12,675.6799926757812
2011-07-13,679.9500122070312
2011-07-14,673.4199829101562
2011-07-15,670.219970703125
2011-07-18,657.5900268554688
2011-07-19,664.6900024414062
2011-07-20,675.5399780273438
2011-07-21,687.2100219726562
2011-07-22,691.969970703125
2011-07-25,688.0900268554688
2011-07-26,684.969970703125
2011-07-27,676.239990234375
2011-07-28,675.489990234375
2011-07-29,668.4299926757812
2011-08-01,656.0599975585938
2011-08-02,645.02001953125
2011-08-03,631.2100219726562
2011-08-04,608.0499877929688
2011-08-05,599.5499877929688
2011-08-08,572.989990234375
2011-08-09,580.9000244140625
2011-08-10,556.6300048828125
2011-08-11,570.989990234375
2011-08-12,594.0499877929688
2011-08-15,598.5700073242188
2011-08-16,596.4000244140625
2011-08-17,599.989990234375
2011-08-18,569.97998046875
2011-08-19,559.9299926757812
2011-08-22,565.9000244140625
2011-08-23,570.5700073242188
2011-08-24,578.5900268554688
2011-08-25,574.9600219726562
2011-08-26,570.3599853515625
2011-08-29,581.2000122070312
2011-08-30,583.6099853515625
2011-08-31,600.4400024414062
2011-09-01,602.1599731445312
2011-09-02,585.0900268554688
2011-09-05,559.239990234375
2011-09-06,554.6799926757812
2011-09-07,572.8499755859375
2011-09-08,576.6500244140625
2011-09-09,558.7100219726562
2011-09-12,539.4600219726562
2011-09-13,544.9500122070312
2011-09-14,554.1099853515625
2011-09-15,568.8499755859375
2011-09-16,569.4600219726562
2011-09-19,554.9000244140625
2011-09-20,564.0900268554688
2011-09-21,556.9199829101562
2011-09-22,529.5
2011-09-23,532.9600219726562
2011-09-26,541.1900024414062
2011-09-27,567.9299926757812
2011-09-28,563.1500244140625
2011-09-29,567.8599853515625
2011-09-30,559.280029296875
2011-10-03,550.3499755859375
2011-10-04,536.760009765625
2011-10-05,555.8599853515625
2011-10-06,571.760009765625
2011-10-07,574.9000244140625
2011-10-10,586.1900024414062
2011-10-11,584.77001953125
2011-10-12,597.27001953125
2011-10-13,591.5499877929688
2011-10-14,597.5900268554688
2011-10-17,589.77001953125
2011-10-18,586.1199951171875
2011-10-19,589.4600219726562
2011-10-20,578.469970703125
2011-10-21,593.02001953125
2011-10-24,600.0399780273438
2011-10-25,593.010009765625
2011-10-26,592.4000244140625
2011-10-27,621.3499755859375
2011-10-28,616.8800048828125
2011-10-31,601.8099975585938
2011-11-01,575.5800170898438
2011-11-02,581.2999877929688
2011-11-03,594.989990234375
2011-11-04,585.2000122070312
2011-11-07,582.6300048828125
2011-11-08,589.2100219726562
2011-11-09,577.4299926757812
2011-11-10,576.219970703125
2011-11-11,589.7899780273438
2011-11-14,582.5800170898438
2011-11-15,573.75
2011-11-16,575.0999755859375
2011-11-17,565.6099853515625
2011-11-18,562.5999755859375
2011-11-21,544.97998046875
2011-11-22,541.4299926757812
2011-11-23,533.6400146484375
2011-11-24,532.47998046875
2011-11-25,537.8900146484375
2011-11-28,562.780029296875
2011-11-29,565.3900146484375
2011-11-30,587.1699829101562
2011-12-01,582.6599731445312
2011-12-02,588.1500244140625
2011-12-05,594.9000244140625
2011-12-06,591.719970703125
2011-12-07,591.280029296875
2011-12-08,579.25
2011-12-09,589.9400024414062
2011-12-12,576.8400268554688
2011-12-13,575.6400146484375
2011-12-14,559.9199829101562
2011-12-15,563.8499755859375
2011-12-16,560.77001953125
2011-12-19,561.3800048828125
2011-12-20,574.52001953125
2011-12-21,570.9400024414062
2011-12-22,577.8300170898438
2011-12-23,583.3499755859375
2011-12-27,584.5
2011-12-28,579.989990234375
2011-12-29,588.3200073242188
2011-12-30,592.8499755859375
2012-01-03,606.4099731445312
2012-01-04,598.3499755859375
2012-01-05,591.469970703125
2012-01-06,590.530029296875
2012-01-09,590.469970703125
2012-01-10,602.2000122070312
2012-01-11,598.97998046875
2012-01-12,598.239990234375
2012-01-13,596.5599975585938
2012-01-16,601.5700073242188
2012-01-17,608.4600219726562
2012-01-18,608.010009765625
2012-01-19,617.4500122070312
2012-01-20,616.3499755859375
2012-01-23,619.260009765625
2012-01-24,616.4099731445312
2012-01-25,614.9000244140625
2012-01-26,623.77001953125
2012-01-27,616.8599853515625
2012-01-30,607.9000244140625
2012-01-31,613.75
2012-02-01,626.3900146484375
2012-02-02,627.280029296875
2012-02-03,636.7899780273438
2012-02-06,633.5499877929688
2012-02-07,633.5999755859375
2012-02-08,632.72998046875
2012-02-09,633.8499755859375
2012-02-10,625.9000244140625
2012-02-13,629.5800170898438
2012-02-14,628.9600219726562
2012-02-15,631.4000244140625
2012-02-16,632.9199829101562
2012-02-17,639.1300048828125
2012-02-20,645.1300048828125
2012-02-21,643.0900268554688
2012-02-22,639.3699951171875
2012-02-23,638.9099731445312
2012-02-24,640.9000244140625
2012-02-27,637.47998046875
2012-02-28,639.8099975585938
2012-02-29,640.72998046875
2012-03-01,648.5
2012-03-02,649.4000244140625
2012-03-05,646.9400024414062
2012-03-06,626.8599853515625
2012-03-07,632.5900268554688
2012-03-08,646.47998046875
2012-03-09,648.52001953125
2012-03-12,649.27001953125
2012-03-13,659.4299926757812
2012-03-14,661.52001953125
2012-03-15,663.3599853515625
2012-03-16,665.8599853515625
2012-03-19,664.3599853515625
2012-03-20,657.2899780273438
2012-03-21,656.4099731445312
2012-03-22,648.219970703125
2012-03-23,648.27001953125
2012-03-26,654.02001953125
2012-03-27,650.3900146484375
2012-03-28,643.7100219726562
2012-03-29,635.0800170898438
2012-03-30,642.3099975585938
2012-04-02,648.9299926757812
2012-04-03,641.3400268554688
2012-04-04,624.1699829101562
2012-04-05,625.0
2012-04-10,608.5999755859375
2012-04-11,613.3499755859375
2012-04-12,619.2999877929688
2012-04-13,607.8499755859375
2012-04-16,610.25
2012-04-17,623.8300170898438
2012-04-18,616.3499755859375
2012-04-19,607.1300048828125
2012-04-20,608.3099975585938
2012-04-23,593.3099975585938
2012-04-24,603.3699951171875
2012-04-25,613.75
2012-04-26,615.489990234375
2012-04-27,619.4000244140625
2012-04-30,612.5800170898438
2012-05-02,614.72998046875
2012-05-03,615.3800048828125
2012-05-04,604.219970703125
2012-05-07,613.0800170898438
2012-05-08,599.1799926757812
2012-05-09,598.010009765625
2012-05-10,600.1500244140625
2012-05-11,601.5399780273438
2012-05-14,588.8099975585938
2012-05-15,585.2999877929688
2012-05-16,585.4199829101562
2012-05-17,578.27001953125
2012-05-18,575.0800170898438
2012-05-21,577.6599731445312
2012-05-22,588.1599731445312
2012-05-23,573.8599853515625
2012-05-24,580.1900024414062
2012-05-25,581.9099731445312
2012-05-28,580.780029296875
2012-05-29,587.5399780273438
2012-05-30,576.9299926757812
2012-05-31,576.8099975585938
2012-06-01,563.1099853515625
2012-06-04,562.6500244140625
2012-06-05,567.1199951171875
2012-06-06,580.239990234375
2012-06-07,583.22998046875
2012-06-08,580.9299926757812
2012-06-11,579.8599853515625
2012-06-12,581.0700073242188
2012-06-13,579.4099731445312
2012-06-14,580.219970703125
2012-06-15,589.010009765625
2012-06-18,587.4299926757812
2012-06-19,595.719970703125
2012-06-20,596.8300170898438
2012-06-21,594.9299926757812
2012-06-22,590.3099975585938
2012-06-25,581.2100219726562
2012-06-26,580.2999877929688
2012-06-27,589.8499755859375
2012-06-28,588.4500122070312
2012-06-29,611.8099975585938
2012-07-02,620.27001953125
2012-07-03,625.2899780273438
2012-07-04,625.5700073242188
2012-07-05,620.3699951171875
2012-07-06,611.489990234375
2012-07-09,608.4500122070312
2012-07-10,613.8099975585938
2012-07-11,610.6300048828125
2012-07-12,606.7000122070312
2012-07-13,614.260009765625
2012-07-16,615.0800170898438
2012-07-17,614.9099731445312
2012-07-18,624.0
2012-07-19,630.8400268554688
2012-07-20,620.3400268554688
2012-07-23,603.77001953125
2012-07-24,599.9299926757812
2012-07-25,601.1900024414062
2012-07-26,621.030029296875
2012-07-27,630.8200073242188
2012-07-30,638.8400268554688
2012-07-31,632.1699829101562
2012-08-01,637.22998046875
2012-08-02,624.6099853515625
2012-08-03,645.77001953125
2012-08-06,649.780029296875
2012-08-07,657.510009765625
2012-08-08,654.260009765625
2012-08-09,658.2999877929688
2012-08-10,655.1699829101562
2012-08-13,652.6699829101562
2012-08-14,656.02001953125
2012-08-15,656.2899780273438
2012-08-16,660.1699829101562
2012-08-17,662.3300170898438
2012-08-20,660.6500244140625
2012-08-21,665.2100219726562
2012-08-22,657.3300170898438
2012-08-23,651.9299926757812
2012-08-24,652.5900268554688
2012-08-27,657.5
2012-08-28,653.5700073242188
2012-08-29,651.780029296875
2012-08-30,645.8900146484375
2012-08-31,650.6099853515625
2012-09-03,658.3099975585938
2012-09-04,650.239990234375
2012-09-05,651.0800170898438
2012-09-06,668.2899780273438
2012-09-07,669.030029296875
2012-09-10,665.3900146484375
2012-09-11,668.52001953125
2012-09-12,668.780029296875
2012-09-13,663.4000244140625
2012-09-14,674.1099853515625
2012-09-17,670.7100219726562
2012-09-18,665.4400024414062
2012-09-19,668.5499877929688
2012-09-20,665.8699951171875
2012-09-21,668.8200073242188
2012-09-24,663.8499755859375
2012-09-25,667.0900268554688
2012-09-26,652.22998046875
2012-09-27,654.4099731445312
2012-09-28,642.3800048828125
2012-10-01,653.9600219726562
2012-10-02,653.0599975585938
2012-10-03,652.4600219726562
2012-10-04,651.780029296875
2012-10-05,661.3699951171875
2012-10-08,653.8400268554688
2012-10-09,649.3200073242188
2012-10-10,646.27001953125
2012-10-11,653.25
2012-10-12,649.510009765625
2012-10-15,654.0999755859375
2012-10-16,665.5499877929688
2012-10-17,669.260009765625
2012-10-18,668.489990234375
2012-10-19,663.8599853515625
2012-10-22,661.1099853515625
2012-10-23,648.5499877929688
2012-10-24,651.6799926757812
2012-10-25,650.1699829101562
2012-10-26,653.3599853515625
2012-10-29,649.4400024414062
2012-10-30,657.1199951171875
2012-10-31,651.8599853515625
2012-11-01,659.8599853515625
2012-11-02,663.5
2012-11-05,656.6599731445312
2012-11-06,661.47998046875
2012-11-07,651.1199951171875
2012-11-08,650.1099853515625
2012-11-09,651.97998046875
2012-11-12,650.760009765625
2012-11-13,654.72998046875
2012-11-14,647.9000244140625
2012-11-15,642.739990234375
2012-11-16,635.1599731445312
2012-11-19,650.3900146484375
2012-11-20,654.3400268554688
2012-11-21,655.719970703125
2012-11-22,659.1699829101562
2012-11-23,664.8200073242188
2012-11-26,661.0999755859375
2012-11-27,661.8699951171875
2012-11-28,663.530029296875
2012-11-29,671.4000244140625
2012-11-30,670.2899780273438
2012-12-03,672.0
2012-12-04,673.1500244140625
2012-12-05,674.5900268554688
2012-12-06,676.8699951171875
2012-12-07,678.6900024414062
2012-12-10,679.75
2012-12-11,684.530029296875
2012-12-12,683.6799926757812
2012-12-13,682.72998046875
2012-12-14,682.8599853515625
2012-12-17,681.0499877929688
2012-12-18,683.1300048828125
2012-12-19,686.7899780273438
2012-12-20,687.0
2012-12-21,684.3400268554688
2012-12-27,685.510009765625
2012-12-28,677.9600219726562
2013-01-02,696.1699829101562
2013-01-03,694.8400268554688
2013-01-04,696.8800048828125
2013-01-07,693.0
2013-01-08,691.489990234375
2013-01-09,693.3400268554688
2013-01-10,691.4400024414062
2013-01-11,691.8699951171875
2013-01-14,691.010009765625
2013-01-15,691.8599853515625
2013-01-16,694.0800170898438
2013-01-17,700.239990234375
2013-01-18,701.22998046875
2013-01-21,704.3499755859375
2013-01-22,702.4400024414062
2013-01-23,700.3300170898438
2013-01-24,703.8300170898438
2013-01-25,708.3200073242188
2013-01-28,709.6599731445312
2013-01-29,711.4500122070312
2013-01-30,708.52001953125
2013-01-31,698.739990234375
2013-02-01,706.8800048828125
2013-02-04,690.1900024414062
2013-02-05,693.5399780273438
2013-02-06,686.1599731445312
2013-02-07,680.8800048828125
2013-02-08,687.280029296875
2013-02-11,686.5499877929688
2013-02-12,692.77001953125
2013-02-13,694.9299926757812
2013-02-14,695.0999755859375
2013-02-15,693.5999755859375
2013-02-18,693.6699829101562
2013-02-19,704.2999877929688
2013-02-20,701.2999877929688
2013-02-21,687.4400024414062
2013-02-22,699.8699951171875
2013-02-25,701.75
2013-02-26,687.3499755859375
2013-02-27,696.8800048828125
2013-02-28,703.5900268554688
2013-03-01,701.1300048828125
2013-03-04,702.3200073242188
2013-03-05,714.5999755859375
2013-03-06,713.3499755859375
2013-03-07,715.9000244140625
2013-03-08,723.7899780273438
2013-03-11,723.1500244140625
2013-03-12,722.9500122070312
2013-03-13,722.9500122070312
2013-03-14,729.3400268554688
2013-03-15,724.2000122070312
2013-03-18,722.989990234375
2013-03-19,716.6400146484375
2013-03-20,723.9299926757812
2013-03-21,717.3099975585938
2013-03-22,717.1799926757812
2013-03-25,711.7999877929688
2013-03-26,714.6099853515625
2013-03-27,708.3599853515625
2013-03-28,713.0800170898438
2013-04-02,725.2999877929688
2013-04-03,717.239990234375
2013-04-04,711.0800170898438
2013-04-05,699.22998046875
2013-04-08,701.02001953125
2013-04-09,700.6400146484375
2013-04-10,715.2000122070312
2013-04-11,719.97998046875
2013-04-12,712.6699829101562
2013-04-15,708.5499877929688
2013-04-16,703.3499755859375
2013-04-17,690.77001953125
2013-04-18,690.4099731445312
2013-04-19,698.2899780273438
2013-04-22,698.6099853515625
2013-04-23,719.3400268554688
2013-04-24,727.2000122070312
2013-04-25,727.7899780273438
2013-04-26,719.780029296875
2013-04-29,729.0800170898438
2013-04-30,726.8099975585938
2013-05-02,729.3400268554688
2013-05-03,737.75
2013-05-06,737.6199951171875
2013-05-07,738.0399780273438
2013-05-08,743.3800048828125
2013-05-09,740.8699951171875
2013-05-10,745.219970703125
2013-05-13,744.4099731445312
2013-05-14,748.72998046875
2013-05-15,752.0599975585938
2013-05-16,751.0700073242188
2013-05-17,753.8499755859375
2013-05-20,757.1300048828125
2013-05-21,758.6900024414062
2013-05-22,760.75
2013-05-23,746.739990234375
2013-05-24,745.260009765625
2013-05-27,750.739990234375
2013-05-28,760.1799926757812
2013-05-29,746.5800170898438
2013-05-30,749.489990234375
2013-05-31,740.8400268554688
2013-06-03,735.0700073242188
2013-06-04,735.989990234375
2013-06-05,722.969970703125
2013-06-06,717.4299926757812
2013-06-07,727.0599975585938
2013-06-10,725.8800048828125
2013-06-11,717.3400268554688
2013-06-12,714.2899780273438
2013-06-13,714.3300170898438
2013-06-14,716.010009765625
2013-06-17,724.719970703125
2013-06-18,724.4199829101562
2013-06-19,721.72998046875
2013-06-20,698.010009765625
2013-06-21,690.1400146484375
2013-06-24,678.0499877929688
2013-06-25,687.2100219726562
2013-06-26,700.780029296875
2013-06-27,707.780029296875
2013-06-28,703.8400268554688
2013-07-01,709.8400268554688
2013-07-02,706.6400146484375
2013-07-03,699.1199951171875
2013-07-04,718.1199951171875
2013-07-05,709.7100219726562
2013-07-08,721.6199951171875
2013-07-09,727.27001953125
2013-07-10,728.8900146484375
2013-07-11,733.260009765625
2013-07-12,731.1599731445312
2013-07-15,735.489990234375
2013-07-16,729.7000122070312
2013-07-17,732.6300048828125
2013-07-18,740.3300170898438
2013-07-19,739.6599731445312
2013-07-22,740.75
2013-07-23,737.4299926757812
2013-07-24,744.8900146484375
2013-07-25,742.2899780273438
2013-07-26,743.0999755859375
2013-07-29,742.8499755859375
2013-07-30,747.0499877929688
2013-07-31,751.7100219726562
2013-08-01,760.2999877929688
2013-08-02,760.989990234375
2013-08-05,762.0399780273438
2013-08-06,759.5700073242188
2013-08-07,759.2899780273438
2013-08-08,764.2899780273438
2013-08-09,767.3200073242188
2013-08-12,767.469970703125
2013-08-13,771.1699829101562
2013-08-14,773.8699951171875
2013-08-15,768.5700073242188
2013-08-16,771.9199829101562
2013-08-19,766.0399780273438
2013-08-20,756.4400024414062
2013-08-21,754.0399780273438
2013-08-22,761.47998046875
2013-08-23,763.9099731445312
2013-08-26,762.739990234375
2013-08-27,745.6599731445312
2013-08-28,744.1900024414062
2013-08-29,749.280029296875
2013-08-30,741.4099731445312
2013-09-02,753.7000122070312
2013-09-03,749.3200073242188
2013-09-04,750.47998046875
2013-09-05,755.219970703125
2013-09-06,761.3900146484375
2013-09-09,759.0
2013-09-10,771.22998046875
2013-09-11,771.760009765625
2013-09-12,770.4000244140625
2013-09-13,772.0399780273438
2013-09-16,778.3200073242188
2013-09-17,776.47998046875
2013-09-18,781.2999877929688
2013-09-19,786.75
2013-09-20,785.8800048828125
2013-09-23,780.0999755859375
2013-09-24,783.2100219726562
2013-09-25,782.719970703125
2013-09-26,782.3400268554688
2013-09-27,781.2899780273438
2013-09-30,776.1300048828125
2013-10-01,783.1599731445312
2013-10-02,776.7999877929688
2013-10-03,772.510009765625
2013-10-04,777.3400268554688
2013-10-07,776.0499877929688
2013-10-08,770.510009765625
2013-10-09,768.4099731445312
2013-10-10,782.8400268554688
2013-10-11,784.1699829101562
2013-10-14,784.0999755859375
2013-10-15,791.0399780273438
2013-10-16,790.260009765625
2013-10-17,789.8200073242188
2013-10-18,798.3900146484375
2013-10-21,798.5700073242188
2013-10-22,802.4299926757812
2013-10-23,796.5700073242188
2013-10-24,799.1799926757812
2013-10-25,798.1799926757812
2013-10-28,796.030029296875
2013-10-29,801.0499877929688
2013-10-30,799.469970703125
2013-10-31,803.47998046875
2013-11-01,800.030029296875
2013-11-04,802.75
2013-11-05,797.9199829101562
2013-11-06,804.1900024414062
2013-11-07,802.3099975585938
2013-11-08,799.7100219726562
2013-11-11,805.5399780273438
2013-11-12,800.9299926757812
2013-11-13,796.3099975585938
2013-11-14,804.6799926757812
2013-11-15,805.2100219726562
2013-11-18,809.02001953125
2013-11-19,802.6400146484375
2013-11-20,802.3300170898438
2013-11-21,799.52001953125
2013-11-22,801.989990234375
2013-11-25,806.3099975585938
2013-11-26,801.0
2013-11-27,804.219970703125
2013-11-28,805.22998046875
2013-11-29,804.6400146484375
2013-12-02,803.1799926757812
2013-12-03,786.7000122070312
2013-12-04,782.0800170898438
2013-12-05,774.1300048828125
2013-12-06,781.0700073242188
2013-12-09,782.1500244140625
2013-12-10,776.0499877929688
2013-12-11,774.0
2013-12-12,768.8200073242188
2013-12-13,766.8800048828125
2013-12-16,777.4299926757812
2013-12-17,769.5900268554688
2013-12-18,776.5800170898438
2013-12-19,784.8499755859375
2013-12-20,791.6199951171875
2013-12-23,796.5499877929688
2013-12-24,798.1099853515625
2013-12-27,807.22998046875
2013-12-30,806.3599853515625
2013-12-31,809.9500122070312
2014-01-02,800.02001953125
2014-01-03,804.510009765625
2014-01-06,799.9099731445312
2014-01-07,807.0399780273438
2014-01-08,807.9000244140625
2014-01-09,802.739990234375
2014-01-10,806.52001953125
2014-01-13,808.530029296875
2014-01-14,809.8699951171875
2014-01-15,817.5900268554688
2014-01-16,816.239990234375
2014-01-17,816.6900024414062
2014-01-20,817.010009765625
2014-01-21,816.8300170898438
2014-01-22,818.3800048828125
2014-01-23,811.0499877929688
2014-01-24,790.5800170898438
2014-01-27,785.9500122070312
2014-01-28,791.9400024414062
2014-01-29,787.0399780273438
2014-01-30,789.1799926757812
2014-01-31,786.5800170898438
2014-02-03,776.989990234375
2014-02-04,777.22998046875
2014-02-05,777.3499755859375
2014-02-06,789.760009765625
2014-02-07,795.469970703125
2014-02-10,797.280029296875
2014-02-11,806.3099975585938
2014-02-12,810.0999755859375
2014-02-13,811.0800170898438
2014-02-14,815.9099731445312
2014-02-17,817.0999755859375
2014-02-18,816.8200073242188
2014-02-19,818.969970703125
2014-02-20,820.4099731445312
2014-02-21,824.27001953125
2014-02-24,830.6699829101562
2014-02-25,829.3499755859375
2014-02-26,826.5700073242188
2014-02-27,826.6400146484375
2014-02-28,829.010009765625
2014-03-03,808.6699829101562
2014-03-04,827.0999755859375
2014-03-05,826.5399780273438
2014-03-06,830.7899780273438
2014-03-07,822.3499755859375
2014-03-10,822.77001953125
2014-03-11,821.3800048828125
2014-03-12,813.6500244140625
2014-03-13,803.72998046875
2014-03-14,796.97998046875
2014-03-17,806.02001953125
2014-03-18,813.25
2014-03-19,812.3699951171875
2014-03-20,815.5
2014-03-21,816.8599853515625
2014-03-24,807.8900146484375
2014-03-25,818.5599975585938
2014-03-26,825.7899780273438
2014-03-27,826.6300048828125
2014-03-28,833.3699951171875
2014-03-31,831.469970703125
2014-04-01,838.3200073242188
2014-04-02,838.9199829101562
2014-04-03,840.97998046875
2014-04-04,845.9199829101562
2014-04-07,837.6599731445312
2014-04-08,833.7899780273438
2014-04-09,837.7100219726562
2014-04-10,833.1799926757812
2014-04-11,823.5900268554688
2014-04-14,826.1500244140625
2014-04-15,820.5399780273438
2014-04-16,831.219970703125
2014-04-17,834.8400268554688
2014-04-22,842.4500122070312
2014-04-23,837.3099975585938
2014-04-24,840.6900024414062
2014-04-25,833.6400146484375
2014-04-28,836.0599975585938
2014-04-29,842.8099975585938
2014-04-30,841.510009765625
2014-05-02,837.739990234375
2014-05-05,836.6599731445312
2014-05-06,832.0499877929688
2014-05-07,836.010009765625
2014-05-08,846.1699829101562
2014-05-09,842.3300170898438
2014-05-12,847.02001953125
2014-05-13,849.0700073242188
2014-05-14,847.1300048828125
2014-05-15,838.5499877929688
2014-05-16,840.219970703125
2014-05-19,842.219970703125
2014-05-20,841.1099853515625
2014-05-21,844.0499877929688
2014-05-22,845.6799926757812
2014-05-23,847.6799926757812
2014-05-26,853.469970703125
2014-05-27,853.47998046875
2014-05-28,853.510009765625
2014-05-29,853.9600219726562
2014-05-30,852.1900024414062
2014-06-02,852.4600219726562
2014-06-03,850.1400146484375
2014-06-04,849.72998046875
2014-06-05,857.1599731445312
2014-06-06,863.1400146484375
2014-06-09,865.280029296875
2014-06-10,867.7999877929688
2014-06-11,861.3499755859375
2014-06-12,861.969970703125
2014-06-13,859.47998046875
2014-06-16,854.030029296875
2014-06-17,858.530029296875
2014-06-18,858.3499755859375
2014-06-19,862.8200073242188
2014-06-20,860.760009765625
2014-06-23,855.1400146484375
2014-06-24,854.6599731445312
2014-06-25,844.9199829101562
2014-06-26,842.5599975585938
2014-06-27,842.3499755859375
2014-06-30,840.8800048828125
2014-07-01,847.3400268554688
2014-07-02,845.77001953125
2014-07-03,853.7000122070312
2014-07-04,850.7899780273438
2014-07-07,840.7100219726562
2014-07-08,829.7999877929688
2014-07-09,831.5
2014-07-10,820.75
2014-07-11,822.3599853515625
2014-07-14,828.4600219726562
2014-07-15,822.1099853515625
2014-07-16,833.030029296875
2014-07-17,824.010009765625
2014-07-18,826.010009765625
2014-07-21,821.8699951171875
2014-07-22,832.5999755859375
2014-07-23,834.2999877929688
2014-07-24,839.8699951171875
2014-07-25,826.9299926757812
2014-07-28,827.5900268554688
2014-07-29,830.8099975585938
2014-07-30,824.0599975585938
2014-07-31,814.8400268554688
2014-08-01,804.3599853515625
2014-08-04,805.6900024414062
2014-08-05,809.260009765625
2014-08-06,804.77001953125
2014-08-07,796.0499877929688
2014-08-08,792.3200073242188
2014-08-11,802.9500122070312
2014-08-12,798.239990234375
2014-08-13,802.52001953125
2014-08-14,804.8599853515625
2014-08-15,801.6900024414062
2014-08-18,811.7999877929688
2014-08-19,816.719970703125
2014-08-20,815.5999755859375
2014-08-21,822.97998046875
2014-08-22,817.8800048828125
2014-08-25,831.2899780273438
2014-08-26,838.9400024414062
2014-08-27,839.780029296875
2014-08-28,834.8499755859375
2014-08-29,836.9299926757812
2014-09-01,837.4400024414062
2014-09-02,837.7999877929688
2014-09-03,844.1300048828125
2014-09-04,856.5800170898438
2014-09-05,855.3699951171875
2014-09-08,852.6199951171875
2014-09-09,848.6799926757812
2014-09-10,848.5900268554688
2014-09-11,847.4099731445312
2014-09-12,846.530029296875
2014-09-15,846.3800048828125
2014-09-16,843.219970703125
2014-09-17,845.8200073242188
2014-09-18,852.4500122070312
2014-09-19,853.4099731445312
2014-09-22,849.6599731445312
2014-09-23,837.02001953125
2014-09-24,844.4400024414062
2014-09-25,835.1900024414062
2014-09-26,840.489990234375
2014-09-29,835.8099975585938
2014-09-30,844.219970703125
2014-10-01,835.0599975585938
2014-10-02,813.719970703125
2014-10-03,821.9500122070312
2014-10-06,823.3499755859375
2014-10-07,809.6900024414062
2014-10-08,802.969970703125
2014-10-09,799.2899780273438
2014-10-10,787.6900024414062
2014-10-13,786.7000122070312
2014-10-14,787.8800048828125
2014-10-15,760.989990234375
2014-10-16,755.0
2014-10-17,777.3499755859375
2014-10-20,771.2000122070312
2014-10-21,788.5900268554688
2014-10-22,792.3900146484375
2014-10-23,799.4000244140625
2014-10-24,796.1199951171875
2014-10-27,791.469970703125
2014-10-28,799.0499877929688
2014-10-29,799.7000122070312
2014-10-30,804.2100219726562
2014-10-31,819.47998046875
2014-11-03,812.9199829101562
2014-11-04,801.5700073242188
2014-11-05,815.5599975585938
2014-11-06,819.0
2014-11-07,813.6699829101562
2014-11-10,819.7999877929688
2014-11-11,823.3499755859375
2014-11-12,812.27001953125
2014-11-13,814.1500244140625
2014-11-14,815.9299926757812
2014-11-17,819.75
2014-11-18,826.0399780273438
2014-11-19,827.1699829101562
2014-11-20,823.4299926757812
2014-11-21,841.97998046875
2014-11-24,844.5800170898438
2014-11-25,846.739990234375
2014-11-26,846.02001953125
2014-11-27,848.8699951171875
2014-11-28,850.5399780273438
2014-12-01,848.02001953125
2014-12-02,851.5700073242188
2014-12-03,852.8099975585938
2014-12-04,842.72998046875
2014-12-05,860.1900024414062
2014-12-08,852.8900146484375
2014-12-09,832.780029296875
2014-12-10,827.969970703125
2014-12-11,826.780029296875
2014-12-12,805.4299926757812
2014-12-15,786.72998046875
2014-12-16,801.8800048828125
2014-12-17,804.0599975585938
2014-12-18,830.0599975585938
2014-12-19,831.9299926757812
2014-12-22,835.9500122070312
2014-12-23,846.8400268554688
2014-12-24,843.8599853515625
2014-12-29,846.969970703125
2014-12-30,834.3400268554688
2014-12-31,839.52001953125
2015-01-02,835.969970703125
2015-01-05,811.7899780273438
2015-01-06,805.469970703125
2015-01-07,810.9400024414062
2015-01-08,837.72998046875
2015-01-09,824.3900146484375
2015-01-12,832.760009765625
2015-01-13,845.2999877929688
2015-01-14,833.75
2015-01-15,851.7999877929688
2015-01-16,862.8200073242188
2015-01-19,866.8099975585938
2015-01-20,873.7899780273438
2015-01-21,881.4000244140625
2015-01-22,894.260009765625
2015-01-23,911.72998046875
2015-01-26,920.0
2015-01-27,911.3800048828124
2015-01-28,909.719970703125
2015-01-29,912.280029296875
2015-01-30,906.280029296875
2015-02-02,908.2100219726562
2015-02-03,918.3200073242188
2015-02-04,922.3900146484376
2015-02-05,923.2999877929688
2015-02-06,921.280029296875
2015-02-09,912.4500122070312
2015-02-10,921.469970703125
2015-02-11,922.010009765625
2015-02-12,928.3300170898438
2015-02-13,933.2100219726562
2015-02-16,931.030029296875
2015-02-17,933.2999877929688
2015-02-18,941.3099975585938
2015-02-19,947.489990234375
2015-02-20,947.2999877929688
2015-02-23,955.5599975585938
2015-02-24,961.1400146484376
2015-02-25,959.22998046875
2015-02-26,967.4500122070312
2015-02-27,973.010009765625
2015-03-02,971.0399780273438
2015-03-03,960.6400146484376
2015-03-04,969.0999755859376
2015-03-05,979.3200073242188
2015-03-06,980.6900024414062
2015-03-09,973.7999877929688
2015-03-10,962.9000244140624
2015-03-11,984.1500244140624
2015-03-12,982.6400146484376
2015-03-13,986.0399780273438
2015-03-16,995.72998046875
2015-03-17,988.22998046875
2015-03-18,988.9000244140624
2015-03-19,989.27001953125
2015-03-20,996.9000244140624
2015-03-23,991.3900146484376
2015-03-24,995.6300048828124
2015-03-25,983.4000244140624
2015-03-26,978.22998046875
2015-03-27,981.9600219726562
2015-03-30,994.0499877929688
2015-03-31,984.5
2015-04-01,988.8699951171876
2015-04-02,992.8400268554688
2015-04-07,1008.2100219726562
2015-04-08,1003.280029296875
2015-04-09,1016.989990234375
2015-04-10,1023.989990234375
2015-04-13,1027.0699462890625
2015-04-14,1020.3300170898438
2015-04-15,1025.1700439453125
2015-04-16,1018.1900024414062
2015-04-17,1001.5800170898438
2015-04-20,1010.1699829101562
2015-04-21,1013.5800170898438
2015-04-22,1014.52001953125
2015-04-23,1009.5700073242188
2015-04-24,1013.6199951171876
2015-04-27,1026.199951171875
2015-04-28,1008.4099731445312
2015-04-29,982.4400024414062
2015-04-30,983.7100219726562
2015-05-04,988.5999755859376
2015-05-05,968.27001953125
2015-05-06,967.219970703125
2015-05-07,966.1799926757812
2015-05-08,989.4099731445312
2015-05-11,984.5399780273438
2015-05-12,974.739990234375
2015-05-13,973.530029296875
2015-05-14,984.02001953125
2015-05-15,979.8499755859376
2015-05-18,982.010009765625
2015-05-19,1001.0499877929688
2015-05-20,1005.3099975585938
2015-05-21,1007.280029296875
2015-05-22,1006.22998046875
2015-05-25,1002.239990234375
2015-05-26,994.5900268554688
2015-05-27,1010.5399780273438
2015-05-28,1004.8499755859376
2015-05-29,983.52001953125
2015-06-01,984.9400024414062
2015-06-02,979.1199951171876
2015-06-03,982.260009765625
2015-06-04,973.510009765625
2015-06-05,961.2899780273438
2015-06-08,951.2000122070312
2015-06-09,949.25
2015-06-10,964.6500244140624
2015-06-11,971.3900146484376
2015-06-12,958.4099731445312
2015-06-15,943.5999755859376
2015-06-16,948.9199829101562
2015-06-17,940.510009765625
2015-06-18,942.6400146484376
2015-06-19,946.02001953125
2015-06-22,979.1799926757812
2015-06-23,991.02001953125
2015-06-24,987.1300048828124
2015-06-25,986.8699951171876
2015-06-26,989.2999877929688
2015-06-29,954.52001953125
2015-06-30,940.5599975585938
2015-07-01,958.47998046875
2015-07-02,949.72998046875
2015-07-03,943.7899780273438
2015-07-06,927.2999877929688
2015-07-07,908.260009765625
2015-07-08,914.3099975585938
2015-07-09,936.6599731445312
2015-07-10,962.4199829101562
2015-07-13,979.8499755859376
2015-07-14,985.75
2015-07-15,990.989990234375
2015-07-16,1003.6400146484376
2015-07-17,1004.2899780273438
2015-07-20,1008.5700073242188
2015-07-21,1000.780029296875
2015-07-22,996.27001953125
2015-07-23,995.3499755859376
2015-07-24,987.469970703125
2015-07-27,964.02001953125
2015-07-28,973.0599975585938
2015-07-29,980.3900146484376
2015-07-30,983.5
2015-07-31,987.8300170898438
2015-08-03,997.5
2015-08-04,995.3099975585938
2015-08-05,1008.8099975585938
2015-08-06,1006.9400024414062
2015-08-07,998.2999877929688
2015-08-10,1005.1300048828124
2015-08-11,989.3200073242188
2015-08-12,957.3099975585938
2015-08-13,966.4000244140624
2015-08-14,960.2999877929688
2015-08-17,963.0
2015-08-18,964.2000122070312
2015-08-19,947.3099975585938
2015-08-20,926.719970703125
2015-08-21,896.280029296875
2015-08-24,849.9400024414062
2015-08-25,884.719970703125
2015-08-26,871.1500244140625
2015-08-27,900.510009765625
2015-08-28,904.3300170898438
2015-08-31,900.52001953125
2015-09-01,878.1699829101562
2015-09-02,880.5900268554688
2015-09-03,898.469970703125
2015-09-04,874.5800170898438
2015-09-07,879.0499877929688
2015-09-08,887.25
2015-09-09,899.5700073242188
2015-09-10,886.010009765625
2015-09-11,876.219970703125
2015-09-14,870.7000122070312
2015-09-15,878.7000122070312
2015-09-16,895.030029296875
2015-09-17,896.4000244140625
2015-09-18,875.9099731445312
2015-09-21,884.5800170898438
2015-09-22,856.7999877929688
2015-09-23,857.0999755859375
2015-09-24,839.9000244140625
2015-09-25,865.5999755859375
2015-09-28,844.530029296875
2015-09-29,838.4500122070312
2015-09-30,858.5499877929688
2015-10-01,853.1199951171875
2015-10-02,859.7999877929688
2015-10-05,888.97998046875
2015-10-06,897.239990234375
2015-10-07,899.1099853515625
2015-10-08,900.25
2015-10-09,904.6199951171876
2015-10-12,901.3200073242188
2015-10-13,895.5700073242188
2015-10-14,890.1599731445312
2015-10-15,902.6599731445312
2015-10-16,908.1799926757812
2015-10-19,909.77001953125
2015-10-20,905.2000122070312
2015-10-21,907.25
2015-10-22,926.0399780273438
2015-10-23,946.280029296875
2015-10-26,941.3599853515624
2015-10-27,932.4400024414062
2015-10-28,940.8099975585938
2015-10-29,940.4299926757812
2015-10-30,941.7100219726562
2015-11-02,945.219970703125
2015-11-03,948.7999877929688
2015-11-04,952.5599975585938
2015-11-05,953.8099975585938
2015-11-06,957.25
2015-11-09,944.8699951171876
2015-11-10,945.27001953125
2015-11-11,954.0499877929688
2015-11-12,937.1099853515624
2015-11-13,928.1699829101562
2015-11-16,929.1300048828124
2015-11-17,954.0999755859376
2015-11-18,950.3800048828124
2015-11-19,952.6799926757812
2015-11-20,952.0999755859376
2015-11-23,949.4299926757812
2015-11-24,937.72998046875
2015-11-25,951.219970703125
2015-11-26,961.7999877929688
2015-11-27,959.8800048828124
2015-11-30,961.8699951171876
2015-12-01,955.469970703125
2015-12-02,955.1799926757812
2015-12-03,923.260009765625
2015-12-04,919.260009765625
2015-12-07,926.469970703125
2015-12-08,911.969970703125
2015-12-09,905.2899780273438
2015-12-10,902.6699829101562
2015-12-11,885.0399780273438
2015-12-14,869.239990234375
2015-12-15,895.0599975585938
2015-12-16,898.1400146484375
2015-12-17,909.9600219726562
2015-12-18,899.75
2015-12-21,888.1300048828125
2015-12-22,889.3900146484375
2015-12-23,910.9400024414062
2015-12-24,910.010009765625
2015-12-28,902.4500122070312
2015-12-29,918.1099853515624
2015-12-30,914.1099853515624
2016-01-04,885.0
2016-01-05,890.530029296875
2016-01-06,879.27001953125
2016-01-07,864.8599853515625
2016-01-08,850.02001953125
2016-01-11,848.760009765625
2016-01-12,858.1799926757812
2016-01-13,860.5900268554688
2016-01-14,845.2899780273438
2016-01-15,827.530029296875
2016-01-18,822.6500244140625
2016-01-19,837.97998046875
2016-01-20,809.6500244140625
2016-01-21,827.260009765625
2016-01-22,853.469970703125
2016-01-25,851.0
2016-01-26,858.9400024414062
2016-01-27,863.72998046875
2016-01-28,852.8499755859375
2016-01-29,874.2999877929688
2016-02-01,870.4099731445312
2016-02-02,852.0
2016-02-03,839.3400268554688
2016-02-04,838.280029296875
2016-02-05,830.8699951171875
2016-02-08,803.030029296875
2016-02-09,790.2999877929688
2016-02-10,800.030029296875
2016-02-11,771.4299926757812
2016-02-12,789.72998046875
2016-02-15,813.6599731445312
2016-02-16,813.8300170898438
2016-02-17,835.6599731445312
2016-02-18,834.3599853515625
2016-02-19,829.489990234375
2016-02-22,844.2999877929688
2016-02-23,833.52001953125
2016-02-24,816.97998046875
2016-02-25,830.9299926757812
2016-02-26,842.4199829101562
2016-02-29,849.9500122070312
2016-03-01,863.1400146484375
2016-03-02,864.1500244140625
2016-03-03,861.6900024414062
2016-03-04,869.6500244140625
2016-03-07,865.1900024414062
2016-03-08,857.780029296875
2016-03-09,863.0
2016-03-10,849.719970703125
2016-03-11,874.6599731445312
2016-03-14,878.530029296875
2016-03-15,872.4500122070312
2016-03-16,871.6699829101562
2016-03-17,869.22998046875
2016-03-18,874.9400024414062
2016-03-21,870.8400268554688
2016-03-22,871.1900024414062
2016-03-23,871.7999877929688
2016-03-24,856.6799926757812
2016-03-29,863.4400024414062
2016-03-30,876.760009765625
2016-03-31,864.4099731445312
2016-04-01,854.0700073242188
2016-04-04,856.8499755859375
2016-04-05,840.27001953125
2016-04-06,845.239990234375
2016-04-07,838.9000244140625
2016-04-08,848.9099731445312
2016-04-11,851.1500244140625
2016-04-12,856.5599975585938
2016-04-13,880.5800170898438
2016-04-14,884.5399780273438
2016-04-15,883.5900268554688
2016-04-18,885.1400146484375
2016-04-19,897.8200073242188
2016-04-20,901.239990234375
2016-04-21,897.010009765625
2016-04-22,894.3200073242188
2016-04-25,888.3200073242188
2016-04-26,887.6599731445312
2016-04-27,892.1699829101562
2016-04-28,892.52001953125
2016-04-29,869.8900146484375
2016-05-02,872.6799926757812
2016-05-03,859.3099975585938
2016-05-04,849.780029296875
2016-05-05,852.719970703125
2016-05-06,850.4099731445312
2016-05-09,853.97998046875
2016-05-10,859.1400146484375
2016-05-11,855.0900268554688
2016-05-12,850.6099853515625
2016-05-13,854.22998046875
2016-05-16,852.969970703125
2016-05-17,850.1099853515625
2016-05-18,853.5
2016-05-19,844.7899780273438
2016-05-20,857.3900146484375
2016-05-23,852.6599731445312
2016-05-24,871.4000244140625
2016-05-25,881.2999877929688
2016-05-26,886.6199951171875
2016-05-27,886.5
2016-05-30,888.97998046875
2016-05-31,884.1699829101562
2016-06-01,880.0900268554688
2016-06-02,880.0900268554688
2016-06-03,872.6099853515625
2016-06-06,874.0700073242188
2016-06-07,884.3300170898438
2016-06-08,879.7000122070312
2016-06-09,871.8800048828125
2016-06-10,852.0999755859375
2016-06-13,836.2999877929688
2016-06-14,818.8200073242188
2016-06-15,826.3200073242188
2016-06-16,822.6400146484375
2016-06-17,829.8800048828125
2016-06-20,857.3599853515625
2016-06-21,863.239990234375
2016-06-22,865.1599731445312
2016-06-23,879.0800170898438
2016-06-24,819.989990234375
2016-06-27,795.5999755859375
2016-06-28,813.1900024414062
2016-06-29,835.8900146484375
2016-06-30,846.469970703125
2016-07-01,853.1599731445312
2016-07-04,845.9500122070312
2016-07-05,833.3200073242188
2016-07-06,818.8099975585938
2016-07-07,825.6199951171875
2016-07-08,838.75
2016-07-11,850.97998046875
2016-07-12,861.22998046875
2016-07-13,860.530029296875
2016-07-14,867.6799926757812
2016-07-15,864.8200073242188
2016-07-18,863.780029296875
2016-07-19,860.4600219726562
2016-07-20,867.9299926757812
2016-07-21,867.3099975585938
2016-07-22,869.3099975585938
2016-07-25,870.510009765625
2016-07-26,872.4400024414062
2016-07-27,877.75
2016-07-28,869.47998046875
2016-07-29,876.010009765625
2016-08-01,868.1799926757812
2016-08-02,853.8099975585938
2016-08-03,853.3200073242188
2016-08-04,859.3300170898438
2016-08-05,869.6099853515625
2016-08-08,869.77001953125
2016-08-09,878.6699829101562
2016-08-10,876.22998046875
2016-08-11,885.5
2016-08-12,885.3099975585938
2016-08-15,885.9400024414062
2016-08-16,877.8200073242188
2016-08-17,870.27001953125
2016-08-18,874.530029296875
2016-08-19,868.5900268554688
2016-08-22,867.1300048828125
2016-08-23,873.780029296875
2016-08-24,875.25
2016-08-25,870.27001953125
2016-08-26,876.25
2016-08-29,873.9099731445312
2016-08-30,879.8699951171875
2016-08-31,875.9500122070312
2016-09-01,875.9500122070312
2016-09-02,895.6799926757812
2016-09-05,896.0399780273438
2016-09-06,892.8800048828125
2016-09-07,897.5700073242188
2016-09-08,893.4299926757812
2016-09-09,882.989990234375
2016-09-12,873.8400268554688
2016-09-13,864.25
2016-09-14,860.9500122070312
2016-09-15,864.2100219726562
2016-09-16,857.719970703125
2016-09-19,868.8099975585938
2016-09-20,868.6199951171875
2016-09-21,872.9400024414062
2016-09-22,890.510009765625
2016-09-23,886.739990234375
2016-09-26,873.52001953125
2016-09-27,872.6799926757812
2016-09-28,879.5499877929688
2016-09-29,880.02001953125
2016-09-30,881.47998046875
2016-10-03,881.5599975585938
2016-10-04,891.02001953125
2016-10-05,887.1400146484375
2016-10-06,884.3599853515625
2016-10-07,877.4500122070312
2016-10-10,887.2000122070312
2016-10-11,883.5599975585938
2016-10-12,879.8900146484375
2016-10-13,871.3800048828125
2016-10-14,884.5499877929688
2016-10-17,880.1500244140625
2016-10-18,890.1099853515625
2016-10-19,893.2000122070312
2016-10-20,895.1099853515625
2016-10-21,894.8699951171875
2016-10-24,896.4099731445312
2016-10-25,893.0499877929688
2016-10-26,890.02001953125
2016-10-27,891.3599853515625
2016-10-28,889.6199951171875
2016-10-31,881.7899780273438
2016-11-01,875.8499755859375
2016-11-02,864.4600219726562
2016-11-03,862.5999755859375
2016-11-04,856.6900024414062
2016-11-07,869.9400024414062
2016-11-08,874.8300170898438
2016-11-09,882.4500122070312
2016-11-10,873.8800048828125
2016-11-11,867.75
2016-11-14,867.8499755859375
2016-11-15,872.6400146484375
2016-11-16,868.9299926757812
2016-11-17,873.719970703125
2016-11-18,870.1599731445312
2016-11-21,875.5599975585938
2016-11-22,879.719970703125
2016-11-23,877.530029296875
2016-11-24,879.3400268554688
2016-11-25,882.1799926757812
2016-11-28,875.3800048828125
2016-11-29,879.9500122070312
2016-11-30,884.6199951171875
2016-12-01,877.6099853515625
2016-12-02,872.0
2016-12-05,880.8200073242188
2016-12-06,891.1599731445312
2016-12-07,899.5900268554688
2016-12-08,907.27001953125
2016-12-09,913.0599975585938
2016-12-12,913.260009765625
2016-12-13,921.6799926757812
2016-12-14,915.9199829101562
2016-12-15,922.2899780273438
2016-12-16,925.8499755859376
2016-12-19,925.6799926757812
2016-12-20,931.719970703125
2016-12-21,929.3599853515624
2016-12-22,928.8800048828124
2016-12-23,930.1699829101562
2016-12-27,932.2000122070312
2016-12-28,932.510009765625
2016-12-29,930.739990234375
2016-12-30,933.8900146484376
2017-01-02,938.969970703125
2017-01-03,941.3499755859376
2017-01-04,941.27001953125
2017-01-05,941.1699829101562
2017-01-06,941.7100219726562
2017-01-09,938.22998046875
2017-01-10,937.6199951171876
2017-01-11,938.1799926757812
2017-01-12,933.3400268554688
2017-01-13,943.260009765625
2017-01-16,936.010009765625
2017-01-17,932.8099975585938
2017-01-18,933.5
2017-01-19,933.489990234375
2017-01-20,935.25
2017-01-23,930.1900024414062
2017-01-24,931.4500122070312
2017-01-25,939.5499877929688
2017-01-26,937.4500122070312
2017-01-27,934.1199951171876
2017-01-30,923.6199951171876
2017-01-31,916.7000122070312
2017-02-01,923.8499755859376
2017-02-02,926.3200073242188
2017-02-03,932.52001953125
2017-02-06,924.030029296875
2017-02-07,923.02001953125
2017-02-08,924.5499877929688
2017-02-09,934.1799926757812
2017-02-10,933.9400024414062
2017-02-13,943.9099731445312
2017-02-14,945.489990234375
2017-02-15,949.4400024414062
2017-02-16,945.5900268554688
2017-02-17,944.4000244140624
2017-02-20,942.9500122070312
2017-02-21,947.9500122070312
2017-02-22,949.2999877929688
2017-02-23,948.0
2017-02-24,940.2999877929688
2017-02-27,940.780029296875
2017-02-28,942.97998046875
2017-03-01,959.6400146484376
2017-03-02,958.1099853515624
2017-03-03,963.2100219726562
2017-03-06,959.1300048828124
2017-03-07,956.530029296875
2017-03-08,956.1199951171876
2017-03-09,960.8800048828124
2017-03-10,964.47998046875
2017-03-13,965.4299926757812
2017-03-14,961.8099975585938
2017-03-15,963.1099853515624
2017-03-16,969.219970703125
2017-03-17,973.1400146484376
2017-03-20,970.3800048828124
2017-03-21,967.5900268554688
2017-03-22,964.2100219726562
2017-03-23,971.0999755859376
2017-03-24,969.010009765625
2017-03-27,968.4199829101562
2017-03-28,974.25
2017-03-29,977.3200073242188
2017-03-30,981.280029296875
2017-03-31,986.27001953125
2017-04-03,980.7000122070312
2017-04-04,982.9000244140624
2017-04-05,982.0999755859376
2017-04-06,986.469970703125
2017-04-07,990.2100219726562
2017-04-10,987.719970703125
2017-04-11,985.510009765625
2017-04-12,985.989990234375
2017-04-13,980.6900024414062
2017-04-18,968.030029296875
2017-04-19,970.1799926757812
2017-04-20,978.0599975585938
2017-04-21,976.530029296875
2017-04-24,1010.52001953125
2017-04-25,1013.3599853515624
2017-04-26,1014.6400146484376
2017-04-27,1011.780029296875
2017-04-28,1010.9299926757812
2017-05-02,1017.489990234375
2017-05-03,1018.469970703125
2017-05-04,1033.25
2017-05-05,1043.239990234375
2017-05-08,1038.0899658203125
2017-05-09,1040.27001953125
2017-05-10,1040.9300537109375
2017-05-11,1036.989990234375
2017-05-12,1041.31005859375
2017-05-15,1042.6400146484375
2017-05-16,1042.5400390625
2017-05-17,1027.52001953125
2017-05-18,1018.4000244140624
2017-05-19,1026.0400390625
2017-05-22,1024.550048828125
2017-05-23,1028.02001953125
2017-05-24,1027.780029296875
2017-05-25,1028.1400146484375
2017-05-26,1028.06005859375
2017-05-29,1026.4599609375
2017-05-30,1022.6400146484376
2017-05-31,1019.989990234375
2017-06-01,1026.5899658203125
2017-06-02,1030.4300537109375
2017-06-05,1025.1400146484375
2017-06-06,1018.6900024414062
2017-06-07,1019.6300048828124
2017-06-08,1017.5900268554688
2017-06-09,1023.8300170898438
2017-06-12,1011.8800048828124
2017-06-13,1016.1699829101562
2017-06-14,1013.780029296875
2017-06-15,1009.260009765625
2017-06-16,1017.2899780273438
2017-06-19,1025.4599609375
2017-06-20,1021.3699951171876
2017-06-21,1017.5399780273438
2017-06-22,1017.27001953125
2017-06-23,1013.9099731445312
2017-06-26,1019.3800048828124
2017-06-27,1011.8900146484376
2017-06-28,1009.3499755859376
2017-06-29,990.8400268554688
2017-06-30,986.219970703125
2017-07-03,997.989990234375
2017-07-04,994.5900268554688
2017-07-05,995.2999877929688
2017-07-06,989.760009765625
2017-07-07,989.6400146484376
2017-07-10,993.6400146484376
2017-07-11,988.9400024414062
2017-07-12,1002.8900146484376
2017-07-13,1006.8200073242188
2017-07-14,1008.72998046875
2017-07-17,1008.97998046875
2017-07-18,999.9099731445312
2017-07-19,1008.4500122070312
2017-07-20,1007.489990234375
2017-07-21,995.239990234375
2017-07-24,994.5599975585938
2017-07-25,1000.3499755859376
2017-07-26,1007.8099975585938
2017-07-27,1011.780029296875
2017-07-28,1000.739990234375
2017-07-31,995.780029296875
2017-08-01,1000.6300048828124
2017-08-02,996.9299926757812
2017-08-03,1001.27001953125
2017-08-04,1012.1500244140624
2017-08-07,1013.02001953125
2017-08-08,1015.3599853515624
2017-08-09,1003.4000244140624
2017-08-10,996.8099975585938
2017-08-11,986.1799926757812
2017-08-14,996.4600219726562
2017-08-15,999.5999755859376
2017-08-16,1006.3800048828124
2017-08-17,1002.739990234375
2017-08-18,995.8099975585938
2017-08-21,990.9199829101562
2017-08-22,999.219970703125
2017-08-23,995.010009765625
2017-08-24,994.8900146484376
2017-08-25,992.5
2017-08-28,987.22998046875
2017-08-29,979.030029296875
2017-08-30,985.739990234375
2017-08-31,991.6199951171876
2017-09-01,997.510009765625
2017-09-04,994.0900268554688
2017-09-05,992.5800170898438
2017-09-06,995.0800170898438
2017-09-07,998.8200073242188
2017-09-08,999.8900146484376
2017-09-11,1010.9199829101562
2017-09-12,1016.0800170898438
2017-09-13,1018.27001953125
2017-09-14,1019.9400024414062
2017-09-15,1016.0499877929688
2017-09-18,1018.72998046875
2017-09-19,1019.3900146484376
2017-09-20,1018.5800170898438
2017-09-21,1020.6799926757812
2017-09-22,1022.5
2017-09-25,1023.219970703125
2017-09-26,1024.449951171875
2017-09-27,1027.489990234375
2017-09-28,1030.699951171875
2017-09-29,1036.5400390625
2017-10-02,1040.8800048828125
2017-10-03,1044.5699462890625
2017-10-04,1044.1800537109375
2017-10-05,1048.1400146484375
2017-10-06,1043.3299560546875
2017-10-09,1045.43994140625
2017-10-10,1045.969970703125
2017-10-11,1046.8499755859375
2017-10-12,1047.5699462890625
2017-10-13,1048.1800537109375
2017-10-16,1049.3900146484375
2017-10-17,1049.9300537109375
2017-10-18,1053.989990234375
2017-10-19,1048.7900390625
2017-10-20,1049.5899658203125
2017-10-23,1052.0899658203125
2017-10-24,1050.8199462890625
2017-10-25,1045.6600341796875
2017-10-26,1057.9200439453125
2017-10-27,1064.260009765625
2017-10-30,1064.199951171875
2017-10-31,1068.22998046875
2017-11-01,1071.1500244140625
2017-11-02,1069.43994140625
2017-11-03,1071.469970703125
2017-11-06,1070.7900390625
2017-11-07,1064.989990234375
2017-11-08,1063.739990234375
2017-11-09,1052.9300537109375
2017-11-10,1046.81005859375
2017-11-13,1039.5400390625
2017-11-14,1033.6800537109375
2017-11-15,1029.18994140625
2017-11-16,1034.8800048828125
2017-11-17,1030.010009765625
2017-11-20,1034.7900390625
2017-11-21,1039.06005859375
2017-11-22,1035.8299560546875
2017-11-23,1040.719970703125
2017-11-24,1041.77001953125
2017-11-27,1036.8399658203125
2017-11-28,1043.6099853515625
2017-11-29,1043.0899658203125
2017-11-30,1039.3499755859375
2017-12-01,1030.4300537109375
2017-12-04,1042.6700439453125
2017-12-05,1041.8399658203125
2017-12-06,1040.2099609375
2017-12-07,1042.1700439453125
2017-12-08,1045.489990234375
2017-12-11,1044.1600341796875
2017-12-12,1051.719970703125
2017-12-13,1045.199951171875
2017-12-14,1038.510009765625
2017-12-15,1038.239990234375
2017-12-18,1050.93994140625
2017-12-19,1045.949951171875
2017-12-20,1039.27001953125
2017-12-21,1043.8299560546875
2017-12-22,1041.0400390625
2017-12-27,1042.0
2017-12-28,1037.0699462890625
2017-12-29,1032.739990234375
2018-01-02,1030.5999755859375
2018-01-03,1038.31005859375
2018-01-04,1051.5799560546875
2018-01-05,1061.68994140625
2018-01-08,1064.02001953125
2018-01-09,1070.7900390625
2018-01-10,1066.6400146484375
2018-01-11,1062.7099609375
2018-01-12,1066.7900390625
2018-01-15,1066.5
2018-01-16,1067.8499755859375
2018-01-17,1066.47998046875
2018-01-18,1067.7900390625
2018-01-19,1073.77001953125
2018-01-22,1077.199951171875
2018-01-23,1076.300048828125
2018-01-24,1067.5899658203125
2018-01-25,1064.1700439453125
2018-01-26,1072.3900146484375
2018-01-29,1069.9000244140625
2018-01-30,1061.9000244140625
2018-01-31,1063.0
2018-02-01,1059.27001953125
2018-02-02,1043.52001953125
2018-02-05,1027.72998046875
2018-02-06,1001.6500244140624
2018-02-07,1021.6699829101562
2018-02-08,1001.1699829101562
2018-02-09,987.5499877929688
2018-02-12,998.780029296875
2018-02-13,992.5499877929688
2018-02-14,1001.6900024414062
2018-02-15,1009.5
2018-02-16,1021.0
2018-02-19,1016.4199829101562
2018-02-20,1021.4000244140624
2018-02-21,1023.6500244140624
2018-02-22,1024.02001953125
2018-02-23,1026.7099609375
2018-02-26,1032.989990234375
2018-02-27,1032.0799560546875
2018-02-28,1028.3399658203125
2018-03-01,1018.4400024414062
2018-03-02,998.1799926757812
2018-03-05,1006.27001953125
2018-03-06,1009.25
2018-03-07,1012.6699829101562
2018-03-08,1026.1400146484375
2018-03-09,1030.3199462890625
2018-03-12,1032.4000244140625
2018-03-13,1023.9299926757812
2018-03-14,1020.9500122070312
2018-03-15,1026.4200439453125
2018-03-16,1029.469970703125
2018-03-19,1019.1900024414062
2018-03-20,1025.010009765625
2018-03-21,1023.4500122070312
2018-03-22,1009.739990234375
2018-03-23,996.3200073242188
2018-03-26,990.97998046875
2018-03-27,1002.010009765625
2018-03-28,1006.8599853515624
2018-03-29,1011.719970703125
2018-04-03,1008.4400024414062
2018-04-04,1005.530029296875
2018-04-05,1030.8800048828125
2018-04-06,1027.4200439453125
2018-04-09,1028.449951171875
2018-04-10,1036.989990234375
2018-04-11,1031.989990234375
2018-04-12,1037.0799560546875
2018-04-13,1037.8800048828125
2018-04-16,1036.8299560546875
2018-04-17,1044.9100341796875
2018-04-18,1049.0400390625
2018-04-19,1048.43994140625
2018-04-20,1050.02001953125
2018-04-23,1053.469970703125
2018-04-24,1055.1199951171875
2018-04-25,1048.800048828125
2018-04-26,1055.969970703125
2018-04-27,1059.93994140625
2018-04-30,1063.550048828125
2018-05-02,1063.3199462890625
2018-05-03,1058.06005859375
2018-05-04,1063.02001953125
2018-05-07,1065.97998046875
2018-05-08,1066.739990234375
2018-05-09,1069.9000244140625
2018-05-10,1070.3900146484375
2018-05-11,1070.6800537109375
2018-05-14,1071.22998046875
2018-05-15,1071.489990234375
2018-05-16,1073.5699462890625
2018-05-17,1083.4300537109375
2018-05-18,1081.3499755859375
2018-05-21,1086.1400146484375
2018-05-22,1087.3900146484375
2018-05-23,1075.7099609375
2018-05-24,1072.27001953125
2018-05-25,1071.81005859375
2018-05-28,1066.52001953125
2018-05-29,1052.8399658203125
2018-05-30,1053.93994140625
2018-05-31,1049.06005859375
2018-06-01,1059.77001953125
2018-06-04,1065.050048828125
2018-06-05,1063.0899658203125
2018-06-06,1060.0799560546875
2018-06-07,1057.3800048828125
2018-06-08,1057.5400390625
2018-06-11,1064.4300537109375
2018-06-12,1062.0699462890625
2018-06-13,1063.489990234375
2018-06-14,1075.0400390625
2018-06-15,1069.4599609375
2018-06-18,1060.739990234375
2018-06-19,1050.75
2018-06-20,1048.8299560546875
2018-06-21,1041.8199462890625
2018-06-22,1054.800048828125
2018-06-25,1034.77001953125
2018-06-26,1035.6300048828125
2018-06-27,1044.7900390625
2018-06-28,1036.489990234375
2018-06-29,1044.81005859375
2018-07-02,1035.81005859375
2018-07-03,1043.6099853515625
2018-07-04,1043.719970703125
2018-07-05,1050.1300048828125
2018-07-06,1053.739990234375
2018-07-09,1059.06005859375
2018-07-10,1065.219970703125
2018-07-11,1052.8900146484375
2018-07-12,1061.949951171875
2018-07-13,1066.1700439453125
2018-07-16,1062.739990234375
2018-07-17,1064.6400146484375
2018-07-18,1070.93994140625
2018-07-19,1068.530029296875
2018-07-20,1067.3800048828125
2018-07-23,1063.6199951171875
2018-07-24,1072.300048828125
2018-07-25,1072.27001953125
2018-07-26,1076.030029296875
2018-07-27,1080.719970703125
2018-07-30,1075.8699951171875
2018-07-31,1078.1600341796875
2018-08-01,1075.8499755859375
2018-08-02,1069.6800537109375
2018-08-03,1075.0899658203125
2018-08-06,1074.989990234375
2018-08-07,1081.31005859375
2018-08-08,1077.8800048828125
2018-08-09,1078.52001953125
2018-08-10,1062.510009765625
2018-08-13,1060.969970703125
2018-08-14,1061.2900390625
2018-08-15,1045.030029296875
2018-08-16,1052.9200439453125
2018-08-17,1051.1400146484375
2018-08-20,1057.969970703125
2018-08-21,1061.8499755859375
2018-08-22,1063.52001953125
2018-08-23,1063.47998046875
2018-08-24,1065.0999755859375
2018-08-27,1072.969970703125
2018-08-28,1073.3299560546875
2018-08-29,1075.97998046875
2018-08-30,1071.3399658203125
2018-08-31,1058.72998046875
2018-09-03,1059.4100341796875
2018-09-04,1047.8299560546875
2018-09-05,1032.6199951171875
2018-09-06,1027.22998046875
2018-09-07,1029.3800048828125
2018-09-10,1033.239990234375
2018-09-11,1034.18994140625
2018-09-12,1039.8599853515625
2018-09-13,1038.949951171875
2018-09-14,1042.699951171875
2018-09-17,1042.3199462890625
2018-09-18,1045.5899658203125
2018-09-19,1047.7099609375
2018-09-20,1057.219970703125
2018-09-21,1063.93994140625
2018-09-24,1060.489990234375
2018-09-25,1063.0699462890625
2018-09-26,1066.1800537109375
2018-09-27,1069.4200439453125
2018-09-28,1060.9100341796875
2018-10-01,1063.3900146484375
2018-10-02,1056.8599853515625
2018-10-03,1063.77001953125
2018-10-04,1047.5999755859375
2018-10-05,1038.8699951171875
2018-10-08,1028.0999755859375
2018-10-09,1030.9599609375
2018-10-10,1008.739990234375
2018-10-11,990.239990234375
2018-10-12,988.77001953125
2018-10-15,988.3599853515624
2018-10-16,1004.3800048828124
2018-10-17,1001.1199951171876
2018-10-18,996.219970703125
2018-10-19,993.9099731445312
2018-10-22,986.9099731445312
2018-10-23,968.77001953125
2018-10-24,967.6900024414062
2018-10-25,975.010009765625
2018-10-26,964.5999755859376
2018-10-29,968.6400146484376
2018-10-30,966.2899780273438
2018-10-31,985.6400146484376
2018-11-01,987.4400024414062
2018-11-02,991.010009765625
2018-11-05,989.4400024414062
2018-11-06,986.4299926757812
2018-11-07,999.2100219726562
2018-11-08,997.760009765625
2018-11-09,994.3900146484376
2018-11-12,986.1900024414062
2018-11-13,993.4600219726562
2018-11-14,988.2999877929688
2018-11-15,982.4000244140624
2018-11-16,980.75
2018-11-19,972.3400268554688
2018-11-20,957.8300170898438
2018-11-21,968.22998046875
2018-11-22,960.4400024414062
2018-11-23,962.1099853515624
2018-11-26,971.22998046875
2018-11-27,970.510009765625
2018-11-28,970.260009765625
2018-11-29,974.8900146484376
2018-11-30,973.2000122070312
2018-12-03,983.2000122070312
2018-12-04,975.9199829101562
2018-12-05,963.1099853515624
2018-12-06,930.1699829101562
2018-12-07,938.0800170898438
2018-12-10,922.7999877929688
2018-12-11,935.1500244140624
2018-12-12,953.0999755859376
2018-12-13,950.6099853515624
2018-12-14,943.280029296875
2018-12-17,932.0900268554688
2018-12-18,923.5900268554688
2018-12-19,927.6699829101562
2018-12-20,910.6900024414062
2018-12-21,909.6900024414062
2018-12-24,897.6699829101562
2018-12-27,891.8099975585938
2018-12-28,906.8800048828124
2018-12-31,916.6300048828124
2019-01-02,910.3499755859376
2019-01-03,897.4500122070312
2019-01-04,921.2999877929688
2019-01-07,919.6599731445312
2019-01-08,929.2999877929688
2019-01-09,935.5900268554688
2019-01-10,936.1099853515624
2019-01-11,935.1799926757812
2019-01-14,929.2999877929688
2019-01-15,934.5700073242188
2019-01-16,937.0900268554688
2019-01-17,935.6400146484376
2019-01-18,953.22998046875
2019-01-21,952.280029296875
2019-01-22,948.0999755859376
2019-01-23,947.8699951171876
2019-01-24,953.3200073242188
2019-01-25,961.780029296875
2019-01-28,953.0900268554688
2019-01-29,960.1699829101562
2019-01-30,969.2100219726562
2019-01-31,973.0999755859376
2019-02-01,978.219970703125
2019-02-04,978.3900146484376
2019-02-05,995.6799926757812
2019-02-06,996.3599853515624
2019-02-07,980.1599731445312
2019-02-08,973.75
2019-02-11,983.0
2019-02-12,989.9500122070312
2019-02-13,995.47998046875
2019-02-14,992.1199951171876
2019-02-15,1005.8800048828124
2019-02-18,1009.0900268554688
2019-02-19,1006.6300048828124
2019-02-20,1012.989990234375
2019-02-21,1012.030029296875
2019-02-22,1013.219970703125
2019-02-25,1015.8400268554688
2019-02-26,1017.1500244140624
2019-02-27,1013.8699951171876
2019-02-28,1019.3400268554688
2019-03-01,1025.260009765625
2019-03-04,1027.6199951171875
2019-03-05,1029.6600341796875
2019-03-06,1026.030029296875
2019-03-07,1021.4600219726562
2019-03-08,1013.719970703125
2019-03-11,1020.47998046875
2019-03-12,1021.3400268554688
2019-03-13,1027.5799560546875
2019-03-14,1036.780029296875
2019-03-15,1047.25
2019-03-18,1049.0999755859375
2019-03-19,1053.2099609375
2019-03-20,1043.949951171875
2019-03-21,1045.02001953125
2019-03-22,1026.780029296875
2019-03-25,1023.1300048828124
2019-03-26,1033.02001953125
2019-03-27,1033.4300537109375
2019-03-28,1031.68994140625
2019-03-29,1042.47998046875
2019-04-01,1052.699951171875
2019-04-02,1056.9300537109375
2019-04-03,1065.3599853515625
2019-04-04,1064.6400146484375
2019-04-05,1067.97998046875
2019-04-08,1066.3199462890625
2019-04-09,1060.06005859375
2019-04-10,1063.9200439453125
2019-04-11,1069.8199462890625
2019-04-12,1072.6300048828125
2019-04-15,1074.31005859375
2019-04-16,1078.1400146484375
2019-04-17,1082.199951171875
2019-04-18,1085.969970703125
2019-04-23,1088.010009765625
2019-04-24,1084.4100341796875
2019-04-25,1079.699951171875
2019-04-26,1081.93994140625
2019-04-29,1084.27001953125
2019-04-30,1086.5799560546875
2019-05-02,1078.5
2019-05-03,1080.239990234375
2019-05-06,1069.1400146484375
2019-05-07,1052.9000244140625
2019-05-08,1056.8499755859375
2019-05-09,1037.7099609375
2019-05-10,1040.5899658203125
2019-05-13,1027.699951171875
2019-05-14,1042.8699951171875
2019-05-15,1049.0400390625
2019-05-16,1062.02001953125
2019-05-17,1059.02001953125
2019-05-20,1044.5
2019-05-21,1048.969970703125
2019-05-22,1048.3800048828125
2019-05-23,1031.75
2019-05-24,1037.3399658203125
2019-05-27,1041.5799560546875
2019-05-28,1038.9100341796875
2019-05-29,1022.989990234375
2019-05-30,1030.75
2019-05-31,1022.0900268554688
2019-06-03,1026.260009765625
2019-06-04,1030.010009765625
2019-06-05,1035.550048828125
2019-06-06,1033.31005859375
2019-06-07,1047.97998046875
2019-06-10,1051.8800048828125
2019-06-11,1056.8499755859375
2019-06-12,1052.3199462890625
2019-06-13,1051.6600341796875
2019-06-14,1047.68994140625
2019-06-17,1049.699951171875
2019-06-18,1070.18994140625
2019-06-19,1071.280029296875
2019-06-20,1074.1600341796875
2019-06-21,1071.4000244140625
2019-06-24,1069.3299560546875
2019-06-25,1066.72998046875
2019-06-26,1063.8199462890625
2019-06-27,1062.3800048828125
2019-06-28,1071.43994140625
2019-07-01,1078.1700439453125
2019-07-02,1081.4599609375
2019-07-03,1091.780029296875
2019-07-04,1092.2900390625
2019-07-05,1086.0799560546875
2019-07-08,1084.5699462890625
2019-07-09,1080.530029296875
2019-07-10,1078.68994140625
2019-07-11,1077.0999755859375
2019-07-12,1079.31005859375
2019-07-15,1080.239990234375
2019-07-16,1086.3299560546875
2019-07-17,1081.27001953125
2019-07-18,1078.280029296875
2019-07-19,1081.6400146484375
2019-07-22,1085.8900146484375
2019-07-23,1095.6600341796875
2019-07-24,1095.489990234375
2019-07-25,1092.2099609375
2019-07-26,1097.8199462890625
2019-07-29,1095.43994140625
2019-07-30,1080.4200439453125
2019-07-31,1081.0899658203125
2019-08-01,1086.8800048828125
2019-08-02,1051.280029296875
2019-08-05,1025.81005859375
2019-08-06,1022.9000244140624
2019-08-07,1028.989990234375
2019-08-08,1049.9599609375
2019-08-09,1038.3299560546875
2019-08-12,1034.780029296875
2019-08-13,1041.6400146484375
2019-08-14,1021.4600219726562
2019-08-15,1017.5900268554688
2019-08-16,1031.3199462890625
2019-08-19,1045.260009765625
2019-08-20,1038.27001953125
2019-08-21,1054.6300048828125
2019-08-22,1045.6199951171875
2019-08-23,1035.1700439453125
2019-08-26,1037.81005859375
2019-08-27,1045.199951171875
2019-08-28,1042.3299560546875
2019-08-29,1056.9100341796875
2019-08-30,1064.0899658203125
2019-09-02,1066.699951171875
2019-09-03,1062.199951171875
2019-09-04,1073.6600341796875
2019-09-05,1082.4300537109375
2019-09-06,1082.530029296875
2019-09-09,1080.4300537109375
2019-09-10,1079.3599853515625
2019-09-11,1085.8699951171875
2019-09-12,1091.7099609375
2019-09-13,1093.5899658203125
2019-09-16,1084.489990234375
2019-09-17,1087.300048828125
2019-09-18,1088.5699462890625
2019-09-19,1094.1600341796875
2019-09-20,1098.68994140625
2019-09-23,1088.81005859375
2019-09-24,1088.56005859375
2019-09-25,1081.7099609375
2019-09-26,1089.4100341796875
2019-09-27,1093.18994140625
2019-09-30,1099.1700439453125
2019-10-01,1084.7099609375
2019-10-02,1052.780029296875
2019-10-03,1055.0799560546875
2019-10-04,1065.0899658203125
2019-10-07,1072.6400146484375
2019-10-08,1059.719970703125
2019-10-09,1066.5999755859375
2019-10-10,1076.8599853515625
2019-10-11,1094.1300048828125
2019-10-14,1090.5
2019-10-15,1100.989990234375
2019-10-16,1098.8199462890625
2019-10-17,1095.7099609375
2019-10-18,1089.3900146484375
2019-10-21,1092.6300048828125
2019-10-22,1092.8900146484375
2019-10-23,1091.510009765625
2019-10-24,1098.9300537109375
2019-10-25,1098.97998046875
2019-10-28,1099.3299560546875
2019-10-29,1099.3599853515625
2019-10-30,1104.739990234375
2019-10-31,1097.8900146484375
2019-11-01,1103.739990234375
2019-11-04,1114.0
2019-11-05,1119.25
2019-11-06,1123.43994140625
2019-11-07,1127.1300048828125
2019-11-08,1125.9599609375
2019-11-11,1126.22998046875
2019-11-12,1131.0699462890625
2019-11-13,1128.8900146484375
2019-11-14,1127.219970703125
2019-11-15,1134.030029296875
2019-11-18,1133.43994140625
2019-11-19,1129.0799560546875
2019-11-20,1125.510009765625
2019-11-21,1120.9599609375
2019-11-22,1124.199951171875
2019-11-25,1131.030029296875
2019-11-26,1133.31005859375
2019-11-27,1133.68994140625
2019-11-28,1131.239990234375
2019-11-29,1129.969970703125
2019-12-02,1110.4300537109375
2019-12-03,1100.8399658203125
2019-12-04,1113.8499755859375
2019-12-05,1113.6500244140625
2019-12-06,1127.989990234375
2019-12-09,1123.280029296875
2019-12-10,1122.4300537109375
2019-12-11,1123.18994140625
2019-12-12,1125.8699951171875
2019-12-13,1132.43994140625
2019-12-16,1146.3399658203125
2019-12-17,1140.8800048828125
2019-12-18,1140.280029296875
2019-12-19,1142.949951171875
2019-12-20,1152.5799560546875
2019-12-23,1153.81005859375
2019-12-24,1154.2900390625
2019-12-27,1156.6099853515625
2019-12-30,1146.56005859375
2019-12-31,1144.3900146484375
2020-01-02,1158.260009765625
2020-01-03,1157.3800048828125
2020-01-06,1151.81005859375
2020-01-07,1153.0899658203125
2020-01-08,1155.3800048828125
2020-01-09,1158.6700439453125
2020-01-10,1157.3299560546875
2020-01-13,1155.8599853515625
2020-01-14,1157.6300048828125
2020-01-15,1157.8699951171875
2020-01-16,1159.199951171875
2020-01-17,1170.06005859375
2020-01-20,1166.9300537109375
2020-01-21,1161.3299560546875
2020-01-22,1158.030029296875
2020-01-23,1149.050048828125
2020-01-24,1160.4100341796875
2020-01-27,1131.52001953125
2020-01-28,1142.4300537109375
2020-01-29,1146.550048828125
2020-01-30,1132.3499755859375
2020-01-31,1120.22998046875
2020-02-03,1125.5799560546875
2020-02-04,1144.72998046875
2020-02-05,1156.3199462890625
2020-02-06,1164.6800537109375
2020-02-07,1161.0899658203125
2020-02-10,1159.8399658203125
2020-02-11,1167.969970703125
2020-02-12,1177.6700439453125
2020-02-13,1176.1300048828125
2020-02-14,1174.3499755859375
2020-02-17,1176.4599609375
2020-02-18,1172.72998046875
2020-02-19,1182.0999755859375
2020-02-20,1171.0899658203125
2020-02-21,1164.1700439453125
2020-02-24,1120.449951171875
2020-02-25,1099.27001953125
2020-02-26,1099.4100341796875
2020-02-27,1059.3599853515625
2020-02-28,1021.97998046875
2020-03-02,1027.6800537109375
2020-03-03,1039.949951171875
2020-03-04,1053.72998046875
2020-03-05,1036.0799560546875
2020-03-06,994.77001953125
2020-03-09,914.3200073242188
2020-03-10,901.5
2020-03-11,896.1599731445312
2020-03-12,788.8699951171875
2020-03-13,800.75
2020-03-16,755.0800170898438
2020-03-17,772.3400268554688
2020-03-18,733.9299926757812
2020-03-19,756.9500122070312
2020-03-20,792.1599731445312
2020-03-23,766.6300048828125
2020-03-24,829.3099975585938
2020-03-25,861.02001953125
2020-03-26,881.9099731445312
2020-03-27,843.3900146484375
2020-03-30,850.8900146484375
2020-03-31,858.1099853515625
2020-04-01,827.8599853515625
2020-04-02,832.8400268554688
2020-04-03,819.97998046875
2020-04-06,854.8200073242188
2020-04-07,872.6199951171875
2020-04-08,874.3900146484375
2020-04-09,887.8699951171875
2020-04-14,888.8900146484375
2020-04-15,857.0399780273438
2020-04-16,857.7100219726562
2020-04-17,883.280029296875
2020-04-20,889.1500244140625
2020-04-21,858.010009765625
2020-04-22,870.7999877929688
2020-04-23,877.9099731445312
2020-04-24,865.7999877929688
2020-04-27,886.0700073242188
2020-04-28,900.8499755859376
2020-04-29,919.989990234375
2020-04-30,899.8699951171875
2020-05-04,863.5599975585938
2020-05-05,882.25
2020-05-06,875.010009765625
2020-05-07,889.75
2020-05-08,900.3699951171875
2020-05-11,895.5700073242188
2020-05-12,893.3400268554688
2020-05-13,874.2899780273438
2020-05-14,856.1599731445312
2020-05-15,858.52001953125
2020-05-18,896.6199951171875
2020-05-19,890.1400146484375
2020-05-20,902.2899780273438
2020-05-21,890.8599853515625
2020-05-22,890.8699951171875
2020-05-25,907.8900146484376
2020-05-26,919.3699951171876
2020-05-27,927.239990234375
2020-05-28,943.02001953125
2020-05-29,930.25
2020-06-01,943.47998046875
2020-06-02,958.969970703125
2020-06-03,988.1599731445312
2020-06-04,986.6599731445312
2020-06-05,1014.739990234375
2020-06-08,1007.5499877929688
2020-06-09,995.2100219726562
2020-06-10,989.2100219726562
2020-06-11,947.72998046875
2020-06-12,953.3900146484376
2020-06-15,948.8400268554688
2020-06-16,977.4500122070312
2020-06-17,985.6199951171876
2020-06-18,980.969970703125
2020-06-19,985.4199829101562
2020-06-22,979.6699829101562
2020-06-23,993.8499755859376
2020-06-24,965.0
2020-06-25,972.260009765625
2020-06-26,971.0700073242188
2020-06-29,975.5999755859376
2020-06-30,976.5399780273438
2020-07-01,977.1300048828124
2020-07-02,998.3200073242188
2020-07-03,992.8699951171876
2020-07-06,1008.0499877929688
2020-07-07,1002.6400146484376
2020-07-08,994.9299926757812
2020-07-09,985.3300170898438
2020-07-10,993.7000122070312
2020-07-13,1007.969970703125
2020-07-14,997.47998046875
2020-07-15,1013.3599853515624
2020-07-16,1008.5999755859376
2020-07-17,1006.219970703125
2020-07-20,1012.8099975585938
2020-07-21,1017.7899780273438
2020-07-22,1003.7899780273438
2020-07-23,1005.27001953125
2020-07-24,986.9500122070312
2020-07-27,983.7000122070312
2020-07-28,984.9000244140624
2020-07-29,987.0900268554688
2020-07-30,966.0800170898438
2020-07-31,954.260009765625
2020-08-03,971.3099975585938
2020-08-04,973.2999877929688
2020-08-05,981.7000122070312
2020-08-06,972.8200073242188
2020-08-07,972.9500122070312
2020-08-10,973.1099853515624
2020-08-11,993.7000122070312
2020-08-12,1005.7100219726562
2020-08-13,999.2899780273438
2020-08-14,984.469970703125
2020-08-17,986.2100219726562
2020-08-18,980.25
2020-08-19,985.6699829101562
2020-08-20,972.5
2020-08-21,971.8200073242188
2020-08-24,992.27001953125
2020-08-25,992.3699951171876
2020-08-26,1003.4400024414062
2020-08-27,996.8400268554688
2020-08-28,991.5399780273438
2020-08-31,979.969970703125
2020-09-01,981.280029296875
2020-09-02,997.4199829101562
2020-09-03,986.760009765625
2020-09-04,974.02001953125
2020-09-07,988.8900146484376
2020-09-08,973.469970703125
2020-09-09,988.8900146484376
2020-09-10,986.469970703125
2020-09-11,988.0599975585938
2020-09-14,991.25
2020-09-15,995.969970703125
2020-09-16,998.9199829101562
2020-09-17,992.0599975585938
2020-09-18,982.77001953125
2020-09-21,949.489990234375
2020-09-22,949.989990234375
2020-09-23,957.010009765625
2020-09-24,948.1099853515624
2020-09-25,944.5499877929688
2020-09-28,965.7100219726562
2020-09-29,962.1900024414062
2020-09-30,958.97998046875
2020-10-01,964.0
2020-10-02,965.3599853515624
2020-10-05,975.25
2020-10-06,979.0800170898438
2020-10-07,978.0599975585938
2020-10-08,984.7999877929688
2020-10-09,993.52001953125
2020-10-12,1001.6900024414062
2020-10-13,996.8099975585938
2020-10-14,995.8900146484376
2020-10-15,973.9400024414062
2020-10-16,991.0499877929688
2020-10-19,989.2100219726562
2020-10-20,989.4400024414062
2020-10-21,974.47998046875
2020-10-22,972.5499877929688
2020-10-23,979.969970703125
2020-10-26,964.1599731445312
2020-10-27,954.1599731445312
2020-10-28,926.4500122070312
2020-10-29,927.9500122070312
2020-10-30,930.9099731445312
2020-11-02,947.6099853515624
2020-11-03,966.72998046875
2020-11-04,989.6300048828124
2020-11-05,1003.1400146484376
2020-11-06,1001.3800048828124
2020-11-09,1060.1400146484375
2020-11-10,1069.0799560546875
2020-11-11,1077.0
2020-11-12,1068.0799560546875
2020-11-13,1068.1700439453125
2020-11-16,1082.1300048828125
2020-11-17,1080.97998046875
2020-11-18,1085.1199951171875
2020-11-19,1077.550048828125
2020-11-20,1083.8699951171875
2020-11-23,1083.0400390625
2020-11-24,1093.43994140625
2020-11-25,1094.780029296875
2020-11-26,1095.4200439453125
2020-11-27,1103.0799560546875
2020-11-30,1088.72998046875
2020-12-01,1100.7099609375
2020-12-02,1099.760009765625
2020-12-03,1101.0
2020-12-04,1108.5999755859375
2020-12-07,1104.3800048828125
2020-12-08,1102.6199951171875
2020-12-09,1102.22998046875
2020-12-10,1100.969970703125
2020-12-11,1094.31005859375
2020-12-14,1096.260009765625
2020-12-15,1098.2099609375
2020-12-16,1102.300048828125
2020-12-17,1104.1600341796875
2020-12-18,1100.6099853515625
2020-12-21,1075.8499755859375
2020-12-22,1088.81005859375
2020-12-23,1099.8199462890625
2020-12-24,1100.239990234375
2020-12-28,1107.8499755859375
2020-12-29,1113.8199462890625
2020-12-30,1112.43994140625
2020-12-31,1103.5400390625
2021-01-04,1112.52001953125
2021-01-05,1109.56005859375
2021-01-06,1120.22998046875
2021-01-07,1122.1300048828125
2021-01-08,1132.0999755859375
2021-01-11,1124.2900390625
2021-01-12,1122.56005859375
2021-01-13,1123.6099853515625
2021-01-14,1133.199951171875
2021-01-15,1121.800048828125
2021-01-18,1122.5400390625
2021-01-19,1122.1800537109375
2021-01-20,1130.550048828125
2021-01-21,1129.3199462890625
2021-01-22,1123.6400146484375
2021-01-25,1110.1300048828125
2021-01-26,1115.6600341796875
2021-01-27,1098.489990234375
2021-01-28,1106.6800537109375
2021-01-29,1085.3800048828125
2021-02-01,1100.989990234375
2021-02-02,1119.530029296875
2021-02-03,1121.0899658203125
2021-02-04,1126.739990234375
2021-02-05,1132.9300537109375
2021-02-08,1136.56005859375
2021-02-09,1138.0
2021-02-10,1134.1800537109375
2021-02-11,1138.5
2021-02-12,1147.5999755859375
2021-02-15,1161.1199951171875
2021-02-16,1161.1500244140625
2021-02-17,1156.1199951171875
2021-02-18,1147.0699462890625
2021-02-19,1154.7900390625
2021-02-22,1148.1400146484375
2021-02-23,1145.0400390625
2021-02-24,1146.6300048828125
2021-02-25,1141.97998046875
2021-02-26,1123.0799560546875
2021-03-01,1144.02001953125
2021-03-02,1144.6099853515625
2021-03-03,1147.530029296875
2021-03-04,1144.449951171875
2021-03-05,1133.3299560546875
2021-03-08,1153.1400146484375
2021-03-09,1163.1099853515625
2021-03-10,1173.010009765625
2021-03-11,1183.27001953125
2021-03-12,1179.4200439453125
2021-03-15,1179.3399658203125
2021-03-16,1184.3199462890625
2021-03-17,1183.43994140625
2021-03-18,1184.469970703125
2021-03-19,1176.5699462890625
2021-03-22,1175.469970703125
2021-03-23,1172.469970703125
2021-03-24,1173.25
2021-03-25,1173.030029296875
2021-03-26,1184.050048828125
2021-03-29,1187.949951171875
2021-03-30,1198.75
2021-03-31,1195.050048828125
2021-04-01,1206.43994140625
2021-04-06,1212.68994140625
2021-04-07,1209.7099609375
2021-04-08,1217.5799560546875
2021-04-09,1217.1600341796875
2021-04-12,1212.2099609375
2021-04-13,1216.0799560546875
2021-04-14,1221.5999755859375
2021-04-15,1227.18994140625
2021-04-16,1234.77001953125
2021-04-19,1233.3399658203125
2021-04-20,1210.1500244140625
2021-04-21,1222.1700439453125
2021-04-22,1232.3499755859375
2021-04-23,1231.7900390625
2021-04-26,1233.6099853515625
2021-04-27,1231.6199951171875
2021-04-28,1236.06005859375
2021-04-29,1235.02001953125
2021-04-30,1228.3800048828125
2021-05-03,1235.43994140625
2021-05-04,1218.0999755859375
2021-05-05,1238.81005859375
2021-05-06,1240.0999755859375
2021-05-07,1248.1400146484375
2021-05-10,1243.6300048828125
2021-05-11,1219.760009765625
2021-05-12,1220.0799560546875
2021-05-13,1220.4599609375
2021-05-14,1237.8900146484375
2021-05-17,1234.68994140625
2021-05-18,1233.800048828125
2021-05-19,1215.27001953125
2021-05-20,1232.280029296875
2021-05-21,1238.9200439453125
2021-05-24,1243.9000244140625
2021-05-25,1243.739990234375
2021-05-26,1243.4200439453125
2021-05-27,1247.0699462890625
2021-05-28,1256.5999755859375
2021-05-31,1248.9300537109375
2021-06-01,1258.5799560546875
2021-06-02,1263.6199951171875
2021-06-03,1259.1300048828125
2021-06-04,1262.7900390625
2021-06-07,1266.800048828125
2021-06-08,1268.4599609375
2021-06-09,1271.72998046875
2021-06-10,1270.8599853515625
2021-06-11,1279.719970703125
2021-06-14,1283.31005859375
2021-06-15,1284.7099609375
2021-06-16,1289.02001953125
2021-06-17,1291.31005859375
2021-06-18,1268.3900146484375
2021-06-21,1275.300048828125
2021-06-22,1278.2099609375
2021-06-23,1268.8499755859375
2021-06-24,1283.010009765625
2021-06-25,1282.9000244140625
2021-06-28,1273.06005859375
2021-06-29,1275.93994140625
2021-06-30,1264.6300048828125
2021-07-01,1270.949951171875
2021-07-02,1273.18994140625
2021-07-05,1273.489990234375
2021-07-06,1264.4300537109375
2021-07-07,1270.8499755859375
2021-07-08,1244.9300537109375
2021-07-09,1265.8399658203125
2021-07-12,1273.260009765625
2021-07-13,1275.3199462890625
2021-07-14,1276.010009765625
2021-07-15,1263.8299560546875
2021-07-16,1258.6700439453125
2021-07-19,1228.75
2021-07-20,1235.1300048828125
2021-07-21,1257.9100341796875
2021-07-22,1265.1300048828125
2021-07-23,1279.8599853515625
2021-07-26,1276.4599609375
2021-07-27,1265.300048828125
2021-07-28,1281.469970703125
2021-07-29,1287.780029296875
2021-07-30,1281.18994140625
2021-08-02,1293.1099853515625
2021-08-03,1295.5899658203125
2021-08-04,1302.1800537109375
2021-08-05,1308.219970703125
2021-08-06,1311.81005859375
2021-08-09,1314.2099609375
2021-08-10,1319.800048828125
2021-08-11,1324.7099609375
2021-08-12,1327.489990234375
2021-08-13,1327.6400146484375
2021-08-16,1316.4000244140625
2021-08-17,1313.4200439453125
2021-08-18,1308.68994140625
2021-08-19,1282.4300537109375
2021-08-20,1288.280029296875
2021-08-23,1300.72998046875
2021-08-24,1301.8299560546875
2021-08-25,1303.4100341796875
2021-08-26,1301.469970703125
2021-08-27,1307.2900390625
2021-08-30,1308.93994140625
2021-08-31,1308.969970703125
2021-09-01,1322.5400390625
2021-09-02,1325.510009765625
2021-09-03,1314.199951171875
2021-09-06,1326.8599853515625
2021-09-07,1322.5899658203125
2021-09-08,1312.3399658203125
2021-09-09,1310.800048828125
2021-09-10,1308.81005859375
2021-09-13,1311.4200439453125
2021-09-14,1310.780029296875
2021-09-15,1298.5999755859375
2021-09-16,1304.75
2021-09-17,1294.6400146484375
2021-09-20,1274.1500244140625
2021-09-21,1291.3599853515625
2021-09-22,1306.1300048828125
2021-09-23,1318.4200439453125
2021-09-24,1305.6300048828125
2021-09-27,1305.3900146484375
2021-09-28,1277.8699951171875
2021-09-29,1282.0699462890625
2021-09-30,1275.9300537109375
2021-10-01,1275.93994140625
2021-10-04,1266.6700439453125
2021-10-05,1286.31005859375
2021-10-06,1269.6300048828125
2021-10-07,1291.25
2021-10-08,1283.4000244140625
2021-10-11,1284.27001953125
2021-10-12,1280.9300537109375
2021-10-13,1291.8399658203125
2021-10-14,1310.9100341796875
2021-10-15,1320.3699951171875
2021-10-18,1311.8599853515625
2021-10-19,1315.6700439453125
2021-10-20,1321.72998046875
2021-10-21,1321.010009765625
2021-10-22,1331.43994140625
2021-10-25,1328.300048828125
2021-10-26,1336.3499755859375
2021-10-27,1333.9300537109375
2021-10-28,1343.1500244140625
2021-10-29,1343.0899658203125
2021-11-01,1352.0999755859375
2021-11-02,1353.9200439453125
2021-11-03,1358.300048828125
2021-11-04,1366.1099853515625
2021-11-05,1373.0999755859375
2021-11-08,1372.6199951171875
2021-11-09,1370.4599609375
2021-11-10,1369.5400390625
2021-11-11,1371.1800537109375
2021-11-12,1375.8499755859375
2021-11-15,1382.3199462890625
2021-11-16,1387.75
2021-11-17,1387.9100341796875
2021-11-18,1382.0
2021-11-19,1372.6500244140625
2021-11-22,1367.739990234375
2021-11-23,1351.77001953125
2021-11-24,1353.3900146484375
2021-11-25,1362.22998046875
2021-11-26,1303.9200439453125
2021-11-29,1312.449951171875
2021-11-30,1299.2099609375
2021-12-01,1326.739990234375
2021-12-02,1307.800048828125
2021-12-03,1298.5
2021-12-06,1314.97998046875
2021-12-07,1356.77001953125
2021-12-08,1345.27001953125
2021-12-09,1338.72998046875
2021-12-10,1333.18994140625
2021-12-13,1322.6400146484375
2021-12-14,1311.68994140625
2021-12-15,1314.699951171875
2021-12-16,1326.280029296875
2021-12-17,1315.68994140625
2021-12-20,1302.6300048828125
2021-12-21,1325.6199951171875
2021-12-22,1339.47998046875
2021-12-23,1353.3199462890625
2021-12-24,1349.6199951171875
2021-12-27,1360.0
2021-12-28,1365.6500244140625
2021-12-29,1360.199951171875
2021-12-30,1365.3399658203125
2021-12-31,1361.68994140625
2022-01-03,1372.06005859375
2022-01-04,1383.489990234375
2022-01-05,1388.0899658203125
2022-01-06,1365.1700439453125
2022-01-07,1363.02001953125
2022-01-10,1343.969970703125
2022-01-11,1357.31005859375
2022-01-12,1369.8399658203125
2022-01-13,1369.530029296875
2022-01-14,1356.8399658203125
2022-01-17,1361.97998046875
2022-01-18,1347.5699462890625
2022-01-19,1349.5400390625
2022-01-20,1358.949951171875
2022-01-21,1335.0899658203125
2022-01-24,1282.8599853515625
2022-01-25,1287.7099609375
2022-01-26,1314.3499755859375
2022-01-27,1319.5699462890625
2022-01-28,1307.989990234375
2022-01-31,1318.510009765625
2022-02-01,1337.18994140625
2022-02-02,1337.22998046875
2022-02-03,1313.75
2022-02-04,1306.43994140625
2022-02-07,1319.1099853515625
2022-02-08,1319.050048828125
2022-02-09,1340.0699462890625
2022-02-10,1336.22998046875
2022-02-11,1324.030029296875
2022-02-14,1298.6099853515625
2022-02-15,1315.010009765625
2022-02-16,1317.68994140625
2022-02-17,1311.0999755859375
2022-02-18,1302.449951171875
2022-02-21,1277.1700439453125
2022-02-22,1278.1099853515625
2022-02-23,1275.5899658203125
2022-02-24,1236.4599609375
2022-02-25,1275.75
2022-02-28,1268.800048828125
2022-03-01,1229.6800537109375
2022-03-02,1243.8699951171875
2022-03-03,1216.780029296875
2022-03-04,1159.760009765625
2022-03-07,1150.4300537109375
2022-03-08,1144.43994140625
2022-03-09,1210.280029296875
2022-03-10,1182.489990234375
2022-03-11,1192.1099853515625
2022-03-14,1199.8399658203125
2022-03-15,1197.1600341796875
2022-03-16,1244.300048828125
2022-03-17,1251.9000244140625
2022-03-18,1263.5999755859375
2022-03-21,1262.449951171875
2022-03-22,1276.1099853515625
2022-03-23,1262.3499755859375
2022-03-24,1260.06005859375
2022-03-25,1261.9599609375
2022-03-28,1262.5699462890625
2022-03-29,1291.2900390625
2022-03-30,1287.1800537109375
2022-03-31,1270.0999755859375
2022-04-01,1275.2099609375
2022-04-04,1288.4200439453125
2022-04-05,1276.81005859375
2022-04-06,1248.3299560546875
2022-04-07,1240.1600341796875
2022-04-08,1257.9599609375
2022-04-11,1250.699951171875
2022-04-12,1251.7900390625
2022-04-13,1255.3699951171875
2022-04-14,1262.52001953125
2022-04-19,1255.949951171875
2022-04-20,1273.1700439453125
2022-04-21,1282.6600341796875
2022-04-22,1258.56005859375
2022-04-25,1230.52001953125
2022-04-26,1222.530029296875
2022-04-27,1227.6600341796875
2022-04-28,1237.8299560546875
2022-04-29,1245.9200439453125
2022-05-02,1223.1300048828125
2022-05-03,1237.6099853515625
2022-05-04,1226.18994140625
2022-05-05,1219.9100341796875
2022-05-06,1199.8199462890625
2022-05-09,1163.449951171875
2022-05-10,1169.0899658203125
2022-05-11,1195.8499755859375
2022-05-12,1182.8499755859375
2022-05-13,1211.739990234375
2022-05-16,1210.4200439453125
2022-05-17,1226.5400390625
2022-05-18,1214.300048828125
2022-05-19,1195.8699951171875
2022-05-20,1200.489990234375
2022-05-23,1215.31005859375
2022-05-24,1195.0899658203125
2022-05-25,1206.6800537109375
2022-05-26,1224.97998046875
2022-05-27,1242.3699951171875
2022-05-30,1251.2099609375
2022-05-31,1242.4200439453125
2022-06-01,1229.02001953125
2022-06-02,1237.52001953125
2022-06-03,1235.18994140625
2022-06-06,1249.5899658203125
2022-06-07,1242.75
2022-06-08,1239.280029296875
2022-06-09,1222.6600341796875
2022-06-10,1190.6600341796875
2022-06-13,1156.449951171875
2022-06-14,1146.6099853515625
2022-06-15,1163.1600341796875
2022-06-16,1127.5899658203125
2022-06-17,1127.9599609375
2022-06-20,1137.18994140625
2022-06-21,1143.9100341796875
2022-06-22,1130.77001953125
2022-06-23,1123.68994140625
2022-06-24,1157.6800537109375
2022-06-27,1164.47998046875
2022-06-28,1172.77001953125
2022-06-29,1165.3199462890625
2022-06-30,1145.97998046875
2022-07-01,1146.510009765625
2022-07-04,1154.0699462890625
2022-07-05,1124.0400390625
2022-07-06,1143.0699462890625
2022-07-07,1168.489990234375
2022-07-08,1174.5400390625
2022-07-11,1167.739990234375
2022-07-12,1172.5
2022-07-13,1164.780029296875
2022-07-14,1148.93994140625
2022-07-15,1168.9599609375
2022-07-18,1184.6600341796875
2022-07-19,1203.3199462890625
2022-07-20,1205.3900146484375
2022-07-21,1208.93994140625
2022-07-22,1211.4300537109375
2022-07-25,1215.6400146484375
2022-07-26,1213.47998046875
2022-07-27,1224.699951171875
2022-07-28,1239.5799560546875
2022-07-29,1255.1500244140625
2022-08-01,1252.0699462890625
2022-08-02,1247.3499755859375
2022-08-03,1261.25
2022-08-04,1262.02001953125
2022-08-05,1253.8900146484375
2022-08-08,1263.550048828125
2022-08-09,1254.719970703125
2022-08-10,1262.1600341796875
2022-08-11,1268.3399658203125
2022-08-12,1269.0999755859375
2022-08-15,1272.1199951171875
2022-08-16,1276.5699462890625
2022-08-17,1265.9300537109375
2022-08-18,1271.3499755859375
2022-08-19,1261.050048828125
2022-08-22,1243.3699951171875
2022-08-23,1245.260009765625
2022-08-24,1251.0400390625
2022-08-25,1254.1199951171875
2022-08-26,1234.989990234375
2022-08-29,1223.1700439453125
2022-08-30,1212.6800537109375
2022-08-31,1196.280029296875
2022-09-01,1176.5699462890625
2022-09-02,1198.9200439453125
2022-09-05,1191.56005859375
2022-09-06,1188.3800048828125
2022-09-07,1183.199951171875
2022-09-08,1187.989990234375
2022-09-09,1205.3800048828125
2022-09-12,1225.7900390625
2022-09-13,1207.5899658203125
2022-09-14,1202.8900146484375
2022-09-15,1191.22998046875
2022-09-16,1174.8699951171875
2022-09-19,1174.1700439453125
2022-09-20,1161.0999755859375
2022-09-21,1171.68994140625
2022-09-22,1151.5400390625
2022-09-23,1119.800048828125
2022-09-26,1119.0999755859375
2022-09-27,1119.800048828125
2022-09-28,1119.300048828125
2022-09-29,1101.22998046875
2022-09-30,1113.97998046875
2022-10-03,1124.300048828125
2022-10-04,1167.5400390625
2022-10-05,1156.8599853515625
2022-10-06,1149.9300537109375
2022-10-07,1133.2099609375
2022-10-10,1126.0
2022-10-11,1119.719970703125
2022-10-12,1114.0899658203125
2022-10-13,1124.25
2022-10-14,1127.81005859375
2022-10-17,1147.22998046875
2022-10-18,1150.949951171875
2022-10-19,1148.260009765625
2022-10-20,1158.800048828125
2022-10-21,1154.1099853515625
2022-10-24,1163.800048828125
2022-10-25,1184.5999755859375
2022-10-26,1189.3199462890625
2022-10-27,1191.260009765625
2022-10-28,1191.97998046875
2022-10-31,1194.1400146484375
2022-11-01,1205.2900390625
2022-11-02,1194.22998046875
2022-11-03,1186.3299560546875
2022-11-04,1216.199951171875
2022-11-07,1219.1800537109375
2022-11-08,1223.9000244140625
2022-11-09,1216.9200439453125
2022-11-10,1245.75
2022-11-11,1254.9000244140625
2022-11-14,1257.3800048828125
2022-11-15,1266.760009765625
2022-11-16,1256.97998046875
2022-11-17,1251.6199951171875
2022-11-18,1260.0999755859375
2022-11-21,1256.949951171875
2022-11-22,1266.02001953125
2022-11-23,1273.199951171875
2022-11-24,1278.56005859375
2022-11-25,1279.449951171875
2022-11-28,1272.18994140625
2022-11-29,1273.3299560546875
2022-11-30,1286.9300537109375
2022-12-01,1292.77001953125
2022-12-02,1289.72998046875
2022-12-05,1281.9599609375
2022-12-06,1277.2099609375
2022-12-07,1268.5999755859375
2022-12-08,1269.510009765625
2022-12-09,1274.719970703125
2022-12-12,1269.1500244140625
2022-12-13,1289.300048828125
2022-12-14,1285.97998046875
2022-12-15,1248.6500244140625
2022-12-16,1234.5899658203125
2022-12-19,1238.0899658203125
2022-12-20,1233.1099853515625
2022-12-21,1255.8599853515625
2022-12-22,1243.81005859375
2022-12-23,1241.780029296875
2022-12-27,1247.719970703125
2022-12-28,1238.530029296875
2022-12-29,1250.300048828125
2022-12-30,1231.5999755859375
2023-01-02,1252.02001953125
2023-01-03,1257.3599853515625
2023-01-04,1279.0999755859375
2023-01-05,1275.72998046875
2023-01-06,1294.31005859375
2023-01-09,1307.8599853515625
2023-01-10,1300.1199951171875
2023-01-11,1310.3499755859375
2023-01-12,1318.530029296875
2023-01-13,1326.9000244140625
2023-01-16,1328.8199462890625
2023-01-17,1335.0799560546875
2023-01-18,1334.93994140625
2023-01-19,1310.5999755859375
2023-01-20,1318.010009765625
2023-01-23,1328.4300537109375
2023-01-24,1328.06005859375
2023-01-25,1323.300048828125
2023-01-26,1332.27001953125
2023-01-27,1334.510009765625
2023-01-30,1327.18994140625
2023-01-31,1327.3699951171875
2023-02-01,1327.8699951171875
2023-02-02,1343.8599853515625
2023-02-03,1356.0400390625
2023-02-06,1337.7099609375
2023-02-07,1337.0899658203125
2023-02-08,1336.4599609375
2023-02-09,1349.6300048828125
2023-02-10,1340.3900146484375
2023-02-13,1354.9100341796875
2023-02-14,1354.5699462890625
2023-02-15,1367.93994140625
2023-02-16,1375.0999755859375
2023-02-17,1366.9100341796875
2023-02-20,1365.300048828125
2023-02-21,1358.18994140625
2023-02-22,1355.18994140625
2023-02-23,1358.050048828125
2023-02-24,1336.6400146484375
2023-02-27,1355.469970703125
2023-02-28,1349.6199951171875
2023-03-01,1344.02001953125
2023-03-02,1354.510009765625
2023-03-03,1365.25
2023-03-06,1367.27001953125
2023-03-07,1356.719970703125
2023-03-08,1356.3599853515625
2023-03-09,1353.0999755859375
2023-03-10,1337.469970703125
2023-03-13,1303.22998046875
2023-03-14,1324.280029296875
2023-03-15,1281.2099609375
2023-03-16,1302.9300537109375
2023-03-17,1289.3900146484375
2023-03-20,1303.56005859375
2023-03-21,1319.260009765625
2023-03-22,1325.3399658203125
2023-03-23,1329.530029296875
2023-03-24,1307.699951171875
2023-03-27,1316.25
2023-03-28,1317.68994140625
2023-03-29,1337.5699462890625
2023-03-30,1350.530029296875
2023-03-31,1360.260009765625
2023-04-03,1365.4599609375
2023-04-04,1363.5999755859375
2023-04-05,1357.4599609375
2023-04-06,1359.0799560546875
2023-04-11,1367.949951171875
2023-04-12,1363.780029296875
2023-04-13,1376.31005859375
2023-04-14,1381.52001953125
2023-04-17,1378.3800048828125
2023-04-18,1383.4200439453125
2023-04-19,1383.2099609375
2023-04-20,1382.56005859375
2023-04-21,1387.7099609375
2023-04-24,1386.4000244140625
2023-04-25,1376.8699951171875
2023-04-26,1365.77001953125
2023-04-27,1368.699951171875
2023-04-28,1372.9000244140625
2023-05-02,1353.219970703125
2023-05-03,1355.3900146484375
2023-05-04,1350.260009765625
2023-05-05,1368.8199462890625
2023-05-08,1372.8699951171875
2023-05-09,1363.0999755859375
2023-05-10,1360.260009765625
2023-05-11,1360.8399658203125
2023-05-12,1366.8499755859375
2023-05-15,1369.5400390625
2023-05-16,1366.4200439453125
2023-05-17,1366.81005859375
2023-05-18,1374.469970703125
2023-05-19,1380.6199951171875
2023-05-22,1378.989990234375
2023-05-23,1366.469970703125
2023-05-24,1344.5
2023-05-25,1340.949951171875
2023-05-26,1357.77001953125
2023-05-29,1353.3900146484375
2023-05-30,1338.1400146484375
2023-05-31,1318.3199462890625
2023-06-01,1328.300048828125
2023-06-02,1351.2900390625
2023-06-05,1342.4100341796875
2023-06-06,1343.27001953125
2023-06-07,1344.06005859375
2023-06-08,1346.989990234375
2023-06-09,1345.81005859375
2023-06-12,1350.47998046875
2023-06-13,1361.510009765625
2023-06-14,1368.3199462890625
2023-06-15,1365.989990234375
2023-06-16,1376.18994140625
2023-06-19,1363.97998046875
2023-06-20,1355.81005859375
2023-06-21,1350.6400146484375
2023-06-22,1344.4000244140625
2023-06-23,1334.6099853515625
2023-06-26,1338.25
2023-06-27,1344.3199462890625
2023-06-28,1356.6300048828125
2023-06-29,1361.1300048828125
2023-06-30,1373.75
2023-07-03,1376.199951171875
2023-07-04,1376.010009765625
2023-07-05,1364.280029296875
2023-07-06,1326.449951171875
2023-07-07,1332.9000244140625
2023-07-10,1337.9300537109375
2023-07-11,1348.97998046875
2023-07-12,1370.8699951171875
2023-07-13,1380.1199951171875
2023-07-14,1381.4000244140625
2023-07-17,1370.219970703125
2023-07-18,1374.72998046875
2023-07-19,1377.6700439453125
2023-07-20,1381.6400146484375
2023-07-21,1388.489990234375
2023-07-24,1387.25
2023-07-25,1390.510009765625
2023-07-26,1375.219970703125
2023-07-27,1401.47998046875
2023-07-28,1400.6099853515625
2023-07-31,1401.3399658203125
2023-08-01,1387.7099609375
2023-08-02,1367.780029296875
2023-08-03,1361.18994140625
2023-08-04,1369.68994140625
2023-08-07,1368.6800537109375
2023-08-08,1357.3199462890625
2023-08-09,1367.550048828125
2023-08-10,1382.8800048828125
2023-08-11,1364.8900146484375
2023-08-14,1365.27001953125
2023-08-15,1354.3399658203125
2023-08-16,1350.0
2023-08-17,1334.3900146484375
2023-08-18,1328.5899658203125
2023-08-21,1333.449951171875
2023-08-22,1343.18994140625
2023-08-23,1344.4100341796875
2023-08-24,1336.1300048828125
2023-08-25,1337.969970703125
2023-08-28,1354.949951171875
2023-08-29,1364.3299560546875
2023-08-30,1361.81005859375
2023-08-31,1355.739990234375
2023-09-01,1355.1700439453125
2023-09-04,1353.8299560546875
2023-09-05,1350.6800537109375
2023-09-06,1341.239990234375
2023-09-07,1335.530029296875
2023-09-08,1340.3800048828125
2023-09-11,1345.7099609375
2023-09-12,1341.3399658203125
2023-09-13,1335.9100341796875
2023-09-14,1354.3299560546875
2023-09-15,1359.1400146484375
2023-09-18,1343.8499755859375
2023-09-19,1345.3900146484375
2023-09-20,1352.8599853515625
2023-09-21,1335.02001953125
2023-09-22,1331.8199462890625
2023-09-25,1320.489990234375
2023-09-26,1310.550048828125
2023-09-27,1312.1300048828125
2023-09-28,1317.9200439453125
2023-09-29,1323.7099609375
2023-10-02,1310.0799560546875
2023-10-03,1295.75
2023-10-04,1294.31005859375
2023-10-05,1295.8699951171875
2023-10-06,1305.8800048828125
2023-10-09,1304.030029296875
2023-10-10,1330.1600341796875
2023-10-11,1323.5999755859375
2023-10-12,1324.3900146484375
2023-10-13,1309.1500244140625
2023-10-16,1313.72998046875
2023-10-17,1314.3800048828125
2023-10-18,1302.510009765625
2023-10-19,1293.199951171875
2023-10-20,1274.5
2023-10-23,1278.9300537109375
2023-10-24,1286.1099853515625
2023-10-25,1286.3800048828125
2023-10-26,1281.469970703125
2023-10-27,1270.1800537109375
2023-10-30,1274.02001953125
2023-10-31,1286.0
2023-11-01,1294.6700439453125
2023-11-02,1316.949951171875
2023-11-03,1318.72998046875
2023-11-06,1315.22998046875
2023-11-07,1308.06005859375
2023-11-08,1310.550048828125
2023-11-09,1323.780029296875
2023-11-10,1317.1700439453125
2023-11-13,1329.06005859375
2023-11-14,1342.780029296875
2023-11-15,1347.81005859375
2023-11-16,1336.0899658203125
2023-11-17,1347.9599609375
2023-11-20,1350.4100341796875
2023-11-21,1345.239990234375
2023-11-22,1347.489990234375
2023-11-23,1352.7900390625
2023-11-24,1358.22998046875
2023-11-27,1352.9000244140625
2023-11-28,1350.8399658203125
2023-11-29,1352.75
2023-11-30,1357.43994140625
2023-12-01,1367.8299560546875
2023-12-04,1363.47998046875
2023-12-05,1369.969970703125
2023-12-06,1376.3900146484375
2023-12-07,1375.489990234375
2023-12-08,1388.1600341796875
2023-12-11,1391.9000244140625
2023-12-12,1390.2900390625
2023-12-13,1388.300048828125
2023-12-14,1399.949951171875
2023-12-15,1401.800048828125
2023-12-18,1396.760009765625
2023-12-19,1400.1800537109375
2023-12-20,1399.760009765625
2023-12-21,1395.6199951171875
2023-12-22,1396.2099609375
2023-12-27,1400.1400146484375
2023-12-28,1394.8900146484375
2023-12-29,1395.52001953125
2024-01-02,1395.1099853515625
2024-01-03,1380.97998046875
2024-01-04,1389.780029296875
2024-01-05,1387.6500244140625
2024-01-08,1388.9100341796875
2024-01-09,1386.25
2024-01-10,1382.5400390625
2024-01-11,1377.3299560546875
2024-01-12,1390.449951171875
2024-01-15,1384.3399658203125
2024-01-16,1381.8299560546875
2024-01-17,1367.9599609375
2024-01-18,1381.31005859375
2024-01-19,1379.9000244140625
2024-01-22,1388.0400390625
2024-01-23,1385.8900146484375
2024-01-24,1406.93994140625
2024-01-25,1413.1300048828125
2024-01-26,1421.0899658203125
2024-01-29,1422.0999755859375
2024-01-30,1426.3900146484375
2024-01-31,1424.3699951171875
2024-02-01,1418.97998046875
2024-02-02,1416.4599609375
2024-02-05,1417.3399658203125
2024-02-06,1428.739990234375
2024-02-07,1425.0400390625
2024-02-08,1431.6400146484375
2024-02-09,1436.3900146484375
2024-02-12,1442.1099853515625
2024-02-13,1427.3800048828125
2024-02-14,1432.1099853515625
2024-02-15,1440.4100341796875
2024-02-16,1447.1300048828125
2024-02-19,1445.1199951171875
2024-02-20,1441.719970703125
2024-02-21,1445.06005859375
2024-02-22,1462.9200439453125
2024-02-23,1467.1199951171875
2024-02-26,1460.280029296875
2024-02-27,1464.9100341796875
2024-02-28,1462.6700439453125
2024-02-29,1459.199951171875
2024-03-01,1467.75
2024-03-04,1471.1500244140625
2024-03-05,1469.719970703125
2024-03-06,1478.0699462890625
2024-03-07,1490.949951171875
2024-03-08,1487.469970703125
2024-03-11,1479.0799560546875
2024-03-12,1491.5400390625
2024-03-13,1495.6600341796875
2024-03-14,1494.2900390625
2024-03-15,1492.530029296875
2024-03-18,1494.489990234375
2024-03-19,1503.4200439453125
2024-03-20,1501.7099609375
2024-03-21,1516.3499755859375
2024-03-22,1515.0999755859375
2024-03-25,1518.72998046875
2024-03-26,1523.2900390625
2024-03-27,1524.8800048828125
2024-03-28,1526.3399658203125
2024-04-02,1521.0
2024-04-03,1531.4599609375
2024-04-04,1529.9000244140625
2024-04-05,1520.0999755859375
2024-04-08,1530.969970703125
2024-04-09,1520.050048828125
2024-04-10,1524.449951171875
2024-04-11,1518.0899658203125
2024-04-12,1521.4300537109375
2024-04-15,1521.469970703125
2024-04-16,1501.8699951171875
2024-04-17,1494.7099609375
2024-04-18,1500.800048828125
2024-04-19,1495.8800048828125
2024-04-22,1502.7099609375
2024-04-23,1518.6199951171875
2024-04-24,1515.77001953125
2024-04-25,1504.9300537109375
2024-04-26,1519.4300537109375
2024-04-29,1518.5899658203125
2024-04-30,1503.6099853515625
2024-05-02,1496.989990234375
2024-05-03,1504.8599853515625
2024-05-06,1515.9300537109375
2024-05-07,1528.469970703125
2024-05-08,1534.3800048828125
2024-05-09,1541.3399658203125
2024-05-10,1552.6300048828125
2024-05-13,1551.25
2024-05-14,1551.56005859375
2024-05-15,1557.6400146484375
2024-05-16,1554.530029296875
2024-05-17,1552.8299560546875
2024-05-20,1554.1199951171875
2024-05-21,1547.760009765625
2024-05-22,1543.25
2024-05-23,1547.97998046875
2024-05-24,1547.4599609375
2024-05-27,1553.8800048828125
2024-05-28,1545.5
2024-05-29,1527.510009765625
2024-05-30,1530.3199462890625
2024-05-31,1530.6600341796875
2024-06-03,1535.050048828125
2024-06-04,1519.030029296875
2024-06-05,1538.3299560546875
2024-06-06,1546.530029296875
2024-06-07,1540.6099853515625
2024-06-10,1531.7900390625
2024-06-11,1514.2900390625
2024-06-12,1532.780029296875
2024-06-13,1504.47998046875
2024-06-14,1475.6600341796875
2024-06-17,1485.8599853515625
2024-06-18,1500.52001953125
2024-06-19,1492.4200439453125
2024-06-20,1511.68994140625
2024-06-21,1498.030029296875
2024-06-24,1508.989990234375
