date,close
1995-12-27,546.4000244140625
1995-12-28,546.1799926757812
1995-12-29,550.0
1996-01-02,553.1199951171875
1996-01-03,554.3499755859375
1996-01-04,550.5900268554688
1996-01-05,546.0800170898438
1996-01-08,548.4400024414062
1996-01-09,543.77001953125
1996-01-10,537.260009765625
1996-01-11,538.8200073242188
1996-01-12,536.239990234375
1996-01-15,534.1400146484375
1996-01-16,532.9600219726562
1996-01-17,534.3599853515625
1996-01-18,529.8400268554688
1996-01-19,531.3499755859375
1996-01-22,532.4199829101562
1996-01-23,534.2000122070312
1996-01-24,538.3900146484375
1996-01-25,542.530029296875
1996-01-26,546.239990234375
1996-01-29,548.5
1996-01-30,551.719970703125
1996-01-31,554.510009765625
1996-02-01,556.22998046875
1996-02-02,556.3400268554688
1996-02-05,558.3800048828125
1996-02-06,560.9600219726562
1996-02-07,563.7100219726562
1996-02-08,566.3400268554688
1996-02-09,565.47998046875
1996-02-12,563.969970703125
1996-02-13,562.1500244140625
1996-02-14,562.8900146484375
1996-02-15,562.6900024414062
1996-02-16,563.969970703125
1996-02-20,561.1400146484375
1996-02-21,568.0800170898438
1996-02-22,573.1900024414062
1996-02-23,572.25
1996-02-26,568.5800170898438
1996-02-27,566.9099731445312
1996-02-28,569.52001953125
1996-02-29,564.6099853515625
1996-03-01,565.969970703125
1996-03-04,569.77001953125
1996-03-05,571.989990234375
1996-03-06,572.6400146484375
1996-03-07,573.2000122070312
1996-03-08,560.8599853515625
1996-03-11,563.4299926757812
1996-03-12,561.1099853515625
1996-03-13,562.5800170898438
1996-03-14,563.969970703125
1996-03-15,563.7100219726562
1996-03-18,567.0399780273438
1996-03-19,566.6599731445312
1996-03-20,569.2999877929688
1996-03-21,570.4199829101562
1996-03-22,571.6599731445312
1996-03-25,570.0999755859375
1996-03-26,570.9099731445312
1996-03-27,570.3200073242188
1996-03-28,568.4400024414062
1996-03-29,573.760009765625
1996-04-01,574.8900146484375
1996-04-02,574.9400024414062
1996-04-03,576.6099853515625
1996-04-04,579.6699829101562
1996-04-08,572.8400268554688
1996-04-09,575.2100219726562
1996-04-10,572.469970703125
1996-04-11,572.7899780273438
1996-04-12,574.5599975585938
1996-04-15,578.5399780273438
1996-04-16,581.7100219726562
1996-04-17,582.7899780273438
1996-04-18,585.5800170898438
1996-04-19,588.47998046875
1996-04-22,589.8800048828125
1996-04-23,593.3699951171875
1996-04-24,591.4400024414062
1996-04-25,593.75
1996-04-26,595.6900024414062
1996-04-29,594.8300170898438
1996-04-30,592.9400024414062
1996-05-01,595.9500122070312
1996-05-02,591.010009765625
1996-05-03,591.5999755859375
1996-05-06,590.739990234375
1996-05-07,589.1300048828125
1996-05-08,585.9000244140625
1996-05-09,588.6400146484375
1996-05-10,592.8400268554688
1996-05-13,599.02001953125
1996-05-14,602.780029296875
1996-05-15,602.510009765625
1996-05-16,602.2999877929688
1996-05-17,607.239990234375
1996-05-20,611.6500244140625
1996-05-21,614.7100219726562
1996-05-22,617.6099853515625
1996-05-23,615.6300048828125
1996-05-24,616.9199829101562
1996-05-28,613.739990234375
1996-05-29,610.1400146484375
1996-05-30,611.760009765625
1996-05-31,613.1500244140625
1996-06-03,610.9000244140625
1996-06-04,609.9299926757812
1996-06-05,610.6300048828125
1996-06-06,605.469970703125
1996-06-07,601.969970703125
1996-06-10,602.0800170898438
1996-06-11,599.989990234375
1996-06-12,599.8800048828125
1996-06-13,598.8599853515625
1996-06-14,594.77001953125
1996-06-17,591.219970703125
1996-06-18,589.4500122070312
1996-06-19,589.5
1996-06-20,585.3099975585938
1996-06-21,585.0999755859375
1996-06-24,584.989990234375
1996-06-25,581.5499877929688
1996-06-26,574.9400024414062
1996-06-27,569.2999877929688
1996-06-28,576.280029296875
1996-07-01,579.5599975585938
1996-07-02,579.6699829101562
1996-07-03,579.5599975585938
1996-07-05,574.1900024414062
1996-07-08,568.4400024414062
1996-07-09,566.4500122070312
1996-07-10,561.3900146484375
1996-07-11,548.1199951171875
1996-07-12,548.6599731445312
1996-07-15,532.0499877929688
1996-07-16,524.2000122070312
1996-07-17,538.6099853515625
1996-07-18,550.3200073242188
1996-07-19,547.4199829101562
1996-07-22,541.4500122070312
1996-07-23,534.9000244140625
1996-07-24,526.8900146484375
1996-07-25,530.5999755859375
1996-07-26,536.9400024414062
1996-07-29,533.9299926757812
1996-07-30,534.469970703125
1996-07-31,537.1500244140625
1996-08-01,541.239990234375
1996-08-02,546.02001953125
1996-08-05,545.3800048828125
1996-08-06,545.27001953125
1996-08-07,547.3099975585938
1996-08-08,548.9299926757812
1996-08-09,547.9000244140625
1996-08-12,549.9500122070312
1996-08-13,547.469970703125
1996-08-14,547.9000244140625
1996-08-15,550.1599731445312
1996-08-16,553.3900146484375
1996-08-19,554.8400268554688
1996-08-20,556.6599731445312
1996-08-21,555.0
1996-08-22,557.469970703125
1996-08-23,558.7100219726562
1996-08-26,558.3300170898438
1996-08-27,559.8400268554688
1996-08-28,561.1300048828125
1996-08-29,558.5999755859375
1996-08-30,556.8800048828125
1996-09-03,555.1099853515625
1996-09-04,554.5700073242188
1996-09-05,553.760009765625
1996-09-06,557.0399780273438
1996-09-09,559.030029296875
1996-09-10,562.3099975585938
1996-09-11,562.9500122070312
1996-09-12,563.5399780273438
1996-09-13,567.4099731445312
1996-09-16,568.010009765625
1996-09-17,564.6199951171875
1996-09-18,563.6500244140625
1996-09-19,562.4199829101562
1996-09-20,562.4199829101562
1996-09-23,560.7000122070312
1996-09-24,560.3200073242188
1996-09-25,562.4199829101562
1996-09-26,563.5999755859375
1996-09-27,565.260009765625
1996-09-30,568.1699829101562
1996-10-01,565.260009765625
1996-10-02,568.5399780273438
1996-10-03,569.510009765625
1996-10-04,576.5499877929688
1996-10-07,578.3800048828125
1996-10-08,578.1599731445312
1996-10-09,575.75
1996-10-10,575.6900024414062
1996-10-11,576.010009765625
1996-10-14,574.780029296875
1996-10-15,570.9600219726562
1996-10-16,571.5
1996-10-17,571.4500122070312
1996-10-18,572.9000244140625
1996-10-21,570.6900024414062
1996-10-22,567.2000122070312
1996-10-23,564.4600219726562
1996-10-24,563.5999755859375
1996-10-25,563.6500244140625
1996-10-28,560.3200073242188
1996-10-29,559.2999877929688
1996-10-30,558.1699829101562
1996-10-31,561.5599975585938
1996-11-01,565.2100219726562
1996-11-04,564.4000244140625
1996-11-05,566.4500122070312
1996-11-06,570.6900024414062
1996-11-07,571.6599731445312
1996-11-08,572.6300048828125
1996-11-11,572.1400146484375
1996-11-12,573.8099975585938
1996-11-13,576.1199951171875
1996-11-14,577.25
1996-11-15,577.2999877929688
1996-11-18,576.3400268554688
1996-11-19,576.3400268554688
1996-11-20,579.1300048828125
1996-11-21,579.5599975585938
1996-11-22,582.4099731445312
1996-11-25,581.1699829101562
1996-11-26,580.0499877929688
1996-11-27,579.9400024414062
1996-11-29,582.72998046875
1996-12-02,584.0800170898438
1996-12-03,583.3200073242188
1996-12-04,580.1500244140625
1996-12-05,581.1699829101562
1996-12-06,577.1400146484375
1996-12-09,581.4400024414062
1996-12-10,581.5399780273438
1996-12-11,574.3599853515625
1996-12-12,569.0599975585938
1996-12-13,565.5999755859375
1996-12-16,562.030029296875
1996-12-17,559.8400268554688
1996-12-18,564.4099731445312
1996-12-19,567.6500244140625
1996-12-20,571.1799926757812
1996-12-23,569.9299926757812
1996-12-24,570.6300048828125
1996-12-26,572.219970703125
1996-12-27,570.8699951171875
1996-12-30,572.1199951171875
1996-12-31,572.3400268554688
1997-01-02,569.1599731445312
1997-01-03,572.4500122070312
1997-01-06,572.0599975585938
1997-01-07,575.6300048828125
1997-01-08,576.719970703125
1997-01-09,581.739990234375
1997-01-10,586.0399780273438
1997-01-13,586.1300048828125
1997-01-14,588.3499755859375
1997-01-15,586.47998046875
1997-01-16,587.3599853515625
1997-01-17,589.9500122070312
1997-01-20,588.9400024414062
1997-01-21,589.9400024414062
1997-01-22,590.8699951171875
1997-01-23,589.6900024414062
1997-01-24,588.1599731445312
1997-01-27,586.1599731445312
1997-01-28,588.0700073242188
1997-01-29,587.6699829101562
1997-01-30,588.6599731445312
1997-01-31,588.77001953125
1997-02-03,589.7100219726562
1997-02-04,589.25
1997-02-05,585.4099731445312
1997-02-06,585.030029296875
1997-02-07,586.6099853515625
1997-02-10,587.8400268554688
1997-02-11,589.239990234375
1997-02-12,593.0999755859375
1997-02-13,595.4000244140625
1997-02-14,594.1500244140625
1997-02-18,598.0999755859375
1997-02-19,599.1500244140625
1997-02-20,597.4299926757812
1997-02-21,597.2899780273438
1997-02-24,598.0700073242188
1997-02-25,599.989990234375
1997-02-26,597.3099975585938
1997-02-27,595.1699829101562
1997-02-28,594.239990234375
1997-03-03,594.8200073242188
1997-03-04,597.0399780273438
1997-03-05,600.8800048828125
1997-03-06,600.3099975585938
1997-03-07,602.0599975585938
1997-03-10,603.6300048828125
1997-03-11,603.4299926757812
1997-03-12,602.0399780273438
1997-03-13,598.02001953125
1997-03-14,600.469970703125
1997-03-17,596.239990234375
1997-03-18,595.4500122070312
1997-03-19,591.7899780273438
1997-03-20,591.5499877929688
1997-03-21,591.219970703125
1997-03-24,587.9400024414062
1997-03-25,586.1599731445312
1997-03-26,583.0700073242188
1997-03-27,577.9000244140625
1997-03-31,568.7100219726562
1997-04-01,566.27001953125
1997-04-02,561.1900024414062
1997-04-03,557.8200073242188
1997-04-04,556.72998046875
1997-04-07,560.4400024414062
1997-04-08,561.4199829101562
1997-04-09,562.97998046875
1997-04-10,563.1900024414062
1997-04-11,556.1300048828125
1997-04-14,552.969970703125
1997-04-15,555.0599975585938
1997-04-16,556.510009765625
1997-04-17,555.52001953125
1997-04-18,556.010009765625
1997-04-21,551.469970703125
1997-04-22,544.9600219726562
1997-04-23,543.3599853515625
1997-04-24,543.9500122070312
1997-04-25,542.8300170898438
1997-04-28,541.2000122070312
1997-04-29,548.030029296875
1997-04-30,552.9099731445312
1997-05-01,558.5
1997-05-02,568.5
1997-05-05,572.5800170898438
1997-05-06,570.510009765625
1997-05-07,570.5
1997-05-08,570.9500122070312
1997-05-09,573.780029296875
1997-05-12,578.469970703125
1997-05-13,579.5999755859375
1997-05-14,581.969970703125
1997-05-15,583.469970703125
1997-05-16,586.719970703125
1997-05-19,587.47998046875
1997-05-20,590.760009765625
1997-05-21,592.0800170898438
1997-05-22,593.72998046875
1997-05-23,597.9400024414062
1997-05-27,598.4400024414062
1997-05-28,600.7899780273438
1997-05-29,603.1199951171875
1997-05-30,605.3800048828125
1997-06-02,607.1699829101562
1997-06-03,609.02001953125
1997-06-04,607.72998046875
1997-06-05,610.75
1997-06-06,614.6500244140625
1997-06-09,619.5700073242188
1997-06-10,621.1099853515625
1997-06-11,622.6699829101562
1997-06-12,626.1199951171875
1997-06-13,630.0999755859375
1997-06-16,628.1699829101562
1997-06-17,625.8599853515625
1997-06-18,625.969970703125
1997-06-19,628.2999877929688
1997-06-20,623.27001953125
1997-06-23,620.4199829101562
1997-06-24,619.8599853515625
1997-06-25,619.239990234375
1997-06-26,616.0999755859375
1997-06-27,620.0700073242188
1997-06-30,622.5700073242188
1997-07-01,625.6099853515625
1997-07-02,630.0599975585938
1997-07-03,634.3400268554688
1997-07-07,631.969970703125
1997-07-08,634.1099853515625
1997-07-09,631.02001953125
1997-07-10,631.7000122070312
1997-07-11,635.469970703125
1997-07-14,632.6300048828125
1997-07-15,634.9500122070312
1997-07-16,638.030029296875
1997-07-17,637.3400268554688
1997-07-18,633.5900268554688
1997-07-21,630.4000244140625
1997-07-22,634.2000122070312
1997-07-23,634.6500244140625
1997-07-24,637.0499877929688
1997-07-25,637.7999877929688
1997-07-28,639.3499755859375
1997-07-29,640.2000122070312
1997-07-30,645.3200073242188
1997-07-31,646.2999877929688
1997-08-01,644.1900024414062
1997-08-04,646.5900268554688
1997-08-05,650.6500244140625
1997-08-06,654.0599975585938
1997-08-07,652.0700073242188
1997-08-08,646.1500244140625
1997-08-11,644.3499755859375
1997-08-12,643.22998046875
1997-08-13,641.0599975585938
1997-08-14,640.3900146484375
1997-08-15,635.510009765625
1997-08-18,634.5900268554688
1997-08-19,641.219970703125
1997-08-20,646.760009765625
1997-08-21,646.5599975585938
1997-08-22,643.8300170898438
1997-08-25,646.8499755859375
1997-08-26,647.2999877929688
1997-08-27,651.1199951171875
1997-08-28,650.6900024414062
1997-08-29,650.1599731445312
1997-09-02,656.8699951171875
1997-09-03,660.0
1997-09-04,662.260009765625
1997-09-05,667.5499877929688
1997-09-08,670.6699829101562
1997-09-09,671.4299926757812
1997-09-10,670.27001953125
1997-09-11,666.8400268554688
1997-09-12,672.3099975585938
1997-09-15,674.6599731445312
1997-09-16,680.0499877929688
1997-09-17,683.0
1997-09-18,686.7999877929688
1997-09-19,686.9400024414062
1997-09-22,689.9400024414062
1997-09-23,685.4500122070312
1997-09-24,686.0700073242188
1997-09-25,685.239990234375
1997-09-26,689.8400268554688
1997-09-29,694.6599731445312
1997-09-30,699.260009765625
1997-10-01,703.27001953125
1997-10-02,704.9600219726562
1997-10-03,709.9199829101562
1997-10-06,716.7999877929688
1997-10-07,721.9000244140625
1997-10-08,718.2999877929688
1997-10-09,717.219970703125
1997-10-10,717.3699951171875
1997-10-13,716.5700073242188
1997-10-14,714.7899780273438
1997-10-15,714.3400268554688
1997-10-16,708.3800048828125
1997-10-17,700.8800048828125
1997-10-20,706.5800170898438
1997-10-21,712.3599853515625
1997-10-22,713.739990234375
1997-10-23,703.3900146484375
1997-10-24,701.1799926757812
1997-10-27,660.4099731445312
1997-10-28,670.5399780273438
1997-10-29,676.4099731445312
1997-10-30,670.8400268554688
1997-10-31,675.75
1997-11-03,685.8900146484375
1997-11-04,688.3699951171875
1997-11-05,690.3499755859375
1997-11-06,687.7100219726562
1997-11-07,678.27001953125
1997-11-10,680.469970703125
1997-11-11,680.4299926757812
1997-11-12,668.0399780273438
1997-11-13,666.8599853515625
1997-11-14,672.6199951171875
1997-11-17,679.0
1997-11-18,671.2100219726562
1997-11-19,667.8499755859375
1997-11-20,672.8499755859375
1997-11-21,673.1400146484375
1997-11-24,663.510009765625
1997-11-25,661.7999877929688
1997-11-26,662.489990234375
1997-11-28,662.1099853515625
1997-12-01,664.1300048828125
1997-12-02,665.7000122070312
1997-12-03,669.0999755859375
1997-12-04,665.7999877929688
1997-12-05,670.27001953125
1997-12-08,673.489990234375
1997-12-09,671.5499877929688
1997-12-10,669.4500122070312
1997-12-11,664.4500122070312
1997-12-12,665.9000244140625
1997-12-15,665.27001953125
1997-12-16,668.8800048828125
1997-12-17,671.280029296875
1997-12-18,664.8699951171875
1997-12-19,660.6799926757812
1997-12-22,663.0700073242188
1997-12-23,660.530029296875
1997-12-24,662.5999755859375
1997-12-26,663.77001953125
1997-12-29,669.2899780273438
1997-12-30,678.9099731445312
1997-12-31,684.6099853515625
1998-01-02,682.5399780273438
1998-01-05,680.1300048828125
1998-01-06,675.030029296875
1998-01-07,674.2899780273438
1998-01-08,667.5599975585938
1998-01-09,650.239990234375
1998-01-12,646.4099731445312
1998-01-13,655.8800048828125
1998-01-14,658.6400146484375
1998-01-15,655.5399780273438
1998-01-16,663.989990234375
1998-01-20,673.3699951171875
1998-01-21,669.4400024414062
1998-01-22,665.6099853515625
1998-01-23,661.6300048828125
1998-01-26,661.6699829101562
1998-01-27,666.5900268554688
1998-01-28,667.5499877929688
1998-01-29,669.8599853515625
1998-01-30,668.4199829101562
1998-02-02,671.2999877929688
1998-02-03,671.0800170898438
1998-02-04,674.469970703125
1998-02-05,677.0
1998-02-06,680.3200073242188
1998-02-09,680.4199829101562
1998-02-10,686.0399780273438
1998-02-11,684.3300170898438
1998-02-12,686.1500244140625
1998-02-13,688.8800048828125
1998-02-17,687.4299926757812
1998-02-18,688.5
1998-02-19,688.8599853515625
1998-02-20,689.1900024414062
1998-02-23,689.0800170898438
1998-02-24,687.5
1998-02-25,691.7899780273438
1998-02-26,700.4199829101562
1998-02-27,706.1199951171875
1998-03-02,710.239990234375
1998-03-03,708.969970703125
1998-03-04,709.1799926757812
1998-03-05,704.3400268554688
1998-03-06,712.9099731445312
1998-03-09,709.3099975585938
1998-03-10,712.6900024414062
1998-03-11,713.9299926757812
1998-03-12,714.4500122070312
1998-03-13,715.8099975585938
1998-03-16,718.1400146484375
1998-03-17,718.1599731445312
1998-03-18,722.760009765625
1998-03-19,726.7999877929688
1998-03-20,727.7899780273438
1998-03-23,735.27001953125
1998-03-24,738.6900024414062
1998-03-25,736.8900146484375
1998-03-26,739.3900146484375
1998-03-27,738.3300170898438
1998-03-30,736.4500122070312
1998-03-31,741.6300048828125
1998-04-01,744.1500244140625
1998-04-02,747.030029296875
1998-04-03,747.1900024414062
1998-04-06,742.780029296875
1998-04-07,735.6500244140625
1998-04-08,737.5
1998-04-09,740.6099853515625
1998-04-13,738.3200073242188
1998-04-14,739.8599853515625
1998-04-15,742.4600219726562
1998-04-16,739.3499755859375
1998-04-17,744.3699951171875
1998-04-20,747.9500122070312
1998-04-21,749.7899780273438
1998-04-22,753.6699829101562
1998-04-23,748.0499877929688
1998-04-24,741.8599853515625
1998-04-27,729.0
1998-04-28,733.030029296875
1998-04-29,742.3200073242188
1998-04-30,746.52001953125
1998-05-01,749.8599853515625
1998-05-04,748.7999877929688
1998-05-05,745.280029296875
1998-05-06,743.3300170898438
1998-05-07,742.25
1998-05-08,744.22998046875
1998-05-11,744.030029296875
1998-05-12,743.5800170898438
1998-05-13,742.989990234375
1998-05-14,741.3800048828125
1998-05-15,737.0900268554688
1998-05-18,732.3599853515625
1998-05-19,732.6900024414062
1998-05-20,732.219970703125
1998-05-21,732.3599853515625
1998-05-22,730.5700073242188
1998-05-26,720.3300170898438
1998-05-27,708.8400268554688
1998-05-28,713.5800170898438
1998-05-29,714.5999755859375
1998-06-01,707.510009765625
1998-06-02,706.2999877929688
1998-06-03,704.47998046875
1998-06-04,709.4600219726562
1998-06-05,713.1199951171875
1998-06-08,713.6900024414062
1998-06-09,714.0700073242188
1998-06-10,706.8499755859375
1998-06-11,699.0499877929688
1998-06-12,697.4000244140625
1998-06-15,683.8800048828125
1998-06-16,688.6599731445312
1998-06-17,695.27001953125
1998-06-18,691.3400268554688
1998-06-19,693.969970703125
1998-06-22,693.989990234375
1998-06-23,698.5999755859375
1998-06-24,709.47998046875
1998-06-25,713.9600219726562
1998-06-26,717.8699951171875
1998-06-29,720.8099975585938
1998-06-30,721.280029296875
1998-07-01,723.3099975585938
1998-07-02,721.9199829101562
1998-07-06,725.1199951171875
1998-07-07,727.9600219726562
1998-07-08,728.6500244140625
1998-07-09,727.9099731445312
1998-07-10,730.6599731445312
1998-07-13,730.469970703125
1998-07-14,732.2000122070312
1998-07-15,730.3900146484375
1998-07-16,731.8099975585938
1998-07-17,736.22998046875
1998-07-20,738.6400146484375
1998-07-21,733.9600219726562
1998-07-22,733.030029296875
1998-07-23,719.719970703125
1998-07-24,718.6599731445312
1998-07-27,714.1699829101562
1998-07-28,706.6900024414062
1998-07-29,707.8599853515625
1998-07-30,713.469970703125
1998-07-31,706.260009765625
1998-08-03,697.8699951171875
1998-08-04,678.760009765625
1998-08-05,672.0700073242188
1998-08-06,676.9500122070312
1998-08-07,684.0700073242188
1998-08-10,679.7999877929688
1998-08-11,659.27001953125
1998-08-12,668.7999877929688
1998-08-13,667.780029296875
1998-08-14,662.6400146484375
1998-08-17,663.27001953125
1998-08-18,670.02001953125
1998-08-19,665.5900268554688
1998-08-20,663.5999755859375
1998-08-21,651.8800048828125
1998-08-24,649.3200073242188
1998-08-25,646.8599853515625
1998-08-26,633.8300170898438
1998-08-27,608.989990234375
1998-08-28,602.5800170898438
1998-08-31,565.0700073242188
1998-09-01,588.6799926757812
1998-09-02,602.6099853515625
1998-09-03,598.7000122070312
1998-09-04,602.7100219726562
1998-09-08,624.72998046875
1998-09-09,613.4400024414062
1998-09-10,606.22998046875
1998-09-11,613.2100219726562
1998-09-14,619.2999877929688
1998-09-15,624.280029296875
1998-09-16,629.1300048828125
1998-09-17,621.25
1998-09-18,627.1599731445312
1998-09-21,628.3300170898438
1998-09-22,633.4500122070312
1998-09-23,646.0800170898438
1998-09-24,642.2999877929688
1998-09-25,639.989990234375
1998-09-28,640.1199951171875
1998-09-29,628.3499755859375
1998-09-30,621.0
1998-10-01,608.5
1998-10-02,609.469970703125
1998-10-05,593.2100219726562
1998-10-06,593.0900268554688
1998-10-07,585.77001953125
1998-10-08,563.75
1998-10-09,574.72998046875
1998-10-12,581.010009765625
1998-10-13,577.8599853515625
1998-10-14,583.010009765625
1998-10-15,598.6599731445312
1998-10-16,604.5
1998-10-19,605.719970703125
1998-10-20,616.27001953125
1998-10-21,620.5499877929688
1998-10-22,628.8699951171875
1998-10-23,628.2100219726562
1998-10-26,634.5499877929688
1998-10-27,632.3800048828125
1998-10-28,634.52001953125
1998-10-29,637.47998046875
1998-10-30,645.4099731445312
1998-11-02,656.6199951171875
1998-11-03,664.4199829101562
1998-11-04,665.5
1998-11-05,668.02001953125
1998-11-06,670.7999877929688
1998-11-09,666.1099853515625
1998-11-10,665.0900268554688
1998-11-11,663.8099975585938
1998-11-12,666.8800048828125
1998-11-13,668.3599853515625
1998-11-16,667.719970703125
1998-11-17,666.8900146484375
1998-11-18,667.8499755859375
1998-11-19,673.219970703125
1998-11-20,675.010009765625
1998-11-23,672.0
1998-11-24,666.8300170898438
1998-11-25,669.3400268554688
1998-11-27,673.9199829101562
1998-11-30,663.5800170898438
1998-12-01,663.0
1998-12-02,659.9400024414062
1998-12-03,653.530029296875
1998-12-04,660.3900146484375
1998-12-07,664.3400268554688
1998-12-08,666.25
1998-12-09,666.02001953125
1998-12-10,662.1599731445312
1998-12-11,657.760009765625
1998-12-14,647.989990234375
1998-12-15,646.1099853515625
1998-12-16,651.4400024414062
1998-12-17,650.4299926757812
1998-12-18,651.25
1998-12-21,654.1199951171875
1998-12-22,655.3499755859375
1998-12-23,664.780029296875
1998-12-24,666.489990234375
1998-12-28,665.5800170898438
1998-12-29,670.75
1998-12-30,672.0700073242188
1998-12-31,688.989990234375
1999-01-04,683.6099853515625
1999-01-05,692.2100219726562
1999-01-06,701.469970703125
1999-01-07,703.97998046875
1999-01-08,707.760009765625
1999-01-11,707.3200073242188
1999-01-12,699.6500244140625
1999-01-13,699.3900146484375
1999-01-14,698.1599731445312
1999-01-15,709.2899780273438
1999-01-19,707.6099853515625
1999-01-20,712.3699951171875
1999-01-21,704.989990234375
1999-01-22,704.6900024414062
1999-01-25,706.010009765625
1999-01-26,706.3599853515625
1999-01-27,707.1900024414062
1999-01-28,713.9299926757812
1999-01-29,714.8599853515625
1999-02-01,712.6300048828125
1999-02-02,709.6300048828125
1999-02-03,713.27001953125
1999-02-04,707.1199951171875
1999-02-05,706.260009765625
1999-02-08,702.9000244140625
1999-02-09,692.239990234375
1999-02-10,688.8200073242188
1999-02-11,699.4099731445312
1999-02-12,696.1199951171875
1999-02-16,695.8400268554688
1999-02-17,688.6500244140625
1999-02-18,689.8200073242188
1999-02-19,692.5700073242188
1999-02-22,700.030029296875
1999-02-23,700.9199829101562
1999-02-24,695.7899780273438
1999-02-25,693.469970703125
1999-02-26,698.2899780273438
1999-03-01,698.2899780273438
1999-03-02,699.2100219726562
1999-03-03,694.4500122070312
1999-03-04,698.52001953125
1999-03-05,707.4099731445312
1999-03-08,712.1799926757812
1999-03-09,711.4500122070312
1999-03-10,715.1400146484375
1999-03-11,721.6500244140625
1999-03-12,721.2100219726562
1999-03-15,720.9099731445312
1999-03-16,716.3099975585938
1999-03-17,715.8300170898438
1999-03-18,714.8599853515625
1999-03-19,711.8699951171875
1999-03-22,717.3599853515625
1999-03-23,703.3200073242188
1999-03-24,703.5999755859375
1999-03-25,712.4000244140625
1999-03-26,718.739990234375
1999-03-29,717.8800048828125
1999-03-30,711.6300048828125
1999-03-31,710.2999877929688
1999-04-01,711.2999877929688
1999-04-05,721.239990234375
1999-04-06,715.2100219726562
1999-04-07,717.2999877929688
1999-04-08,721.9299926757812
1999-04-09,727.5
1999-04-12,735.3200073242188
1999-04-13,737.7999877929688
1999-04-14,736.1199951171875
1999-04-15,737.9299926757812
1999-04-16,745.4099731445312
1999-04-19,735.1099853515625
1999-04-20,736.97998046875
1999-04-21,750.5900268554688
1999-04-22,758.3800048828125
1999-04-23,770.3599853515625
1999-04-26,771.5999755859375
1999-04-27,774.0700073242188
1999-04-28,777.6900024414062
1999-04-29,779.0
1999-04-30,776.969970703125
1999-05-03,786.6699829101562
1999-05-04,785.7000122070312
1999-05-05,785.489990234375
1999-05-06,787.8099975585938
1999-05-07,787.2899780273438
1999-05-10,787.0800170898438
1999-05-11,789.2899780273438
1999-05-12,798.3499755859375
1999-05-13,800.3900146484375
1999-05-14,788.8099975585938
1999-05-17,784.9400024414062
1999-05-18,782.719970703125
1999-05-19,788.3599853515625
1999-05-20,792.030029296875
1999-05-21,795.3699951171875
1999-05-24,785.4099731445312
1999-05-25,778.8400268554688
1999-05-26,782.6599731445312
1999-05-27,774.3900146484375
1999-05-28,778.739990234375
1999-06-01,776.1099853515625
1999-06-02,771.22998046875
1999-06-03,775.9400024414062
1999-06-04,780.97998046875
1999-06-07,778.1500244140625
1999-06-08,772.9199829101562
1999-06-09,772.989990234375
1999-06-10,768.25
1999-06-11,765.8200073242188
1999-06-14,762.6900024414062
1999-06-15,763.9199829101562
1999-06-16,764.9199829101562
1999-06-17,768.6900024414062
1999-06-18,768.5700073242188
1999-06-21,765.75
1999-06-22,765.469970703125
1999-06-23,771.1599731445312
1999-06-24,769.1500244140625
1999-06-25,772.02001953125
1999-06-28,774.0999755859375
1999-06-29,777.47998046875
1999-06-30,797.9299926757812
1999-07-01,794.9500122070312
1999-07-02,802.4199829101562
1999-07-06,804.8900146484375
1999-07-07,802.1400146484375
1999-07-08,808.6900024414062
1999-07-09,812.72998046875
1999-07-12,815.5399780273438
1999-07-13,812.3300170898438
1999-07-14,813.0
1999-07-15,821.72998046875
1999-07-16,818.0999755859375
1999-07-19,817.6599731445312
1999-07-20,805.9000244140625
1999-07-21,806.8099975585938
1999-07-22,799.77001953125
1999-07-23,796.2899780273438
1999-07-26,790.7899780273438
1999-07-27,792.6199951171875
1999-07-28,789.5999755859375
1999-07-29,784.5900268554688
1999-07-30,788.22998046875
1999-08-02,783.6400146484375
1999-08-03,780.469970703125
1999-08-04,776.9600219726562
1999-08-05,776.0900268554688
1999-08-06,777.9199829101562
1999-08-09,777.8699951171875
1999-08-10,770.77001953125
1999-08-11,777.3699951171875
1999-08-12,780.6500244140625
1999-08-13,783.739990234375
1999-08-16,779.5
1999-08-17,782.510009765625
1999-08-18,783.9199829101562
1999-08-19,785.0700073242188
1999-08-20,787.7899780273438
1999-08-23,792.510009765625
1999-08-24,789.4199829101562
1999-08-25,785.8800048828125
1999-08-26,784.1199951171875
1999-08-27,782.52001953125
1999-08-30,775.2100219726562
1999-08-31,775.4099731445312
1999-09-01,783.1900024414062
1999-09-02,779.2100219726562
1999-09-03,786.3900146484375
1999-09-07,793.6699829101562
1999-09-08,792.3900146484375
1999-09-09,804.030029296875
1999-09-10,805.9500122070312
1999-09-13,804.5
1999-09-14,801.47998046875
1999-09-15,797.47998046875
1999-09-16,790.7999877929688
1999-09-17,794.4400024414062
1999-09-20,792.8499755859375
1999-09-21,784.97998046875
1999-09-22,782.4500122070312
1999-09-23,777.5
1999-09-24,771.7899780273438
1999-09-27,779.22998046875
1999-09-28,772.8499755859375
1999-09-29,780.0399780273438
1999-09-30,788.22998046875
1999-10-01,786.530029296875
1999-10-04,789.8300170898438
1999-10-05,784.6500244140625
1999-10-06,787.4299926757812
1999-10-07,784.3599853515625
1999-10-08,781.489990234375
1999-10-11,790.02001953125
1999-10-12,792.1099853515625
1999-10-13,789.4099731445312
1999-10-14,785.9500122070312
1999-10-15,777.0
1999-10-18,774.489990234375
1999-10-19,775.9199829101562
1999-10-20,786.4299926757812
1999-10-21,786.0900268554688
1999-10-22,792.6099853515625
1999-10-25,791.219970703125
1999-10-26,789.8900146484375
1999-10-27,786.3099975585938
1999-10-28,793.5499877929688
1999-10-29,800.7999877929688
1999-11-01,804.969970703125
1999-11-02,804.52001953125
1999-11-03,804.0800170898438
1999-11-04,807.469970703125
1999-11-05,809.2100219726562
1999-11-08,809.469970703125
1999-11-09,812.3099975585938
1999-11-10,815.8099975585938
1999-11-11,819.22998046875
1999-11-12,823.0700073242188
1999-11-15,830.6599731445312
1999-11-16,827.010009765625
1999-11-17,823.4000244140625
1999-11-18,822.739990234375
1999-11-19,826.1199951171875
1999-11-22,828.1199951171875
1999-11-23,822.8599853515625
1999-11-24,825.1500244140625
1999-11-26,830.4000244140625
1999-11-29,832.1199951171875
1999-11-30,832.8099975585938
1999-12-01,834.5800170898438
1999-12-02,833.3599853515625
1999-12-03,835.5
1999-12-06,829.8200073242188
1999-12-07,830.02001953125
1999-12-08,829.219970703125
1999-12-09,829.2999877929688
1999-12-10,827.8599853515625
1999-12-13,828.6900024414062
1999-12-14,827.780029296875
1999-12-15,838.9400024414062
1999-12-16,833.8599853515625
1999-12-17,829.7999877929688
1999-12-20,831.1500244140625
1999-12-21,834.6400146484375
1999-12-22,839.4299926757812
1999-12-23,846.280029296875
1999-12-27,843.47998046875
1999-12-28,842.530029296875
1999-12-29,851.8599853515625
1999-12-30,866.1199951171875
1999-12-31,876.969970703125
2000-01-03,868.739990234375
2000-01-04,849.6500244140625
2000-01-05,858.8800048828125
2000-01-06,857.760009765625
2000-01-07,863.760009765625
2000-01-10,882.75
2000-01-11,865.510009765625
2000-01-12,857.97998046875
2000-01-13,866.6300048828125
2000-01-14,869.739990234375
2000-01-18,886.3400268554688
2000-01-19,890.5700073242188
2000-01-20,899.6099853515625
2000-01-21,912.280029296875
2000-01-24,905.489990234375
2000-01-25,915.3599853515624
2000-01-26,912.2100219726562
2000-01-27,882.7999877929688
2000-01-28,868.239990234375
2000-01-31,860.25
2000-02-01,873.0800170898438
2000-02-02,877.6900024414062
2000-02-03,888.3300170898438
2000-02-04,882.969970703125
2000-02-07,884.0800170898438
2000-02-08,885.3400268554688
2000-02-09,880.280029296875
2000-02-10,892.989990234375
2000-02-11,889.469970703125
2000-02-14,893.47998046875
2000-02-15,894.3200073242188
2000-02-16,902.25
2000-02-17,937.4600219726562
2000-02-18,931.9600219726562
2000-02-22,934.4600219726562
2000-02-23,934.989990234375
2000-02-24,935.6199951171876
2000-02-25,943.5399780273438
2000-02-28,964.3800048828124
2000-02-29,973.22998046875
2000-03-01,1001.9500122070312
2000-03-02,1003.5
2000-03-03,1013.7100219726562
2000-03-06,1022.3599853515624
2000-03-07,1016.9400024414062
2000-03-08,1001.4000244140624
2000-03-09,1018.760009765625
2000-03-10,1033.3299560546875
2000-03-13,1018.8599853515624
2000-03-14,1015.510009765625
2000-03-15,996.1199951171876
2000-03-16,1017.6500244140624
2000-03-17,1011.0
2000-03-20,1006.27001953125
2000-03-21,1003.8300170898438
2000-03-22,1030.239990234375
2000-03-23,1036.4000244140625
2000-03-24,1032.510009765625
2000-03-27,1023.8699951171876
2000-03-28,1016.510009765625
2000-03-29,1000.9000244140624
2000-03-30,995.989990234375
2000-03-31,1005.030029296875
2000-04-03,978.0
2000-04-04,942.52001953125
2000-04-05,956.7100219726562
2000-04-06,979.7999877929688
2000-04-07,988.6900024414062
2000-04-10,958.0399780273438
2000-04-11,944.8699951171876
2000-04-12,926.7899780273438
2000-04-13,915.22998046875
2000-04-14,857.969970703125
2000-04-17,848.969970703125
2000-04-18,877.3599853515625
2000-04-19,886.22998046875
2000-04-20,897.6400146484375
2000-04-24,880.719970703125
2000-04-25,896.0399780273438
2000-04-26,896.4299926757812
2000-04-27,902.0900268554688
2000-04-28,922.4500122070312
2000-05-01,936.1799926757812
2000-05-02,925.719970703125
2000-05-03,914.4000244140624
2000-05-04,921.0499877929688
2000-05-05,928.6900024414062
2000-05-08,926.0999755859376
2000-05-09,924.219970703125
2000-05-10,912.7000122070312
2000-05-11,926.0999755859376
2000-05-12,936.2100219726562
2000-05-15,945.5499877929688
2000-05-16,940.5999755859376
2000-05-17,935.0900268554688
2000-05-18,928.52001953125
2000-05-19,914.030029296875
2000-05-22,903.6300048828124
2000-05-23,889.2999877929688
2000-05-24,887.8900146484375
2000-05-25,883.489990234375
2000-05-26,881.4099731445312
2000-05-30,897.8499755859375
2000-05-31,904.969970703125
2000-06-01,912.4500122070312
2000-06-02,923.3200073242188
2000-06-05,920.5700073242188
2000-06-06,928.1799926757812
2000-06-07,934.9600219726562
2000-06-08,937.77001953125
2000-06-09,939.75
2000-06-12,942.469970703125
2000-06-13,946.5499877929688
2000-06-14,943.219970703125
2000-06-15,940.010009765625
2000-06-16,935.8900146484376
2000-06-19,934.27001953125
2000-06-20,940.8400268554688
2000-06-21,938.219970703125
2000-06-22,932.9099731445312
2000-06-23,933.4099731445312
2000-06-26,934.8300170898438
2000-06-27,935.27001953125
2000-06-28,937.6199951171876
2000-06-29,939.3400268554688
2000-06-30,935.8900146484376
2000-07-03,943.4000244140624
2000-07-05,921.7100219726562
2000-07-06,927.8800048828124
2000-07-07,936.47998046875
2000-07-10,936.5599975585938
2000-07-11,953.2000122070312
2000-07-12,954.969970703125
2000-07-13,939.4299926757812
2000-07-14,942.3800048828124
2000-07-17,943.6599731445312
2000-07-18,943.75
2000-07-19,937.1599731445312
2000-07-20,939.780029296875
2000-07-21,927.6400146484376
2000-07-24,918.239990234375
2000-07-25,910.27001953125
2000-07-26,915.1900024414062
2000-07-27,912.3300170898438
2000-07-28,902.7999877929688
2000-07-31,906.4400024414062
2000-08-01,911.9199829101562
2000-08-02,912.739990234375
2000-08-03,906.5800170898438
2000-08-04,907.969970703125
2000-08-07,915.4600219726562
2000-08-08,914.2999877929688
2000-08-09,907.3099975585938
2000-08-10,910.260009765625
2000-08-11,923.739990234375
2000-08-14,928.8699951171876
2000-08-15,912.780029296875
2000-08-16,908.0800170898438
2000-08-17,914.5499877929688
2000-08-18,917.489990234375
2000-08-21,920.52001953125
2000-08-22,922.75
2000-08-23,924.0999755859376
2000-08-24,931.9400024414062
2000-08-25,934.8099975585938
2000-08-28,934.969970703125
2000-08-29,933.47998046875
2000-08-30,934.219970703125
2000-08-31,943.47998046875
2000-09-01,955.780029296875
2000-09-05,957.97998046875
2000-09-06,971.1500244140624
2000-09-07,974.1799926757812
2000-09-08,967.9199829101562
2000-09-11,969.5
2000-09-12,970.4099731445312
2000-09-13,963.5499877929688
2000-09-14,966.489990234375
2000-09-15,971.8599853515624
2000-09-18,960.780029296875
2000-09-19,950.6799926757812
2000-09-20,936.77001953125
2000-09-21,927.75
2000-09-22,929.9400024414062
2000-09-25,929.010009765625
2000-09-26,928.4500122070312
2000-09-27,928.4299926757812
2000-09-28,939.7999877929688
2000-09-29,954.3099975585938
2000-10-02,942.989990234375
2000-10-03,937.4600219726562
2000-10-04,934.3900146484376
2000-10-05,929.9299926757812
2000-10-06,920.7100219726562
2000-10-09,921.9000244140624
2000-10-10,922.4199829101562
2000-10-11,915.5499877929688
2000-10-12,913.4099731445312
2000-10-13,914.4500122070312
2000-10-16,907.5999755859376
2000-10-17,899.530029296875
2000-10-18,898.1099853515625
2000-10-19,903.6400146484376
2000-10-20,913.4400024414062
2000-10-23,915.8499755859376
2000-10-24,905.8599853515624
2000-10-25,896.22998046875
2000-10-26,897.8400268554688
2000-10-27,897.22998046875
2000-10-30,902.1599731445312
2000-10-31,909.2999877929688
2000-11-01,913.6199951171876
2000-11-02,916.5
2000-11-03,919.5800170898438
2000-11-06,913.9400024414062
2000-11-07,919.0999755859376
2000-11-08,920.6300048828124
2000-11-09,910.9400024414062
2000-11-10,899.3499755859375
2000-11-13,890.2000122070312
2000-11-14,899.3699951171875
2000-11-15,901.739990234375
2000-11-16,894.1500244140625
2000-11-17,885.219970703125
2000-11-20,874.5
2000-11-21,880.3200073242188
2000-11-22,867.5499877929688
2000-11-24,876.8499755859375
2000-11-27,878.52001953125
2000-11-28,873.6799926757812
2000-11-29,862.27001953125
2000-11-30,846.5900268554688
2000-12-01,853.3800048828125
2000-12-04,857.0800170898438
2000-12-05,864.02001953125
2000-12-06,854.47998046875
2000-12-07,851.469970703125
2000-12-08,873.489990234375
2000-12-11,885.2999877929688
2000-12-12,880.739990234375
2000-12-13,879.9600219726562
2000-12-14,870.4000244140625
2000-12-15,865.2100219726562
2000-12-18,875.0
2000-12-19,881.4400024414062
2000-12-20,853.6199951171875
2000-12-21,853.2000122070312
2000-12-22,864.030029296875
2000-12-26,877.5900268554688
2000-12-27,876.5999755859375
2000-12-28,888.4000244140625
2000-12-29,897.75
2001-01-02,882.9299926757812
2001-01-03,882.510009765625
2001-01-04,870.010009765625
2001-01-05,864.3699951171875
2001-01-08,866.75
2001-01-09,868.0
2001-01-10,881.27001953125
2001-01-11,894.530029296875
2001-01-12,900.2999877929688
2001-01-16,911.5700073242188
2001-01-17,906.02001953125
2001-01-18,899.8800048828125
2001-01-19,893.260009765625
2001-01-22,894.4000244140625
2001-01-23,908.1099853515624
2001-01-24,911.8200073242188
2001-01-25,913.4199829101562
2001-01-26,921.5599975585938
2001-01-29,926.6500244140624
2001-01-30,934.280029296875
2001-01-31,930.1199951171876
2001-02-01,928.8300170898438
2001-02-02,921.8499755859376
2001-02-05,929.4400024414062
2001-02-06,936.5999755859376
2001-02-07,938.97998046875
2001-02-08,936.4199829101562
2001-02-09,931.22998046875
2001-02-12,937.7000122070312
2001-02-13,934.3200073242188
2001-02-14,936.010009765625
2001-02-15,933.969970703125
2001-02-16,929.469970703125
2001-02-20,922.77001953125
2001-02-21,912.2999877929688
2001-02-22,904.760009765625
2001-02-23,896.0800170898438
2001-02-26,909.4299926757812
2001-02-27,908.0
2001-02-28,907.719970703125
2001-03-01,908.3699951171876
2001-03-02,924.1799926757812
2001-03-05,926.969970703125
2001-03-06,928.9400024414062
2001-03-07,930.9299926757812
2001-03-08,933.239990234375
2001-03-09,931.3499755859376
2001-03-12,909.0800170898438
2001-03-13,905.2100219726562
2001-03-14,887.1400146484375
2001-03-15,883.1500244140625
2001-03-16,869.5399780273438
2001-03-19,881.5399780273438
2001-03-20,876.219970703125
2001-03-21,861.1099853515625
2001-03-22,841.8099975585938
2001-03-23,861.3699951171875
2001-03-26,867.469970703125
2001-03-27,875.9600219726562
2001-03-28,864.8099975585938
2001-03-29,861.4500122070312
2001-03-30,877.0399780273438
2001-04-02,854.8599853515625
2001-04-03,832.239990234375
2001-04-04,839.1099853515625
2001-04-05,864.7100219726562
2001-04-06,859.5599975585938
2001-04-09,871.02001953125
2001-04-10,885.5900268554688
2001-04-11,877.0499877929688
2001-04-12,883.9000244140625
2001-04-16,889.6900024414062
2001-04-17,899.7999877929688
2001-04-18,900.5800170898438
2001-04-19,898.02001953125
2001-04-20,898.8099975585938
2001-04-23,903.5399780273438
2001-04-24,902.8699951171876
2001-04-25,923.5700073242188
2001-04-26,938.1300048828124
2001-04-27,948.8499755859376
2001-04-30,951.780029296875
2001-05-01,944.4500122070312
2001-05-02,931.530029296875
2001-05-03,920.719970703125
2001-05-04,938.1400146484376
2001-05-07,935.469970703125
2001-05-08,937.02001953125
2001-05-09,942.7000122070312
2001-05-10,939.9299926757812
2001-05-11,934.8599853515624
2001-05-14,940.2100219726562
2001-05-15,946.4299926757812
2001-05-16,954.0900268554688
2001-05-17,957.52001953125
2001-05-18,958.75
2001-05-21,955.1199951171876
2001-05-22,947.3699951171876
2001-05-23,935.5599975585938
2001-05-24,937.5700073242188
2001-05-25,936.0399780273438
2001-05-29,934.6400146484376
2001-05-30,928.25
2001-05-31,939.6300048828124
2001-06-01,945.22998046875
2001-06-04,946.8200073242188
2001-06-05,955.5599975585938
2001-06-06,938.77001953125
2001-06-07,933.489990234375
2001-06-08,934.9500122070312
2001-06-11,928.3400268554688
2001-06-12,937.1199951171876
2001-06-13,935.3200073242188
2001-06-14,921.8800048828124
2001-06-15,921.3599853515624
2001-06-18,914.7000122070312
2001-06-19,910.0800170898438
2001-06-20,913.6599731445312
2001-06-21,906.969970703125
2001-06-22,905.97998046875
2001-06-25,902.8800048828124
2001-06-26,906.3900146484376
2001-06-27,903.3099975585938
2001-06-28,903.6599731445312
2001-06-29,917.7999877929688
2001-07-02,903.0599975585938
2001-07-03,904.0599975585938
2001-07-05,906.1400146484376
2001-07-06,897.1699829101562
2001-07-09,900.6400146484375
2001-07-10,892.6900024414062
2001-07-11,892.8300170898438
2001-07-12,891.7000122070312
2001-07-13,890.9299926757812
2001-07-16,884.3499755859375
2001-07-17,889.4299926757812
2001-07-18,883.030029296875
2001-07-19,891.0599975585938
2001-07-20,897.3200073242188
2001-07-23,889.6500244140625
2001-07-24,875.0399780273438
2001-07-25,882.4500122070312
2001-07-26,891.4500122070312
2001-07-27,897.6199951171875
2001-07-30,890.8099975585938
2001-07-31,896.2100219726562
2001-08-01,893.4500122070312
2001-08-02,891.6699829101562
2001-08-03,887.3800048828125
2001-08-06,882.97998046875
2001-08-07,883.02001953125
2001-08-08,870.0900268554688
2001-08-09,873.5700073242188
2001-08-10,878.4099731445312
2001-08-13,879.280029296875
2001-08-14,881.8099975585938
2001-08-15,886.969970703125
2001-08-16,887.3099975585938
2001-08-17,884.6799926757812
2001-08-20,887.9199829101562
2001-08-21,884.010009765625
2001-08-22,884.9199829101562
2001-08-23,888.8300170898438
2001-08-24,892.22998046875
2001-08-27,888.7100219726562
2001-08-28,878.7899780273438
2001-08-29,878.8400268554688
2001-08-30,870.97998046875
2001-08-31,873.4000244140625
2001-09-04,869.8800048828125
2001-09-05,866.3699951171875
2001-09-06,863.3300170898438
2001-09-07,856.4199829101562
2001-09-10,855.3499755859375
2001-09-17,852.8800048828125
2001-09-18,837.52001953125
2001-09-19,821.0599975585938
2001-09-20,796.0599975585938
2001-09-21,786.8200073242188
2001-09-24,780.6599731445312
2001-09-25,780.4600219726562
2001-09-26,786.2000122070312
2001-09-27,794.989990234375
2001-09-28,808.77001953125
2001-10-01,809.4000244140625
2001-10-02,813.739990234375
2001-10-03,821.530029296875
2001-10-04,828.5999755859375
2001-10-05,833.280029296875
2001-10-08,830.1300048828125
2001-10-09,834.3300170898438
2001-10-10,834.219970703125
2001-10-11,834.9299926757812
2001-10-12,827.3300170898438
2001-10-15,823.5999755859375
2001-10-16,830.530029296875
2001-10-17,823.010009765625
2001-10-18,812.2899780273438
2001-10-19,813.2999877929688
2001-10-22,823.030029296875
2001-10-23,821.3400268554688
2001-10-24,823.5700073242188
2001-10-25,828.6699829101562
2001-10-26,837.2100219726562
2001-10-29,837.2100219726562
2001-10-30,826.8900146484375
2001-10-31,827.6900024414062
2001-11-01,828.6099853515625
2001-11-02,824.2000122070312
2001-11-05,820.3300170898438
2001-11-06,817.4299926757812
2001-11-07,821.97998046875
2001-11-08,818.4099731445312
2001-11-09,826.8400268554688
2001-11-12,824.77001953125
2001-11-13,829.489990234375
2001-11-14,818.5999755859375
2001-11-15,796.719970703125
2001-11-16,798.7000122070312
2001-11-19,802.77001953125
2001-11-20,811.030029296875
2001-11-21,813.3300170898438
2001-11-23,811.6300048828125
2001-11-26,803.97998046875
2001-11-27,808.1599731445312
2001-11-28,803.989990234375
2001-11-29,813.3900146484375
2001-11-30,816.0
2001-12-03,818.0999755859375
2001-12-04,824.219970703125
2001-12-05,829.5900268554688
2001-12-06,827.0999755859375
2001-12-07,823.719970703125
2001-12-10,819.219970703125
2001-12-11,818.1099853515625
2001-12-12,816.5800170898438
2001-12-13,812.22998046875
2001-12-14,819.0399780273438
2001-12-17,823.75
2001-12-18,825.719970703125
2001-12-19,830.8499755859375
2001-12-20,825.8300170898438
2001-12-21,830.1500244140625
2001-12-24,833.9099731445312
2001-12-26,843.1799926757812
2001-12-27,845.5700073242188
2001-12-28,849.3800048828125
2001-12-31,847.6099853515625
2002-01-02,843.75
2002-01-03,842.25
2002-01-04,841.4400024414062
2002-01-07,837.3300170898438
2002-01-08,836.2000122070312
2002-01-09,841.1599731445312
2002-01-10,836.8300170898438
2002-01-11,834.0700073242188
2002-01-14,829.7899780273438
2002-01-15,835.52001953125
2002-01-16,829.4199829101562
2002-01-17,835.219970703125
2002-01-18,830.6400146484375
2002-01-22,823.4000244140625
2002-01-23,830.3900146484375
2002-01-24,834.3499755859375
2002-01-25,835.8200073242188
2002-01-28,833.8200073242188
2002-01-29,826.6900024414062
2002-01-30,834.969970703125
2002-01-31,842.4099731445312
2002-02-01,843.6699829101562
2002-02-04,836.6400146484375
2002-02-05,831.75
2002-02-06,827.02001953125
2002-02-07,821.8699951171875
2002-02-08,833.8099975585938
2002-02-11,840.72998046875
2002-02-12,838.6300048828125
2002-02-13,847.9600219726562
2002-02-14,846.8200073242188
2002-02-15,849.1599731445312
2002-02-19,844.1900024414062
2002-02-20,847.0399780273438
2002-02-21,847.969970703125
2002-02-22,856.3099975585938
2002-02-25,862.1699829101562
2002-02-26,864.4099731445312
2002-02-27,864.6400146484375
2002-02-28,865.5800170898438
2002-03-01,872.780029296875
2002-03-04,876.5700073242188
2002-03-05,877.8699951171875
2002-03-06,881.4000244140625
2002-03-07,880.5599975585938
2002-03-08,881.9000244140625
2002-03-11,886.6799926757812
2002-03-12,885.9199829101562
2002-03-13,887.27001953125
2002-03-14,886.739990234375
2002-03-15,891.6500244140625
2002-03-18,897.4299926757812
2002-03-19,899.0599975585938
2002-03-20,896.9199829101562
2002-03-21,904.3900146484376
2002-03-22,898.969970703125
2002-03-25,895.8800048828125
2002-03-26,901.02001953125
2002-03-27,908.0999755859376
2002-03-28,910.489990234375
2002-04-01,914.75
2002-04-02,915.8499755859376
2002-04-03,907.97998046875
2002-04-04,903.6099853515624
2002-04-05,898.6099853515625
2002-04-08,904.4500122070312
2002-04-09,898.4299926757812
2002-04-10,909.9600219726562
2002-04-11,903.2899780273438
2002-04-12,900.8599853515624
2002-04-15,905.0
2002-04-16,913.9099731445312
2002-04-17,918.3499755859376
2002-04-18,923.6300048828124
2002-04-19,924.719970703125
2002-04-22,921.5800170898438
2002-04-23,924.7000122070312
2002-04-24,923.260009765625
2002-04-25,928.8599853515624
2002-04-26,929.3599853515624
2002-04-29,930.0499877929688
2002-04-30,930.8699951171876
2002-05-01,942.239990234375
2002-05-02,949.9199829101562
2002-05-03,959.5800170898438
2002-05-06,949.0599975585938
2002-05-07,946.0999755859376
2002-05-08,949.3400268554688
2002-05-09,942.6900024414062
2002-05-10,947.6699829101562
2002-05-13,953.9000244140624
2002-05-14,956.6699829101562
2002-05-15,953.02001953125
2002-05-16,953.5900268554688
2002-05-17,957.4099731445312
2002-05-20,955.1500244140624
2002-05-21,950.719970703125
2002-05-22,952.469970703125
2002-05-23,962.0499877929688
2002-05-24,962.6900024414062
2002-05-28,958.72998046875
2002-05-29,958.760009765625
2002-05-30,957.6099853515624
2002-05-31,961.5800170898438
2002-06-03,942.8800048828124
2002-06-04,937.530029296875
2002-06-05,932.6300048828124
2002-06-06,921.9099731445312
2002-06-07,926.760009765625
2002-06-10,915.030029296875
2002-06-11,908.5499877929688
2002-06-12,907.9299926757812
2002-06-13,907.469970703125
2002-06-14,905.3900146484376
2002-06-17,914.0399780273438
2002-06-18,914.3699951171876
2002-06-19,905.0499877929688
2002-06-20,907.760009765625
2002-06-21,911.0499877929688
2002-06-24,904.9099731445312
2002-06-25,896.3699951171875
2002-06-26,886.8900146484375
2002-06-27,892.3099975585938
2002-06-28,892.989990234375
2002-07-01,890.1799926757812
2002-07-02,884.219970703125
2002-07-03,875.510009765625
2002-07-05,881.9299926757812
2002-07-08,884.510009765625
2002-07-09,880.5499877929688
2002-07-10,871.02001953125
2002-07-11,870.9500122070312
2002-07-12,846.6199951171875
2002-07-15,839.3599853515625
2002-07-16,836.9600219726562
2002-07-17,840.1699829101562
2002-07-18,836.0800170898438
2002-07-19,815.9199829101562
2002-07-22,789.3699951171875
2002-07-23,771.8699951171875
2002-07-24,790.9400024414062
2002-07-25,795.8400268554688
2002-07-26,798.780029296875
2002-07-29,826.3900146484375
2002-07-30,832.27001953125
2002-07-31,837.3099975585938
2002-08-01,823.1400146484375
2002-08-02,824.5399780273438
2002-08-05,809.030029296875
2002-08-06,821.8800048828125
2002-08-07,822.989990234375
2002-08-08,822.3400268554688
2002-08-09,831.47998046875
2002-08-12,832.1900024414062
2002-08-13,825.0
2002-08-14,839.3099975585938
2002-08-15,848.0599975585938
2002-08-16,850.72998046875
2002-08-19,855.0599975585938
2002-08-20,852.4600219726562
2002-08-21,855.5399780273438
2002-08-22,867.3699951171875
2002-08-23,857.4299926757812
2002-08-26,867.6599731445312
2002-08-27,868.989990234375
2002-08-28,860.1099853515625
2002-08-29,862.97998046875
2002-08-30,867.3300170898438
2002-09-03,857.1599731445312
2002-09-04,862.3099975585938
2002-09-05,862.02001953125
2002-09-06,866.489990234375
2002-09-09,873.3200073242188
2002-09-10,876.969970703125
2002-09-11,879.1199951171875
2002-09-12,866.4000244140625
2002-09-13,870.0499877929688
2002-09-16,871.1799926757812
2002-09-17,856.6500244140625
2002-09-18,855.6099853515625
2002-09-19,843.5800170898438
2002-09-20,841.1400146484375
2002-09-23,831.5399780273438
2002-09-24,815.5999755859375
2002-09-25,824.1599731445312
2002-09-26,835.760009765625
2002-09-27,824.3099975585938
2002-09-30,827.280029296875
2002-10-01,825.7100219726562
2002-10-02,822.1300048828125
2002-10-03,824.0499877929688
2002-10-04,813.780029296875
2002-10-07,797.969970703125
2002-10-08,788.72998046875
2002-10-09,771.8800048828125
2002-10-10,775.239990234375
2002-10-11,790.6599731445312
2002-10-14,802.8599853515625
2002-10-15,810.5599975585938
2002-10-16,800.3300170898438
2002-10-17,816.3200073242188
2002-10-18,810.6500244140625
2002-10-21,816.97998046875
2002-10-22,811.8800048828125
2002-10-23,821.52001953125
2002-10-24,812.6599731445312
2002-10-25,812.010009765625
2002-10-28,807.2899780273438
2002-10-29,805.6500244140625
2002-10-30,811.9099731445312
2002-10-31,819.0
2002-11-01,828.989990234375
2002-11-04,832.1699829101562
2002-11-05,832.6400146484375
2002-11-06,834.9600219726562
2002-11-07,827.1799926757812
2002-11-08,824.1799926757812
2002-11-11,818.22998046875
2002-11-12,814.2999877929688
2002-11-13,810.469970703125
2002-11-14,819.0900268554688
2002-11-15,818.4000244140625
2002-11-18,820.9500122070312
2002-11-19,819.0499877929688
2002-11-20,823.6599731445312
2002-11-21,826.2100219726562
2002-11-22,816.0499877929688
2002-11-25,814.5900268554688
2002-11-26,804.3599853515625
2002-11-27,814.219970703125
2002-11-29,812.6599731445312
2002-12-02,813.0
2002-12-03,812.6400146484375
2002-12-04,822.3900146484375
2002-12-05,821.4600219726562
2002-12-06,825.25
2002-12-09,818.25
2002-12-10,824.9500122070312
2002-12-11,824.760009765625
2002-12-12,825.52001953125
2002-12-13,824.5399780273438
2002-12-16,830.7100219726562
2002-12-17,829.030029296875
2002-12-18,820.8599853515625
2002-12-19,822.9600219726562
2002-12-20,826.8200073242188
2002-12-23,829.0999755859375
2002-12-24,829.4500122070312
2002-12-26,830.9099731445312
2002-12-27,821.3900146484375
2002-12-30,820.7899780273438
2002-12-31,824.3800048828125
2003-01-02,833.6099853515625
2003-01-03,837.6300048828125
2003-01-06,839.6099853515625
2003-01-07,828.72998046875
2003-01-08,825.1300048828125
2003-01-09,832.6300048828125
2003-01-10,833.4400024414062
2003-01-13,826.5399780273438
2003-01-14,830.7999877929688
2003-01-15,831.2999877929688
2003-01-16,834.4000244140625
2003-01-17,832.260009765625
2003-01-21,823.3699951171875
2003-01-22,819.9299926757812
2003-01-23,822.0599975585938
2003-01-24,815.8400268554688
2003-01-27,807.0900268554688
2003-01-28,803.5399780273438
2003-01-29,810.030029296875
2003-01-30,809.0800170898438
2003-01-31,820.489990234375
2003-02-03,820.5900268554688
2003-02-04,822.9500122070312
2003-02-05,820.8499755859375
2003-02-06,816.6900024414062
2003-02-07,811.8300170898438
2003-02-10,813.9500122070312
2003-02-11,812.9500122070312
2003-02-12,805.8499755859375
2003-02-13,808.1799926757812
2003-02-14,808.9000244140625
2003-02-18,815.52001953125
2003-02-19,813.719970703125
2003-02-20,816.989990234375
2003-02-21,825.5900268554688
2003-02-24,829.239990234375
2003-02-25,828.5800170898438
2003-02-26,826.8200073242188
2003-02-27,828.2000122070312
2003-02-28,830.6300048828125
2003-03-03,829.7100219726562
2003-03-04,829.739990234375
2003-03-05,828.6400146484375
2003-03-06,827.02001953125
2003-03-07,826.0499877929688
2003-03-10,816.1400146484375
2003-03-11,819.4299926757812
2003-03-12,811.72998046875
2003-03-13,818.510009765625
2003-03-14,815.0700073242188
2003-03-17,820.6500244140625
2003-03-18,819.3200073242188
2003-03-19,819.2000122070312
2003-03-20,823.739990234375
2003-03-21,825.530029296875
2003-03-24,817.4500122070312
2003-03-25,820.780029296875
2003-03-26,820.8800048828125
2003-03-27,824.3200073242188
2003-03-28,827.9600219726562
2003-03-31,827.260009765625
2003-04-01,824.2100219726562
2003-04-02,828.9299926757812
2003-04-03,826.3599853515625
2003-04-04,820.0
2003-04-07,822.22998046875
2003-04-08,825.1500244140625
2003-04-09,824.25
2003-04-10,832.8699951171875
2003-04-11,832.0
2003-04-14,838.0800170898438
2003-04-15,839.8400268554688
2003-04-16,835.3099975585938
2003-04-17,842.8900146484375
2003-04-21,845.1500244140625
2003-04-22,850.7999877929688
2003-04-23,853.8800048828125
2003-04-24,852.0800170898438
2003-04-25,848.27001953125
2003-04-28,850.739990234375
2003-04-29,848.989990234375
2003-04-30,854.2100219726562
2003-05-01,855.9500122070312
2003-05-02,861.6400146484375
2003-05-05,866.4000244140625
2003-05-06,867.719970703125
2003-05-07,869.3800048828125
2003-05-08,869.4299926757812
2003-05-09,876.2100219726562
2003-05-12,883.530029296875
2003-05-13,887.280029296875
2003-05-14,889.8099975585938
2003-05-15,889.77001953125
2003-05-16,892.6599731445312
2003-05-19,889.5999755859375
2003-05-20,894.3200073242188
2003-05-21,916.02001953125
2003-05-22,917.6400146484376
2003-05-23,926.530029296875
2003-05-27,930.3699951171876
2003-05-28,931.2899780273438
2003-05-29,933.8300170898438
2003-05-30,940.260009765625
2003-06-02,942.1400146484376
2003-06-03,942.6599731445312
2003-06-04,951.1599731445312
2003-06-05,958.780029296875
2003-06-06,957.510009765625
2003-06-09,951.7000122070312
2003-06-10,962.1400146484376
2003-06-11,974.9500122070312
2003-06-12,969.239990234375
2003-06-13,964.239990234375
2003-06-16,968.9600219726562
2003-06-17,972.5900268554688
2003-06-18,969.0499877929688
2003-06-19,969.6099853515624
2003-06-20,967.9299926757812
2003-06-23,960.7100219726562
2003-06-24,959.0900268554688
2003-06-25,961.1099853515624
2003-06-26,968.1199951171876
2003-06-27,970.7100219726562
2003-06-30,969.2000122070312
2003-07-01,970.8099975585938
2003-07-02,977.010009765625
2003-07-03,976.1599731445312
2003-07-07,977.5700073242188
2003-07-08,972.6599731445312
2003-07-09,974.9000244140624
2003-07-10,967.4600219726562
2003-07-11,972.719970703125
2003-07-14,972.280029296875
2003-07-15,959.010009765625
2003-07-16,947.2000122070312
2003-07-17,942.4400024414062
2003-07-18,950.3699951171876
2003-07-21,947.2999877929688
2003-07-22,949.3800048828124
2003-07-23,951.27001953125
2003-07-24,947.6799926757812
2003-07-25,955.6900024414062
2003-07-28,952.8699951171876
2003-07-29,949.1099853515624
2003-07-30,945.3699951171876
2003-07-31,944.5499877929688
2003-08-01,943.75
2003-08-04,941.969970703125
2003-08-05,940.1199951171876
2003-08-06,944.5900268554688
2003-08-07,947.8599853515624
2003-08-08,950.8499755859376
2003-08-11,962.8099975585938
2003-08-12,964.8900146484376
2003-08-13,962.4400024414062
2003-08-14,959.5499877929688
2003-08-15,956.97998046875
2003-08-18,961.9000244140624
2003-08-19,964.489990234375
2003-08-20,970.2899780273438
2003-08-21,974.1099853515624
2003-08-22,968.9299926757812
2003-08-25,967.010009765625
2003-08-26,965.739990234375
2003-08-27,971.280029296875
2003-08-28,974.4000244140624
2003-08-29,976.4500122070312
2003-09-02,978.239990234375
2003-09-03,982.8099975585938
2003-09-04,989.25
2003-09-05,990.8800048828124
2003-09-08,996.75
2003-09-09,992.8099975585938
2003-09-10,988.6699829101562
2003-09-11,987.489990234375
2003-09-12,988.0
2003-09-15,983.1699829101562
2003-09-16,983.3599853515624
2003-09-17,988.6699829101562
2003-09-18,990.4600219726562
2003-09-19,997.8400268554688
2003-09-22,995.4400024414062
2003-09-23,1000.77001953125
2003-09-24,999.7000122070312
2003-09-25,998.0399780273438
2003-09-26,986.27001953125
2003-09-29,988.9299926757812
2003-09-30,990.8099975585938
2003-10-01,1003.7100219726562
2003-10-02,1007.02001953125
2003-10-03,1005.969970703125
2003-10-06,1012.47998046875
2003-10-07,1015.97998046875
2003-10-08,1013.8099975585938
2003-10-09,1015.9500122070312
2003-10-10,1017.0599975585938
2003-10-13,1023.6900024414062
2003-10-14,1023.6300048828124
2003-10-15,1017.5399780273438
2003-10-16,1020.9400024414062
2003-10-17,1018.3699951171876
2003-10-20,1020.280029296875
2003-10-21,1019.280029296875
2003-10-22,1018.2899780273438
2003-10-23,1018.3499755859376
2003-10-24,1020.77001953125
2003-10-27,1021.1799926757812
2003-10-28,1066.949951171875
2003-10-29,1062.93994140625
2003-10-30,1060.18994140625
2003-10-31,1063.3299560546875
2003-11-03,1061.31005859375
2003-11-04,1062.97998046875
2003-11-05,1064.56005859375
2003-11-06,1065.199951171875
2003-11-07,1066.699951171875
2003-11-10,1065.72998046875
2003-11-11,1062.0799560546875
2003-11-12,1076.1500244140625
2003-11-13,1077.6600341796875
2003-11-14,1073.1700439453125
2003-11-17,1071.47998046875
2003-11-18,1072.5799560546875
2003-11-19,1068.760009765625
2003-11-20,1067.1099853515625
2003-11-21,1066.280029296875
2003-11-24,1072.1500244140625
2003-11-25,1080.9599609375
2003-11-26,1088.6099853515625
2003-11-28,1098.0999755859375
2003-12-01,1112.550048828125
2003-12-02,1117.1700439453125
2003-12-03,1117.1700439453125
2003-12-04,1113.8800048828125
2003-12-05,1118.56005859375
2003-12-08,1130.260009765625
2003-12-09,1124.5699462890625
2003-12-10,1112.3900146484375
2003-12-11,1120.489990234375
2003-12-12,1126.2099609375
2003-12-15,1119.5799560546875
2003-12-16,1129.3800048828125
2003-12-17,1135.239990234375
2003-12-18,1142.8499755859375
2003-12-19,1144.280029296875
2003-12-22,1143.9100341796875
2003-12-23,1146.25
2003-12-24,1161.050048828125
2003-12-26,1165.949951171875
2003-12-29,1171.1400146484375
2003-12-30,1175.18994140625
2003-12-31,1173.550048828125
2004-01-02,1175.5699462890625
2004-01-05,1189.7099609375
2004-01-06,1194.43994140625
2004-01-07,1185.5799560546875
2004-01-08,1193.7900390625
2004-01-09,1201.0799560546875
2004-01-12,1202.3299560546875
2004-01-13,1202.050048828125
2004-01-14,1199.43994140625
2004-01-15,1185.9300537109375
2004-01-16,1183.739990234375
2004-01-20,1210.25
2004-01-21,1222.550048828125
2004-01-22,1218.760009765625
2004-01-23,1220.27001953125
2004-01-26,1222.969970703125
2004-01-27,1218.6500244140625
2004-01-28,1208.050048828125
2004-01-29,1194.760009765625
2004-01-30,1197.1700439453125
2004-02-02,1201.8399658203125
2004-02-03,1213.530029296875
2004-02-04,1209.2099609375
2004-02-05,1205.4599609375
2004-02-06,1223.4000244140625
2004-02-09,1227.0799560546875
2004-02-10,1235.6700439453125
2004-02-11,1246.199951171875
2004-02-12,1248.3499755859375
2004-02-13,1243.550048828125
2004-02-17,1255.6600341796875
2004-02-18,1244.4300537109375
2004-02-19,1243.5699462890625
2004-02-20,1234.800048828125
2004-02-23,1229.300048828125
2004-02-24,1232.0799560546875
2004-02-25,1240.1199951171875
2004-02-26,1245.1400146484375
2004-02-27,1254.4100341796875
2004-03-01,1275.9599609375
2004-03-02,1272.719970703125
2004-03-03,1254.5899658203125
2004-03-04,1253.06005859375
2004-03-05,1262.56005859375
2004-03-08,1264.6800537109375
2004-03-09,1259.510009765625
2004-03-10,1242.6600341796875
2004-03-11,1230.06005859375
2004-03-12,1229.760009765625
2004-03-15,1226.9599609375
2004-03-16,1227.1500244140625
2004-03-17,1238.800048828125
2004-03-18,1248.56005859375
2004-03-19,1252.5
2004-03-22,1239.18994140625
2004-03-23,1235.1700439453125
2004-03-24,1222.6500244140625
2004-03-25,1222.550048828125
2004-03-26,1227.5999755859375
2004-03-29,1236.550048828125
2004-03-30,1247.97998046875
2004-03-31,1256.75
2004-04-01,1262.739990234375
2004-04-02,1265.1700439453125
2004-04-05,1262.8699951171875
2004-04-06,1265.3900146484375
2004-04-07,1262.0999755859375
2004-04-08,1261.550048828125
2004-04-12,1261.31005859375
2004-04-13,1244.6500244140625
2004-04-14,1233.8199462890625
2004-04-15,1232.8800048828125
2004-04-16,1239.6800537109375
2004-04-19,1258.77001953125
2004-04-20,1238.3299560546875
2004-04-21,1230.0400390625
2004-04-22,1248.18994140625
2004-04-23,1240.22998046875
2004-04-26,1246.25
2004-04-27,1251.530029296875
2004-04-28,1225.9599609375
2004-04-29,1207.3499755859375
2004-04-30,1213.81005859375
2004-05-03,1215.7900390625
2004-05-04,1229.6500244140625
2004-05-05,1225.6800537109375
2004-05-06,1219.7900390625
2004-05-07,1192.0799560546875
2004-05-10,1163.43994140625
2004-05-11,1165.0
2004-05-12,1160.1800537109375
2004-05-13,1166.219970703125
2004-05-14,1171.199951171875
2004-05-17,1169.8499755859375
2004-05-18,1163.6099853515625
2004-05-19,1171.75
2004-05-20,1171.18994140625
2004-05-21,1174.06005859375
2004-05-24,1185.8599853515625
2004-05-25,1195.8800048828125
2004-05-26,1193.3299560546875
2004-05-27,1200.010009765625
2004-05-28,1198.1099853515625
2004-06-01,1203.0999755859375
2004-06-02,1202.8199462890625
2004-06-03,1195.1400146484375
2004-06-04,1201.18994140625
2004-06-07,1210.510009765625
2004-06-08,1208.780029296875
2004-06-09,1195.47998046875
2004-06-10,1199.2900390625
2004-06-14,1189.3599853515625
2004-06-15,1200.9300537109375
2004-06-16,1206.0999755859375
2004-06-17,1211.6400146484375
2004-06-18,1219.5999755859375
2004-06-21,1224.5999755859375
2004-06-22,1231.7099609375
2004-06-23,1255.8499755859375
2004-06-24,1250.5799560546875
2004-06-25,1249.97998046875
2004-06-28,1247.760009765625
2004-06-29,1244.27001953125
2004-06-30,1249.8199462890625
2004-07-01,1245.9300537109375
2004-07-02,1259.9599609375
2004-07-06,1256.1800537109375
2004-07-07,1257.5699462890625
2004-07-08,1255.050048828125
2004-07-09,1261.1600341796875
2004-07-12,1259.6800537109375
2004-07-13,1250.050048828125
2004-07-14,1256.8699951171875
2004-07-15,1250.5
2004-07-16,1272.9599609375
2004-07-19,1263.449951171875
2004-07-20,1261.47998046875
2004-07-21,1248.1500244140625
2004-07-22,1244.31005859375
2004-07-23,1233.469970703125
2004-07-26,1217.9000244140625
2004-07-27,1221.510009765625
2004-07-28,1226.6099853515625
2004-07-29,1229.5999755859375
2004-07-30,1240.3399658203125
2004-08-02,1249.050048828125
2004-08-03,1251.050048828125
2004-08-04,1237.68994140625
2004-08-05,1224.469970703125
2004-08-06,1221.280029296875
2004-08-09,1217.93994140625
2004-08-10,1218.1700439453125
2004-08-11,1211.550048828125
2004-08-12,1202.6600341796875
2004-08-13,1210.010009765625
2004-08-16,1215.3599853515625
2004-08-17,1208.6500244140625
2004-08-18,1216.6600341796875
2004-08-19,1221.949951171875
2004-08-20,1225.989990234375
2004-08-23,1219.8499755859375
2004-08-24,1213.72998046875
2004-08-25,1217.3299560546875
2004-08-26,1221.72998046875
2004-08-27,1229.5
2004-08-30,1224.3299560546875
2004-08-31,1232.4100341796875
2004-09-01,1237.4300537109375
2004-09-02,1243.0999755859375
2004-09-03,1243.1700439453125
2004-09-07,1240.1500244140625
2004-09-08,1239.030029296875
2004-09-09,1244.8900146484375
2004-09-10,1244.27001953125
2004-09-13,1246.1800537109375
2004-09-14,1248.5400390625
2004-09-15,1239.239990234375
2004-09-16,1245.9100341796875
2004-09-17,1247.780029296875
2004-09-20,1243.9300537109375
2004-09-21,1262.3299560546875
2004-09-22,1254.6800537109375
2004-09-23,1261.4599609375
2004-09-24,1264.969970703125
2004-09-27,1263.1400146484375
2004-09-28,1270.02001953125
2004-09-29,1264.3800048828125
2004-09-30,1271.8299560546875
2004-10-01,1279.27001953125
2004-10-04,1276.3399658203125
2004-10-05,1286.6800537109375
2004-10-06,1289.7900390625
2004-10-07,1278.5
2004-10-08,1285.199951171875
2004-10-11,1284.72998046875
2004-10-12,1276.9599609375
2004-10-13,1273.4000244140625
2004-10-14,1277.72998046875
2004-10-15,1285.6500244140625
2004-10-18,1281.3800048828125
2004-10-19,1286.550048828125
2004-10-20,1299.3599853515625
2004-10-21,1303.739990234375
2004-10-22,1306.3299560546875
2004-10-25,1308.0
2004-10-26,1311.5699462890625
2004-10-27,1314.8399658203125
2004-10-28,1307.5999755859375
2004-10-29,1311.3900146484375
2004-11-01,1305.030029296875
2004-11-02,1305.260009765625
2004-11-03,1323.3199462890625
2004-11-04,1329.47998046875
2004-11-05,1327.1800537109375
2004-11-08,1319.75
2004-11-09,1326.6500244140625
2004-11-10,1335.22998046875
2004-11-11,1340.9300537109375
2004-11-12,1356.239990234375
2004-11-15,1351.260009765625
2004-11-16,1349.199951171875
2004-11-17,1365.9599609375
2004-11-18,1365.3599853515625
2004-11-19,1364.81005859375
2004-11-22,1367.4000244140625
2004-11-23,1376.1500244140625
2004-11-24,1383.4000244140625
2004-11-26,1407.1400146484375
2004-11-29,1408.780029296875
2004-11-30,1406.0799560546875
2004-12-01,1413.81005859375
2004-12-02,1402.8499755859375
2004-12-03,1415.5799560546875
2004-12-06,1408.5400390625
2004-12-07,1389.6099853515625
2004-12-08,1386.6199951171875
2004-12-09,1386.5699462890625
2004-12-10,1392.0799560546875
2004-12-13,1399.050048828125
2004-12-14,1404.22998046875
2004-12-15,1415.780029296875
2004-12-16,1407.9000244140625
2004-12-17,1409.2099609375
2004-12-20,1414.5699462890625
2004-12-21,1411.9200439453125
2004-12-22,1407.7900390625
2004-12-23,1417.75
2004-12-27,1424.699951171875
2004-12-28,1426.3800048828125
2004-12-29,1426.72998046875
2004-12-30,1430.0699462890625
2004-12-31,1434.3399658203125
2005-01-03,1410.0799560546875
2005-01-04,1399.050048828125
2005-01-05,1385.8499755859375
2005-01-06,1387.969970703125
2005-01-07,1392.489990234375
2005-01-10,1397.9599609375
2005-01-11,1392.6700439453125
2005-01-12,1396.97998046875
2005-01-13,1400.5999755859375
2005-01-14,1399.0699462890625
2005-01-18,1421.199951171875
2005-01-19,1415.4200439453125
2005-01-20,1405.760009765625
2005-01-21,1414.5799560546875
2005-01-24,1416.1800537109375
2005-01-25,1407.9599609375
2005-01-26,1420.489990234375
2005-01-27,1422.469970703125
2005-01-28,1421.8599853515625
2005-01-31,1428.3900146484375
2005-02-01,1433.1600341796875
2005-02-02,1449.4000244140625
2005-02-03,1450.6400146484375
2005-02-04,1470.6800537109375
2005-02-07,1468.9000244140625
2005-02-08,1472.1800537109375
2005-02-09,1465.1700439453125
2005-02-10,1480.0
2005-02-11,1491.0999755859375
2005-02-14,1502.1099853515625
2005-02-15,1493.199951171875
2005-02-16,1496.8199462890625
2005-02-17,1497.77001953125
2005-02-18,1501.5699462890625
2005-02-22,1489.5400390625
2005-02-23,1497.8900146484375
2005-02-24,1505.3399658203125
2005-02-25,1516.47998046875
2005-02-28,1509.43994140625
2005-03-01,1515.780029296875
2005-03-02,1514.6300048828125
2005-03-03,1519.5999755859375
2005-03-04,1532.489990234375
2005-03-07,1526.1600341796875
2005-03-08,1529.9000244140625
2005-03-09,1500.7900390625
2005-03-10,1483.4599609375
2005-03-11,1483.3900146484375
2005-03-14,1482.5899658203125
2005-03-15,1486.06005859375
2005-03-16,1483.8399658203125
2005-03-17,1487.3699951171875
2005-03-18,1483.93994140625
2005-03-21,1470.989990234375
2005-03-22,1467.5
2005-03-23,1442.9000244140625
2005-03-24,1448.7900390625
2005-03-28,1441.4100341796875
2005-03-29,1436.6300048828125
2005-03-30,1446.949951171875
2005-03-31,1459.699951171875
2005-04-01,1462.9100341796875
2005-04-04,1462.800048828125
2005-04-05,1475.8800048828125
2005-04-06,1480.6800537109375
2005-04-07,1477.68994140625
2005-04-08,1467.5899658203125
2005-04-11,1475.18994140625
2005-04-12,1466.6500244140625
2005-04-13,1458.5
2005-04-14,1444.5
2005-04-15,1425.3800048828125
2005-04-18,1421.1500244140625
2005-04-19,1442.27001953125
2005-04-20,1437.25
2005-04-21,1449.72998046875
2005-04-22,1449.969970703125
2005-04-25,1466.780029296875
2005-04-26,1448.8299560546875
2005-04-27,1443.5899658203125
2005-04-28,1432.81005859375
2005-04-29,1439.489990234375
2005-05-02,1437.8399658203125
2005-05-03,1431.510009765625
2005-05-04,1457.27001953125
2005-05-05,1466.0899658203125
2005-05-06,1468.969970703125
2005-05-09,1471.1400146484375
2005-05-10,1466.800048828125
2005-05-11,1462.0799560546875
2005-05-12,1446.4000244140625
2005-05-13,1435.43994140625
2005-05-16,1432.3699951171875
2005-05-17,1437.199951171875
2005-05-18,1450.1400146484375
2005-05-19,1454.56005859375
2005-05-20,1455.010009765625
2005-05-23,1461.260009765625
2005-05-24,1465.7900390625
2005-05-25,1458.1400146484375
2005-05-26,1464.699951171875
2005-05-27,1474.8199462890625
2005-05-31,1472.5799560546875
2005-06-01,1488.77001953125
2005-06-02,1496.6800537109375
2005-06-03,1502.800048828125
2005-06-06,1511.5
2005-06-07,1512.949951171875
2005-06-08,1507.8800048828125
2005-06-09,1531.3499755859375
2005-06-10,1527.7900390625
2005-06-13,1534.260009765625
2005-06-14,1535.1400146484375
2005-06-15,1550.550048828125
2005-06-16,1546.010009765625
2005-06-17,1545.9599609375
2005-06-20,1549.43994140625
2005-06-21,1542.6800537109375
2005-06-22,1548.030029296875
2005-06-23,1536.7099609375
2005-06-24,1531.52001953125
2005-06-27,1535.31005859375
2005-06-28,1534.3399658203125
2005-06-29,1540.56005859375
2005-06-30,1544.4100341796875
2005-07-01,1554.739990234375
2005-07-05,1548.1800537109375
2005-07-06,1549.280029296875
2005-07-07,1546.9599609375
2005-07-08,1561.010009765625
2005-07-11,1572.3599853515625
2005-07-12,1583.780029296875
2005-07-13,1562.3699951171875
2005-07-14,1537.8399658203125
2005-07-15,1539.969970703125
2005-07-18,1534.8399658203125
2005-07-19,1535.0799560546875
2005-07-20,1539.6199951171875
2005-07-21,1536.06005859375
2005-07-22,1546.5400390625
2005-07-25,1563.449951171875
2005-07-26,1556.8900146484375
2005-07-27,1566.969970703125
2005-07-28,1585.4100341796875
2005-07-29,1604.6300048828125
2005-08-01,1612.8699951171875
2005-08-02,1629.7099609375
2005-08-03,1636.3499755859375
2005-08-04,1649.489990234375
2005-08-05,1630.5400390625
2005-08-08,1630.510009765625
2005-08-09,1631.5999755859375
2005-08-10,1640.530029296875
2005-08-11,1644.47998046875
2005-08-12,1637.3299560546875
2005-08-15,1633.4000244140625
2005-08-16,1621.1400146484375
2005-08-17,1601.8599853515625
2005-08-18,1597.300048828125
2005-08-19,1602.800048828125
2005-08-22,1603.8499755859375
2005-08-23,1611.0699462890625
2005-08-24,1618.6800537109375
2005-08-25,1627.719970703125
2005-08-26,1617.3599853515625
2005-08-29,1620.449951171875
2005-08-30,1623.989990234375
2005-08-31,1655.949951171875
2005-09-01,1681.3499755859375
2005-09-02,1680.0400390625
2005-09-06,1686.2099609375
2005-09-07,1690.800048828125
2005-09-08,1696.0799560546875
2005-09-09,1718.31005859375
2005-09-12,1700.9200439453125
2005-09-13,1690.3299560546875
2005-09-14,1708.8800048828125
2005-09-15,1710.1300048828125
2005-09-16,1721.3199462890625
2005-09-19,1729.43994140625
2005-09-20,1722.239990234375
2005-09-21,1731.4300537109375
2005-09-22,1720.5
2005-09-23,1723.4599609375
2005-09-26,1727.1199951171875
2005-09-27,1712.6300048828125
2005-09-28,1725.469970703125
2005-09-29,1731.3699951171875
2005-09-30,1736.8900146484375
2005-10-03,1738.760009765625
2005-10-04,1721.6500244140625
2005-10-05,1684.050048828125
2005-10-06,1651.6400146484375
2005-10-07,1674.9000244140625
2005-10-10,1651.0699462890625
2005-10-11,1652.969970703125
2005-10-12,1622.8699951171875
2005-10-13,1594.7900390625
2005-10-14,1619.7900390625
2005-10-17,1623.6500244140625
2005-10-18,1600.27001953125
2005-10-19,1616.030029296875
2005-10-20,1576.7900390625
2005-10-21,1597.989990234375
2005-10-24,1621.1700439453125
2005-10-25,1639.3299560546875
2005-10-26,1631.0899658203125
2005-10-27,1623.6099853515625
2005-10-28,1642.5799560546875
2005-10-31,1656.6199951171875
2005-11-01,1652.5899658203125
2005-11-02,1681.2099609375
2005-11-03,1694.2099609375
2005-11-04,1684.68994140625
2005-11-07,1684.06005859375
2005-11-08,1678.469970703125
2005-11-09,1687.9000244140625
2005-11-10,1681.8900146484375
2005-11-11,1696.5799560546875
2005-11-14,1699.72998046875
2005-11-15,1693.219970703125
2005-11-16,1689.300048828125
2005-11-17,1700.8399658203125
2005-11-18,1702.3199462890625
2005-11-21,1715.449951171875
2005-11-22,1726.9200439453125
2005-11-23,1725.9200439453125
2005-11-25,1707.719970703125
2005-11-28,1697.8499755859375
2005-11-29,1696.68994140625
2005-11-30,1689.800048828125
2005-12-01,1709.47998046875
2005-12-02,1726.449951171875
2005-12-05,1738.3399658203125
2005-12-06,1747.72998046875
2005-12-07,1749.9200439453125
2005-12-08,1757.550048828125
2005-12-09,1756.3199462890625
2005-12-12,1764.56005859375
2005-12-13,1764.8499755859375
2005-12-14,1766.989990234375
2005-12-15,1763.25
2005-12-16,1760.97998046875
2005-12-19,1754.050048828125
2005-12-20,1751.0799560546875
2005-12-21,1753.0899658203125
2005-12-22,1765.699951171875
2005-12-23,1758.77001953125
2005-12-27,1740.93994140625
2005-12-28,1758.9300537109375
2005-12-29,1757.5400390625
2005-12-30,1759.0799560546875
2006-01-03,1794.989990234375
2006-01-04,1799.9300537109375
2006-01-05,1781.6199951171875
2006-01-06,1804.4599609375
2006-01-09,1809.02001953125
2006-01-10,1814.8499755859373
2006-01-11,1813.0699462890625
2006-01-12,1792.8199462890625
2006-01-13,1815.4599609375
2006-01-17,1813.3199462890625
2006-01-18,1797.0400390625
2006-01-19,1821.3800048828125
2006-01-20,1825.27001953125
2006-01-23,1831.8199462890625
2006-01-24,1826.8299560546875
2006-01-25,1825.8499755859373
2006-01-26,1826.510009765625
2006-01-27,1824.2900390625
2006-01-30,1838.8900146484373
2006-01-31,1860.8299560546875
2006-02-01,1855.489990234375
2006-02-02,1851.260009765625
2006-02-03,1850.760009765625
2006-02-06,1864.050048828125
2006-02-07,1820.6600341796875
2006-02-08,1816.4100341796875
2006-02-09,1831.050048828125
2006-02-10,1808.8800048828125
2006-02-13,1789.8599853515625
2006-02-14,1793.72998046875
2006-02-15,1797.1099853515625
2006-02-16,1810.06005859375
2006-02-17,1820.6300048828125
2006-02-21,1833.27001953125
2006-02-22,1833.8499755859373
2006-02-23,1828.8399658203125
2006-02-24,1840.530029296875
2006-02-27,1839.530029296875
2006-02-28,1847.219970703125
2006-03-01,1878.300048828125
2006-03-02,1887.27001953125
2006-03-03,1897.4599609375
2006-03-06,1890.0899658203125
2006-03-07,1872.5899658203125
2006-03-08,1856.93994140625
2006-03-09,1869.68994140625
2006-03-10,1874.260009765625
2006-03-13,1885.3299560546875
2006-03-14,1894.25
2006-03-15,1909.4599609375
2006-03-16,1931.719970703125
2006-03-17,1927.8299560546875
2006-03-20,1924.9000244140625
2006-03-21,1896.47998046875
2006-03-22,1904.1300048828125
2006-03-23,1902.8499755859373
2006-03-24,1915.3599853515625
2006-03-27,1916.5899658203125
2006-03-28,1911.6099853515625
2006-03-29,1928.93994140625
2006-03-30,1949.9100341796875
2006-03-31,1935.989990234375
2006-04-03,1935.31005859375
2006-04-04,1952.449951171875
2006-04-05,1955.989990234375
2006-04-06,1975.6300048828125
2006-04-07,1954.5899658203125
2006-04-10,1950.989990234375
2006-04-11,1936.1800537109373
2006-04-12,1944.9300537109373
2006-04-13,1941.6800537109373
2006-04-17,1959.7099609375
2006-04-18,1986.469970703125
2006-04-19,2011.1300048828125
2006-04-20,1995.5899658203125
2006-04-21,2017.6300048828125
2006-04-24,2020.0400390625
2006-04-25,2006.3900146484373
2006-04-26,2000.260009765625
2006-04-27,1991.72998046875
2006-04-28,2007.8299560546875
2006-05-01,2005.9100341796875
2006-05-02,2020.2099609375
2006-05-03,2001.0
2006-05-04,2015.1199951171875
2006-05-05,2028.6800537109373
2006-05-08,2024.22998046875
2006-05-09,2044.780029296875
2006-05-10,2041.6400146484373
2006-05-11,2012.8399658203125
2006-05-12,1992.77001953125
2006-05-15,1951.7099609375
2006-05-16,1969.8699951171875
2006-05-17,1934.780029296875
2006-05-18,1916.1300048828125
2006-05-19,1915.8800048828125
2006-05-22,1901.6099853515625
2006-05-23,1897.3699951171875
2006-05-24,1890.8299560546875
2006-05-25,1925.6500244140625
2006-05-26,1953.550048828125
2006-05-30,1929.550048828125
2006-05-31,1928.3599853515625
2006-06-01,1957.199951171875
2006-06-02,1977.43994140625
2006-06-05,1950.949951171875
2006-06-06,1924.489990234375
2006-06-07,1910.3399658203125
2006-06-08,1894.4100341796875
2006-06-09,1883.1400146484373
2006-06-12,1859.3399658203125
2006-06-13,1810.5699462890625
2006-06-14,1814.1099853515625
2006-06-15,1866.72998046875
2006-06-16,1858.8699951171875
2006-06-19,1841.3599853515625
2006-06-20,1846.9300537109373
2006-06-21,1865.81005859375
2006-06-22,1858.72998046875
2006-06-23,1866.050048828125
2006-06-26,1874.93994140625
2006-06-27,1847.3399658203125
2006-06-28,1856.6600341796875
2006-06-29,1900.93994140625
2006-06-30,1928.5899658203125
2006-07-03,1945.760009765625
2006-07-05,1938.1400146484373
2006-07-06,1956.9300537109373
2006-07-07,1944.43994140625
2006-07-10,1935.699951171875
2006-07-11,1936.8499755859373
2006-07-12,1922.1099853515625
2006-07-13,1899.8800048828125
2006-07-14,1895.27001953125
2006-07-17,1871.68994140625
2006-07-18,1882.800048828125
2006-07-19,1911.5400390625
2006-07-20,1897.5400390625
2006-07-21,1891.8699951171875
2006-07-24,1921.68994140625
2006-07-25,1931.25
2006-07-26,1948.9200439453125
2006-07-27,1931.6600341796875
2006-07-28,1964.1600341796875
2006-07-31,1970.4200439453125
2006-08-01,1971.5899658203125
2006-08-02,2000.3900146484373
2006-08-03,1993.43994140625
2006-08-04,1990.9000244140625
2006-08-07,1993.6800537109373
2006-08-08,1991.3299560546875
2006-08-09,2001.719970703125
2006-08-10,1989.9000244140625
2006-08-11,1971.719970703125
2006-08-14,1968.1099853515625
2006-08-15,1986.1800537109373
2006-08-16,2000.5699462890625
2006-08-17,1986.5
2006-08-18,1998.800048828125
2006-08-21,2007.68994140625
2006-08-22,2008.47998046875
2006-08-23,2001.2099609375
2006-08-24,1994.8900146484373
2006-08-25,2003.68994140625
2006-08-28,2006.9100341796875
2006-08-29,2008.300048828125
2006-08-30,2021.1400146484373
2006-08-31,2022.3299560546875
2006-09-01,2030.219970703125
2006-09-05,2033.1700439453125
2006-09-06,2001.6800537109373
2006-09-07,1984.6300048828125
2006-09-08,1977.489990234375
2006-09-11,1958.760009765625
2006-09-12,1983.3399658203125
2006-09-13,1942.9599609375
2006-09-14,1936.22998046875
2006-09-15,1939.280029296875
2006-09-18,1949.050048828125
2006-09-19,1930.9000244140625
2006-09-20,1933.8599853515625
2006-09-21,1933.969970703125
2006-09-22,1918.27001953125
2006-09-25,1898.9000244140625
2006-09-26,1908.050048828125
2006-09-27,1917.56005859375
2006-09-28,1916.9200439453125
2006-09-29,1906.8599853515625
2006-10-02,1896.800048828125
2006-10-03,1870.3399658203125
2006-10-04,1875.199951171875
2006-10-05,1888.6400146484373
2006-10-06,1881.6700439453125
2006-10-09,1887.449951171875
2006-10-10,1883.8199462890625
2006-10-11,1864.81005859375
2006-10-12,1879.9200439453125
2006-10-13,1902.8699951171875
2006-10-16,1928.0400390625
2006-10-17,1915.0
2006-10-18,1916.8699951171875
2006-10-19,1933.0799560546875
2006-10-20,1936.6600341796875
2006-10-23,1946.3299560546875
2006-10-24,1955.1800537109373
2006-10-25,1984.8499755859373
2006-10-26,1992.52001953125
2006-10-27,1983.3399658203125
2006-10-30,1971.6800537109373
2006-10-31,1965.3499755859373
2006-11-01,1948.949951171875
2006-11-02,1950.25
2006-11-03,1974.3599853515625
2006-11-06,1992.0699462890625
2006-11-07,1981.3900146484373
2006-11-08,1993.6800537109373
2006-11-09,1999.3599853515625
2006-11-10,1986.3699951171875
2006-11-13,1979.9000244140625
2006-11-14,1987.3199462890625
2006-11-15,2010.56005859375
2006-11-16,1996.77001953125
2006-11-17,1996.6600341796875
2006-11-20,2008.6800537109373
2006-11-21,2022.18994140625
2006-11-22,2026.3399658203125
2006-11-24,2037.1199951171875
2006-11-27,2020.3299560546875
2006-11-28,2039.9100341796875
2006-11-29,2059.570068359375
2006-11-30,2069.159912109375
2006-12-01,2065.929931640625
2006-12-04,2075.780029296875
2006-12-05,2082.800048828125
2006-12-06,2093.800048828125
2006-12-07,2089.35009765625
2006-12-08,2086.280029296875
2006-12-11,2085.14990234375
2006-12-12,2081.010009765625
2006-12-13,2076.840087890625
2006-12-14,2066.929931640625
2006-12-15,2061.81005859375
2006-12-18,2043.760009765625
2006-12-19,2069.330078125
2006-12-20,2057.260009765625
2006-12-21,2040.1099853515625
2006-12-22,2034.6700439453125
2006-12-26,2039.239990234375
2006-12-27,2056.31005859375
2006-12-28,2053.47998046875
2006-12-29,2056.429931640625
2007-01-03,2050.010009765625
2007-01-04,2023.5999755859373
2007-01-05,1999.5999755859373
2007-01-08,2008.52001953125
2007-01-09,2010.469970703125
2007-01-10,2015.739990234375
2007-01-11,2037.5699462890625
2007-01-12,2058.030029296875
2007-01-16,2060.800048828125
2007-01-17,2080.409912109375
2007-01-18,2063.030029296875
2007-01-19,2067.949951171875
2007-01-22,2060.43994140625
2007-01-23,2086.800048828125
2007-01-24,2088.93994140625
2007-01-25,2075.300048828125
2007-01-26,2087.360107421875
2007-01-29,2104.610107421875
2007-01-30,2115.72998046875
2007-01-31,2123.7099609375
2007-02-01,2145.760009765625
2007-02-02,2136.219970703125
2007-02-05,2134.919921875
2007-02-06,2148.8798828125
2007-02-07,2162.949951171875
2007-02-08,2165.590087890625
2007-02-09,2153.06005859375
2007-02-12,2138.27001953125
2007-02-13,2154.780029296875
2007-02-14,2169.860107421875
2007-02-15,2168.139892578125
2007-02-16,2157.97998046875
2007-02-20,2150.77001953125
2007-02-21,2154.429931640625
2007-02-22,2162.699951171875
2007-02-23,2165.469970703125
2007-02-26,2175.570068359375
2007-02-27,2105.030029296875
2007-02-28,2116.56005859375
2007-03-01,2113.989990234375
2007-03-02,2087.739990234375
2007-03-05,2055.909912109375
2007-03-06,2081.010009765625
2007-03-07,2074.419921875
2007-03-08,2075.60009765625
2007-03-09,2094.4599609375
2007-03-12,2108.030029296875
2007-03-13,2064.989990234375
2007-03-14,2063.3701171875
2007-03-15,2082.760009765625
2007-03-16,2098.320068359375
2007-03-19,2111.389892578125
2007-03-20,2140.1201171875
2007-03-21,2164.5
2007-03-22,2156.010009765625
2007-03-23,2150.2099609375
2007-03-26,2162.7900390625
2007-03-27,2154.77001953125
2007-03-28,2151.25
2007-03-29,2172.199951171875
2007-03-30,2174.89990234375
2007-04-02,2180.27001953125
2007-04-03,2190.090087890625
2007-04-04,2190.550048828125
2007-04-05,2197.820068359375
2007-04-09,2197.949951171875
2007-04-10,2205.550048828125
2007-04-11,2199.050048828125
2007-04-12,2211.489990234375
2007-04-13,2224.419921875
2007-04-16,2229.6298828125
2007-04-17,2238.010009765625
2007-04-18,2232.969970703125
2007-04-19,2207.5400390625
2007-04-20,2219.489990234375
2007-04-23,2209.889892578125
2007-04-24,2201.429931640625
2007-04-25,2217.110107421875
2007-04-26,2197.25
2007-04-27,2204.989990234375
2007-04-30,2195.280029296875
2007-05-01,2185.159912109375
2007-05-02,2208.5400390625
2007-05-03,2223.39990234375
2007-05-04,2243.169921875
2007-05-07,2252.010009765625
2007-05-08,2242.969970703125
2007-05-09,2239.360107421875
2007-05-10,2217.330078125
2007-05-11,2243.489990234375
2007-05-14,2235.679931640625
2007-05-15,2250.389892578125
2007-05-16,2259.72998046875
2007-05-17,2266.77001953125
2007-05-18,2296.949951171875
2007-05-21,2298.239990234375
2007-05-22,2316.639892578125
2007-05-23,2314.669921875
2007-05-24,2300.6201171875
2007-05-25,2320.330078125
2007-05-29,2342.06005859375
2007-05-30,2351.760009765625
2007-05-31,2363.2099609375
2007-06-01,2386.169921875
2007-06-04,2391.25
2007-06-05,2371.070068359375
2007-06-06,2358.139892578125
2007-06-07,2306.6201171875
2007-06-08,2311.760009765625
2007-06-11,2322.409912109375
2007-06-12,2299.989990234375
2007-06-13,2314.389892578125
2007-06-14,2332.6201171875
2007-06-15,2337.25
2007-06-18,2342.780029296875
2007-06-19,2339.010009765625
2007-06-20,2330.1298828125
2007-06-21,2310.090087890625
2007-06-22,2316.949951171875
2007-06-25,2307.0400390625
2007-06-26,2326.5
2007-06-27,2349.14990234375
2007-06-28,2346.47998046875
2007-06-29,2356.3798828125
2007-07-02,2359.389892578125
2007-07-03,2361.760009765625
2007-07-05,2381.9599609375
2007-07-06,2384.6201171875
2007-07-09,2391.199951171875
2007-07-10,2358.89990234375
2007-07-11,2381.6298828125
2007-07-12,2397.080078125
2007-07-13,2392.52001953125
2007-07-16,2389.820068359375
2007-07-17,2385.330078125
2007-07-18,2388.0400390625
2007-07-19,2387.2099609375
2007-07-20,2373.27001953125
2007-07-23,2368.81005859375
2007-07-24,2337.27001953125
2007-07-25,2350.929931640625
2007-07-26,2294.969970703125
2007-07-27,2247.820068359375
2007-07-30,2250.159912109375
2007-07-31,2270.659912109375
2007-08-01,2255.800048828125
2007-08-02,2273.489990234375
2007-08-03,2237.969970703125
2007-08-06,2246.820068359375
2007-08-07,2248.4599609375
2007-08-08,2281.31005859375
2007-08-09,2242.860107421875
2007-08-10,2230.4599609375
2007-08-13,2240.199951171875
2007-08-14,2193.110107421875
2007-08-15,2153.68994140625
2007-08-16,2125.909912109375
2007-08-17,2160.080078125
2007-08-20,2171.43994140625
2007-08-21,2180.610107421875
2007-08-22,2205.489990234375
2007-08-23,2215.800048828125
2007-08-24,2248.489990234375
2007-08-27,2238.360107421875
2007-08-28,2177.139892578125
2007-08-29,2216.050048828125
2007-08-30,2202.419921875
2007-08-31,2248.60009765625
2007-09-04,2267.1298828125
2007-09-05,2250.340087890625
2007-09-06,2261.179931640625
2007-09-07,2242.139892578125
2007-09-10,2229.280029296875
2007-09-11,2268.989990234375
2007-09-12,2297.780029296875
2007-09-13,2322.22998046875
2007-09-14,2297.510009765625
2007-09-17,2289.280029296875
2007-09-18,2334.7900390625
2007-09-19,2324.219970703125
2007-09-20,2361.22998046875
2007-09-21,2382.02001953125
2007-09-24,2371.0
2007-09-25,2370.1298828125
2007-09-26,2398.2900390625
2007-09-27,2411.39990234375
2007-09-28,2410.18994140625
2007-10-01,2410.469970703125
2007-10-02,2401.169921875
2007-10-03,2383.39990234375
2007-10-04,2396.760009765625
2007-10-05,2415.639892578125
2007-10-08,2400.52001953125
2007-10-09,2416.8701171875
2007-10-10,2425.860107421875
2007-10-11,2429.169921875
2007-10-12,2446.830078125
2007-10-15,2440.47998046875
2007-10-16,2433.280029296875
2007-10-17,2455.330078125
2007-10-18,2476.590087890625
2007-10-19,2440.280029296875
2007-10-22,2431.5400390625
2007-10-23,2453.39990234375
2007-10-24,2440.919921875
2007-10-25,2443.8798828125
2007-10-26,2486.02001953125
2007-10-29,2514.800048828125
2007-10-30,2488.780029296875
2007-10-31,2530.340087890625
2007-11-01,2485.22998046875
2007-11-02,2505.0400390625
2007-11-05,2494.2900390625
2007-11-06,2538.909912109375
2007-11-07,2500.0
2007-11-08,2485.409912109375
2007-11-09,2436.840087890625
2007-11-12,2378.27001953125
2007-11-13,2413.27001953125
2007-11-14,2408.3701171875
2007-11-15,2380.489990234375
2007-11-16,2405.409912109375
2007-11-19,2342.18994140625
2007-11-20,2366.860107421875
2007-11-21,2337.969970703125
2007-11-23,2384.219970703125
2007-11-26,2331.429931640625
2007-11-27,2296.43994140625
2007-11-28,2353.93994140625
2007-11-29,2333.530029296875
2007-11-30,2359.85009765625
2007-12-03,2351.550048828125
2007-12-04,2337.010009765625
2007-12-05,2355.64990234375
2007-12-06,2407.39990234375
2007-12-07,2402.010009765625
2007-12-10,2426.840087890625
2007-12-11,2372.3701171875
2007-12-12,2392.2099609375
2007-12-13,2370.409912109375
2007-12-14,2351.840087890625
2007-12-17,2342.239990234375
2007-12-18,2341.179931640625
2007-12-19,2334.530029296875
2007-12-20,2357.3701171875
2007-12-21,2404.3798828125
2007-12-24,2429.81005859375
2007-12-26,2436.639892578125
2007-12-27,2425.590087890625
2007-12-28,2428.219970703125
2007-12-31,2409.6201171875
2008-01-02,2405.030029296875
2008-01-03,2419.0400390625
2008-01-04,2382.4599609375
2008-01-07,2382.070068359375
2008-01-08,2365.9599609375
2008-01-09,2383.800048828125
2008-01-10,2416.449951171875
2008-01-11,2362.199951171875
2008-01-14,2367.280029296875
2008-01-15,2313.5
2008-01-16,2289.280029296875
2008-01-17,2246.56005859375
2008-01-18,2239.090087890625
2008-01-22,2172.320068359375
2008-01-23,2145.43994140625
2008-01-24,2183.18994140625
2008-01-25,2195.070068359375
2008-01-28,2198.419921875
2008-01-29,2214.81005859375
2008-01-30,2209.68994140625
2008-01-31,2215.320068359375
2008-02-01,2257.280029296875
2008-02-04,2256.919921875
2008-02-05,2210.300048828125
2008-02-06,2212.72998046875
2008-02-07,2207.340087890625
2008-02-08,2229.9599609375
2008-02-11,2246.610107421875
2008-02-12,2245.18994140625
2008-02-13,2274.239990234375
2008-02-14,2263.10009765625
2008-02-15,2244.5
2008-02-19,2246.989990234375
2008-02-20,2264.360107421875
2008-02-21,2258.18994140625
2008-02-22,2277.909912109375
2008-02-25,2306.909912109375
2008-02-26,2347.81005859375
2008-02-27,2354.659912109375
2008-02-28,2364.2900390625
2008-02-29,2326.60009765625
2008-03-03,2322.110107421875
2008-03-04,2313.739990234375
2008-03-05,2317.43994140625
2008-03-06,2303.43994140625
2008-03-07,2272.590087890625
2008-03-10,2257.81005859375
2008-03-11,2299.35009765625
2008-03-12,2306.39990234375
2008-03-13,2339.10009765625
2008-03-14,2285.610107421875
2008-03-17,2228.050048828125
2008-03-18,2268.81005859375
2008-03-19,2186.3798828125
2008-03-20,2191.14990234375
2008-03-24,2219.6298828125
2008-03-25,2223.409912109375
2008-03-26,2219.77001953125
2008-03-27,2236.0400390625
2008-03-28,2222.929931640625
2008-03-31,2231.830078125
2008-04-01,2251.0400390625
2008-04-02,2251.110107421875
2008-04-03,2258.590087890625
2008-04-04,2266.02001953125
2008-04-07,2271.0400390625
2008-04-08,2272.68994140625
2008-04-09,2262.56005859375
2008-04-10,2270.360107421875
2008-04-11,2242.139892578125
2008-04-14,2253.89990234375
2008-04-15,2267.929931640625
2008-04-16,2345.830078125
2008-04-17,2342.25
2008-04-18,2365.77001953125
2008-04-21,2367.080078125
2008-04-22,2352.85009765625
2008-04-23,2344.06005859375
2008-04-24,2321.199951171875
2008-04-25,2319.239990234375
2008-04-28,2324.31005859375
2008-04-29,2287.909912109375
2008-04-30,2295.469970703125
2008-05-01,2296.1298828125
2008-05-02,2285.64990234375
2008-05-05,2290.889892578125
2008-05-06,2337.469970703125
2008-05-07,2338.89990234375
2008-05-08,2348.06005859375
2008-05-09,2347.5400390625
2008-05-12,2358.449951171875
2008-05-13,2355.110107421875
2008-05-14,2344.31005859375
2008-05-15,2346.580078125
2008-05-16,2375.719970703125
2008-05-19,2374.89990234375
2008-05-20,2405.429931640625
2008-05-21,2397.610107421875
2008-05-22,2383.85009765625
2008-05-23,2371.5
2008-05-27,2349.929931640625
2008-05-28,2358.739990234375
2008-05-29,2354.5
2008-05-30,2355.1201171875
2008-06-02,2353.969970703125
2008-06-03,2340.3798828125
2008-06-04,2331.419921875
2008-06-05,2368.639892578125
2008-06-06,2353.7099609375
2008-06-09,2344.14990234375
2008-06-10,2321.260009765625
2008-06-11,2312.389892578125
2008-06-12,2293.52001953125
2008-06-13,2301.659912109375
2008-06-16,2314.219970703125
2008-06-17,2312.409912109375
2008-06-18,2307.300048828125
2008-06-19,2283.22998046875
2008-06-20,2240.3798828125
2008-06-23,2254.139892578125
2008-06-24,2231.18994140625
2008-06-25,2238.949951171875
2008-06-26,2208.679931640625
2008-06-27,2210.840087890625
2008-06-30,2232.0400390625
2008-07-01,2218.0
2008-07-02,2186.02001953125
2008-07-03,2161.1298828125
2008-07-07,2144.409912109375
2008-07-08,2137.139892578125
2008-07-09,2152.830078125
2008-07-10,2159.590087890625
2008-07-11,2147.469970703125
2008-07-14,2159.719970703125
2008-07-15,2124.2099609375
2008-07-16,2129.889892578125
2008-07-17,2132.300048828125
2008-07-18,2147.6298828125
2008-07-21,2155.31005859375
2008-07-22,2171.06005859375
2008-07-23,2157.909912109375
2008-07-24,2124.3701171875
2008-07-25,2152.010009765625
2008-07-28,2134.3701171875
2008-07-29,2144.030029296875
2008-07-30,2186.510009765625
2008-07-31,2144.239990234375
2008-08-01,2148.199951171875
2008-08-04,2117.969970703125
2008-08-05,2128.090087890625
2008-08-06,2137.75
2008-08-07,2100.60009765625
2008-08-08,2073.35009765625
2008-08-11,2061.35009765625
2008-08-12,2052.10009765625
2008-08-13,2067.93994140625
2008-08-14,2056.14990234375
2008-08-15,2036.449951171875
2008-08-18,2037.4599609375
2008-08-19,2039.3699951171875
2008-08-20,2063.43994140625
2008-08-21,2090.590087890625
2008-08-22,2084.489990234375
2008-08-25,2056.39990234375
2008-08-26,2058.830078125
2008-08-27,2077.43994140625
2008-08-28,2086.77001953125
2008-08-29,2079.239990234375
2008-09-02,2026.239990234375
2008-09-03,1988.4200439453125
2008-09-04,1934.4000244140625
2008-09-05,1928.8199462890625
2008-09-08,1921.56005859375
2008-09-09,1867.280029296875
2008-09-10,1885.219970703125
2008-09-11,1877.22998046875
2008-09-12,1905.75
2008-09-15,1846.68994140625
2008-09-16,1835.5999755859373
2008-09-17,1794.3900146484375
2008-09-18,1872.72998046875
2008-09-19,1931.050048828125
2008-09-22,1902.56005859375
2008-09-23,1899.9599609375
2008-09-24,1885.449951171875
2008-09-25,1922.8699951171875
2008-09-26,1916.43994140625
2008-09-29,1758.93994140625
2008-09-30,1786.8900146484375
2008-10-01,1832.989990234375
2008-10-02,1762.43994140625
2008-10-03,1747.5699462890625
2008-10-06,1615.699951171875
2008-10-07,1550.5
2008-10-08,1490.0
2008-10-09,1370.8199462890625
2008-10-10,1290.780029296875
2008-10-13,1462.56005859375
2008-10-14,1496.8499755859375
2008-10-15,1395.9100341796875
2008-10-16,1418.2900390625
2008-10-17,1421.699951171875
2008-10-20,1508.6700439453125
2008-10-21,1414.280029296875
2008-10-22,1328.52001953125
2008-10-23,1315.969970703125
2008-10-24,1291.739990234375
2008-10-27,1283.8900146484375
2008-10-28,1425.6600341796875
2008-10-29,1428.1400146484375
2008-10-30,1457.4100341796875
2008-10-31,1466.9000244140625
2008-11-03,1475.3199462890625
2008-11-04,1527.739990234375
2008-11-05,1452.5400390625
2008-11-06,1388.8499755859375
2008-11-07,1425.6800537109375
2008-11-10,1428.02001953125
2008-11-11,1369.81005859375
2008-11-12,1304.489990234375
2008-11-13,1367.6199951171875
2008-11-14,1307.97998046875
2008-11-17,1308.3800048828125
2008-11-18,1306.7099609375
2008-11-19,1245.4200439453125
2008-11-20,1157.47998046875
2008-11-21,1203.9200439453125
2008-11-24,1301.02001953125
2008-11-25,1344.239990234375
2008-11-26,1371.4300537109375
2008-11-28,1364.010009765625
2008-12-01,1228.550048828125
2008-12-02,1270.1700439453125
2008-12-03,1316.530029296875
2008-12-04,1241.280029296875
2008-12-05,1278.1600341796875
2008-12-08,1319.1300048828125
2008-12-09,1309.4000244140625
2008-12-10,1326.050048828125
2008-12-11,1321.550048828125
2008-12-12,1319.780029296875
2008-12-15,1319.0899658203125
2008-12-16,1390.6400146484375
2008-12-17,1358.6700439453125
2008-12-18,1352.4300537109375
2008-12-19,1341.43994140625
2008-12-22,1329.0999755859375
2008-12-23,1339.3599853515625
2008-12-24,1330.18994140625
2008-12-26,1346.9000244140625
2008-12-29,1353.949951171875
2008-12-30,1373.27001953125
2008-12-31,1397.530029296875
2009-01-02,1444.2900390625
2009-01-05,1461.219970703125
2009-01-06,1473.8900146484375
2009-01-07,1421.4599609375
2009-01-08,1466.6199951171875
2009-01-09,1467.4599609375
2009-01-12,1420.93994140625
2009-01-13,1405.0
2009-01-14,1338.760009765625
2009-01-15,1362.9100341796875
2009-01-16,1383.18994140625
2009-01-20,1329.6500244140625
2009-01-21,1357.4200439453125
2009-01-22,1339.300048828125
2009-01-23,1361.9200439453125
2009-01-26,1388.3699951171875
2009-01-27,1399.56005859375
2009-01-28,1420.9200439453125
2009-01-29,1405.719970703125
2009-01-30,1420.4300537109375
2009-02-02,1397.5899658203125
2009-02-03,1424.7900390625
2009-02-04,1404.25
2009-02-05,1426.5
2009-02-06,1437.8699951171875
2009-02-09,1457.260009765625
2009-02-10,1402.7099609375
2009-02-11,1403.18994140625
2009-02-12,1405.6600341796875
2009-02-13,1401.1199951171875
2009-02-17,1364.4599609375
2009-02-18,1341.989990234375
2009-02-19,1351.530029296875
2009-02-20,1333.489990234375
2009-02-23,1293.22998046875
2009-02-24,1319.050048828125
2009-02-25,1311.9599609375
2009-02-26,1329.4000244140625
2009-02-27,1332.4200439453125
2009-03-02,1260.75
2009-03-03,1249.31005859375
2009-03-04,1280.8699951171875
2009-03-05,1262.010009765625
2009-03-06,1267.81005859375
2009-03-09,1246.4599609375
2009-03-10,1295.93994140625
2009-03-11,1265.6800537109375
2009-03-12,1306.27001953125
2009-03-13,1299.969970703125
2009-03-16,1303.1099853515625
2009-03-17,1318.719970703125
2009-03-18,1327.72998046875
2009-03-19,1335.739990234375
2009-03-20,1321.969970703125
2009-03-23,1372.1800537109375
2009-03-24,1362.81005859375
2009-03-25,1374.739990234375
2009-03-26,1380.0699462890625
2009-03-27,1349.550048828125
2009-03-30,1332.449951171875
2009-03-31,1359.3299560546875
2009-04-01,1385.5699462890625
2009-04-02,1419.18994140625
2009-04-03,1403.3900146484375
2009-04-06,1387.530029296875
2009-04-07,1377.72998046875
2009-04-08,1387.6400146484375
2009-04-09,1393.719970703125
2009-04-13,1402.030029296875
2009-04-14,1365.510009765625
2009-04-15,1408.219970703125
2009-04-16,1413.1099853515625
2009-04-17,1394.6700439453125
2009-04-20,1355.8699951171875
2009-04-21,1376.18994140625
2009-04-22,1361.5999755859375
2009-04-23,1396.47998046875
2009-04-24,1406.8599853515625
2009-04-27,1383.4599609375
2009-04-28,1386.2900390625
2009-04-29,1412.3699951171875
2009-04-30,1416.5899658203125
2009-05-01,1440.030029296875
2009-05-04,1451.469970703125
2009-05-05,1432.800048828125
2009-05-06,1468.3800048828125
2009-05-07,1468.1199951171875
2009-05-08,1522.75
2009-05-11,1489.9000244140625
2009-05-12,1511.7099609375
2009-05-13,1473.6500244140625
2009-05-14,1483.8599853515625
2009-05-15,1473.300048828125
2009-05-18,1510.5
2009-05-19,1503.9300537109375
2009-05-20,1533.300048828125
2009-05-21,1522.6800537109375
2009-05-22,1535.1099853515625
2009-05-26,1580.72998046875
2009-05-27,1562.52001953125
2009-05-28,1590.02001953125
2009-05-29,1611.280029296875
2009-06-01,1645.2099609375
2009-06-02,1661.6500244140625
2009-06-03,1613.5799560546875
2009-06-04,1627.0
2009-06-05,1609.719970703125
2009-06-08,1611.25
2009-06-09,1612.780029296875
2009-06-10,1614.3699951171875
2009-06-11,1643.3399658203125
2009-06-12,1623.0
2009-06-15,1585.0
2009-06-16,1572.489990234375
2009-06-17,1575.8499755859375
2009-06-18,1570.699951171875
2009-06-19,1581.8299560546875
2009-06-22,1548.3299560546875
2009-06-23,1554.0999755859375
2009-06-24,1556.18994140625
2009-06-25,1589.260009765625
2009-06-26,1591.1800537109375
2009-06-29,1593.280029296875
2009-06-30,1582.02001953125
2009-07-01,1593.3699951171875
2009-07-02,1567.050048828125
2009-07-06,1568.3299560546875
2009-07-07,1529.4000244140625
2009-07-08,1507.4300537109375
2009-07-09,1531.06005859375
2009-07-10,1518.3499755859375
2009-07-13,1541.43994140625
2009-07-14,1555.8699951171875
2009-07-15,1607.0
2009-07-16,1615.739990234375
2009-07-17,1624.550048828125
2009-07-20,1636.93994140625
2009-07-21,1635.449951171875
2009-07-22,1642.97998046875
2009-07-23,1665.72998046875
2009-07-24,1673.18994140625
2009-07-27,1680.43994140625
2009-07-28,1673.1600341796875
2009-07-29,1671.93994140625
2009-07-30,1676.6199951171875
2009-07-31,1709.3399658203125
2009-08-03,1722.81005859375
2009-08-04,1724.8299560546875
2009-08-05,1718.9599609375
2009-08-06,1696.0400390625
2009-08-07,1698.4599609375
2009-08-10,1685.510009765625
2009-08-11,1680.239990234375
2009-08-12,1692.9100341796875
2009-08-13,1703.1800537109375
2009-08-14,1686.8499755859375
2009-08-17,1640.6700439453125
2009-08-18,1667.6700439453125
2009-08-19,1673.7900390625
2009-08-20,1679.7099609375
2009-08-21,1707.3299560546875
2009-08-24,1701.9000244140625
2009-08-25,1693.9300537109375
2009-08-26,1682.949951171875
2009-08-27,1692.469970703125
2009-08-28,1686.0400390625
2009-08-31,1670.6500244140625
2009-09-01,1662.949951171875
2009-09-02,1684.719970703125
2009-09-03,1690.5899658203125
2009-09-04,1719.68994140625
2009-09-08,1742.6099853515625
2009-09-09,1750.6300048828125
2009-09-10,1786.97998046875
2009-09-11,1791.4000244140625
2009-09-14,1788.52001953125
2009-09-15,1805.1300048828125
2009-09-16,1828.8599853515625
2009-09-17,1814.75
2009-09-18,1801.18994140625
2009-09-21,1786.27001953125
2009-09-22,1803.5400390625
2009-09-23,1799.3499755859375
2009-09-24,1755.77001953125
2009-09-25,1744.6099853515625
2009-09-28,1764.0999755859375
2009-09-29,1770.0799560546875
2009-09-30,1778.6700439453125
2009-10-01,1741.3900146484375
2009-10-02,1734.6500244140625
2009-10-05,1764.800048828125
2009-10-06,1780.81005859375
2009-10-07,1786.5699462890625
2009-10-08,1818.5899658203125
2009-10-09,1810.6400146484373
2009-10-12,1813.969970703125
2009-10-13,1821.6500244140625
2009-10-14,1848.9300537109373
2009-10-15,1860.2099609375
2009-10-16,1860.6099853515625
2009-10-19,1878.8399658203125
2009-10-20,1860.550048828125
2009-10-21,1857.4000244140625
2009-10-22,1857.0400390625
2009-10-23,1834.1300048828125
2009-10-26,1802.4000244140625
2009-10-27,1806.5899658203125
2009-10-28,1744.3299560546875
2009-10-29,1771.25
2009-10-30,1752.22998046875
2009-11-02,1739.75
2009-11-03,1754.5400390625
2009-11-04,1764.18994140625
2009-11-05,1787.31005859375
2009-11-06,1788.75
2009-11-09,1823.8800048828125
2009-11-10,1822.5899658203125
2009-11-11,1822.260009765625
2009-11-12,1808.8699951171875
2009-11-13,1820.8399658203125
2009-11-16,1835.550048828125
2009-11-17,1835.3199462890625
2009-11-18,1825.6500244140625
2009-11-19,1805.3599853515625
2009-11-20,1782.0699462890625
2009-11-23,1803.56005859375
2009-11-24,1799.8699951171875
2009-11-25,1817.25
2009-11-27,1760.780029296875
2009-11-30,1762.4599609375
2009-12-01,1806.0999755859373
2009-12-02,1806.6800537109373
2009-12-03,1787.3800048828125
2009-12-04,1792.47998046875
2009-12-07,1788.31005859375
2009-12-08,1759.3199462890625
2009-12-09,1767.8800048828125
2009-12-10,1778.760009765625
2009-12-11,1779.1300048828125
2009-12-14,1791.5999755859375
2009-12-15,1776.7900390625
2009-12-16,1787.18994140625
2009-12-17,1762.1099853515625
2009-12-18,1767.0400390625
2009-12-21,1781.6700439453125
2009-12-22,1789.3299560546875
2009-12-23,1816.219970703125
2009-12-24,1824.3800048828125
2009-12-28,1824.3499755859373
2009-12-29,1821.9000244140625
2009-12-30,1823.8800048828125
2009-12-31,1824.93994140625
2010-01-04,1853.6600341796875
2010-01-05,1859.9200439453125
2010-01-06,1866.9000244140625
2010-01-07,1868.02001953125
2010-01-08,1872.5
2010-01-11,1883.02001953125
2010-01-12,1874.3399658203125
2010-01-13,1885.5699462890625
2010-01-14,1887.9300537109373
2010-01-15,1887.5699462890625
2010-01-19,1907.949951171875
2010-01-20,1881.8199462890625
2010-01-21,1847.3800048828125
2010-01-22,1820.31005859375
2010-01-25,1822.2099609375
2010-01-26,1814.9300537109373
2010-01-27,1820.75
2010-01-28,1800.9599609375
2010-01-29,1796.3299560546875
2010-02-01,1813.3900146484373
2010-02-02,1836.9200439453125
2010-02-03,1820.3199462890625
2010-02-04,1771.9200439453125
2010-02-05,1769.5799560546875
2010-02-08,1766.1400146484375
2010-02-09,1793.3699951171875
2010-02-10,1786.22998046875
2010-02-11,1833.9100341796875
2010-02-12,1840.93994140625
2010-02-16,1857.239990234375
2010-02-17,1864.8599853515625
2010-02-18,1869.3800048828125
2010-02-19,1880.2099609375
2010-02-22,1863.3800048828125
2010-02-23,1849.4000244140625
2010-02-24,1852.9300537109373
2010-02-25,1834.2099609375
2010-02-26,1845.7099609375
2010-03-01,1868.9300537109373
2010-03-02,1884.9100341796875
2010-03-03,1898.3699951171875
2010-03-04,1902.719970703125
2010-03-05,1919.0
2010-03-08,1916.9000244140625
2010-03-09,1902.6800537109373
2010-03-10,1881.9100341796875
2010-03-11,1889.9100341796875
2010-03-12,1896.6600341796875
2010-03-15,1881.8699951171875
2010-03-16,1900.0799560546875
2010-03-17,1907.1099853515625
2010-03-18,1907.52001953125
2010-03-19,1876.1300048828125
2010-03-22,1889.3800048828125
2010-03-23,1896.0999755859373
2010-03-24,1875.43994140625
2010-03-25,1867.0699462890625
2010-03-26,1876.1400146484373
2010-03-29,1891.9100341796875
2010-03-30,1901.780029296875
2010-03-31,1906.97998046875
2010-04-01,1944.68994140625
2010-04-05,1969.6199951171875
2010-04-06,1960.8699951171875
2010-04-07,1956.4200439453125
2010-04-08,1951.4300537109373
2010-04-09,1966.6400146484373
2010-04-12,1980.050048828125
2010-04-13,1974.010009765625
2010-04-14,1981.8399658203125
2010-04-15,1964.2900390625
2010-04-16,1935.760009765625
2010-04-19,1936.9599609375
2010-04-20,1964.530029296875
2010-04-21,1951.4599609375
2010-04-22,1963.5699462890625
2010-04-23,1982.280029296875
2010-04-26,1987.6800537109373
2010-04-27,1943.0999755859373
2010-04-28,1939.5899658203125
2010-04-29,1956.030029296875
2010-04-30,1927.6500244140625
2010-05-03,1927.9100341796875
2010-05-04,1895.449951171875
2010-05-05,1864.969970703125
2010-05-06,1811.800048828125
2010-05-07,1792.3599853515625
2010-05-10,1866.219970703125
2010-05-11,1881.25
2010-05-12,1901.1800537109373
2010-05-13,1884.9100341796875
2010-05-14,1848.699951171875
2010-05-17,1832.219970703125
2010-05-18,1804.449951171875
2010-05-19,1787.81005859375
2010-05-20,1721.8399658203125
2010-05-21,1743.93994140625
2010-05-24,1732.989990234375
2010-05-25,1724.31005859375
2010-05-26,1731.5
2010-05-27,1797.949951171875
2010-05-28,1780.18994140625
2010-06-01,1790.6500244140625
2010-06-02,1831.52001953125
2010-06-03,1830.9000244140625
2010-06-04,1789.510009765625
2010-06-07,1783.02001953125
2010-06-08,1805.3900146484373
2010-06-09,1800.3399658203125
2010-06-10,1844.1700439453125
2010-06-11,1842.7900390625
2010-06-14,1849.97998046875
2010-06-15,1881.81005859375
2010-06-16,1886.9200439453125
2010-06-17,1894.469970703125
2010-06-18,1883.699951171875
2010-06-21,1875.0999755859373
2010-06-22,1858.719970703125
2010-06-23,1860.27001953125
2010-06-24,1840.0400390625
2010-06-25,1862.1199951171875
2010-06-28,1858.5999755859373
2010-06-29,1805.1600341796875
2010-06-30,1795.6300048828125
2010-07-01,1795.1800537109375
2010-07-02,1798.5699462890625
2010-07-06,1799.469970703125
2010-07-07,1826.8299560546875
2010-07-08,1838.8599853515625
2010-07-09,1848.3599853515625
2010-07-12,1846.8699951171875
2010-07-13,1887.0
2010-07-14,1883.0799560546875
2010-07-15,1902.699951171875
2010-07-16,1858.719970703125
2010-07-19,1852.22998046875
2010-07-20,1870.3900146484373
2010-07-21,1846.1700439453125
2010-07-22,1886.739990234375
2010-07-23,1908.6199951171875
2010-07-26,1923.9100341796875
2010-07-27,1916.1099853515625
2010-07-28,1899.5699462890625
2010-07-29,1886.9200439453125
2010-07-30,1894.4100341796875
2010-08-02,1922.239990234375
2010-08-03,1934.1700439453125
2010-08-04,1952.489990234375
2010-08-05,1939.2099609375
2010-08-06,1937.3599853515625
2010-08-09,1944.530029296875
2010-08-10,1929.9599609375
2010-08-11,1882.97998046875
2010-08-12,1890.949951171875
2010-08-13,1896.9200439453125
2010-08-16,1910.8699951171875
2010-08-17,1927.760009765625
2010-08-18,1914.050048828125
2010-08-19,1875.93994140625
2010-08-20,1864.5999755859373
2010-08-23,1858.68994140625
2010-08-24,1846.8199462890625
2010-08-25,1855.8399658203125
2010-08-26,1861.81005859375
2010-08-27,1893.739990234375
2010-08-30,1880.1300048828125
2010-08-31,1877.300048828125
2010-09-01,1922.4100341796875
2010-09-02,1933.530029296875
2010-09-03,1949.3699951171875
2010-09-07,1933.010009765625
2010-09-08,1948.9000244140625
2010-09-09,1949.1700439453125
2010-09-10,1966.6400146484373
2010-09-13,1977.3699951171875
2010-09-14,1979.1800537109373
2010-09-15,1990.3800048828125
2010-09-16,1987.1400146484373
2010-09-17,1988.9599609375
2010-09-20,2007.3599853515625
2010-09-21,2004.75
2010-09-22,1997.780029296875
2010-09-23,1995.6400146484373
2010-09-24,2030.0899658203125
2010-09-27,2018.1099853515625
2010-09-28,2025.1800537109373
2010-09-29,2021.3699951171875
2010-09-30,2021.8800048828125
2010-10-01,2035.06005859375
2010-10-04,2020.2900390625
2010-10-05,2059.43994140625
2010-10-06,2058.110107421875
2010-10-07,2046.3199462890625
2010-10-08,2071.139892578125
2010-10-11,2080.52001953125
2010-10-12,2087.139892578125
2010-10-13,2110.56005859375
2010-10-14,2105.239990234375
2010-10-15,2100.6298828125
2010-10-18,2105.989990234375
2010-10-19,2060.8701171875
2010-10-20,2086.469970703125
2010-10-21,2070.330078125
2010-10-22,2063.159912109375
2010-10-25,2081.080078125
2010-10-26,2084.419921875
2010-10-27,2063.739990234375
2010-10-28,2074.8701171875
2010-10-29,2083.889892578125
2010-11-01,2086.14990234375
2010-11-02,2111.81005859375
2010-11-03,2119.590087890625
2010-11-04,2152.280029296875
2010-11-05,2153.360107421875
2010-11-08,2163.60009765625
2010-11-09,2129.780029296875
2010-11-10,2141.510009765625
2010-11-11,2133.510009765625
2010-11-12,2107.389892578125
2010-11-15,2093.39990234375
2010-11-16,2051.510009765625
2010-11-17,2054.800048828125
2010-11-18,2090.75
2010-11-19,2104.489990234375
2010-11-22,2100.6201171875
2010-11-23,2072.93994140625
2010-11-24,2089.6298828125
2010-11-26,2074.860107421875
2010-11-29,2060.8701171875
2010-11-30,2057.010009765625
2010-12-01,2081.110107421875
2010-12-02,2091.510009765625
2010-12-03,2105.139892578125
2010-12-06,2106.169921875
2010-12-07,2101.580078125
2010-12-08,2097.18994140625
2010-12-09,2099.760009765625
2010-12-10,2118.199951171875
2010-12-13,2123.419921875
2010-12-14,2130.030029296875
2010-12-15,2110.0400390625
2010-12-16,2119.050048828125
2010-12-17,2133.93994140625
2010-12-20,2141.340087890625
2010-12-21,2164.280029296875
2010-12-22,2163.7099609375
2010-12-23,2170.179931640625
2010-12-27,2175.320068359375
2010-12-28,2190.830078125
2010-12-29,2201.030029296875
2010-12-30,2195.449951171875
2010-12-31,2208.3798828125
2011-01-03,2217.6201171875
2011-01-04,2198.580078125
2011-01-05,2200.510009765625
2011-01-06,2172.909912109375
2011-01-07,2150.580078125
2011-01-10,2158.5
2011-01-11,2187.860107421875
2011-01-12,2203.3798828125
2011-01-13,2167.77001953125
2011-01-14,2185.52001953125
2011-01-18,2193.14990234375
2011-01-19,2164.35009765625
2011-01-20,2134.800048828125
2011-01-21,2125.8798828125
2011-01-24,2157.6201171875
2011-01-25,2142.22998046875
2011-01-26,2174.860107421875
2011-01-27,2166.429931640625
2011-01-28,2140.2900390625
2011-01-31,2172.030029296875
2011-02-01,2201.280029296875
2011-02-02,2222.3701171875
2011-02-03,2265.0400390625
2011-02-04,2256.449951171875
2011-02-07,2273.47998046875
2011-02-08,2267.739990234375
2011-02-09,2255.909912109375
2011-02-10,2258.18994140625
2011-02-11,2266.4599609375
2011-02-14,2275.8701171875
2011-02-15,2292.969970703125
2011-02-16,2307.6298828125
2011-02-17,2332.9599609375
2011-02-18,2346.820068359375
2011-02-22,2325.260009765625
2011-02-23,2337.820068359375
2011-02-24,2319.169921875
2011-02-25,2358.780029296875
2011-02-28,2381.2900390625
2011-03-01,2380.340087890625
2011-03-02,2395.3701171875
2011-03-03,2407.68994140625
2011-03-04,2419.739990234375
2011-03-07,2402.070068359375
2011-03-08,2395.25
2011-03-09,2362.179931640625
2011-03-10,2300.830078125
2011-03-11,2306.639892578125
2011-03-14,2287.360107421875
2011-03-15,2244.610107421875
2011-03-16,2219.75
2011-03-17,2266.81005859375
2011-03-18,2272.340087890625
2011-03-21,2311.760009765625
2011-03-22,2318.3701171875
2011-03-23,2333.340087890625
2011-03-24,2320.7099609375
2011-03-25,2325.179931640625
2011-03-28,2310.31005859375
2011-03-29,2345.06005859375
2011-03-30,2374.010009765625
2011-03-31,2367.409912109375
2011-04-01,2396.7900390625
2011-04-04,2412.280029296875
2011-04-05,2443.5
2011-04-06,2433.820068359375
2011-04-07,2422.14990234375
2011-04-08,2447.8798828125
2011-04-11,2402.510009765625
2011-04-12,2374.070068359375
2011-04-13,2389.969970703125
2011-04-14,2401.989990234375
2011-04-15,2408.679931640625
2011-04-18,2374.860107421875
2011-04-19,2403.77001953125
2011-04-20,2438.489990234375
2011-04-21,2452.739990234375
2011-04-25,2446.6298828125
2011-04-26,2450.68994140625
2011-04-27,2481.239990234375
2011-04-28,2474.699951171875
2011-04-29,2483.050048828125
2011-05-02,2454.9599609375
2011-05-03,2422.25
2011-05-04,2403.239990234375
2011-05-05,2363.179931640625
2011-05-06,2368.81005859375
2011-05-09,2390.5
2011-05-10,2412.56005859375
2011-05-11,2375.409912109375
2011-05-12,2370.60009765625
2011-05-13,2350.280029296875
2011-05-16,2328.47998046875
2011-05-17,2325.800048828125
2011-05-18,2357.6201171875
2011-05-19,2375.830078125
2011-05-20,2384.919921875
2011-05-23,2345.780029296875
2011-05-24,2364.22998046875
2011-05-25,2374.449951171875
2011-05-26,2407.389892578125
2011-05-27,2419.0400390625
2011-05-31,2437.159912109375
2011-06-01,2393.550048828125
2011-06-02,2377.070068359375
2011-06-03,2380.139892578125
2011-06-06,2352.72998046875
2011-06-07,2355.639892578125
2011-06-08,2330.4599609375
2011-06-09,2351.39990234375
2011-06-10,2319.239990234375
2011-06-13,2299.969970703125
2011-06-14,2320.889892578125
2011-06-15,2271.429931640625
2011-06-16,2257.22998046875
2011-06-17,2267.110107421875
2011-06-20,2268.6298828125
2011-06-21,2307.89990234375
2011-06-22,2302.489990234375
2011-06-23,2279.820068359375
2011-06-24,2260.659912109375
2011-06-27,2270.8701171875
2011-06-28,2298.1201171875
2011-06-29,2312.239990234375
2011-06-30,2343.8701171875
2011-07-01,2358.8798828125
2011-07-05,2394.0400390625
2011-07-06,2389.179931640625
2011-07-07,2411.719970703125
2011-07-08,2422.199951171875
2011-07-11,2377.47998046875
2011-07-12,2371.550048828125
2011-07-13,2398.14990234375
2011-07-14,2378.070068359375
2011-07-15,2405.18994140625
2011-07-18,2384.14990234375
2011-07-19,2387.22998046875
2011-07-20,2401.469970703125
2011-07-21,2439.68994140625
2011-07-22,2450.010009765625
2011-07-25,2444.590087890625
2011-07-26,2456.139892578125
2011-07-27,2408.7900390625
2011-07-28,2401.7900390625
2011-07-29,2364.989990234375
2011-08-01,2391.75
2011-08-02,2367.760009765625
2011-08-03,2370.739990234375
2011-08-04,2246.3701171875
2011-08-05,2245.679931640625
2011-08-08,2103.85009765625
2011-08-09,2221.10009765625
2011-08-10,2179.47998046875
2011-08-11,2236.530029296875
2011-08-12,2262.27001953125
2011-08-15,2305.409912109375
2011-08-16,2308.89990234375
2011-08-17,2301.2900390625
2011-08-18,2227.389892578125
2011-08-19,2202.1298828125
2011-08-22,2230.489990234375
2011-08-23,2267.989990234375
2011-08-24,2248.14990234375
2011-08-25,2203.449951171875
2011-08-26,2232.830078125
2011-08-29,2276.989990234375
2011-08-30,2283.169921875
2011-08-31,2289.489990234375
2011-09-01,2290.8798828125
2011-09-02,2276.110107421875
2011-09-06,2241.969970703125
2011-09-07,2274.669921875
2011-09-08,2254.989990234375
2011-09-09,2206.449951171875
2011-09-12,2189.550048828125
2011-09-13,2200.949951171875
2011-09-14,2219.300048828125
2011-09-15,2226.330078125
2011-09-16,2237.860107421875
2011-09-19,2200.419921875
2011-09-20,2218.89990234375
2011-09-21,2160.9599609375
2011-09-22,2071.989990234375
2011-09-23,2063.360107421875
2011-09-26,2086.27001953125
2011-09-27,2131.1298828125
2011-09-28,2073.389892578125
2011-09-29,2079.1201171875
2011-09-30,2050.47998046875
2011-10-03,2000.6199951171875
2011-10-04,2018.050048828125
2011-10-05,2058.070068359375
2011-10-06,2110.64990234375
2011-10-07,2094.300048828125
2011-10-10,2141.0400390625
2011-10-11,2131.25
2011-10-12,2139.070068359375
2011-10-13,2162.22998046875
2011-10-14,2186.530029296875
2011-10-17,2159.52001953125
2011-10-18,2186.72998046875
2011-10-19,2153.239990234375
2011-10-20,2164.2900390625
2011-10-21,2219.159912109375
2011-10-24,2237.989990234375
2011-10-25,2231.659912109375
2011-10-26,2275.7099609375
2011-10-27,2310.18994140625
2011-10-28,2337.52001953125
2011-10-31,2272.199951171875
2011-11-01,2233.409912109375
2011-11-02,2256.39990234375
2011-11-03,2300.330078125
2011-11-04,2298.719970703125
2011-11-07,2311.8701171875
2011-11-08,2339.929931640625
2011-11-09,2261.010009765625
2011-11-10,2262.530029296875
2011-11-11,2305.679931640625
2011-11-14,2270.2099609375
2011-11-15,2287.179931640625
2011-11-16,2271.0
2011-11-17,2236.56005859375
2011-11-18,2240.8701171875
2011-11-21,2187.860107421875
2011-11-22,2177.8798828125
2011-11-23,2119.300048828125
2011-11-25,2105.330078125
2011-11-28,2168.919921875
2011-11-29,2191.679931640625
2011-11-30,2276.89990234375
2011-12-01,2265.530029296875
2011-12-02,2252.3701171875
2011-12-05,2265.27001953125
2011-12-06,2272.89990234375
2011-12-07,2299.81005859375
2011-12-08,2273.090087890625
2011-12-09,2291.909912109375
2011-12-12,2257.889892578125
2011-12-13,2235.300048828125
2011-12-14,2213.679931640625
2011-12-15,2210.7099609375
2011-12-16,2204.909912109375
2011-12-19,2182.800048828125
2011-12-20,2230.699951171875
2011-12-21,2237.6298828125
2011-12-22,2246.27001953125
2011-12-23,2265.699951171875
2011-12-27,2265.6201171875
2011-12-28,2249.449951171875
2011-12-29,2266.1298828125
2011-12-30,2278.330078125
2012-01-03,2322.7099609375
2012-01-04,2317.030029296875
2012-01-05,2304.580078125
2012-01-06,2295.110107421875
2012-01-09,2297.64990234375
2012-01-10,2318.2099609375
2012-01-11,2279.68994140625
2012-01-12,2286.530029296875
2012-01-13,2264.919921875
2012-01-17,2274.6298828125
2012-01-18,2289.43994140625
2012-01-19,2271.050048828125
2012-01-20,2299.43994140625
2012-01-23,2319.5
2012-01-24,2313.43994140625
2012-01-25,2347.10009765625
2012-01-26,2353.27001953125
2012-01-27,2356.419921875
2012-01-30,2354.159912109375
2012-01-31,2358.969970703125
2012-02-01,2392.0400390625
2012-02-02,2388.550048828125
2012-02-03,2417.81005859375
2012-02-06,2417.27001953125
2012-02-07,2432.7900390625
2012-02-08,2427.510009765625
2012-02-09,2436.6298828125
2012-02-10,2418.06005859375
2012-02-13,2431.7900390625
2012-02-14,2429.06005859375
2012-02-15,2419.909912109375
2012-02-16,2448.239990234375
2012-02-17,2441.260009765625
2012-02-21,2443.760009765625
2012-02-22,2450.330078125
2012-02-23,2457.580078125
2012-02-24,2469.6201171875
2012-02-27,2464.909912109375
2012-02-28,2474.580078125
2012-02-29,2458.31005859375
2012-03-01,2483.719970703125
2012-03-02,2455.5
2012-03-05,2437.75
2012-03-06,2390.110107421875
2012-03-07,2382.64990234375
2012-03-08,2413.330078125
2012-03-09,2422.570068359375
2012-03-12,2409.18994140625
2012-03-13,2437.81005859375
2012-03-14,2410.389892578125
2012-03-15,2415.35009765625
2012-03-16,2423.75
2012-03-19,2437.239990234375
2012-03-20,2412.699951171875
2012-03-21,2419.64990234375
2012-03-22,2389.14990234375
2012-03-23,2407.110107421875
2012-03-26,2448.64990234375
2012-03-27,2432.760009765625
2012-03-28,2395.5
2012-03-29,2404.39990234375
2012-03-30,2405.919921875
2012-04-02,2461.510009765625
2012-04-03,2432.35009765625
2012-04-04,2385.1201171875
2012-04-05,2378.919921875
2012-04-09,2366.5400390625
2012-04-10,2327.52001953125
2012-04-11,2342.31005859375
2012-04-12,2376.22998046875
2012-04-13,2353.340087890625
2012-04-16,2358.760009765625
2012-04-17,2387.550048828125
2012-04-18,2396.110107421875
2012-04-19,2401.27001953125
2012-04-20,2417.47998046875
2012-04-23,2401.81005859375
2012-04-24,2387.06005859375
2012-04-25,2406.25
2012-04-26,2426.139892578125
2012-04-27,2434.8701171875
2012-04-30,2426.260009765625
2012-05-01,2438.02001953125
2012-05-02,2434.830078125
2012-05-03,2422.2900390625
2012-05-04,2390.739990234375
2012-05-07,2388.159912109375
2012-05-08,2349.929931640625
2012-05-09,2334.280029296875
2012-05-10,2335.429931640625
2012-05-11,2328.340087890625
2012-05-14,2294.169921875
2012-05-15,2274.550048828125
2012-05-16,2244.820068359375
2012-05-17,2220.300048828125
2012-05-18,2209.550048828125
2012-05-21,2240.090087890625
2012-05-22,2223.35009765625
2012-05-23,2217.8701171875
2012-05-24,2225.929931640625
2012-05-25,2227.3798828125
2012-05-29,2237.0400390625
2012-05-30,2195.81005859375
2012-05-31,2200.52001953125
2012-06-01,2175.919921875
2012-06-04,2181.679931640625
2012-06-05,2211.659912109375
2012-06-06,2250.1298828125
2012-06-07,2253.110107421875
2012-06-08,2262.889892578125
2012-06-11,2240.239990234375
2012-06-12,2277.610107421875
2012-06-13,2274.35009765625
2012-06-14,2281.409912109375
2012-06-15,2288.5400390625
2012-06-18,2298.10009765625
2012-06-19,2332.679931640625
2012-06-20,2332.27001953125
2012-06-21,2267.389892578125
2012-06-22,2279.320068359375
2012-06-25,2251.669921875
2012-06-26,2262.590087890625
2012-06-27,2278.68994140625
2012-06-28,2277.409912109375
2012-06-29,2327.889892578125
2012-07-02,2366.669921875
2012-07-03,2400.510009765625
2012-07-05,2376.43994140625
2012-07-06,2368.39990234375
2012-07-09,2367.10009765625
2012-07-10,2357.510009765625
2012-07-11,2347.64990234375
2012-07-12,2339.889892578125
2012-07-13,2373.39990234375
2012-07-16,2376.050048828125
2012-07-17,2385.5400390625
2012-07-18,2396.02001953125
2012-07-19,2415.679931640625
2012-07-20,2380.719970703125
2012-07-23,2337.35009765625
2012-07-24,2317.469970703125
2012-07-25,2313.39990234375
2012-07-26,2357.72998046875
2012-07-27,2385.419921875
2012-07-30,2396.8798828125
2012-07-31,2377.699951171875
2012-08-01,2386.659912109375
2012-08-02,2390.6298828125
2012-08-03,2424.530029296875
2012-08-06,2426.580078125
2012-08-07,2432.320068359375
2012-08-08,2427.56005859375
2012-08-09,2439.320068359375
2012-08-10,2449.1201171875
2012-08-13,2439.27001953125
2012-08-14,2441.919921875
2012-08-15,2420.89990234375
2012-08-16,2430.530029296875
2012-08-17,2424.68994140625
2012-08-20,2420.4599609375
2012-08-21,2428.760009765625
2012-08-22,2411.7900390625
2012-08-23,2415.6298828125
2012-08-24,2414.5400390625
2012-08-27,2412.60009765625
2012-08-28,2425.719970703125
2012-08-29,2411.340087890625
2012-08-30,2405.330078125
2012-08-31,2416.52001953125
2012-09-04,2416.050048828125
2012-09-05,2404.8798828125
2012-09-06,2428.550048828125
2012-09-07,2426.169921875
2012-09-10,2408.360107421875
2012-09-11,2436.969970703125
2012-09-12,2420.489990234375
2012-09-13,2467.969970703125
2012-09-14,2468.77001953125
2012-09-17,2457.8701171875
2012-09-18,2490.14990234375
2012-09-19,2488.89990234375
2012-09-20,2484.340087890625
2012-09-21,2487.239990234375
2012-09-24,2469.780029296875
2012-09-25,2451.340087890625
2012-09-26,2444.5
2012-09-27,2461.5
2012-09-28,2437.510009765625
2012-10-01,2452.699951171875
2012-10-02,2467.27001953125
2012-10-03,2463.989990234375
2012-10-04,2488.8701171875
2012-10-05,2485.360107421875
2012-10-08,2469.340087890625
2012-10-09,2431.919921875
2012-10-10,2421.77001953125
2012-10-11,2431.60009765625
2012-10-12,2425.969970703125
2012-10-15,2439.780029296875
2012-10-16,2454.8701171875
2012-10-17,2463.580078125
2012-10-18,2434.260009765625
2012-10-19,2408.6201171875
2012-10-22,2419.8701171875
2012-10-23,2384.070068359375
2012-10-24,2375.280029296875
2012-10-25,2388.14990234375
2012-10-26,2375.280029296875
2012-10-31,2359.280029296875
2012-11-01,2377.7099609375
2012-11-02,2358.719970703125
2012-11-05,2371.39990234375
2012-11-06,2398.330078125
2012-11-07,2380.679931640625
2012-11-08,2382.360107421875
2012-11-09,2385.39990234375
2012-11-12,2386.010009765625
2012-11-13,2373.7900390625
2012-11-14,2316.14990234375
2012-11-15,2300.090087890625
2012-11-16,2315.340087890625
2012-11-19,2357.739990234375
2012-11-20,2353.64990234375
2012-11-21,2357.239990234375
2012-11-23,2386.8701171875
2012-11-26,2387.56005859375
2012-11-27,2385.4599609375
2012-11-28,2397.389892578125
2012-11-29,2406.139892578125
2012-11-30,2399.64990234375
2012-12-03,2405.60009765625
2012-12-04,2412.179931640625
2012-12-05,2397.320068359375
2012-12-06,2401.14990234375
2012-12-07,2398.25
2012-12-10,2396.3701171875
2012-12-11,2392.0
2012-12-12,2398.610107421875
2012-12-13,2381.27001953125
2012-12-14,2396.3798828125
2012-12-17,2381.64990234375
2012-12-18,2378.47998046875
2012-12-19,2348.72998046875
2012-12-20,2361.199951171875
2012-12-21,2352.1298828125
2012-12-24,2341.9599609375
2012-12-26,2333.909912109375
2012-12-27,2341.070068359375
2012-12-28,2324.1298828125
2012-12-31,2355.659912109375
2013-01-02,2377.9599609375
2013-01-03,2362.330078125
2013-01-04,2388.669921875
2013-01-07,2398.93994140625
2013-01-08,2399.340087890625
2013-01-09,2393.14990234375
2013-01-10,2411.199951171875
2013-01-11,2401.719970703125
2013-01-14,2398.389892578125
2013-01-15,2402.919921875
2013-01-16,2393.10009765625
2013-01-17,2393.719970703125
2013-01-18,2391.43994140625
2013-01-22,2413.18994140625
2013-01-23,2399.64990234375
2013-01-24,2408.820068359375
2013-01-25,2412.9599609375
2013-01-28,2400.3701171875
2013-01-29,2414.820068359375
2013-01-30,2407.260009765625
2013-01-31,2415.0
2013-02-01,2430.429931640625
2013-02-04,2408.35009765625
2013-02-05,2414.419921875
2013-02-06,2413.760009765625
2013-02-07,2395.010009765625
2013-02-08,2409.93994140625
2013-02-11,2392.580078125
2013-02-12,2399.89990234375
2013-02-13,2403.469970703125
2013-02-14,2393.800048828125
2013-02-15,2388.239990234375
2013-02-19,2396.68994140625
2013-02-20,2389.489990234375
2013-02-21,2381.919921875
2013-02-22,2394.300048828125
2013-02-25,2349.580078125
2013-02-26,2358.830078125
2013-02-27,2371.22998046875
2013-02-28,2363.830078125
2013-03-01,2379.080078125
2013-03-04,2400.580078125
2013-03-05,2405.8701171875
2013-03-06,2395.760009765625
2013-03-07,2400.81005859375
2013-03-08,2413.18994140625
2013-03-11,2432.340087890625
2013-03-12,2428.949951171875
2013-03-13,2377.52001953125
2013-03-14,2384.030029296875
2013-03-15,2404.2099609375
2013-03-18,2391.85009765625
2013-03-19,2398.389892578125
2013-03-20,2409.030029296875
2013-03-21,2397.760009765625
2013-03-22,2404.929931640625
2013-03-25,2403.570068359375
2013-03-26,2400.669921875
2013-03-27,2401.1201171875
2013-03-28,2406.179931640625
2013-04-01,2400.739990234375
2013-04-02,2403.449951171875
2013-04-03,2376.949951171875
2013-04-04,2384.580078125
2013-04-05,2381.679931640625
2013-04-08,2389.25
2013-04-09,2400.550048828125
2013-04-10,2411.43994140625
2013-04-11,2420.77001953125
2013-04-12,2406.85009765625
2013-04-15,2347.75
2013-04-16,2357.159912109375
2013-04-17,2324.919921875
2013-04-18,2314.5400390625
2013-04-19,2329.449951171875
2013-04-22,2327.800048828125
2013-04-23,2348.5
2013-04-24,2365.590087890625
2013-04-25,2400.739990234375
2013-04-26,2398.1298828125
2013-04-29,2411.89990234375
2013-04-30,2409.39990234375
2013-05-01,2401.300048828125
2013-05-02,2420.280029296875
2013-05-03,2431.030029296875
2013-05-06,2430.830078125
2013-05-07,2422.0400390625
2013-05-08,2451.330078125
2013-05-09,2432.989990234375
2013-05-10,2440.1298828125
2013-05-13,2436.81005859375
2013-05-14,2434.239990234375
2013-05-15,2430.85009765625
2013-05-16,2427.469970703125
2013-05-17,2426.68994140625
2013-05-20,2444.989990234375
2013-05-21,2435.340087890625
2013-05-22,2400.47998046875
2013-05-23,2407.489990234375
2013-05-24,2402.419921875
2013-05-28,2421.0
2013-05-29,2398.969970703125
2013-05-30,2402.580078125
2013-05-31,2364.989990234375
2013-06-03,2383.3798828125
2013-06-04,2380.18994140625
2013-06-05,2347.239990234375
2013-06-06,2359.14990234375
2013-06-07,2362.6201171875
2013-06-10,2363.260009765625
2013-06-11,2341.93994140625
2013-06-12,2332.280029296875
2013-06-13,2351.239990234375
2013-06-14,2337.219970703125
2013-06-17,2349.4599609375
2013-06-18,2349.179931640625
2013-06-19,2320.0
2013-06-20,2236.179931640625
2013-06-21,2238.949951171875
2013-06-24,2202.409912109375
2013-06-25,2224.110107421875
2013-06-26,2242.780029296875
2013-06-27,2255.60009765625
2013-06-28,2245.72998046875
2013-07-01,2281.639892578125
2013-07-02,2271.580078125
2013-07-03,2267.1201171875
2013-07-05,2274.409912109375
2013-07-08,2297.93994140625
2013-07-09,2307.52001953125
2013-07-10,2297.070068359375
2013-07-11,2339.699951171875
2013-07-12,2330.070068359375
2013-07-15,2340.949951171875
2013-07-16,2343.300048828125
2013-07-17,2349.080078125
2013-07-18,2363.969970703125
2013-07-19,2353.8701171875
2013-07-22,2369.60009765625
2013-07-23,2369.219970703125
2013-07-24,2345.159912109375
2013-07-25,2353.72998046875
2013-07-26,2353.489990234375
2013-07-29,2350.719970703125
2013-07-30,2348.550048828125
2013-07-31,2356.389892578125
2013-08-01,2366.409912109375
2013-08-02,2363.330078125
2013-08-05,2351.320068359375
2013-08-06,2341.840087890625
2013-08-07,2319.010009765625
2013-08-08,2343.9599609375
2013-08-09,2336.669921875
2013-08-12,2338.409912109375
2013-08-13,2338.64990234375
2013-08-14,2341.89990234375
2013-08-15,2341.199951171875
2013-08-16,2341.580078125
2013-08-19,2325.070068359375
2013-08-20,2342.580078125
2013-08-21,2299.3798828125
2013-08-22,2309.929931640625
2013-08-23,2329.22998046875
2013-08-26,2321.800048828125
2013-08-27,2295.52001953125
2013-08-28,2283.35009765625
2013-08-29,2288.14990234375
2013-08-30,2275.10009765625
2013-09-03,2290.56005859375
2013-09-04,2298.550048828125
2013-09-05,2296.0400390625
2013-09-06,2309.56005859375
2013-09-09,2333.06005859375
2013-09-10,2338.510009765625
2013-09-11,2348.909912109375
2013-09-12,2332.5400390625
2013-09-13,2347.739990234375
2013-09-16,2359.64990234375
2013-09-17,2370.239990234375
2013-09-18,2405.820068359375
2013-09-19,2404.75
2013-09-20,2377.330078125
2013-09-23,2378.2099609375
2013-09-24,2368.35009765625
2013-09-25,2369.469970703125
2013-09-26,2385.75
2013-09-27,2382.159912109375
2013-09-30,2363.2900390625
2013-10-01,2348.760009765625
2013-10-02,2339.760009765625
2013-10-03,2328.43994140625
2013-10-04,2329.47998046875
2013-10-07,2329.679931640625
2013-10-08,2309.85009765625
2013-10-09,2295.610107421875
2013-10-10,2336.39990234375
2013-10-11,2340.31005859375
2013-10-14,2348.22998046875
2013-10-15,2335.590087890625
2013-10-16,2352.18994140625
2013-10-17,2410.0400390625
2013-10-18,2413.550048828125
2013-10-21,2423.219970703125
2013-10-22,2453.389892578125
2013-10-23,2436.489990234375
2013-10-24,2444.199951171875
2013-10-25,2456.6201171875
2013-10-28,2466.510009765625
2013-10-29,2464.7099609375
2013-10-30,2445.0
2013-10-31,2444.22998046875
2013-11-01,2428.830078125
2013-11-04,2429.510009765625
2013-11-05,2435.02001953125
2013-11-06,2443.3798828125
2013-11-07,2403.25
2013-11-08,2422.97998046875
2013-11-11,2421.590087890625
2013-11-12,2400.72998046875
2013-11-13,2416.31005859375
2013-11-14,2426.52001953125
2013-11-15,2435.3701171875
2013-11-18,2427.8798828125
2013-11-19,2417.14990234375
2013-11-20,2398.449951171875
2013-11-21,2387.4599609375
2013-11-22,2389.699951171875
2013-11-25,2378.719970703125
2013-11-26,2371.800048828125
2013-11-27,2371.4599609375
2013-11-29,2387.14990234375
2013-12-02,2364.389892578125
2013-12-03,2362.969970703125
2013-12-04,2374.02001953125
2013-12-05,2379.110107421875
2013-12-06,2386.85009765625
2013-12-09,2381.530029296875
2013-12-10,2379.0400390625
2013-12-11,2359.659912109375
2013-12-12,2336.469970703125
2013-12-13,2333.909912109375
2013-12-16,2346.070068359375
2013-12-17,2337.919921875
2013-12-18,2369.56005859375
2013-12-19,2366.239990234375
2013-12-20,2369.330078125
2013-12-23,2385.3701171875
2013-12-24,2400.0400390625
2013-12-26,2412.4599609375
2013-12-27,2419.52001953125
2013-12-30,2405.739990234375
2013-12-31,2426.199951171875
2014-01-02,2403.340087890625
2014-01-03,2397.6201171875
2014-01-06,2391.830078125
2014-01-07,2396.840087890625
2014-01-08,2382.0
2014-01-09,2377.550048828125
2014-01-10,2375.5
2014-01-13,2340.429931640625
2014-01-14,2354.909912109375
2014-01-15,2363.909912109375
2014-01-16,2378.159912109375
2014-01-17,2374.260009765625
2014-01-21,2416.4599609375
2014-01-22,2424.030029296875
2014-01-23,2407.22998046875
2014-01-24,2354.070068359375
2014-01-27,2329.110107421875
2014-01-28,2334.35009765625
2014-01-29,2300.110107421875
2014-01-30,2294.830078125
2014-01-31,2287.5400390625
2014-02-03,2260.1201171875
2014-02-04,2270.800048828125
2014-02-05,2258.080078125
2014-02-06,2278.969970703125
2014-02-07,2299.340087890625
2014-02-10,2310.7099609375
2014-02-11,2340.18994140625
2014-02-12,2356.3798828125
2014-02-13,2398.8701171875
2014-02-14,2415.419921875
2014-02-18,2452.860107421875
2014-02-19,2433.52001953125
2014-02-20,2456.429931640625
2014-02-21,2450.320068359375
2014-02-24,2475.679931640625
2014-02-25,2470.050048828125
2014-02-26,2459.219970703125
2014-02-27,2492.7099609375
2014-02-28,2510.97998046875
2014-03-03,2509.0
2014-03-04,2535.3798828125
2014-03-05,2566.280029296875
2014-03-06,2580.260009765625
2014-03-07,2562.7099609375
2014-03-10,2564.25
2014-03-11,2542.840087890625
2014-03-12,2513.5400390625
2014-03-13,2504.989990234375
2014-03-14,2521.590087890625
2014-03-17,2519.47998046875
2014-03-18,2532.52001953125
2014-03-19,2503.989990234375
2014-03-20,2505.9599609375
2014-03-21,2506.699951171875
2014-03-24,2498.949951171875
2014-03-25,2518.300048828125
2014-03-26,2501.090087890625
2014-03-27,2520.02001953125
2014-03-28,2551.830078125
2014-03-31,2563.31005859375
2014-04-01,2573.27001953125
2014-04-02,2572.419921875
2014-04-03,2561.25
2014-04-04,2560.47998046875
2014-04-07,2538.25
2014-04-08,2590.77001953125
2014-04-09,2620.719970703125
2014-04-10,2597.9599609375
2014-04-11,2578.8798828125
2014-04-14,2601.139892578125
2014-04-15,2586.919921875
2014-04-16,2594.35009765625
2014-04-17,2593.89990234375
2014-04-21,2609.070068359375
2014-04-22,2615.320068359375
2014-04-23,2609.860107421875
2014-04-24,2619.1298828125
2014-04-25,2613.570068359375
2014-04-28,2615.199951171875
2014-04-29,2635.909912109375
2014-04-30,2612.52001953125
2014-05-01,2631.800048828125
2014-05-02,2613.739990234375
2014-05-05,2616.840087890625
2014-05-06,2611.25
2014-05-07,2620.739990234375
2014-05-08,2612.889892578125
2014-05-09,2596.409912109375
2014-05-12,2633.3798828125
2014-05-13,2630.760009765625
2014-05-14,2628.280029296875
2014-05-15,2618.06005859375
2014-05-16,2649.739990234375
2014-05-19,2654.340087890625
2014-05-20,2641.050048828125
2014-05-21,2685.89990234375
2014-05-22,2676.080078125
2014-05-23,2663.929931640625
2014-05-27,2672.340087890625
2014-05-28,2661.10009765625
2014-05-29,2701.199951171875
2014-05-30,2727.300048828125
2014-06-02,2711.280029296875
2014-06-03,2707.75
2014-06-04,2707.449951171875
2014-06-05,2705.169921875
2014-06-06,2713.139892578125
2014-06-09,2715.3798828125
2014-06-10,2721.699951171875
2014-06-11,2732.7099609375
2014-06-12,2743.3798828125
2014-06-13,2752.669921875
2014-06-16,2764.22998046875
2014-06-17,2771.179931640625
2014-06-18,2790.830078125
2014-06-19,2812.179931640625
2014-06-20,2820.72998046875
2014-06-23,2799.02001953125
2014-06-24,2772.800048828125
2014-06-25,2767.090087890625
2014-06-26,2772.760009765625
2014-06-27,2775.389892578125
2014-06-30,2778.8798828125
2014-07-01,2802.2900390625
2014-07-02,2819.050048828125
2014-07-03,2833.43994140625
2014-07-07,2822.2099609375
2014-07-08,2810.780029296875
2014-07-09,2822.070068359375
2014-07-10,2798.9599609375
2014-07-11,2797.8701171875
2014-07-14,2817.72998046875
2014-07-15,2774.93994140625
2014-07-16,2772.340087890625
2014-07-17,2773.389892578125
2014-07-18,2800.0400390625
2014-07-21,2775.419921875
2014-07-22,2789.0400390625
2014-07-23,2801.760009765625
2014-07-24,2799.25
2014-07-25,2788.31005859375
2014-07-28,2778.75
2014-07-29,2774.2099609375
2014-07-30,2749.68994140625
2014-07-31,2706.919921875
2014-08-01,2678.489990234375
2014-08-04,2685.919921875
2014-08-05,2668.949951171875
2014-08-06,2681.409912109375
2014-08-07,2661.75
2014-08-08,2676.679931640625
2014-08-11,2684.6201171875
2014-08-12,2687.43994140625
2014-08-13,2690.1298828125
2014-08-14,2704.639892578125
2014-08-15,2714.260009765625
2014-08-18,2740.469970703125
2014-08-19,2751.8798828125
2014-08-20,2723.929931640625
2014-08-21,2727.199951171875
2014-08-22,2719.6201171875
2014-08-25,2737.81005859375
2014-08-26,2744.4599609375
2014-08-27,2757.989990234375
2014-08-28,2760.090087890625
2014-08-29,2784.080078125
2014-09-02,2766.93994140625
2014-09-03,2771.469970703125
2014-09-04,2752.47998046875
2014-09-05,2760.669921875
2014-09-08,2727.889892578125
2014-09-09,2719.5
2014-09-10,2743.3701171875
2014-09-11,2737.6298828125
2014-09-12,2731.3798828125
2014-09-15,2724.77001953125
2014-09-16,2737.780029296875
2014-09-17,2732.340087890625
2014-09-18,2738.239990234375
2014-09-19,2724.969970703125
2014-09-22,2683.159912109375
2014-09-23,2656.639892578125
2014-09-24,2671.840087890625
2014-09-25,2628.889892578125
2014-09-26,2635.8701171875
2014-09-29,2638.889892578125
2014-09-30,2605.659912109375
2014-10-01,2585.580078125
2014-10-02,2579.340087890625
2014-10-03,2563.0400390625
2014-10-06,2573.75
2014-10-07,2534.93994140625
2014-10-08,2566.949951171875
2014-10-09,2508.22998046875
2014-10-10,2482.050048828125
2014-10-13,2457.47998046875
2014-10-14,2439.56005859375
2014-10-15,2462.590087890625
2014-10-16,2494.239990234375
2014-10-17,2530.429931640625
2014-10-20,2536.449951171875
2014-10-21,2564.719970703125
2014-10-22,2484.6298828125
2014-10-23,2502.5400390625
2014-10-24,2508.010009765625
2014-10-27,2497.590087890625
2014-10-28,2542.830078125
2014-10-29,2536.360107421875
2014-10-30,2530.780029296875
2014-10-31,2577.4599609375
2014-11-03,2554.72998046875
2014-11-04,2542.840087890625
2014-11-05,2559.8798828125
2014-11-06,2561.68994140625
2014-11-07,2584.64990234375
2014-11-10,2583.830078125
2014-11-11,2596.929931640625
2014-11-12,2588.97998046875
2014-11-13,2583.22998046875
2014-11-14,2584.260009765625
2014-11-17,2598.739990234375
2014-11-18,2597.77001953125
2014-11-19,2599.909912109375
2014-11-20,2609.22998046875
2014-11-21,2621.6201171875
2014-11-24,2616.27001953125
2014-11-25,2624.199951171875
2014-11-26,2619.760009765625
2014-11-28,2544.469970703125
2014-12-01,2543.0400390625
2014-12-02,2557.64990234375
2014-12-03,2588.719970703125
2014-12-04,2578.18994140625
2014-12-05,2564.6298828125
2014-12-08,2497.800048828125
2014-12-09,2496.199951171875
2014-12-10,2446.639892578125
2014-12-11,2416.340087890625
2014-12-12,2371.199951171875
2014-12-15,2325.919921875
2014-12-16,2353.830078125
2014-12-17,2391.699951171875
2014-12-18,2453.419921875
2014-12-19,2466.159912109375
2014-12-22,2464.260009765625
2014-12-23,2465.050048828125
2014-12-24,2476.159912109375
2014-12-26,2484.679931640625
2014-12-29,2474.929931640625
2014-12-30,2450.52001953125
2014-12-31,2444.330078125
2015-01-02,2427.9599609375
2015-01-05,2379.419921875
2015-01-06,2355.64990234375
2015-01-07,2362.47998046875
2015-01-08,2398.919921875
2015-01-09,2390.31005859375
2015-01-12,2377.159912109375
2015-01-13,2384.419921875
2015-01-14,2384.409912109375
2015-01-15,2392.080078125
2015-01-16,2426.909912109375
2015-01-20,2423.300048828125
2015-01-21,2441.6201171875
2015-01-22,2454.9599609375
2015-01-23,2453.760009765625
2015-01-26,2472.840087890625
2015-01-27,2484.1298828125
2015-01-28,2441.52001953125
2015-01-29,2451.9599609375
2015-01-30,2432.050048828125
2015-02-02,2468.330078125
2015-02-03,2499.159912109375
2015-02-04,2470.639892578125
2015-02-05,2488.330078125
2015-02-06,2452.2900390625
2015-02-09,2434.419921875
2015-02-10,2445.780029296875
2015-02-11,2444.18994140625
2015-02-12,2475.030029296875
2015-02-13,2468.25
2015-02-17,2490.169921875
2015-02-18,2472.050048828125
2015-02-19,2471.81005859375
2015-02-20,2467.909912109375
2015-02-23,2486.6201171875
2015-02-24,2505.18994140625
2015-02-25,2515.300048828125
2015-02-26,2521.110107421875
2015-02-27,2522.3701171875
2015-03-02,2507.300048828125
2015-03-03,2519.929931640625
2015-03-04,2510.06005859375
2015-03-05,2523.5
2015-03-06,2463.18994140625
2015-03-09,2445.14990234375
2015-03-10,2394.22998046875
2015-03-11,2377.97998046875
2015-03-12,2394.840087890625
2015-03-13,2375.340087890625
2015-03-16,2402.699951171875
2015-03-17,2409.159912109375
2015-03-18,2440.27001953125
2015-03-19,2400.840087890625
2015-03-20,2442.3798828125
2015-03-23,2465.72998046875
2015-03-24,2453.85009765625
2015-03-25,2434.030029296875
2015-03-26,2426.0
2015-03-27,2411.64990234375
2015-03-30,2423.760009765625
2015-03-31,2379.6201171875
2015-04-01,2404.52001953125
2015-04-02,2429.6298828125
2015-04-06,2441.9599609375
2015-04-07,2445.840087890625
2015-04-08,2441.050048828125
2015-04-09,2452.18994140625
2015-04-10,2469.75
2015-04-13,2453.169921875
2015-04-14,2480.929931640625
2015-04-15,2500.919921875
2015-04-16,2532.300048828125
2015-04-17,2517.25
2015-04-20,2527.429931640625
2015-04-21,2522.929931640625
2015-04-22,2534.860107421875
2015-04-23,2550.530029296875
2015-04-24,2541.030029296875
2015-04-27,2533.52001953125
2015-04-28,2534.419921875
2015-04-29,2509.9599609375
2015-04-30,2485.22998046875
2015-05-01,2491.139892578125
2015-05-04,2486.5
2015-05-05,2443.85009765625
2015-05-06,2437.8701171875
2015-05-07,2443.60009765625
2015-05-08,2480.389892578125
2015-05-11,2474.139892578125
2015-05-12,2462.68994140625
2015-05-13,2465.570068359375
2015-05-14,2482.429931640625
2015-05-15,2482.949951171875
2015-05-18,2469.820068359375
2015-05-19,2459.419921875
2015-05-20,2472.159912109375
2015-05-21,2488.030029296875
2015-05-22,2460.800048828125
2015-05-26,2426.949951171875
2015-05-27,2444.5
2015-05-28,2450.989990234375
2015-05-29,2429.469970703125
2015-06-01,2410.820068359375
2015-06-02,2400.35009765625
2015-06-03,2398.14990234375
2015-06-04,2378.5
2015-06-05,2350.580078125
2015-06-08,2343.260009765625
2015-06-09,2352.300048828125
2015-06-10,2375.5
2015-06-11,2378.97998046875
2015-06-12,2363.739990234375
2015-06-15,2356.2099609375
2015-06-16,2389.469970703125
2015-06-17,2405.409912109375
2015-06-18,2425.840087890625
2015-06-19,2414.1201171875
2015-06-22,2437.330078125
2015-06-23,2443.300048828125
2015-06-24,2438.06005859375
2015-06-25,2425.820068359375
2015-06-26,2423.2900390625
2015-06-29,2361.300048828125
2015-06-30,2355.530029296875
2015-07-01,2357.360107421875
2015-07-02,2362.35009765625
2015-07-06,2337.669921875
2015-07-07,2340.320068359375
2015-07-08,2315.659912109375
2015-07-09,2315.2900390625
2015-07-10,2367.260009765625
2015-07-13,2371.2099609375
2015-07-14,2394.510009765625
2015-07-15,2378.340087890625
2015-07-16,2388.169921875
2015-07-17,2373.9599609375
2015-07-20,2349.6201171875
2015-07-21,2356.070068359375
2015-07-22,2335.68994140625
2015-07-23,2309.60009765625
2015-07-24,2291.419921875
2015-07-27,2273.8701171875
2015-07-28,2311.6298828125
2015-07-29,2362.659912109375
2015-07-30,2399.139892578125
2015-07-31,2419.68994140625
2015-08-03,2388.409912109375
2015-08-04,2394.590087890625
2015-08-05,2393.6298828125
2015-08-06,2395.030029296875
2015-08-07,2387.9599609375
2015-08-10,2425.510009765625
2015-08-11,2404.6201171875
2015-08-12,2396.35009765625
2015-08-13,2375.39990234375
2015-08-14,2381.85009765625
2015-08-17,2378.5
2015-08-18,2367.239990234375
2015-08-19,2317.739990234375
2015-08-20,2281.469970703125
2015-08-21,2235.550048828125
2015-08-24,2153.110107421875
2015-08-25,2135.02001953125
2015-08-26,2167.8701171875
2015-08-27,2205.489990234375
2015-08-28,2230.1298828125
2015-08-31,2225.449951171875
2015-09-01,2164.199951171875
2015-09-02,2179.199951171875
2015-09-03,2177.22998046875
2015-09-04,2144.02001953125
2015-09-08,2183.239990234375
2015-09-09,2160.2900390625
2015-09-10,2172.1201171875
2015-09-11,2162.070068359375
2015-09-14,2152.739990234375
2015-09-15,2165.93994140625
2015-09-16,2222.860107421875
2015-09-17,2231.389892578125
2015-09-18,2228.27001953125
2015-09-21,2221.10009765625
2015-09-22,2174.739990234375
2015-09-23,2154.02001953125
2015-09-24,2175.409912109375
2015-09-25,2173.2099609375
2015-09-28,2130.669921875
2015-09-29,2131.4599609375
2015-09-30,2173.169921875
2015-10-01,2161.47998046875
2015-10-02,2212.010009765625
2015-10-05,2231.52001953125
2015-10-06,2253.530029296875
2015-10-07,2282.93994140625
2015-10-08,2308.219970703125
2015-10-09,2317.179931640625
2015-10-12,2302.89990234375
2015-10-13,2281.77001953125
2015-10-14,2294.389892578125
2015-10-15,2331.429931640625
2015-10-16,2329.199951171875
2015-10-19,2311.9599609375
2015-10-20,2306.35009765625
2015-10-21,2287.1201171875
2015-10-22,2307.340087890625
2015-10-23,2304.9599609375
2015-10-26,2295.85009765625
2015-10-27,2267.570068359375
2015-10-28,2316.639892578125
2015-10-29,2312.5
2015-10-30,2304.56005859375
2015-11-02,2302.39990234375
2015-11-03,2320.9599609375
2015-11-04,2311.699951171875
2015-11-05,2294.2099609375
2015-11-06,2253.699951171875
2015-11-09,2230.5
2015-11-10,2233.0400390625
2015-11-11,2224.179931640625
2015-11-12,2192.260009765625
2015-11-13,2186.570068359375
2015-11-16,2231.4599609375
2015-11-17,2231.489990234375
2015-11-18,2249.27001953125
2015-11-19,2263.85009765625
2015-11-20,2247.080078125
2015-11-23,2245.8798828125
2015-11-24,2260.830078125
2015-11-25,2266.550048828125
2015-11-27,2263.169921875
2015-11-30,2254.2900390625
2015-12-01,2270.580078125
2015-12-02,2237.489990234375
2015-12-03,2218.010009765625
2015-12-04,2221.72998046875
2015-12-07,2193.010009765625
2015-12-08,2177.030029296875
2015-12-09,2169.830078125
2015-12-10,2158.449951171875
2015-12-11,2105.010009765625
2015-12-14,2109.860107421875
2015-12-15,2124.43994140625
2015-12-16,2153.050048828125
2015-12-17,2118.340087890625
2015-12-18,2104.969970703125
2015-12-21,2107.159912109375
2015-12-22,2124.090087890625
2015-12-23,2177.530029296875
2015-12-24,2178.64990234375
2015-12-28,2165.929931640625
2015-12-29,2176.949951171875
2015-12-30,2162.2900390625
2015-12-31,2149.14990234375
2016-01-04,2121.27001953125
2016-01-05,2125.25
2016-01-06,2099.469970703125
2016-01-07,2050.780029296875
2016-01-08,2027.3599853515625
2016-01-11,2023.8299560546875
2016-01-12,2026.4100341796875
2016-01-13,1990.280029296875
2016-01-14,2002.4000244140625
2016-01-15,1949.4599609375
2016-01-19,1936.6500244140625
2016-01-20,1914.1300048828125
2016-01-21,1929.2099609375
2016-01-22,1983.0799560546875
2016-01-25,1950.5699462890625
2016-01-26,1992.550048828125
2016-01-27,1996.800048828125
2016-01-28,2041.8599853515625
2016-01-29,2085.219970703125
2016-02-01,2079.10009765625
2016-02-02,2051.300048828125
2016-02-03,2083.4599609375
2016-02-04,2075.5400390625
2016-02-05,2046.2900390625
2016-02-08,2038.3399658203125
2016-02-09,2032.75
2016-02-10,2004.47998046875
2016-02-11,2004.6099853515625
2016-02-12,2035.2099609375
2016-02-16,2054.389892578125
2016-02-17,2093.5400390625
2016-02-18,2085.4599609375
2016-02-19,2077.679931640625
2016-02-22,2080.0
2016-02-23,2065.360107421875
2016-02-24,2079.25
2016-02-25,2103.320068359375
2016-02-26,2101.949951171875
2016-02-29,2111.8701171875
2016-03-01,2148.030029296875
2016-03-02,2160.929931640625
2016-03-03,2181.389892578125
2016-03-04,2220.179931640625
2016-03-07,2224.280029296875
2016-03-08,2196.610107421875
2016-03-09,2211.0
2016-03-10,2199.9599609375
2016-03-11,2246.4599609375
2016-03-14,2239.510009765625
2016-03-15,2243.110107421875
2016-03-16,2229.919921875
2016-03-17,2264.85009765625
2016-03-18,2231.989990234375
2016-03-21,2225.60009765625
2016-03-22,2213.989990234375
2016-03-23,2189.929931640625
2016-03-24,2188.929931640625
2016-03-28,2195.93994140625
2016-03-29,2216.6201171875
2016-03-30,2242.830078125
2016-03-31,2243.239990234375
2016-04-01,2233.39990234375
2016-04-04,2226.2099609375
2016-04-05,2218.780029296875
2016-04-06,2229.7900390625
2016-04-07,2217.860107421875
2016-04-08,2249.85009765625
2016-04-11,2258.639892578125
2016-04-12,2280.739990234375
2016-04-13,2280.02001953125
2016-04-14,2285.429931640625
2016-04-15,2293.949951171875
2016-04-18,2323.080078125
2016-04-19,2351.4599609375
2016-04-20,2346.360107421875
2016-04-21,2298.760009765625
2016-04-22,2309.550048828125
2016-04-25,2322.6298828125
2016-04-26,2336.7900390625
2016-04-27,2345.760009765625
2016-04-28,2352.72998046875
2016-04-29,2358.590087890625
2016-05-02,2360.2900390625
2016-05-03,2323.679931640625
2016-05-04,2301.280029296875
2016-05-05,2310.780029296875
2016-05-06,2318.2900390625
2016-05-09,2296.0400390625
2016-05-10,2331.030029296875
2016-05-11,2324.139892578125
2016-05-12,2315.570068359375
2016-05-13,2299.639892578125
2016-05-16,2340.77001953125
2016-05-17,2319.81005859375
2016-05-18,2307.010009765625
2016-05-19,2287.989990234375
2016-05-20,2293.510009765625
2016-05-23,2286.639892578125
2016-05-24,2313.489990234375
2016-05-25,2333.14990234375
2016-05-26,2332.030029296875
2016-05-27,2328.989990234375
2016-05-31,2310.52001953125
2016-06-01,2300.7900390625
2016-06-02,2301.199951171875
2016-06-03,2324.340087890625
2016-06-06,2343.320068359375
2016-06-07,2367.699951171875
2016-06-08,2370.5
2016-06-09,2361.159912109375
2016-06-10,2303.409912109375
2016-06-13,2271.77001953125
2016-06-14,2240.050048828125
2016-06-15,2247.830078125
2016-06-16,2271.969970703125
2016-06-17,2278.2900390625
2016-06-20,2337.760009765625
2016-06-21,2347.43994140625
2016-06-22,2348.77001953125
2016-06-23,2386.1298828125
2016-06-24,2279.760009765625
2016-06-27,2252.679931640625
2016-06-28,2312.2099609375
2016-06-29,2369.219970703125
2016-06-30,2412.219970703125
2016-07-01,2426.340087890625
2016-07-05,2432.679931640625
2016-07-06,2405.919921875
2016-07-07,2394.580078125
2016-07-08,2401.97998046875
2016-07-11,2416.5
2016-07-12,2422.409912109375
2016-07-13,2414.639892578125
2016-07-14,2421.72998046875
2016-07-15,2423.070068359375
2016-07-18,2423.860107421875
2016-07-19,2401.590087890625
2016-07-20,2402.340087890625
2016-07-21,2398.530029296875
2016-07-22,2406.2099609375
2016-07-25,2384.22998046875
2016-07-26,2381.7099609375
2016-07-27,2380.760009765625
2016-07-28,2396.219970703125
2016-07-29,2417.39990234375
2016-08-01,2386.2099609375
2016-08-02,2404.409912109375
2016-08-03,2391.590087890625
2016-08-04,2401.429931640625
2016-08-05,2400.27001953125
2016-08-08,2395.610107421875
2016-08-09,2401.669921875
2016-08-10,2413.050048828125
2016-08-11,2447.780029296875
2016-08-12,2446.9599609375
2016-08-15,2450.77001953125
2016-08-16,2461.7099609375
2016-08-17,2449.830078125
2016-08-18,2448.419921875
2016-08-19,2441.18994140625
2016-08-22,2448.739990234375
2016-08-23,2443.669921875
2016-08-24,2422.219970703125
2016-08-25,2421.0400390625
2016-08-26,2405.43994140625
2016-08-29,2405.949951171875
2016-08-30,2386.989990234375
2016-08-31,2374.719970703125
2016-09-01,2390.550048828125
2016-09-02,2451.699951171875
2016-09-06,2459.68994140625
2016-09-07,2463.489990234375
2016-09-08,2449.739990234375
2016-09-09,2377.090087890625
2016-09-12,2412.840087890625
2016-09-13,2363.610107421875
2016-09-14,2354.5
2016-09-15,2376.3701171875
2016-09-16,2355.179931640625
2016-09-19,2365.340087890625
2016-09-20,2375.610107421875
2016-09-21,2400.6201171875
2016-09-22,2427.10009765625
2016-09-23,2420.570068359375
2016-09-26,2403.929931640625
2016-09-27,2406.340087890625
2016-09-28,2441.3798828125
2016-09-29,2426.969970703125
2016-09-30,2434.989990234375
2016-10-03,2431.050048828125
2016-10-04,2415.409912109375
2016-10-05,2391.669921875
2016-10-06,2372.0
2016-10-07,2352.25
2016-10-10,2359.93994140625
2016-10-11,2331.949951171875
2016-10-12,2330.659912109375
2016-10-13,2346.419921875
2016-10-14,2325.050048828125
2016-10-17,2309.7900390625
2016-10-18,2326.43994140625
2016-10-19,2326.699951171875
2016-10-20,2328.1201171875
2016-10-21,2274.909912109375
2016-10-24,2283.989990234375
2016-10-25,2283.419921875
2016-10-26,2241.2099609375
2016-10-27,2248.239990234375
2016-10-28,2256.330078125
2016-10-31,2262.77001953125
2016-11-01,2247.60009765625
2016-11-02,2224.4599609375
2016-11-03,2235.10009765625
2016-11-04,2219.510009765625
2016-11-07,2239.159912109375
2016-11-08,2247.679931640625
2016-11-09,2237.56005859375
2016-11-10,2163.330078125
2016-11-11,2172.199951171875
2016-11-14,2153.419921875
2016-11-15,2189.800048828125
2016-11-16,2179.590087890625
2016-11-17,2185.659912109375
2016-11-18,2194.679931640625
2016-11-21,2228.4599609375
2016-11-22,2233.52001953125
2016-11-23,2222.820068359375
2016-11-25,2239.56005859375
2016-11-28,2237.679931640625
2016-11-29,2238.840087890625
2016-11-30,2241.68994140625
2016-12-01,2229.949951171875
2016-12-02,2249.3701171875
2016-12-05,2263.070068359375
2016-12-06,2274.389892578125
2016-12-07,2286.550048828125
2016-12-08,2284.7900390625
2016-12-09,2296.72998046875
2016-12-12,2300.43994140625
2016-12-13,2325.389892578125
2016-12-14,2293.81005859375
2016-12-15,2294.340087890625
2016-12-16,2310.300048828125
2016-12-19,2309.280029296875
2016-12-20,2309.550048828125
2016-12-21,2308.389892578125
2016-12-22,2301.47998046875
2016-12-23,2302.35009765625
2016-12-27,2309.800048828125
2016-12-28,2295.080078125
2016-12-29,2312.93994140625
2016-12-30,2308.030029296875
2017-01-03,2325.1298828125
2017-01-04,2334.260009765625
2017-01-05,2339.1201171875
2017-01-06,2333.550048828125
2017-01-09,2335.080078125
2017-01-10,2333.830078125
2017-01-11,2347.10009765625
2017-01-12,2344.389892578125
2017-01-13,2352.68994140625
2017-01-17,2330.639892578125
2017-01-18,2327.280029296875
2017-01-19,2347.9599609375
2017-01-20,2359.419921875
2017-01-23,2377.14990234375
2017-01-24,2405.89990234375
2017-01-25,2453.360107421875
2017-01-26,2458.25
2017-01-27,2455.3701171875
2017-01-30,2417.52001953125
2017-01-31,2436.18994140625
2017-02-01,2433.570068359375
2017-02-02,2440.93994140625
2017-02-03,2465.139892578125
2017-02-06,2461.050048828125
2017-02-07,2459.909912109375
2017-02-08,2467.219970703125
2017-02-09,2469.800048828125
2017-02-10,2472.260009765625
2017-02-13,2462.8798828125
2017-02-14,2453.0400390625
2017-02-15,2463.02001953125
2017-02-16,2470.25
2017-02-17,2467.949951171875
2017-02-21,2478.27001953125
2017-02-22,2472.89990234375
2017-02-23,2499.85009765625
2017-02-24,2484.4599609375
2017-02-27,2490.969970703125
2017-02-28,2471.080078125
2017-03-01,2486.429931640625
2017-03-02,2459.97998046875
2017-03-03,2454.070068359375
2017-03-06,2443.85009765625
2017-03-07,2438.909912109375
2017-03-08,2409.35009765625
2017-03-09,2405.610107421875
2017-03-10,2415.580078125
2017-03-13,2428.89990234375
2017-03-14,2412.02001953125
2017-03-15,2421.739990234375
2017-03-16,2445.2900390625
2017-03-17,2464.260009765625
2017-03-20,2463.909912109375
2017-03-21,2458.340087890625
2017-03-22,2456.639892578125
2017-03-23,2465.679931640625
2017-03-24,2480.489990234375
2017-03-27,2487.530029296875
2017-03-28,2489.47998046875
2017-03-29,2506.719970703125
2017-03-30,2498.27001953125
2017-03-31,2510.919921875
2017-04-03,2499.429931640625
2017-04-04,2510.050048828125
2017-04-05,2506.89990234375
2017-04-06,2508.0400390625
2017-04-07,2510.580078125
2017-04-10,2526.02001953125
2017-04-11,2547.3701171875
2017-04-12,2553.47998046875
2017-04-13,2526.840087890625
2017-04-17,2545.050048828125
2017-04-18,2540.3798828125
2017-04-19,2508.31005859375
2017-04-20,2523.47998046875
2017-04-21,2513.64990234375
2017-04-24,2559.050048828125
2017-04-25,2562.830078125
2017-04-26,2554.469970703125
2017-04-27,2530.2099609375
2017-04-28,2529.360107421875
2017-05-01,2517.760009765625
2017-05-02,2528.320068359375
2017-05-03,2515.5
2017-05-04,2501.14990234375
2017-05-05,2528.1201171875
2017-05-08,2543.659912109375
2017-05-09,2538.409912109375
2017-05-10,2551.969970703125
2017-05-11,2547.090087890625
2017-05-12,2572.72998046875
2017-05-15,2583.050048828125
2017-05-16,2606.489990234375
2017-05-17,2587.669921875
2017-05-18,2560.35009765625
2017-05-19,2596.2900390625
2017-05-22,2609.469970703125
2017-05-23,2589.199951171875
2017-05-24,2602.2099609375
2017-05-25,2610.81005859375
2017-05-26,2618.72998046875
2017-05-30,2603.89990234375
2017-05-31,2610.449951171875
2017-06-01,2620.679931640625
2017-06-02,2635.39990234375
2017-06-05,2632.93994140625
2017-06-06,2648.06005859375
2017-06-07,2639.18994140625
2017-06-08,2616.389892578125
2017-06-09,2580.469970703125
2017-06-12,2586.68994140625
2017-06-13,2587.0400390625
2017-06-14,2594.77001953125
2017-06-15,2586.860107421875
2017-06-16,2621.75
2017-06-19,2629.9599609375
2017-06-20,2594.389892578125
2017-06-21,2590.419921875
2017-06-22,2573.530029296875
2017-06-23,2589.510009765625
2017-06-26,2583.800048828125
2017-06-27,2568.0400390625
2017-06-28,2586.550048828125
2017-06-29,2551.1201171875
2017-06-30,2555.3798828125
2017-07-03,2552.199951171875
2017-07-05,2534.9599609375
2017-07-06,2504.25
2017-07-07,2505.52001953125
2017-07-10,2489.889892578125
2017-07-11,2497.22998046875
2017-07-12,2547.18994140625
2017-07-13,2544.52001953125
2017-07-14,2569.8701171875
2017-07-17,2561.14990234375
2017-07-18,2539.719970703125
2017-07-19,2578.570068359375
2017-07-20,2585.93994140625
2017-07-21,2613.610107421875
2017-07-24,2564.179931640625
2017-07-25,2575.580078125
2017-07-26,2587.469970703125
2017-07-27,2568.5400390625
2017-07-28,2562.010009765625
2017-07-31,2551.580078125
2017-08-01,2553.4599609375
2017-08-02,2559.260009765625
2017-08-03,2545.889892578125
2017-08-04,2547.760009765625
2017-08-07,2536.2099609375
2017-08-08,2530.93994140625
2017-08-09,2526.22998046875
2017-08-10,2491.489990234375
2017-08-11,2506.719970703125
2017-08-14,2508.530029296875
2017-08-15,2490.60009765625
2017-08-16,2501.389892578125
2017-08-17,2481.1298828125
2017-08-18,2494.010009765625
2017-08-21,2474.800048828125
2017-08-22,2488.820068359375
2017-08-23,2501.3701171875
2017-08-24,2515.570068359375
2017-08-25,2514.43994140625
2017-08-28,2520.8701171875
2017-08-29,2518.489990234375
2017-08-30,2515.8798828125
2017-08-31,2545.25
2017-09-01,2579.25
2017-09-05,2578.0
2017-09-06,2587.7900390625
2017-09-07,2590.830078125
2017-09-08,2577.260009765625
2017-09-11,2576.5400390625
2017-09-12,2589.56005859375
2017-09-13,2590.469970703125
2017-09-14,2603.81005859375
2017-09-15,2607.0400390625
2017-09-18,2606.1298828125
2017-09-19,2613.97998046875
2017-09-20,2607.550048828125
2017-09-21,2607.550048828125
2017-09-22,2613.1298828125
2017-09-25,2629.7099609375
2017-09-26,2620.010009765625
2017-09-27,2629.77001953125
2017-09-28,2630.7900390625
2017-09-29,2639.2900390625
2017-10-02,2651.02001953125
2017-10-03,2666.889892578125
2017-10-04,2653.300048828125
2017-10-05,2652.889892578125
2017-10-06,2651.840087890625
2017-10-09,2638.389892578125
2017-10-10,2652.659912109375
2017-10-11,2652.739990234375
2017-10-12,2640.56005859375
2017-10-13,2649.97998046875
2017-10-16,2655.330078125
2017-10-17,2659.110107421875
2017-10-18,2646.110107421875
2017-10-19,2636.949951171875
2017-10-20,2618.239990234375
2017-10-23,2596.239990234375
2017-10-24,2587.340087890625
2017-10-25,2566.610107421875
2017-10-26,2573.739990234375
2017-10-27,2608.969970703125
2017-10-30,2616.639892578125
2017-10-31,2629.330078125
2017-11-01,2634.840087890625
2017-11-02,2590.7099609375
2017-11-03,2617.7900390625
2017-11-06,2646.02001953125
2017-11-07,2626.139892578125
2017-11-08,2632.489990234375
2017-11-09,2632.1298828125
2017-11-10,2627.550048828125
2017-11-13,2609.81005859375
2017-11-14,2586.260009765625
2017-11-15,2579.510009765625
2017-11-16,2593.93994140625
2017-11-17,2601.47998046875
2017-11-20,2577.320068359375
2017-11-21,2587.949951171875
2017-11-22,2600.139892578125
2017-11-24,2604.1298828125
2017-11-27,2585.10009765625
2017-11-28,2595.860107421875
2017-11-29,2592.27001953125
2017-11-30,2607.340087890625
2017-12-01,2614.10009765625
2017-12-04,2608.8701171875
2017-12-05,2590.080078125
2017-12-06,2562.919921875
2017-12-07,2563.050048828125
2017-12-08,2566.820068359375
2017-12-11,2568.7900390625
2017-12-12,2562.39990234375
2017-12-13,2560.699951171875
2017-12-14,2559.7900390625
2017-12-15,2553.64990234375
2017-12-18,2572.719970703125
2017-12-19,2573.7099609375
2017-12-20,2571.469970703125
2017-12-21,2602.679931640625
2017-12-22,2616.469970703125
2017-12-26,2643.0
2017-12-27,2648.679931640625
2017-12-28,2668.010009765625
2017-12-29,2661.5
2018-01-02,2688.0400390625
2018-01-03,2694.64990234375
2018-01-04,2700.590087890625
2018-01-05,2693.929931640625
2018-01-08,2688.68994140625
2018-01-09,2673.610107421875
2018-01-10,2674.10009765625
2018-01-11,2682.780029296875
2018-01-12,2688.06005859375
2018-01-16,2699.489990234375
2018-01-17,2714.929931640625
2018-01-18,2690.860107421875
2018-01-19,2701.02001953125
2018-01-22,2715.93994140625
2018-01-23,2742.360107421875
2018-01-24,2753.93994140625
2018-01-25,2724.77001953125
2018-01-26,2734.840087890625
2018-01-29,2708.68994140625
2018-01-30,2657.139892578125
2018-01-31,2671.969970703125
2018-02-01,2683.6298828125
2018-02-02,2601.739990234375
2018-02-05,2531.800048828125
2018-02-06,2548.5
2018-02-07,2535.8701171875
2018-02-08,2496.070068359375
2018-02-09,2497.739990234375
2018-02-12,2527.56005859375
2018-02-13,2512.070068359375
2018-02-14,2540.419921875
2018-02-15,2532.820068359375
2018-02-16,2532.02001953125
2018-02-20,2509.72998046875
2018-02-21,2494.3701171875
2018-02-22,2489.679931640625
2018-02-23,2504.580078125
2018-02-26,2525.2099609375
2018-02-27,2496.669921875
2018-02-28,2452.260009765625
2018-03-01,2447.389892578125
2018-03-02,2449.739990234375
2018-03-05,2470.550048828125
2018-03-06,2494.0400390625
2018-03-07,2487.590087890625
2018-03-08,2480.3701171875
2018-03-09,2499.179931640625
2018-03-12,2496.5
2018-03-13,2478.840087890625
2018-03-14,2467.159912109375
2018-03-15,2455.389892578125
2018-03-16,2481.330078125
2018-03-19,2450.10009765625
2018-03-20,2456.580078125
2018-03-21,2503.199951171875
2018-03-22,2456.18994140625
2018-03-23,2435.340087890625
2018-03-26,2454.169921875
2018-03-27,2442.8701171875
2018-03-28,2429.27001953125
2018-03-29,2456.2900390625
2018-04-02,2432.2900390625
2018-04-03,2454.52001953125
2018-04-04,2477.580078125
2018-04-05,2528.840087890625
2018-04-06,2486.760009765625
2018-04-09,2484.860107421875
2018-04-10,2515.510009765625
2018-04-11,2536.81005859375
2018-04-12,2546.02001953125
2018-04-13,2549.610107421875
2018-04-16,2565.969970703125
2018-04-17,2579.860107421875
2018-04-18,2603.110107421875
2018-04-19,2595.659912109375
2018-04-20,2582.419921875
2018-04-23,2588.139892578125
2018-04-24,2559.81005859375
2018-04-25,2579.159912109375
2018-04-26,2596.719970703125
2018-04-27,2609.699951171875
2018-04-30,2613.610107421875
2018-05-01,2612.469970703125
2018-05-02,2634.60009765625
2018-05-03,2612.97998046875
2018-05-04,2654.56005859375
2018-05-07,2665.169921875
2018-05-08,2669.1201171875
2018-05-09,2685.300048828125
2018-05-10,2704.9599609375
2018-05-11,2708.77001953125
2018-05-14,2715.64990234375
2018-05-15,2699.5400390625
2018-05-16,2706.89990234375
2018-05-17,2720.35009765625
2018-05-18,2720.199951171875
2018-05-21,2735.1298828125
2018-05-22,2711.9599609375
2018-05-23,2708.93994140625
2018-05-24,2697.389892578125
2018-05-25,2679.10009765625
2018-05-29,2704.360107421875
2018-05-30,2778.43994140625
2018-05-31,2751.800048828125
2018-06-01,2756.10009765625
2018-06-04,2732.919921875
2018-06-05,2725.659912109375
2018-06-06,2708.85009765625
2018-06-07,2735.8798828125
2018-06-08,2727.669921875
2018-06-11,2743.419921875
2018-06-12,2722.139892578125
2018-06-13,2722.77001953125
2018-06-14,2732.35009765625
2018-06-15,2724.8701171875
2018-06-18,2739.360107421875
2018-06-19,2717.2099609375
2018-06-20,2741.35009765625
2018-06-21,2721.8701171875
2018-06-22,2773.52001953125
2018-06-25,2720.030029296875
2018-06-26,2762.8701171875
2018-06-27,2751.3701171875
2018-06-28,2724.780029296875
2018-06-29,2748.47998046875
2018-07-02,2721.06005859375
2018-07-03,2743.679931640625
2018-07-05,2749.260009765625
2018-07-06,2776.889892578125
2018-07-09,2771.699951171875
2018-07-10,2761.580078125
2018-07-11,2728.7900390625
2018-07-12,2738.280029296875
2018-07-13,2731.7900390625
2018-07-16,2713.14990234375
2018-07-17,2708.929931640625
2018-07-18,2718.530029296875
2018-07-19,2711.800048828125
2018-07-20,2708.610107421875
2018-07-23,2694.580078125
2018-07-24,2697.419921875
2018-07-25,2739.030029296875
2018-07-26,2766.860107421875
2018-07-27,2729.199951171875
2018-07-30,2741.31005859375
2018-07-31,2749.1298828125
2018-08-01,2723.64990234375
2018-08-02,2717.81005859375
2018-08-03,2706.02001953125
2018-08-06,2708.780029296875
2018-08-07,2681.2099609375
2018-08-08,2663.06005859375
2018-08-09,2683.1298828125
2018-08-10,2667.419921875
2018-08-13,2660.590087890625
2018-08-14,2673.330078125
2018-08-15,2597.52001953125
2018-08-16,2599.25
2018-08-17,2606.719970703125
2018-08-20,2617.14990234375
2018-08-21,2628.320068359375
2018-08-22,2660.719970703125
2018-08-23,2639.43994140625
2018-08-24,2684.610107421875
2018-08-27,2700.429931640625
2018-08-28,2677.659912109375
2018-08-29,2707.429931640625
2018-08-30,2688.340087890625
2018-08-31,2675.070068359375
2018-09-04,2654.31005859375
2018-09-05,2649.68994140625
2018-09-06,2625.719970703125
2018-09-07,2614.889892578125
2018-09-10,2587.1298828125
2018-09-11,2581.469970703125
2018-09-12,2608.300048828125
2018-09-13,2612.1298828125
2018-09-14,2612.840087890625
2018-09-17,2608.719970703125
2018-09-18,2643.909912109375
2018-09-19,2654.139892578125
2018-09-20,2675.449951171875
2018-09-21,2687.75
2018-09-24,2717.989990234375
2018-09-25,2714.02001953125
2018-09-26,2704.75
2018-09-27,2722.0
2018-09-28,2720.260009765625
2018-10-01,2753.679931640625
2018-10-02,2737.409912109375
2018-10-03,2759.7900390625
2018-10-04,2725.56005859375
2018-10-05,2709.989990234375
2018-10-08,2721.570068359375
2018-10-09,2716.550048828125
2018-10-10,2647.919921875
2018-10-11,2631.3701171875
2018-10-12,2643.330078125
2018-10-15,2670.530029296875
2018-10-16,2693.300048828125
2018-10-17,2673.31005859375
2018-10-18,2648.0
2018-10-19,2652.43994140625
2018-10-22,2638.18994140625
2018-10-23,2585.010009765625
2018-10-24,2512.239990234375
2018-10-25,2545.97998046875
2018-10-26,2522.25
2018-10-29,2478.27001953125
2018-10-30,2511.5400390625
2018-10-31,2520.469970703125
2018-11-01,2555.68994140625
2018-11-02,2546.909912109375
2018-11-05,2556.030029296875
2018-11-06,2550.280029296875
2018-11-07,2572.699951171875
2018-11-08,2584.340087890625
2018-11-09,2542.800048828125
2018-11-12,2526.989990234375
2018-11-13,2486.75
2018-11-14,2497.760009765625
2018-11-15,2531.68994140625
2018-11-16,2549.030029296875
2018-11-19,2508.72998046875
2018-11-20,2435.8701171875
2018-11-21,2474.679931640625
2018-11-23,2452.639892578125
2018-11-26,2478.320068359375
2018-11-27,2467.590087890625
2018-11-28,2513.139892578125
2018-11-29,2508.830078125
2018-11-30,2485.139892578125
2018-12-03,2495.739990234375
2018-12-04,2449.969970703125
2018-12-06,2424.8701171875
2018-12-07,2426.510009765625
2018-12-10,2395.56005859375
2018-12-11,2383.699951171875
2018-12-12,2407.8798828125
2018-12-13,2387.090087890625
2018-12-14,2344.239990234375
2018-12-17,2318.7099609375
2018-12-18,2304.6298828125
2018-12-19,2299.6298828125
2018-12-20,2279.3798828125
2018-12-21,2244.919921875
2018-12-24,2200.340087890625
2018-12-26,2281.860107421875
2018-12-27,2274.219970703125
2018-12-28,2281.340087890625
2018-12-31,2292.260009765625
2019-01-02,2321.760009765625
2019-01-03,2321.550048828125
2019-01-04,2377.780029296875
2019-01-07,2399.3701171875
2019-01-08,2433.419921875
2019-01-09,2449.31005859375
2019-01-10,2455.77001953125
2019-01-11,2436.429931640625
2019-01-14,2440.610107421875
2019-01-15,2465.31005859375
2019-01-16,2459.449951171875
2019-01-17,2472.389892578125
2019-01-18,2479.22998046875
2019-01-22,2431.72998046875
2019-01-23,2437.639892578125
2019-01-24,2452.27001953125
2019-01-25,2471.919921875
2019-01-28,2489.7900390625
2019-01-29,2486.18994140625
2019-01-30,2524.25
2019-01-31,2533.889892578125
2019-02-01,2515.449951171875
2019-02-04,2536.919921875
2019-02-05,2524.760009765625
2019-02-06,2501.889892578125
2019-02-07,2489.18994140625
2019-02-08,2473.590087890625
2019-02-11,2475.409912109375
2019-02-12,2490.139892578125
2019-02-13,2492.3798828125
2019-02-14,2485.719970703125
2019-02-15,2511.760009765625
2019-02-19,2540.409912109375
2019-02-20,2527.4599609375
2019-02-21,2514.81005859375
2019-02-22,2525.760009765625
2019-02-25,2511.22998046875
2019-02-26,2493.070068359375
2019-02-27,2516.75
2019-02-28,2496.550048828125
2019-03-01,2481.330078125
2019-03-04,2499.699951171875
2019-03-05,2509.610107421875
2019-03-06,2487.7099609375
2019-03-07,2499.31005859375
2019-03-08,2503.419921875
2019-03-11,2521.139892578125
2019-03-12,2545.4599609375
2019-03-13,2559.909912109375
2019-03-14,2554.0
2019-03-15,2553.429931640625
2019-03-18,2575.409912109375
2019-03-19,2550.699951171875
2019-03-20,2558.139892578125
2019-03-21,2568.639892578125
2019-03-22,2518.949951171875
2019-03-25,2511.85009765625
2019-03-26,2532.239990234375
2019-03-27,2509.419921875
2019-03-28,2514.989990234375
2019-03-29,2543.6201171875
2019-04-01,2548.239990234375
2019-04-02,2544.3798828125
2019-04-03,2524.7099609375
2019-04-04,2541.0
2019-04-05,2555.530029296875
2019-04-08,2583.010009765625
2019-04-09,2569.179931640625
2019-04-10,2595.300048828125
2019-04-11,2595.820068359375
2019-04-12,2601.530029296875
2019-04-15,2589.06005859375
2019-04-16,2592.43994140625
2019-04-17,2598.830078125
2019-04-18,2588.2099609375
2019-04-22,2605.989990234375
2019-04-23,2629.0400390625
2019-04-24,2602.580078125
2019-04-25,2591.800048828125
2019-04-26,2590.169921875
2019-04-29,2579.27001953125
2019-04-30,2573.580078125
2019-05-01,2558.199951171875
2019-05-02,2542.389892578125
2019-05-03,2562.5
2019-05-06,2561.2900390625
2019-05-07,2553.1201171875
2019-05-08,2543.81005859375
2019-05-09,2550.260009765625
2019-05-10,2576.89990234375
2019-05-13,2523.639892578125
2019-05-14,2548.8701171875
2019-05-15,2561.7900390625
2019-05-16,2572.830078125
2019-05-17,2551.699951171875
2019-05-20,2550.6201171875
2019-05-21,2569.610107421875
2019-05-22,2544.93994140625
2019-05-23,2484.9599609375
2019-05-24,2489.969970703125
2019-05-28,2458.77001953125
2019-05-29,2468.449951171875
2019-05-30,2456.659912109375
2019-05-31,2442.570068359375
2019-06-03,2460.719970703125
2019-06-04,2479.030029296875
2019-06-05,2483.489990234375
2019-06-06,2504.909912109375
2019-06-07,2514.199951171875
2019-06-10,2505.909912109375
2019-06-11,2500.239990234375
2019-06-12,2485.929931640625
2019-06-13,2507.39990234375
2019-06-14,2497.27001953125
2019-06-17,2506.7099609375
2019-06-18,2525.14990234375
2019-06-19,2539.760009765625
2019-06-20,2580.699951171875
2019-06-21,2565.97998046875
2019-06-24,2566.320068359375
2019-06-25,2547.139892578125
2019-06-26,2560.3701171875
2019-06-27,2553.360107421875
2019-06-28,2574.610107421875
2019-07-01,2582.81005859375
2019-07-02,2575.449951171875
2019-07-03,2569.800048828125
2019-07-05,2569.60009765625
2019-07-08,2572.469970703125
2019-07-09,2574.159912109375
2019-07-10,2588.35009765625
2019-07-11,2592.550048828125
2019-07-12,2601.639892578125
2019-07-15,2593.030029296875
2019-07-16,2580.590087890625
2019-07-17,2556.6201171875
2019-07-18,2568.64990234375
2019-07-19,2566.6298828125
2019-07-22,2578.68994140625
2019-07-23,2562.9599609375
2019-07-24,2592.4599609375
2019-07-25,2547.2900390625
2019-07-26,2548.31005859375
2019-07-29,2543.110107421875
2019-07-30,2556.010009765625
2019-07-31,2539.639892578125
2019-08-01,2507.530029296875
2019-08-02,2463.949951171875
2019-08-05,2398.989990234375
2019-08-06,2420.0400390625
2019-08-07,2416.739990234375
2019-08-08,2453.199951171875
2019-08-09,2442.429931640625
2019-08-12,2426.489990234375
2019-08-13,2426.199951171875
2019-08-14,2382.659912109375
2019-08-15,2375.469970703125
2019-08-16,2400.47998046875
2019-08-19,2418.93994140625
2019-08-20,2410.050048828125
2019-08-21,2426.159912109375
2019-08-22,2404.52001953125
2019-08-23,2364.949951171875
2019-08-26,2378.35009765625
2019-08-27,2374.739990234375
2019-08-28,2399.139892578125
2019-08-29,2418.340087890625
2019-08-30,2419.550048828125
2019-09-03,2408.639892578125
2019-09-04,2443.610107421875
2019-09-05,2462.739990234375
2019-09-06,2462.360107421875
2019-09-09,2480.3701171875
2019-09-10,2520.050048828125
2019-09-11,2538.7099609375
2019-09-12,2528.85009765625
2019-09-13,2536.550048828125
2019-09-16,2563.97998046875
2019-09-17,2571.43994140625
2019-09-18,2572.360107421875
2019-09-19,2562.469970703125
2019-09-20,2570.31005859375
2019-09-23,2568.330078125
2019-09-24,2547.530029296875
2019-09-25,2531.85009765625
2019-09-26,2506.989990234375
2019-09-27,2499.919921875
2019-09-30,2488.159912109375
2019-10-01,2470.56005859375
2019-10-02,2434.8701171875
2019-10-03,2433.300048828125
2019-10-04,2448.919921875
2019-10-07,2427.469970703125
2019-10-08,2386.679931640625
2019-10-09,2395.590087890625
2019-10-10,2402.409912109375
2019-10-11,2431.610107421875
2019-10-14,2426.47998046875
2019-10-15,2429.93994140625
2019-10-16,2424.780029296875
2019-10-17,2437.14990234375
2019-10-18,2440.300048828125
2019-10-21,2459.81005859375
2019-10-22,2464.550048828125
2019-10-23,2471.080078125
2019-10-24,2471.889892578125
2019-10-25,2480.22998046875
2019-10-28,2462.219970703125
2019-10-29,2465.280029296875
2019-10-30,2456.550048828125
2019-10-31,2450.989990234375
2019-11-01,2476.4599609375
2019-11-04,2491.35009765625
2019-11-05,2508.510009765625
2019-11-06,2500.780029296875
2019-11-07,2510.1298828125
2019-11-08,2503.679931640625
2019-11-11,2499.010009765625
2019-11-12,2476.2900390625
2019-11-13,2457.7900390625
2019-11-14,2447.639892578125
2019-11-15,2470.169921875
2019-11-18,2442.81005859375
2019-11-19,2429.659912109375
2019-11-20,2429.719970703125
2019-11-21,2444.080078125
2019-11-22,2430.570068359375
2019-11-25,2446.919921875
2019-11-26,2449.2099609375
2019-11-27,2459.469970703125
2019-11-29,2447.010009765625
2019-12-02,2441.02001953125
2019-12-03,2404.5
2019-12-04,2419.760009765625
2019-12-05,2421.31005859375
2019-12-06,2453.4599609375
2019-12-09,2447.3798828125
2019-12-10,2453.47998046875
2019-12-11,2456.280029296875
2019-12-12,2460.929931640625
2019-12-13,2473.639892578125
2019-12-16,2478.85009765625
2019-12-17,2484.419921875
2019-12-18,2496.52001953125
2019-12-19,2509.31005859375
2019-12-20,2501.8701171875
2019-12-23,2536.77001953125
2019-12-24,2541.679931640625
2019-12-26,2552.5
2019-12-27,2533.860107421875
2019-12-30,2543.919921875
2019-12-31,2552.56005859375
2020-01-02,2568.64990234375
2020-01-03,2568.10009765625
2020-01-06,2585.949951171875
2020-01-07,2585.419921875
2020-01-08,2558.820068359375
2020-01-09,2571.280029296875
2020-01-10,2580.9599609375
2020-01-13,2576.77001953125
2020-01-14,2576.389892578125
2020-01-15,2601.25
2020-01-16,2626.909912109375
2020-01-17,2622.090087890625
2020-01-21,2582.139892578125
2020-01-22,2562.570068359375
2020-01-23,2558.510009765625
2020-01-24,2529.550048828125
2020-01-27,2478.929931640625
2020-01-28,2477.68994140625
2020-01-29,2468.050048828125
2020-01-30,2467.639892578125
2020-01-31,2431.409912109375
2020-02-03,2411.719970703125
2020-02-04,2420.820068359375
2020-02-05,2454.219970703125
2020-02-06,2433.5
2020-02-07,2404.22998046875
2020-02-10,2381.280029296875
2020-02-11,2395.7099609375
2020-02-12,2411.139892578125
2020-02-13,2401.0
2020-02-14,2403.2900390625
2020-02-18,2410.0
2020-02-19,2425.699951171875
2020-02-20,2424.3798828125
2020-02-21,2406.889892578125
2020-02-24,2361.18994140625
2020-02-25,2301.169921875
2020-02-26,2253.840087890625
2020-02-27,2210.330078125
2020-02-28,2213.699951171875
2020-03-02,2265.89990234375
2020-03-03,2244.679931640625
2020-03-04,2261.6298828125
2020-03-05,2192.72998046875
2020-03-06,2149.77001953125
2020-03-09,1875.8599853515625
2020-03-10,1899.280029296875
2020-03-11,1775.68994140625
2020-03-12,1564.9000244140625
2020-03-13,1602.25
2020-03-16,1499.1500244140625
2020-03-17,1503.0699462890625
2020-03-18,1317.219970703125
2020-03-19,1399.56005859375
2020-03-20,1408.93994140625
2020-03-23,1336.3800048828125
2020-03-24,1464.969970703125
2020-03-25,1516.18994140625
2020-03-26,1550.3499755859375
2020-03-27,1487.22998046875
2020-03-30,1513.25
2020-03-31,1537.0
2020-04-01,1492.0899658203125
2020-04-02,1557.6099853515625
2020-04-03,1520.31005859375
2020-04-06,1583.3800048828125
2020-04-07,1588.8900146484375
2020-04-08,1661.6400146484375
2020-04-09,1735.510009765625
2020-04-13,1729.1800537109375
2020-04-14,1748.3199462890625
2020-04-15,1706.9000244140625
2020-04-16,1678.3499755859375
2020-04-17,1739.7900390625
2020-04-20,1736.800048828125
2020-04-21,1731.8399658203125
2020-04-22,1760.969970703125
2020-04-23,1775.9100341796875
2020-04-24,1791.1800537109375
2020-04-27,1824.8399658203125
2020-04-28,1863.9300537109373
2020-04-29,1972.0799560546875
2020-04-30,1939.8399658203125
2020-05-01,1877.5
2020-05-04,1880.6199951171875
2020-05-05,1863.1199951171875
2020-05-06,1840.8800048828125
2020-05-07,1876.739990234375
2020-05-08,1916.239990234375
2020-05-11,1885.9200439453125
2020-05-12,1863.550048828125
2020-05-13,1791.6500244140625
2020-05-14,1809.6700439453125
2020-05-15,1823.1300048828125
2020-05-18,1904.81005859375
2020-05-19,1884.52001953125
2020-05-20,1941.5999755859373
2020-05-21,1916.06005859375
2020-05-22,1922.3499755859373
2020-05-26,1945.2099609375
2020-05-27,1963.4300537109373
2020-05-28,1933.8599853515625
2020-05-29,1921.8599853515625
2020-06-01,1952.219970703125
2020-06-02,1989.5899658203125
2020-06-03,2025.199951171875
2020-06-04,2030.5799560546875
2020-06-05,2095.68994140625
2020-06-08,2146.52001953125
2020-06-09,2131.830078125
2020-06-10,2087.389892578125
2020-06-11,1954.68994140625
2020-06-12,1976.9100341796875
2020-06-15,1999.5999755859373
2020-06-16,2025.9599609375
2020-06-17,1992.4599609375
2020-06-18,1987.239990234375
2020-06-19,1981.550048828125
2020-06-22,1991.8199462890625
2020-06-23,1993.469970703125
2020-06-24,1949.699951171875
2020-06-25,1956.8199462890625
2020-06-26,1911.760009765625
2020-06-29,1952.97998046875
2020-06-30,1993.1500244140625
2020-07-01,1976.06005859375
2020-07-02,1989.239990234375
2020-07-06,2028.7900390625
2020-07-07,2016.43994140625
2020-07-08,2004.6500244140625
2020-07-09,1970.780029296875
2020-07-10,1977.9100341796875
2020-07-13,1967.5400390625
2020-07-14,1967.5400390625
2020-07-15,2044.7099609375
2020-07-16,2035.43994140625
2020-07-17,2037.8900146484373
2020-07-20,2025.030029296875
2020-07-21,2109.330078125
2020-07-22,2090.820068359375
2020-07-23,2080.830078125
2020-07-24,2067.550048828125
2020-07-27,2087.820068359375
2020-07-28,2063.7900390625
2020-07-29,2091.0400390625
2020-07-30,2073.4599609375
2020-07-31,2058.739990234375
2020-08-03,2072.929931640625
2020-08-04,2126.070068359375
2020-08-05,2143.2900390625
2020-08-06,2141.35009765625
2020-08-07,2137.31005859375
2020-08-10,2168.2099609375
2020-08-11,2133.60009765625
2020-08-12,2148.52001953125
2020-08-13,2157.5
2020-08-14,2155.360107421875
2020-08-17,2170.179931640625
2020-08-18,2138.080078125
2020-08-19,2105.969970703125
2020-08-20,2094.489990234375
2020-08-21,2080.360107421875
2020-08-24,2118.77001953125
2020-08-25,2110.449951171875
2020-08-26,2095.610107421875
2020-08-27,2097.260009765625
2020-08-28,2121.2900390625
2020-08-31,2105.18994140625
2020-09-01,2122.8798828125
2020-09-02,2115.7900390625
2020-09-03,2090.4599609375
2020-09-04,2090.4599609375
2020-09-08,2019.3900146484373
2020-09-09,2040.469970703125
2020-09-10,2017.2900390625
2020-09-11,2007.719970703125
2020-09-14,2037.010009765625
2020-09-15,2028.989990234375
2020-09-16,2061.739990234375
2020-09-17,2056.780029296875
2020-09-18,2043.699951171875
2020-09-21,2043.739990234375
2020-09-22,1992.7099609375
2020-09-23,1909.5699462890625
2020-09-24,1930.7099609375
2020-09-25,1931.010009765625
2020-09-28,1947.5999755859373
2020-09-29,1934.050048828125
2020-09-30,1907.81005859375
2020-10-01,1904.18994140625
2020-10-02,1910.3699951171875
2020-10-05,1937.5699462890625
2020-10-06,1916.3399658203125
2020-10-07,1930.9300537109373
2020-10-08,1986.699951171875
2020-10-09,1997.030029296875
2020-10-12,2007.0
2020-10-13,2008.050048828125
2020-10-14,2006.719970703125
2020-10-15,2027.280029296875
2020-10-16,2012.1199951171875
2020-10-19,1993.280029296875
2020-10-20,2020.9100341796875
2020-10-21,2013.1800537109373
2020-10-22,2035.0799560546875
2020-10-23,2036.510009765625
2020-10-26,2000.4300537109373
2020-10-27,2002.0999755859373
2020-10-28,1946.050048828125
2020-10-29,1963.3900146484373
2020-10-30,1983.7099609375
2020-11-02,2002.5799560546875
2020-11-03,2046.56005859375
2020-11-04,2025.739990234375
2020-11-05,2077.25
2020-11-06,2072.22998046875
2020-11-09,2162.27001953125
2020-11-10,2164.699951171875
2020-11-11,2183.719970703125
2020-11-12,2132.050048828125
2020-11-13,2139.050048828125
2020-11-16,2179.739990234375
2020-11-17,2197.610107421875
2020-11-18,2177.949951171875
2020-11-19,2208.510009765625
2020-11-20,2200.7900390625
2020-11-23,2240.110107421875
2020-11-24,2301.580078125
2020-11-25,2292.1201171875
2020-11-27,2292.639892578125
2020-11-30,2224.300048828125
2020-12-01,2250.030029296875
2020-12-02,2256.969970703125
2020-12-03,2282.0400390625
2020-12-04,2334.64990234375
2020-12-07,2348.669921875
2020-12-08,2373.639892578125
2020-12-09,2352.030029296875
2020-12-10,2388.800048828125
2020-12-11,2372.110107421875
2020-12-14,2330.280029296875
2020-12-15,2372.030029296875
2020-12-16,2343.169921875
2020-12-17,2362.2900390625
2020-12-18,2336.18994140625
2020-12-21,2311.699951171875
2020-12-22,2293.27001953125
2020-12-23,2333.389892578125
2020-12-24,2332.169921875
2020-12-28,2340.989990234375
2020-12-29,2354.110107421875
2020-12-30,2382.590087890625
2020-12-31,2360.89990234375
2021-01-04,2368.949951171875
2021-01-05,2462.97998046875
2021-01-06,2504.080078125
2021-01-07,2536.10009765625
2021-01-08,2507.719970703125
2021-01-11,2534.389892578125
2021-01-12,2551.409912109375
2021-01-13,2524.10009765625
2021-01-14,2556.969970703125
2021-01-15,2509.52001953125
2021-01-19,2526.56005859375
2021-01-20,2541.7900390625
2021-01-21,2518.840087890625
2021-01-22,2500.31005859375
2021-01-25,2492.2900390625
2021-01-26,2421.159912109375
2021-01-27,2373.1298828125
2021-01-28,2440.9599609375
2021-01-29,2416.14990234375
2021-02-01,2460.22998046875
2021-02-02,2454.5400390625
2021-02-03,2492.1201171875
2021-02-04,2498.909912109375
2021-02-05,2529.820068359375
2021-02-08,2575.429931640625
2021-02-09,2602.39990234375
2021-02-10,2636.590087890625
2021-02-11,2612.8798828125
2021-02-12,2624.489990234375
2021-02-16,2656.7900390625
2021-02-17,2659.6298828125
2021-02-18,2600.449951171875
2021-02-19,2639.1298828125
2021-02-22,2683.989990234375
2021-02-23,2672.429931640625
2021-02-24,2724.409912109375
2021-02-25,2649.239990234375
2021-02-26,2601.659912109375
2021-03-01,2625.56005859375
2021-03-02,2641.989990234375
2021-03-03,2642.159912109375
2021-03-04,2675.280029296875
2021-03-05,2702.949951171875
2021-03-08,2729.830078125
2021-03-09,2745.18994140625
2021-03-10,2798.610107421875
2021-03-11,2819.31005859375
2021-03-12,2848.169921875
2021-03-15,2860.550048828125
2021-03-16,2815.0
2021-03-17,2823.929931640625
2021-03-18,2738.93994140625
2021-03-19,2752.179931640625
2021-03-22,2736.47998046875
2021-03-23,2670.0400390625
2021-03-24,2700.77001953125
2021-03-25,2719.139892578125
2021-03-26,2759.56005859375
2021-03-29,2746.340087890625
2021-03-30,2721.949951171875
2021-03-31,2715.27001953125
2021-04-01,2774.3798828125
2021-04-05,2761.469970703125
2021-04-06,2763.719970703125
2021-04-07,2791.239990234375
2021-04-08,2798.1298828125
2021-04-09,2785.1201171875
2021-04-12,2775.360107421875
2021-04-13,2777.320068359375
2021-04-14,2804.52001953125
2021-04-15,2820.0
2021-04-16,2811.580078125
2021-04-19,2799.199951171875
2021-04-20,2764.4599609375
2021-04-21,2809.610107421875
2021-04-22,2775.969970703125
2021-04-23,2813.389892578125
2021-04-26,2833.43994140625
2021-04-27,2834.179931640625
2021-04-28,2892.5
2021-04-29,2908.570068359375
2021-04-30,2942.489990234375
2021-05-03,3029.2900390625
2021-05-04,3007.5400390625
2021-05-05,3041.080078125
2021-05-06,3065.06005859375
2021-05-07,3105.47998046875
2021-05-10,3078.75
2021-05-11,3097.510009765625
2021-05-12,3061.4599609375
2021-05-13,3090.68994140625
2021-05-14,3159.72998046875
2021-05-17,3210.77001953125
2021-05-18,3188.989990234375
2021-05-19,3145.43994140625
2021-05-20,3177.2900390625
2021-05-21,3183.3701171875
2021-05-24,3192.429931640625
2021-05-25,3174.070068359375
2021-05-26,3200.9599609375
2021-05-27,3223.239990234375
2021-05-28,3221.780029296875
2021-06-01,3289.469970703125
2021-06-02,3281.77001953125
2021-06-03,3267.1298828125
2021-06-04,3285.75
2021-06-07,3285.75
2021-06-08,3316.39990234375
2021-06-09,3318.080078125
2021-06-10,3320.6201171875
2021-06-11,3315.6201171875
2021-06-14,3310.6298828125
2021-06-15,3319.919921875
2021-06-16,3309.85009765625
2021-06-17,3199.6298828125
2021-06-18,3130.419921875
2021-06-21,3204.860107421875
2021-06-22,3227.909912109375
2021-06-23,3230.68994140625
2021-06-24,3246.530029296875
2021-06-25,3255.679931640625
2021-06-28,3179.8798828125
2021-06-29,3153.3701171875
2021-06-30,3171.030029296875
2021-07-01,3209.1201171875
2021-07-02,3197.56005859375
2021-07-06,3160.1201171875
2021-07-07,3128.330078125
2021-07-08,3070.699951171875
2021-07-09,3124.8798828125
2021-07-12,3080.010009765625
2021-07-13,3042.739990234375
2021-07-14,3022.179931640625
2021-07-15,3008.860107421875
2021-07-16,2980.320068359375
2021-07-19,2896.22998046875
2021-07-20,2934.909912109375
2021-07-21,2985.1298828125
2021-07-22,2970.340087890625
2021-07-23,2965.889892578125
2021-07-26,3006.570068359375
2021-07-27,2970.159912109375
2021-07-28,3012.68994140625
2021-07-29,3065.639892578125
2021-07-30,3017.4599609375
2021-08-02,3013.659912109375
2021-08-03,3041.580078125
2021-08-04,2976.739990234375
2021-08-05,3004.02001953125
2021-08-06,2999.0400390625
2021-08-09,2973.919921875
2021-08-10,3040.590087890625
2021-08-11,3046.5400390625
2021-08-12,3048.8701171875
2021-08-13,3034.830078125
2021-08-16,2972.64990234375
2021-08-17,2954.3798828125
2021-08-18,2930.080078125
2021-08-19,2856.510009765625
2021-08-20,2871.22998046875
2021-08-23,2941.159912109375
2021-08-24,2969.919921875
2021-08-25,2988.31005859375
2021-08-26,2969.0400390625
2021-08-27,3031.3798828125
2021-08-30,3039.27001953125
2021-08-31,3024.780029296875
2021-09-01,3028.080078125
2021-09-02,3080.919921875
2021-09-03,3087.3701171875
2021-09-07,3055.820068359375
2021-09-08,3062.2900390625
2021-09-09,3030.31005859375
2021-09-10,3029.389892578125
2021-09-13,3104.550048828125
2021-09-14,3041.489990234375
2021-09-15,3118.300048828125
2021-09-16,3075.0
2021-09-17,3008.449951171875
2021-09-20,2944.590087890625
2021-09-21,3003.800048828125
2021-09-22,3071.330078125
2021-09-23,3140.35009765625
2021-09-24,3152.800048828125
2021-09-27,3198.030029296875
2021-09-28,3193.139892578125
2021-09-29,3221.280029296875
2021-09-30,3230.7900390625
2021-10-01,3265.090087890625
2021-10-04,3320.159912109375
2021-10-05,3306.159912109375
2021-10-06,3276.969970703125
2021-10-07,3323.610107421875
2021-10-08,3339.75
2021-10-11,3358.85009765625
2021-10-12,3379.3701171875
2021-10-13,3418.449951171875
2021-10-14,3442.429931640625
2021-10-15,3486.449951171875
2021-10-18,3490.830078125
2021-10-19,3466.68994140625
2021-10-20,3453.43994140625
2021-10-21,3444.97998046875
2021-10-22,3463.360107421875
2021-10-25,3533.5
2021-10-26,3526.64990234375
2021-10-27,3480.1201171875
2021-10-28,3507.39990234375
2021-10-29,3411.56005859375
2021-11-01,3494.60009765625
2021-11-02,3471.050048828125
2021-11-03,3451.239990234375
2021-11-04,3425.659912109375
2021-11-05,3504.22998046875
2021-11-08,3520.639892578125
2021-11-09,3529.840087890625
2021-11-10,3483.77001953125
2021-11-11,3482.550048828125
2021-11-12,3512.719970703125
2021-11-15,3510.4599609375
2021-11-16,3537.8701171875
2021-11-17,3506.550048828125
2021-11-18,3508.800048828125
2021-11-19,3435.2099609375
2021-11-22,3417.0
2021-11-23,3461.300048828125
2021-11-24,3510.929931640625
2021-11-26,3393.989990234375
2021-11-29,3411.010009765625
2021-11-30,3354.389892578125
2021-12-01,3288.199951171875
2021-12-02,3368.47998046875
2021-12-03,3325.110107421875
2021-12-06,3385.449951171875
2021-12-07,3432.669921875
2021-12-08,3430.610107421875
2021-12-09,3366.050048828125
2021-12-10,3378.89990234375
2021-12-13,3315.159912109375
2021-12-14,3291.8798828125
2021-12-15,3289.139892578125
2021-12-16,3301.669921875
2021-12-17,3278.320068359375
2021-12-20,3285.14990234375
2021-12-21,3394.199951171875
2021-12-22,3410.860107421875
2021-12-23,3443.0400390625
2021-12-27,3476.0400390625
2021-12-28,3442.0
2021-12-29,3428.179931640625
2021-12-30,3392.429931640625
2021-12-31,3427.22998046875
2022-01-03,3461.719970703125
2022-01-04,3496.050048828125
2022-01-05,3469.10009765625
2022-01-06,3546.679931640625
2022-01-07,3552.570068359375
2022-01-10,3538.639892578125
2022-01-11,3591.5400390625
2022-01-12,3655.719970703125
2022-01-13,3637.919921875
2022-01-14,3653.64990234375
2022-01-18,3637.89990234375
2022-01-19,3613.530029296875
2022-01-20,3579.1201171875
2022-01-21,3498.919921875
2022-01-24,3496.550048828125
2022-01-25,3577.919921875
2022-01-26,3574.330078125
2022-01-27,3559.2099609375
2022-01-28,3586.85009765625
2022-01-31,3600.280029296875
2022-02-01,3707.919921875
2022-02-02,3715.610107421875
2022-02-03,3681.860107421875
2022-02-04,3673.830078125
2022-02-07,3735.7900390625
2022-02-08,3711.93994140625
2022-02-09,3733.330078125
2022-02-10,3713.2900390625
2022-02-11,3810.25
2022-02-14,3749.949951171875
2022-02-15,3717.570068359375
2022-02-16,3738.550048828125
2022-02-17,3760.300048828125
2022-02-18,3728.5400390625
2022-02-22,3709.27001953125
2022-02-23,3749.449951171875
2022-02-24,3840.659912109375
2022-02-25,3897.7099609375
2022-02-28,3973.330078125
2022-03-01,3930.409912109375
2022-03-02,4017.47998046875
2022-03-03,4000.860107421875
2022-03-04,4093.27001953125
2022-03-07,4085.159912109375
2022-03-08,4010.199951171875
2022-03-09,4020.6298828125
2022-03-10,3991.1201171875
2022-03-11,3966.72998046875
2022-03-14,3871.7900390625
2022-03-15,3823.929931640625
2022-03-16,3813.969970703125
2022-03-17,3891.860107421875
2022-03-18,3938.820068359375
2022-03-21,4021.219970703125
2022-03-22,4018.300048828125
2022-03-23,4111.66015625
2022-03-24,4124.6201171875
2022-03-25,4264.68017578125
2022-03-28,4156.93017578125
2022-03-29,4144.66015625
2022-03-30,4201.759765625
2022-03-31,4179.9599609375
2022-04-01,4255.8798828125
2022-04-04,4281.6298828125
2022-04-05,4238.77978515625
2022-04-06,4228.43017578125
2022-04-07,4288.669921875
2022-04-08,4330.66015625
2022-04-11,4240.2099609375
2022-04-12,4261.43017578125
2022-04-13,4246.240234375
2022-04-14,4270.5
2022-04-18,4278.72021484375
2022-04-19,4243.60009765625
2022-04-20,4274.89013671875
2022-04-21,4174.8701171875
2022-04-22,4098.93994140625
2022-04-25,3991.139892578125
2022-04-26,4017.919921875
2022-04-27,4111.490234375
2022-04-28,4173.18994140625
2022-04-29,4100.2099609375
2022-05-02,4104.35009765625
2022-05-03,4235.9599609375
2022-05-04,4323.06982421875
2022-05-05,4237.14013671875
2022-05-06,4284.10986328125
2022-05-09,3987.719970703125
2022-05-10,3941.949951171875
2022-05-11,3925.169921875
2022-05-12,3903.139892578125
2022-05-13,4025.81005859375
2022-05-16,4075.1298828125
2022-05-17,4096.009765625
2022-05-18,4008.090087890625
2022-05-19,4012.820068359375
2022-05-20,4043.389892578125
2022-05-23,4083.1298828125
2022-05-24,4074.8798828125
2022-05-25,4169.4599609375
2022-05-26,4196.9501953125
2022-05-27,4286.7900390625
2022-05-31,4254.0498046875
2022-06-01,4296.27978515625
2022-06-02,4335.490234375
2022-06-03,4324.85986328125
2022-06-06,4308.43994140625
2022-06-07,4438.0498046875
2022-06-08,4408.81005859375
2022-06-09,4296.580078125
2022-06-10,4211.06982421875
2022-06-13,4087.080078125
2022-06-14,4068.179931640625
2022-06-15,4050.760009765625
2022-06-16,3911.14990234375
2022-06-17,3842.260009765625
2022-06-21,3982.97998046875
2022-06-22,3836.469970703125
2022-06-23,3734.97998046875
2022-06-24,3838.27001953125
2022-06-27,3924.860107421875
2022-06-28,3981.449951171875
2022-06-29,3923.27001953125
2022-06-30,3891.300048828125
2022-07-01,3889.43994140625
2022-07-05,3798.159912109375
2022-07-06,3654.10009765625
2022-07-07,3800.590087890625
2022-07-08,3753.43994140625
2022-07-11,3675.2099609375
2022-07-12,3645.929931640625
2022-07-13,3624.89990234375
2022-07-14,3582.25
2022-07-15,3623.06005859375
2022-07-18,3678.969970703125
2022-07-19,3825.72998046875
2022-07-20,3876.3798828125
2022-07-21,3858.050048828125
2022-07-22,3787.239990234375
2022-07-25,3896.239990234375
2022-07-26,3940.739990234375
2022-07-27,4013.669921875
2022-07-28,4041.3798828125
2022-07-29,4144.81982421875
2022-08-01,4095.840087890625
2022-08-02,4053.06005859375
2022-08-03,4003.110107421875
2022-08-04,3914.179931640625
2022-08-05,3964.60009765625
2022-08-08,3971.0400390625
2022-08-09,4004.72998046875
2022-08-10,4060.949951171875
2022-08-11,4164.75
2022-08-12,4219.64013671875
2022-08-15,4177.77978515625
2022-08-16,4217.10986328125
2022-08-17,4230.27001953125
2022-08-18,4335.93017578125
2022-08-19,4297.580078125
2022-08-22,4293.64990234375
2022-08-23,4427.9599609375
2022-08-24,4460.89990234375
2022-08-25,4472.10009765625
2022-08-26,4408.7001953125
2022-08-29,4426.7998046875
2022-08-30,4313.18994140625
2022-08-31,4269.0498046875
2022-09-01,4175.68994140625
2022-09-02,4279.22021484375
2022-09-06,4207.52978515625
2022-09-07,4146.66015625
2022-09-08,4191.89990234375
2022-09-09,4262.7900390625
2022-09-12,4278.18994140625
2022-09-13,4273.419921875
2022-09-14,4401.39013671875
2022-09-15,4301.02001953125
2022-09-16,4228.9599609375
2022-09-19,4271.64013671875
2022-09-20,4234.75
2022-09-21,4169.56005859375
2022-09-22,4155.27978515625
2022-09-23,3919.530029296875
2022-09-26,3791.969970703125
2022-09-27,3871.030029296875
2022-09-28,4078.590087890625
2022-09-29,4082.860107421875
2022-09-30,4071.889892578125
2022-10-03,4196.31005859375
2022-10-04,4301.31982421875
2022-10-05,4299.7998046875
2022-10-06,4314.2099609375
2022-10-07,4285.68017578125
2022-10-10,4170.31982421875
2022-10-11,4162.31005859375
2022-10-12,4217.10986328125
2022-10-13,4371.85986328125
2022-10-14,4208.080078125
2022-10-17,4267.14990234375
2022-10-18,4225.3701171875
2022-10-19,4311.1298828125
2022-10-20,4329.1201171875
2022-10-21,4402.41015625
2022-10-24,4295.56982421875
2022-10-25,4300.330078125
2022-10-26,4339.509765625
2022-10-27,4397.08984375
2022-10-28,4537.7998046875
2022-10-31,4569.5400390625
2022-11-01,4638.06005859375
2022-11-02,4572.72021484375
2022-11-03,4608.72998046875
2022-11-04,4607.7001953125
2022-11-07,4596.75
2022-11-08,4619.259765625
2022-11-09,4440.22998046875
2022-11-10,4582.81005859375
2022-11-11,4545.259765625
2022-11-14,4531.81982421875
2022-11-15,4567.7001953125
2022-11-16,4578.0498046875
2022-11-17,4551.0400390625
2022-11-18,4569.56005859375
2022-11-21,4519.080078125
2022-11-22,4663.490234375
2022-11-23,4660.56982421875
2022-11-25,4670.10986328125
2022-11-28,4588.83984375
2022-11-29,4650.25
2022-11-30,4688.0
2022-12-01,4673.10009765625
2022-12-02,4655.25
2022-12-05,4532.7099609375
2022-12-06,4384.4501953125
2022-12-07,4440.89990234375
2022-12-08,4370.27978515625
2022-12-09,4260.77001953125
2022-12-12,4270.240234375
2022-12-13,4317.5
2022-12-14,4279.60986328125
2022-12-15,4197.72021484375
2022-12-16,4143.16015625
2022-12-19,4074.169921875
2022-12-20,4103.0400390625
2022-12-21,4176.9599609375
2022-12-22,4080.639892578125
2022-12-23,4169.3701171875
2022-12-27,4191.97998046875
2022-12-28,4077.760009765625
2022-12-29,4129.68994140625
2022-12-30,4135.330078125
2023-01-03,3967.56005859375
2023-01-04,4033.25
2023-01-05,4048.590087890625
2023-01-06,4092.2099609375
2023-01-09,4072.780029296875
2023-01-10,4108.91015625
2023-01-11,4134.22021484375
2023-01-12,4213.419921875
2023-01-13,4275.5400390625
2023-01-17,4204.580078125
2023-01-18,4195.240234375
2023-01-19,4241.35009765625
2023-01-20,4284.22021484375
2023-01-23,4320.18994140625
2023-01-24,4292.56005859375
2023-01-25,4272.35009765625
2023-01-26,4350.7900390625
2023-01-27,4343.8701171875
2023-01-30,4267.10986328125
2023-01-31,4394.0498046875
2023-02-01,4356.52978515625
2023-02-02,4250.47021484375
2023-02-03,4205.56005859375
2023-02-06,4190.47021484375
2023-02-07,4250.990234375
2023-02-08,4243.419921875
2023-02-09,4217.6201171875
2023-02-10,4344.5498046875
2023-02-13,4283.47021484375
2023-02-14,4278.169921875
2023-02-15,4281.6298828125
2023-02-16,4228.419921875
2023-02-17,4152.97021484375
2023-02-21,4126.9501953125
2023-02-22,4138.43994140625
2023-02-23,4298.85986328125
2023-02-24,4253.0400390625
2023-02-27,4286.8701171875
2023-02-28,4249.10986328125
2023-03-01,4312.2900390625
2023-03-02,4357.56982421875
2023-03-03,4386.5400390625
2023-03-06,4305.5400390625
2023-03-07,4254.14990234375
2023-03-08,4253.81982421875
2023-03-09,4206.39013671875
2023-03-10,4196.68017578125
2023-03-13,4131.10986328125
2023-03-14,4077.429931640625
2023-03-15,3943.760009765625
2023-03-16,3985.8798828125
2023-03-17,3924.669921875
2023-03-20,3999.68994140625
2023-03-21,4070.81005859375
2023-03-22,4025.320068359375
2023-03-23,3992.449951171875
2023-03-24,4006.919921875
2023-03-27,4061.199951171875
2023-03-28,4157.6298828125
2023-03-29,4226.009765625
2023-03-30,4248.1201171875
2023-03-31,4274.240234375
2023-04-03,4388.18017578125
2023-04-04,4323.6201171875
2023-04-05,4342.8701171875
2023-04-06,4297.85009765625
2023-04-10,4325.41015625
2023-04-11,4339.89990234375
2023-04-12,4363.1201171875
2023-04-13,4376.91015625
2023-04-14,4385.7900390625
2023-04-17,4341.7099609375
2023-04-18,4312.47998046875
2023-04-19,4282.990234375
2023-04-20,4271.64013671875
2023-04-21,4254.31005859375
2023-04-24,4283.8798828125
2023-04-25,4191.330078125
2023-04-26,4174.14990234375
2023-04-27,4191.0
2023-04-28,4199.5
2023-05-01,4173.10009765625
2023-05-02,4038.06005859375
2023-05-03,3934.300048828125
2023-05-04,3914.1298828125
2023-05-05,4023.64990234375
2023-05-08,4034.510009765625
2023-05-09,4061.010009765625
2023-05-10,4018.60009765625
2023-05-11,3957.219970703125
2023-05-12,3963.6298828125
2023-05-15,4013.1201171875
2023-05-16,3911.7900390625
2023-05-17,3937.27001953125
2023-05-18,3936.10009765625
2023-05-19,3938.06005859375
2023-05-22,3963.969970703125
2023-05-23,4020.080078125
2023-05-24,3961.72998046875
2023-05-25,3934.27001953125
2023-05-26,3910.64990234375
2023-05-30,3880.550048828125
2023-05-31,3871.2099609375
2023-06-01,3945.139892578125
2023-06-02,4037.5400390625
2023-06-05,3996.510009765625
2023-06-06,4029.75
2023-06-07,4097.2099609375
2023-06-08,4117.7001953125
2023-06-09,4109.4599609375
2023-06-12,4056.239990234375
2023-06-13,4100.740234375
2023-06-14,4085.429931640625
2023-06-15,4099.990234375
2023-06-16,4106.83984375
2023-06-20,4083.780029296875
2023-06-21,4125.89013671875
2023-06-22,4077.840087890625
2023-06-23,4038.64990234375
2023-06-26,4087.699951171875
2023-06-27,4104.64990234375
2023-06-28,4123.31005859375
2023-06-29,4155.60009765625
2023-06-30,4182.47998046875
2023-07-03,4201.490234375
2023-07-05,4176.93994140625
2023-07-06,4087.3701171875
2023-07-07,4118.27001953125
2023-07-10,4109.33984375
2023-07-11,4202.58984375
2023-07-12,4185.9599609375
2023-07-13,4222.93017578125
2023-07-14,4140.8701171875
2023-07-17,4150.3798828125
2023-07-18,4220.2900390625
2023-07-19,4188.31982421875
2023-07-20,4205.77001953125
2023-07-21,4251.5498046875
2023-07-24,4314.66015625
2023-07-25,4324.830078125
2023-07-26,4315.81005859375
2023-07-27,4266.31982421875
2023-07-28,4354.7001953125
2023-07-31,4384.6298828125
2023-08-01,4337.83984375
2023-08-02,4283.9599609375
2023-08-03,4343.41015625
2023-08-04,4350.22998046875
2023-08-07,4328.77001953125
2023-08-08,4377.39990234375
2023-08-09,4454.39013671875
2023-08-10,4459.52001953125
2023-08-11,4491.02001953125
2023-08-14,4451.6201171875
2023-08-15,4378.41015625
2023-08-16,4346.08984375
2023-08-17,4414.259765625
2023-08-18,4444.4599609375
2023-08-21,4433.7001953125
2023-08-22,4451.35986328125
2023-08-23,4449.3798828125
2023-08-24,4367.16015625
2023-08-25,4387.81982421875
2023-08-28,4419.43017578125
2023-08-29,4464.419921875
2023-08-30,4502.89013671875
2023-08-31,4479.3701171875
2023-09-01,4554.0498046875
2023-09-05,4524.68017578125
2023-09-06,4483.85986328125
2023-09-07,4440.3701171875
2023-09-08,4483.669921875
2023-09-11,4464.6201171875
2023-09-12,4522.580078125
2023-09-13,4479.830078125
2023-09-14,4565.5
2023-09-15,4534.27001953125
2023-09-18,4523.490234375
2023-09-19,4488.68994140625
2023-09-20,4472.56982421875
2023-09-21,4424.7900390625
2023-09-22,4459.9501953125
2023-09-25,4561.7001953125
2023-09-26,4526.240234375
2023-09-27,4620.9501953125
2023-09-28,4658.89013671875
2023-09-29,4592.31005859375
2023-10-02,4491.85009765625
2023-10-03,4484.31005859375
2023-10-04,4371.6201171875
2023-10-05,4383.81005859375
2023-10-06,4433.9501953125
2023-10-09,4575.41015625
2023-10-10,4609.72021484375
2023-10-11,4629.080078125
2023-10-12,4632.740234375
2023-10-13,4662.759765625
2023-10-16,4648.43994140625
2023-10-17,4645.22021484375
2023-10-18,4661.6298828125
2023-10-19,4658.81982421875
2023-10-20,4581.8701171875
2023-10-23,4518.31005859375
2023-10-24,4487.22998046875
2023-10-25,4504.27001953125
2023-10-26,4507.97021484375
2023-10-27,4461.56982421875
2023-10-30,4472.72021484375
2023-10-31,4448.08984375
2023-11-01,4490.9501953125
2023-11-02,4610.47021484375
2023-11-03,4586.0400390625
2023-11-06,4545.27978515625
2023-11-07,4480.5400390625
2023-11-08,4440.77001953125
2023-11-09,4437.72021484375
2023-11-10,4486.72998046875
2023-11-13,4499.43994140625
2023-11-14,4554.43994140625
2023-11-15,4532.1298828125
2023-11-16,4533.52978515625
2023-11-17,4598.18994140625
2023-11-20,4584.8701171875
2023-11-21,4609.89013671875
2023-11-22,4604.169921875
2023-11-24,4646.72021484375
2023-11-27,4635.31005859375
2023-11-28,4655.14990234375
2023-11-29,4658.35986328125
2023-11-30,4649.56005859375
2023-12-01,4685.93017578125
2023-12-04,4606.7900390625
2023-12-05,4537.240234375
2023-12-06,4514.14013671875
2023-12-07,4473.64013671875
2023-12-08,4568.06982421875
2023-12-11,4498.3701171875
2023-12-12,4440.33984375
2023-12-13,4492.08984375
2023-12-14,4578.5
2023-12-15,4520.81982421875
2023-12-18,4599.72021484375
2023-12-19,4623.10986328125
2023-12-20,4556.18017578125
2023-12-21,4583.77001953125
2023-12-22,4606.080078125
2023-12-26,4632.77978515625
2023-12-27,4627.1298828125
2023-12-28,4582.669921875
2023-12-29,4594.31982421875
2024-01-02,4598.2099609375
2024-01-03,4643.47021484375
2024-01-04,4618.0
2024-01-05,4600.52978515625
2024-01-08,4561.08984375
2024-01-09,4580.080078125
2024-01-10,4570.240234375
2024-01-11,4547.3798828125
2024-01-12,4560.509765625
2024-01-16,4521.35986328125
2024-01-17,4435.68017578125
2024-01-18,4441.31982421875
2024-01-19,4427.56005859375
2024-01-22,4424.89990234375
2024-01-23,4420.97021484375
2024-01-24,4456.68017578125
2024-01-25,4482.91015625
2024-01-26,4532.330078125
2024-01-29,4522.080078125
2024-01-30,4573.0
2024-01-31,4499.31982421875
2024-02-01,4486.240234375
2024-02-02,4443.89013671875
2024-02-05,4410.81982421875
2024-02-06,4450.58984375
2024-02-07,4436.5400390625
2024-02-08,4472.14013671875
2024-02-09,4451.10009765625
2024-02-12,4508.06005859375
2024-02-13,4430.27001953125
2024-02-14,4426.4599609375
2024-02-15,4520.85009765625
2024-02-16,4514.6298828125
2024-02-20,4490.60009765625
2024-02-21,4578.64013671875
2024-02-22,4518.81005859375
2024-02-23,4523.41015625
2024-02-26,4519.22021484375
2024-02-27,4511.22021484375
2024-02-28,4470.7998046875
2024-02-29,4503.93994140625
2024-03-01,4569.35986328125
2024-03-04,4501.72998046875
2024-03-05,4535.52978515625
2024-03-06,4570.39013671875
2024-03-07,4620.580078125
2024-03-08,4607.31982421875
2024-03-11,4675.14013671875
2024-03-12,4694.35009765625
2024-03-13,4746.85009765625
2024-03-14,4759.2900390625
2024-03-15,4752.5498046875
2024-03-18,4762.7900390625
2024-03-19,4743.10009765625
2024-03-20,4772.0
2024-03-21,4783.85986328125
2024-03-22,4779.93017578125
2024-03-25,4832.85986328125
2024-03-26,4810.56982421875
2024-03-27,4830.240234375
2024-03-28,4873.06005859375
2024-04-01,4899.25
2024-04-02,4953.2099609375
2024-04-03,5030.8798828125
2024-04-04,4997.68994140625
2024-04-05,5051.18994140625
2024-04-08,5067.60009765625
2024-04-09,5039.759765625
2024-04-10,5076.22021484375
2024-04-11,4961.06982421875
2024-04-12,4890.31005859375
2024-04-15,4810.990234375
2024-04-16,4847.27978515625
2024-04-17,4829.240234375
2024-04-18,4778.2001953125
2024-04-19,4834.85986328125
2024-04-22,4870.1201171875
2024-04-23,4894.93994140625
2024-04-24,4896.22998046875
2024-04-25,4922.25
2024-04-26,4907.72021484375
2024-04-29,4938.97021484375
2024-04-30,4815.169921875
2024-05-01,4751.89990234375
2024-05-02,4792.740234375
2024-05-03,4793.27978515625
2024-05-06,4856.56982421875
2024-05-07,4853.5
2024-05-08,4883.47998046875
2024-05-09,4916.240234375
2024-05-10,4890.35009765625
2024-05-13,4879.31982421875
2024-05-14,4868.169921875
2024-05-15,4897.580078125
2024-05-16,4908.4501953125
2024-05-17,4971.18017578125
2024-05-20,4973.72998046875
2024-05-21,4954.85009765625
2024-05-22,4866.06982421875
2024-05-23,4833.31005859375
2024-05-24,4898.14013671875
2024-05-28,4978.81005859375
2024-05-29,4898.259765625
2024-05-30,4948.91015625
2024-05-31,4975.52978515625
2024-06-03,4794.7900390625
2024-06-04,4703.4501953125
2024-06-05,4692.5400390625
2024-06-06,4733.9599609375
2024-06-07,4641.68994140625
2024-06-10,4700.1298828125
2024-06-11,4682.14013671875
2024-06-12,4693.68994140625
2024-06-13,4612.89990234375
2024-06-14,4602.4599609375
2024-06-17,4608.64013671875
2024-06-18,4667.83984375
2024-06-20,4737.33984375
2024-06-21,4689.2099609375
2024-06-24,4805.6298828125
