date,close
1979-06-29,1618.4000244140625
1979-07-03,1602.800048828125
1979-07-04,1591.4000244140625
1979-07-05,1583.9000244140625
1979-07-06,1586.5999755859375
1979-07-09,1586.300048828125
1979-07-10,1580.199951171875
1979-07-11,1563.199951171875
1979-07-12,1533.699951171875
1979-07-13,1537.4000244140625
1979-07-16,1551.5999755859375
1979-07-17,1560.9000244140625
1979-07-18,1550.800048828125
1979-07-19,1552.4000244140625
1979-07-20,1557.5
1979-07-23,1546.0
1979-07-24,1547.0999755859375
1979-07-25,1556.800048828125
1979-07-26,1570.0
1979-07-27,1578.0
1979-07-30,1568.0999755859375
1979-07-31,1558.0999755859375
1979-08-01,1558.0999755859375
1979-08-02,1560.9000244140625
1979-08-03,1557.800048828125
1979-08-07,1555.9000244140625
1979-08-08,1565.199951171875
1979-08-09,1566.5
1979-08-10,1575.0
1979-08-13,1582.0999755859375
1979-08-14,1584.300048828125
1979-08-15,1600.699951171875
1979-08-16,1606.9000244140625
1979-08-17,1619.199951171875
1979-08-20,1640.699951171875
1979-08-21,1657.300048828125
1979-08-22,1665.199951171875
1979-08-23,1662.0
1979-08-24,1669.699951171875
1979-08-27,1678.699951171875
1979-08-28,1678.9000244140625
1979-08-29,1678.5
1979-08-30,1679.699951171875
1979-08-31,1695.300048828125
1979-09-04,1689.4000244140625
1979-09-05,1661.800048828125
1979-09-06,1694.4000244140625
1979-09-07,1725.300048828125
1979-09-10,1720.9000244140625
1979-09-11,1715.699951171875
1979-09-12,1727.0999755859375
1979-09-13,1719.0
1979-09-14,1731.9000244140625
1979-09-17,1728.9000244140625
1979-09-18,1719.0999755859375
1979-09-19,1721.9000244140625
1979-09-20,1737.0
1979-09-21,1740.9000244140625
1979-09-24,1735.5999755859375
1979-09-25,1736.9000244140625
1979-09-26,1751.199951171875
1979-09-27,1758.800048828125
1979-09-28,1751.9000244140625
1979-10-01,1753.5
1979-10-02,1771.9000244140625
1979-10-03,1780.5
1979-10-04,1790.9000244140625
1979-10-05,1804.699951171875
1979-10-09,1740.300048828125
1979-10-10,1689.5
1979-10-11,1685.800048828125
1979-10-12,1674.9000244140625
1979-10-15,1643.199951171875
1979-10-16,1617.300048828125
1979-10-17,1620.4000244140625
1979-10-18,1639.5
1979-10-19,1597.5
1979-10-22,1537.300048828125
1979-10-23,1526.0
1979-10-24,1538.4000244140625
1979-10-25,1521.0999755859375
1979-10-26,1527.800048828125
1979-10-29,1542.5999755859375
1979-10-30,1556.199951171875
1979-10-31,1579.300048828125
1979-11-01,1603.4000244140625
1979-11-02,1610.9000244140625
1979-11-05,1600.5999755859375
1979-11-06,1597.0
1979-11-07,1578.5
1979-11-08,1573.199951171875
1979-11-09,1588.0
1979-11-12,1612.800048828125
1979-11-13,1615.0999755859375
1979-11-14,1623.9000244140625
1979-11-15,1632.699951171875
1979-11-16,1625.699951171875
1979-11-19,1628.5
1979-11-20,1631.699951171875
1979-11-21,1624.4000244140625
1979-11-23,1651.699951171875
1979-11-26,1682.199951171875
1979-11-27,1688.0999755859375
1979-11-28,1695.0
1979-11-29,1703.300048828125
1979-11-30,1699.5999755859375
1979-12-03,1700.0999755859375
1979-12-04,1716.699951171875
1979-12-05,1728.699951171875
1979-12-06,1746.5999755859375
1979-12-07,1730.300048828125
1979-12-10,1726.5
1979-12-11,1723.0
1979-12-12,1755.800048828125
1979-12-13,1765.800048828125
1979-12-14,1743.5
1979-12-17,1772.4000244140625
1979-12-18,1783.9000244140625
1979-12-19,1782.5
1979-12-20,1787.9000244140625
1979-12-21,1785.4000244140625
1979-12-24,1787.300048828125
1979-12-26,1787.300048828125
1979-12-27,1798.5999755859375
1979-12-28,1804.300048828125
1979-12-31,1813.199951171875
1980-01-02,1806.0999755859373
1980-01-03,1789.4000244140625
1980-01-04,1795.199951171875
1980-01-07,1814.0999755859373
1980-01-08,1832.5999755859373
1980-01-09,1854.0
1980-01-10,1884.0999755859373
1980-01-11,1898.699951171875
1980-01-14,1922.199951171875
1980-01-15,1944.5
1980-01-16,1946.800048828125
1980-01-17,1968.0999755859373
1980-01-18,1966.699951171875
1980-01-21,1973.199951171875
1980-01-22,1920.699951171875
1980-01-23,1934.0999755859373
1980-01-24,1952.5999755859373
1980-01-25,1955.0999755859373
1980-01-28,1972.699951171875
1980-01-29,1988.699951171875
1980-01-30,2025.5999755859373
1980-01-31,2027.699951171875
1980-02-01,2032.5999755859373
1980-02-04,2039.800048828125
1980-02-05,2018.699951171875
1980-02-06,2022.9000244140625
1980-02-07,2052.199951171875
1980-02-08,2100.39990234375
1980-02-11,2118.60009765625
1980-02-12,2117.10009765625
1980-02-13,2107.699951171875
1980-02-14,2045.0
1980-02-15,2044.9000244140625
1980-02-19,2093.39990234375
1980-02-20,2125.39990234375
1980-02-21,2144.5
1980-02-22,2140.0
1980-02-25,2119.0
1980-02-26,2146.0
1980-02-27,2165.89990234375
1980-02-28,2177.60009765625
1980-02-29,2192.60009765625
1980-03-03,2182.5
1980-03-04,2164.89990234375
1980-03-05,2165.89990234375
1980-03-06,2096.5
1980-03-07,2045.699951171875
1980-03-10,1974.5999755859373
1980-03-11,2005.0999755859373
1980-03-12,1996.300048828125
1980-03-13,1966.800048828125
1980-03-14,1947.300048828125
1980-03-17,1864.800048828125
1980-03-18,1884.800048828125
1980-03-19,1924.0
1980-03-20,1906.5
1980-03-21,1888.0999755859373
1980-03-24,1830.800048828125
1980-03-25,1819.800048828125
1980-03-26,1798.199951171875
1980-03-27,1702.5
1980-03-28,1789.199951171875
1980-03-31,1797.5999755859375
1980-04-01,1807.800048828125
1980-04-02,1807.199951171875
1980-04-03,1793.5
1980-04-07,1784.9000244140625
1980-04-08,1815.5999755859373
1980-04-09,1858.0999755859373
1980-04-10,1877.9000244140625
1980-04-11,1871.5
1980-04-14,1865.9000244140625
1980-04-15,1851.199951171875
1980-04-16,1818.5999755859373
1980-04-17,1801.699951171875
1980-04-18,1807.0
1980-04-21,1784.5
1980-04-22,1818.300048828125
1980-04-23,1830.699951171875
1980-04-24,1843.800048828125
1980-04-25,1848.4000244140625
1980-04-28,1850.300048828125
1980-04-29,1866.0999755859373
1980-04-30,1869.9000244140625
1980-05-01,1875.0
1980-05-02,1884.9000244140625
1980-05-05,1878.9000244140625
1980-05-06,1860.300048828125
1980-05-07,1841.4000244140625
1980-05-08,1828.4000244140625
1980-05-09,1809.800048828125
1980-05-12,1801.5
1980-05-13,1830.5
1980-05-14,1858.5
1980-05-15,1871.699951171875
1980-05-16,1882.4000244140625
1980-05-20,1887.699951171875
1980-05-21,1905.5
1980-05-22,1924.300048828125
1980-05-23,1961.0999755859373
1980-05-27,2006.9000244140625
1980-05-28,1997.199951171875
1980-05-29,1956.800048828125
1980-05-30,1971.699951171875
1980-06-02,1981.199951171875
1980-06-03,1984.800048828125
1980-06-04,2016.4000244140625
1980-06-05,2019.199951171875
1980-06-06,2022.699951171875
1980-06-09,2027.5999755859373
1980-06-10,2026.699951171875
1980-06-11,2040.199951171875
1980-06-12,2040.800048828125
1980-06-13,2051.10009765625
1980-06-16,2041.300048828125
1980-06-17,2048.199951171875
1980-06-18,2044.5
1980-06-19,2027.199951171875
1980-06-20,2020.800048828125
1980-06-23,2018.699951171875
1980-06-24,2031.9000244140625
1980-06-25,2053.800048828125
1980-06-26,2057.199951171875
1980-06-27,2069.5
1980-06-30,2061.300048828125
1980-07-02,2088.800048828125
1980-07-03,2120.199951171875
1980-07-04,2136.300048828125
1980-07-07,2138.5
1980-07-08,2143.300048828125
1980-07-09,2141.300048828125
1980-07-10,2114.300048828125
1980-07-11,2116.89990234375
1980-07-14,2126.300048828125
1980-07-15,2115.0
1980-07-16,2117.89990234375
1980-07-17,2133.89990234375
1980-07-18,2150.39990234375
1980-07-21,2170.60009765625
1980-07-22,2179.0
1980-07-23,2195.800048828125
1980-07-24,2204.60009765625
1980-07-25,2197.199951171875
1980-07-28,2184.10009765625
1980-07-29,2206.89990234375
1980-07-30,2212.10009765625
1980-07-31,2197.39990234375
1980-08-01,2194.10009765625
1980-08-05,2177.10009765625
1980-08-06,2179.699951171875
1980-08-07,2205.10009765625
1980-08-08,2225.39990234375
1980-08-11,2246.800048828125
1980-08-12,2239.300048828125
1980-08-13,2241.5
1980-08-14,2258.800048828125
1980-08-15,2256.60009765625
1980-08-18,2218.89990234375
1980-08-19,2203.89990234375
1980-08-20,2246.39990234375
1980-08-21,2270.699951171875
1980-08-22,2271.699951171875
1980-08-25,2267.199951171875
1980-08-26,2262.699951171875
1980-08-27,2242.300048828125
1980-08-28,2205.699951171875
1980-08-29,2218.0
1980-09-02,2239.10009765625
1980-09-03,2265.5
1980-09-04,2272.699951171875
1980-09-05,2268.800048828125
1980-09-08,2282.89990234375
1980-09-09,2288.800048828125
1980-09-10,2321.300048828125
1980-09-11,2337.699951171875
1980-09-12,2337.800048828125
1980-09-15,2319.10009765625
1980-09-16,2329.0
1980-09-17,2343.199951171875
1980-09-18,2314.10009765625
1980-09-19,2301.199951171875
1980-09-22,2330.800048828125
1980-09-23,2335.699951171875
1980-09-24,2347.800048828125
1980-09-25,2329.5
1980-09-26,2271.10009765625
1980-09-29,2238.800048828125
1980-09-30,2260.0
1980-10-01,2283.10009765625
1980-10-02,2281.89990234375
1980-10-03,2280.10009765625
1980-10-06,2297.5
1980-10-07,2286.60009765625
1980-10-08,2288.10009765625
1980-10-09,2289.300048828125
1980-10-10,2295.89990234375
1980-10-14,2311.199951171875
1980-10-15,2336.800048828125
1980-10-16,2359.10009765625
1980-10-17,2352.199951171875
1980-10-20,2366.300048828125
1980-10-21,2364.39990234375
1980-10-22,2357.699951171875
1980-10-23,2323.10009765625
1980-10-24,2319.199951171875
1980-10-27,2301.800048828125
1980-10-28,2321.89990234375
1980-10-29,2301.39990234375
1980-10-30,2213.0
1980-10-31,2240.199951171875
1980-11-03,2250.800048828125
1980-11-05,2287.800048828125
1980-11-06,2234.5
1980-11-07,2222.800048828125
1980-11-10,2210.60009765625
1980-11-11,2222.5
1980-11-12,2221.89990234375
1980-11-13,2248.300048828125
1980-11-14,2271.0
1980-11-17,2282.60009765625
1980-11-18,2312.60009765625
1980-11-19,2312.89990234375
1980-11-20,2330.60009765625
1980-11-21,2329.39990234375
1980-11-24,2314.300048828125
1980-11-25,2335.39990234375
1980-11-26,2365.60009765625
1980-11-28,2402.199951171875
1980-12-01,2378.300048828125
1980-12-02,2367.89990234375
1980-12-03,2365.199951171875
1980-12-04,2356.10009765625
1980-12-05,2325.60009765625
1980-12-08,2276.800048828125
1980-12-09,2267.800048828125
1980-12-10,2235.5
1980-12-11,2188.800048828125
1980-12-12,2222.5
1980-12-15,2218.89990234375
1980-12-16,2213.300048828125
1980-12-17,2231.300048828125
1980-12-18,2238.5
1980-12-19,2245.699951171875
1980-12-22,2264.5
1980-12-23,2282.10009765625
1980-12-24,2276.5
1980-12-26,2276.5
1980-12-29,2259.800048828125
1980-12-30,2263.39990234375
1980-12-31,2268.699951171875
1981-01-02,2290.39990234375
1981-01-05,2307.10009765625
1981-01-06,2319.39990234375
1981-01-07,2265.39990234375
1981-01-08,2248.300048828125
1981-01-09,2261.199951171875
1981-01-12,2252.89990234375
1981-01-13,2249.5
1981-01-14,2249.800048828125
1981-01-15,2257.800048828125
1981-01-16,2268.300048828125
1981-01-19,2259.699951171875
1981-01-20,2245.0
1981-01-21,2243.800048828125
1981-01-22,2238.199951171875
1981-01-23,2224.0
1981-01-26,2197.39990234375
1981-01-27,2214.199951171875
1981-01-28,2215.5
1981-01-29,2228.5
1981-01-30,2226.699951171875
1981-02-02,2191.300048828125
1981-02-03,2195.89990234375
1981-02-04,2214.89990234375
1981-02-05,2232.0
1981-02-06,2249.699951171875
1981-02-09,2252.39990234375
1981-02-10,2255.0
1981-02-11,2237.699951171875
1981-02-12,2229.699951171875
1981-02-13,2223.10009765625
1981-02-17,2205.800048828125
1981-02-18,2193.699951171875
1981-02-19,2160.300048828125
1981-02-20,2151.39990234375
1981-02-23,2168.199951171875
1981-02-24,2172.0
1981-02-25,2164.0
1981-02-26,2176.60009765625
1981-02-27,2179.5
1981-03-02,2179.89990234375
1981-03-03,2168.300048828125
1981-03-04,2175.300048828125
1981-03-05,2181.39990234375
1981-03-06,2190.10009765625
1981-03-09,2191.800048828125
1981-03-10,2190.10009765625
1981-03-11,2191.60009765625
1981-03-12,2227.800048828125
1981-03-13,2245.300048828125
1981-03-16,2259.0
1981-03-17,2262.89990234375
1981-03-18,2271.60009765625
1981-03-19,2271.89990234375
1981-03-20,2302.300048828125
1981-03-23,2309.5
1981-03-24,2319.800048828125
1981-03-25,2336.39990234375
1981-03-26,2341.5
1981-03-27,2333.699951171875
1981-03-30,2318.5
1981-03-31,2333.10009765625
1981-04-01,2365.89990234375
1981-04-02,2375.199951171875
1981-04-03,2374.199951171875
1981-04-06,2356.5
1981-04-07,2349.699951171875
1981-04-08,2358.39990234375
1981-04-09,2365.89990234375
1981-04-10,2378.800048828125
1981-04-13,2356.300048828125
1981-04-14,2331.300048828125
1981-04-15,2339.10009765625
1981-04-16,2355.199951171875
1981-04-20,2354.39990234375
1981-04-21,2351.5
1981-04-22,2350.39990234375
1981-04-23,2350.39990234375
1981-04-24,2352.199951171875
1981-04-27,2344.60009765625
1981-04-28,2334.0
1981-04-29,2311.800048828125
1981-04-30,2306.39990234375
1981-05-01,2298.800048828125
1981-05-04,2263.60009765625
1981-05-05,2246.800048828125
1981-05-06,2257.60009765625
1981-05-07,2279.89990234375
1981-05-08,2292.699951171875
1981-05-11,2276.5
1981-05-12,2283.39990234375
1981-05-13,2303.10009765625
1981-05-14,2323.699951171875
1981-05-15,2337.800048828125
1981-05-19,2319.10009765625
1981-05-20,2328.199951171875
1981-05-21,2346.5
1981-05-22,2352.0
1981-05-26,2362.60009765625
1981-05-27,2377.0
1981-05-28,2376.300048828125
1981-05-29,2371.199951171875
1981-06-01,2362.10009765625
1981-06-02,2345.10009765625
1981-06-03,2356.699951171875
1981-06-04,2346.39990234375
1981-06-05,2344.699951171875
1981-06-08,2340.800048828125
1981-06-09,2327.5
1981-06-10,2340.0
1981-06-11,2357.60009765625
1981-06-12,2364.0
1981-06-15,2350.89990234375
1981-06-16,2341.60009765625
1981-06-17,2339.699951171875
1981-06-18,2345.60009765625
1981-06-19,2350.60009765625
1981-06-22,2338.199951171875
1981-06-23,2351.800048828125
1981-06-24,2347.0
1981-06-25,2353.89990234375
1981-06-26,2365.300048828125
1981-06-29,2361.39990234375
1981-06-30,2361.10009765625
1981-07-02,2335.10009765625
1981-07-03,2331.699951171875
1981-07-06,2301.60009765625
1981-07-07,2328.60009765625
1981-07-08,2331.199951171875
1981-07-09,2333.60009765625
1981-07-10,2336.800048828125
1981-07-13,2344.39990234375
1981-07-14,2349.199951171875
1981-07-15,2371.699951171875
1981-07-16,2390.60009765625
1981-07-17,2389.300048828125
1981-07-20,2363.199951171875
1981-07-21,2351.60009765625
1981-07-22,2353.800048828125
1981-07-23,2361.60009765625
1981-07-24,2355.300048828125
1981-07-27,2351.800048828125
1981-07-28,2308.89990234375
1981-07-29,2267.60009765625
1981-07-30,2238.300048828125
1981-07-31,2253.89990234375
1981-08-04,2233.60009765625
1981-08-05,2273.60009765625
1981-08-06,2297.89990234375
1981-08-07,2285.89990234375
1981-08-10,2281.800048828125
1981-08-11,2300.39990234375
1981-08-12,2319.800048828125
1981-08-13,2334.300048828125
1981-08-14,2310.60009765625
1981-08-17,2296.5
1981-08-18,2276.199951171875
1981-08-19,2266.10009765625
1981-08-20,2262.10009765625
1981-08-21,2246.10009765625
1981-08-24,2204.60009765625
1981-08-25,2193.800048828125
1981-08-26,2179.0
1981-08-27,2164.300048828125
1981-08-28,2188.199951171875
1981-08-31,2176.699951171875
1981-09-01,2199.5
1981-09-02,2203.199951171875
1981-09-03,2139.300048828125
1981-09-04,2141.5
1981-09-08,2072.10009765625
1981-09-09,2048.5
1981-09-10,2067.300048828125
1981-09-11,2090.89990234375
1981-09-14,2075.39990234375
1981-09-15,2030.199951171875
1981-09-16,1993.0999755859373
1981-09-17,1956.4000244140625
1981-09-18,1933.5999755859373
1981-09-21,1934.9000244140625
1981-09-22,1955.5999755859373
1981-09-23,1923.800048828125
1981-09-24,1896.5999755859373
1981-09-25,1812.5
1981-09-28,1855.4000244140625
1981-09-29,1894.800048828125
1981-09-30,1883.4000244140625
1981-10-01,1902.199951171875
1981-10-02,1936.699951171875
1981-10-05,1944.800048828125
1981-10-06,1935.5999755859373
1981-10-07,1938.699951171875
1981-10-08,1958.300048828125
1981-10-09,1951.300048828125
1981-10-13,1929.0999755859373
1981-10-14,1892.0999755859373
1981-10-15,1905.5999755859373
1981-10-16,1910.4000244140625
1981-10-19,1895.4000244140625
1981-10-20,1900.4000244140625
1981-10-21,1875.0
1981-10-22,1874.0
1981-10-23,1863.800048828125
1981-10-26,1854.0
1981-10-27,1865.0999755859373
1981-10-28,1853.699951171875
1981-10-29,1828.9000244140625
1981-10-30,1842.5999755859373
1981-11-02,1882.199951171875
1981-11-03,1910.5
1981-11-04,1906.4000244140625
1981-11-05,1906.699951171875
1981-11-06,1913.4000244140625
1981-11-09,1924.5999755859373
1981-11-10,1932.5
1981-11-11,1939.699951171875
1981-11-12,1960.9000244140625
1981-11-13,1921.800048828125
1981-11-16,1869.0
1981-11-17,1881.4000244140625
1981-11-18,1878.199951171875
1981-11-19,1904.300048828125
1981-11-20,1925.300048828125
1981-11-23,1918.5
1981-11-24,1933.4000244140625
1981-11-25,1952.5
1981-11-27,1999.5999755859373
1981-11-30,2012.0999755859373
1981-12-01,1995.699951171875
1981-12-02,1963.199951171875
1981-12-03,1967.300048828125
1981-12-04,1989.199951171875
1981-12-07,1979.199951171875
1981-12-08,1951.699951171875
1981-12-09,1958.0999755859373
1981-12-10,1962.199951171875
1981-12-11,1954.0999755859373
1981-12-14,1928.300048828125
1981-12-15,1935.4000244140625
1981-12-16,1934.0999755859373
1981-12-17,1941.4000244140625
1981-12-18,1947.5999755859373
1981-12-21,1932.199951171875
1981-12-22,1929.9000244140625
1981-12-23,1946.5999755859373
1981-12-24,1952.0
1981-12-29,1936.5999755859373
1981-12-30,1946.4000244140625
1981-12-31,1954.199951171875
1982-01-04,1956.300048828125
1982-01-05,1916.800048828125
1982-01-06,1900.699951171875
1982-01-07,1887.0
1982-01-08,1892.699951171875
1982-01-11,1856.800048828125
1982-01-12,1833.4000244140625
1982-01-13,1800.300048828125
1982-01-14,1803.4000244140625
1982-01-15,1813.199951171875
1982-01-18,1813.0999755859373
1982-01-19,1797.9000244140625
1982-01-20,1777.5
1982-01-21,1759.699951171875
1982-01-22,1740.800048828125
1982-01-25,1721.300048828125
1982-01-26,1704.5999755859375
1982-01-27,1717.4000244140625
1982-01-28,1783.0999755859375
1982-01-29,1786.9000244140625
1982-02-01,1740.9000244140625
1982-02-02,1750.0
1982-02-03,1734.5
1982-02-04,1728.0
1982-02-05,1731.300048828125
1982-02-08,1689.4000244140625
1982-02-09,1675.0
1982-02-10,1677.0999755859375
1982-02-11,1680.0999755859375
1982-02-12,1676.4000244140625
1982-02-16,1652.199951171875
1982-02-17,1658.4000244140625
1982-02-18,1663.0999755859375
1982-02-19,1662.800048828125
1982-02-22,1655.5999755859375
1982-02-23,1658.5999755859375
1982-02-24,1676.0
1982-02-25,1677.5999755859375
1982-02-26,1671.300048828125
1982-03-01,1681.0
1982-03-02,1677.800048828125
1982-03-03,1640.800048828125
1982-03-04,1622.199951171875
1982-03-05,1600.5
1982-03-08,1567.4000244140625
1982-03-09,1561.4000244140625
1982-03-10,1574.800048828125
1982-03-11,1568.699951171875
1982-03-12,1546.800048828125
1982-03-15,1537.5999755859375
1982-03-16,1542.4000244140625
1982-03-17,1548.699951171875
1982-03-18,1572.0
1982-03-19,1584.0
1982-03-22,1622.0999755859375
1982-03-23,1629.4000244140625
1982-03-24,1615.9000244140625
1982-03-25,1620.300048828125
1982-03-26,1607.0999755859375
1982-03-29,1603.5
1982-03-30,1595.5
1982-03-31,1587.800048828125
1982-04-01,1590.4000244140625
1982-04-02,1587.5
1982-04-05,1580.699951171875
1982-04-06,1581.9000244140625
1982-04-07,1586.0999755859375
1982-04-08,1606.0
1982-04-12,1623.5
1982-04-13,1634.800048828125
1982-04-14,1630.300048828125
1982-04-15,1620.199951171875
1982-04-16,1613.0999755859375
1982-04-19,1604.5999755859375
1982-04-20,1595.300048828125
1982-04-21,1585.9000244140625
1982-04-22,1588.0
1982-04-23,1583.300048828125
1982-04-26,1586.0999755859375
1982-04-27,1571.800048828125
1982-04-28,1566.0999755859375
1982-04-29,1552.0999755859375
1982-04-30,1548.199951171875
1982-05-03,1542.0
1982-05-04,1543.0999755859375
1982-05-05,1526.5
1982-05-06,1527.300048828125
1982-05-07,1544.300048828125
1982-05-10,1555.0999755859375
1982-05-11,1592.5999755859375
1982-05-12,1586.0
1982-05-13,1570.199951171875
1982-05-14,1564.800048828125
1982-05-17,1543.199951171875
1982-05-18,1531.5999755859375
1982-05-19,1521.199951171875
1982-05-20,1500.699951171875
1982-05-21,1511.300048828125
1982-05-25,1510.4000244140625
1982-05-26,1503.0999755859375
1982-05-27,1497.5
1982-05-28,1526.4000244140625
1982-06-01,1496.0
1982-06-02,1495.5
1982-06-03,1484.4000244140625
1982-06-04,1460.800048828125
1982-06-07,1459.0999755859375
1982-06-08,1455.199951171875
1982-06-09,1437.199951171875
1982-06-10,1427.199951171875
1982-06-11,1447.699951171875
1982-06-14,1431.4000244140625
1982-06-15,1415.5
1982-06-16,1404.800048828125
1982-06-17,1377.5
1982-06-18,1365.199951171875
1982-06-21,1355.699951171875
1982-06-22,1394.0
1982-06-23,1419.9000244140625
1982-06-24,1403.4000244140625
1982-06-25,1398.0
1982-06-28,1411.300048828125
1982-06-29,1366.9000244140625
1982-06-30,1366.800048828125
1982-07-02,1360.0
1982-07-05,1359.800048828125
1982-07-06,1354.5
1982-07-07,1352.300048828125
1982-07-08,1346.4000244140625
1982-07-09,1363.800048828125
1982-07-12,1387.0
1982-07-13,1384.300048828125
1982-07-14,1391.5
1982-07-15,1402.800048828125
1982-07-16,1421.9000244140625
1982-07-19,1431.699951171875
1982-07-20,1436.0
1982-07-21,1440.300048828125
1982-07-22,1443.0
1982-07-23,1454.800048828125
1982-07-26,1454.0999755859375
1982-07-27,1441.5999755859375
1982-07-28,1418.0
1982-07-29,1412.4000244140625
1982-07-30,1411.9000244140625
1982-08-03,1423.699951171875
1982-08-04,1421.0999755859375
1982-08-05,1419.5
1982-08-06,1413.4000244140625
1982-08-09,1398.0
1982-08-10,1392.5
1982-08-11,1392.5
1982-08-12,1393.5999755859375
1982-08-13,1402.5
1982-08-16,1404.0
1982-08-17,1435.9000244140625
1982-08-18,1471.9000244140625
1982-08-19,1487.5
1982-08-20,1524.9000244140625
1982-08-23,1549.0999755859375
1982-08-24,1550.300048828125
1982-08-25,1562.800048828125
1982-08-26,1588.699951171875
1982-08-27,1586.0999755859375
1982-08-30,1585.800048828125
1982-08-31,1613.300048828125
1982-09-01,1615.5999755859375
1982-09-02,1639.9000244140625
1982-09-03,1650.699951171875
1982-09-07,1631.699951171875
1982-09-08,1621.800048828125
1982-09-09,1622.0
1982-09-10,1604.0
1982-09-13,1602.199951171875
1982-09-14,1615.0
1982-09-15,1627.9000244140625
1982-09-16,1647.300048828125
1982-09-17,1646.0999755859375
1982-09-20,1636.0999755859375
1982-09-21,1658.199951171875
1982-09-22,1653.800048828125
1982-09-23,1648.199951171875
1982-09-24,1637.0
1982-09-27,1635.300048828125
1982-09-28,1627.5999755859375
1982-09-29,1612.5999755859375
1982-09-30,1602.0
1982-10-01,1591.0999755859375
1982-10-04,1578.199951171875
1982-10-05,1583.0999755859375
1982-10-06,1619.4000244140625
1982-10-07,1669.0999755859375
1982-10-08,1697.9000244140625
1982-10-12,1770.4000244140625
1982-10-13,1799.5
1982-10-14,1782.300048828125
1982-10-15,1759.300048828125
1982-10-18,1784.4000244140625
1982-10-19,1781.699951171875
1982-10-20,1787.199951171875
1982-10-21,1792.800048828125
1982-10-22,1803.5
1982-10-25,1758.4000244140625
1982-10-26,1749.4000244140625
1982-10-27,1779.199951171875
1982-10-28,1769.199951171875
1982-10-29,1774.0
1982-11-01,1790.699951171875
1982-11-02,1834.0999755859373
1982-11-03,1887.300048828125
1982-11-04,1882.699951171875
1982-11-05,1882.300048828125
1982-11-08,1865.0999755859373
1982-11-09,1880.699951171875
1982-11-10,1871.300048828125
1982-11-11,1876.0999755859373
1982-11-12,1858.5
1982-11-15,1832.5
1982-11-16,1815.0999755859373
1982-11-17,1828.300048828125
1982-11-18,1843.0999755859373
1982-11-19,1839.300048828125
1982-11-22,1812.4000244140625
1982-11-23,1800.4000244140625
1982-11-24,1804.199951171875
1982-11-26,1817.5
1982-11-29,1815.5
1982-11-30,1838.300048828125
1982-12-01,1850.0999755859373
1982-12-02,1854.9000244140625
1982-12-03,1862.5
1982-12-06,1880.300048828125
1982-12-07,1891.5
1982-12-08,1878.699951171875
1982-12-09,1853.300048828125
1982-12-10,1851.699951171875
1982-12-13,1858.9000244140625
1982-12-14,1858.4000244140625
1982-12-15,1845.300048828125
1982-12-16,1846.5999755859373
1982-12-17,1857.699951171875
1982-12-20,1851.699951171875
1982-12-21,1864.300048828125
1982-12-22,1872.699951171875
1982-12-23,1890.5999755859373
1982-12-28,1909.800048828125
1982-12-29,1934.199951171875
1982-12-30,1935.300048828125
1982-12-31,1958.0999755859373
1983-01-04,1949.800048828125
1983-01-05,1980.4000244140625
1983-01-06,2042.0
1983-01-07,2073.199951171875
1983-01-10,2110.89990234375
1983-01-11,2088.300048828125
1983-01-12,2081.300048828125
1983-01-13,2063.89990234375
1983-01-14,2073.300048828125
1983-01-17,2081.39990234375
1983-01-18,2077.89990234375
1983-01-19,2055.199951171875
1983-01-20,2057.800048828125
1983-01-21,2024.5
1983-01-24,1977.5
1983-01-25,1987.300048828125
1983-01-26,1984.9000244140625
1983-01-27,2014.0999755859373
1983-01-28,2015.699951171875
1983-01-31,2031.5
1983-02-01,2022.300048828125
1983-02-02,2031.699951171875
1983-02-03,2038.5
1983-02-04,2055.10009765625
1983-02-07,2065.0
1983-02-08,2075.699951171875
1983-02-09,2082.39990234375
1983-02-10,2110.199951171875
1983-02-11,2121.699951171875
1983-02-14,2136.89990234375
1983-02-15,2146.89990234375
1983-02-16,2147.60009765625
1983-02-17,2135.89990234375
1983-02-18,2136.800048828125
1983-02-22,2066.699951171875
1983-02-23,2073.0
1983-02-24,2126.5
1983-02-25,2123.10009765625
1983-02-28,2090.39990234375
1983-03-01,2125.10009765625
1983-03-02,2157.89990234375
1983-03-03,2165.10009765625
1983-03-04,2163.60009765625
1983-03-07,2170.10009765625
1983-03-08,2143.10009765625
1983-03-09,2159.0
1983-03-10,2169.89990234375
1983-03-11,2163.800048828125
1983-03-14,2154.199951171875
1983-03-15,2148.39990234375
1983-03-16,2136.10009765625
1983-03-17,2116.89990234375
1983-03-18,2115.10009765625
1983-03-21,2112.0
1983-03-22,2110.5
1983-03-23,2114.300048828125
1983-03-24,2122.300048828125
1983-03-25,2122.60009765625
1983-03-28,2117.5
1983-03-29,2122.39990234375
1983-03-30,2142.0
1983-03-31,2156.10009765625
1983-04-04,2156.10009765625
1983-04-05,2154.699951171875
1983-04-06,2151.10009765625
1983-04-07,2155.0
1983-04-08,2159.39990234375
1983-04-11,2176.800048828125
1983-04-12,2187.5
1983-04-13,2207.5
1983-04-14,2245.60009765625
1983-04-15,2264.10009765625
1983-04-18,2286.10009765625
1983-04-19,2278.60009765625
1983-04-20,2322.300048828125
1983-04-21,2312.60009765625
1983-04-22,2328.800048828125
1983-04-25,2315.39990234375
1983-04-26,2321.300048828125
1983-04-27,2325.300048828125
1983-04-28,2333.5
1983-04-29,2340.800048828125
1983-05-02,2326.0
1983-05-03,2318.800048828125
1983-05-04,2347.199951171875
1983-05-05,2394.199951171875
1983-05-06,2436.199951171875
1983-05-09,2429.39990234375
1983-05-10,2457.699951171875
1983-05-11,2451.699951171875
1983-05-12,2432.199951171875
1983-05-13,2443.89990234375
1983-05-16,2409.89990234375
1983-05-17,2424.800048828125
1983-05-18,2430.60009765625
1983-05-19,2402.60009765625
1983-05-20,2389.300048828125
1983-05-24,2417.300048828125
1983-05-25,2434.0
1983-05-26,2445.199951171875
1983-05-27,2446.10009765625
1983-05-31,2420.699951171875
1983-06-01,2409.300048828125
1983-06-02,2418.699951171875
1983-06-03,2428.39990234375
1983-06-06,2424.39990234375
1983-06-07,2406.39990234375
1983-06-08,2378.10009765625
1983-06-09,2371.699951171875
1983-06-10,2377.300048828125
1983-06-13,2395.199951171875
1983-06-14,2390.5
1983-06-15,2399.199951171875
1983-06-16,2416.39990234375
1983-06-17,2416.89990234375
1983-06-20,2409.699951171875
1983-06-21,2423.800048828125
1983-06-22,2451.800048828125
1983-06-23,2455.39990234375
1983-06-24,2467.0
1983-06-27,2435.5
1983-06-28,2411.5
1983-06-29,2430.89990234375
1983-06-30,2447.0
1983-07-04,2460.0
1983-07-05,2447.10009765625
1983-07-06,2480.5
1983-07-07,2478.60009765625
1983-07-08,2471.300048828125
1983-07-11,2483.699951171875
1983-07-12,2454.60009765625
1983-07-13,2439.699951171875
1983-07-14,2452.10009765625
1983-07-15,2443.89990234375
1983-07-18,2439.60009765625
1983-07-19,2448.800048828125
1983-07-20,2493.699951171875
1983-07-21,2494.10009765625
1983-07-22,2493.89990234375
1983-07-25,2493.39990234375
1983-07-26,2515.39990234375
1983-07-27,2517.800048828125
1983-07-28,2509.199951171875
1983-07-29,2477.60009765625
1983-08-02,2466.10009765625
1983-08-03,2459.699951171875
1983-08-04,2439.199951171875
1983-08-05,2435.60009765625
1983-08-08,2402.0
1983-08-09,2392.10009765625
1983-08-10,2395.39990234375
1983-08-11,2387.199951171875
1983-08-12,2393.300048828125
1983-08-15,2412.800048828125
1983-08-16,2407.800048828125
1983-08-17,2434.699951171875
1983-08-18,2445.0
1983-08-19,2439.89990234375
1983-08-22,2454.89990234375
1983-08-23,2450.699951171875
1983-08-24,2447.5
1983-08-25,2435.300048828125
1983-08-26,2441.39990234375
1983-08-29,2441.89990234375
1983-08-30,2450.5
1983-08-31,2483.10009765625
1983-09-01,2501.699951171875
1983-09-02,2512.300048828125
1983-09-06,2553.800048828125
1983-09-07,2562.800048828125
1983-09-08,2578.199951171875
1983-09-09,2577.0
1983-09-12,2575.5
1983-09-13,2560.60009765625
1983-09-14,2568.89990234375
1983-09-15,2544.800048828125
1983-09-16,2533.300048828125
1983-09-19,2550.10009765625
1983-09-20,2577.0
1983-09-21,2571.10009765625
1983-09-22,2587.10009765625
1983-09-23,2592.699951171875
1983-09-26,2598.300048828125
1983-09-27,2579.800048828125
1983-09-28,2561.60009765625
1983-09-29,2540.10009765625
1983-09-30,2499.60009765625
1983-10-03,2466.199951171875
1983-10-04,2471.89990234375
1983-10-05,2478.800048828125
1983-10-06,2505.300048828125
1983-10-07,2517.10009765625
1983-10-11,2505.800048828125
1983-10-12,2485.199951171875
1983-10-13,2487.0
1983-10-14,2480.699951171875
1983-10-17,2481.5
1983-10-18,2449.800048828125
1983-10-19,2435.300048828125
1983-10-20,2444.300048828125
1983-10-21,2425.199951171875
1983-10-24,2422.300048828125
1983-10-25,2416.10009765625
1983-10-26,2384.5
1983-10-27,2371.89990234375
1983-10-28,2360.300048828125
1983-10-31,2361.10009765625
1983-11-01,2374.800048828125
1983-11-02,2403.199951171875
1983-11-03,2404.5
1983-11-04,2397.699951171875
1983-11-07,2398.60009765625
1983-11-08,2411.300048828125
1983-11-09,2439.89990234375
1983-11-10,2457.0
1983-11-11,2473.39990234375
1983-11-14,2476.199951171875
1983-11-15,2459.0
1983-11-16,2454.89990234375
1983-11-17,2463.199951171875
1983-11-18,2453.199951171875
1983-11-21,2451.60009765625
1983-11-22,2470.89990234375
1983-11-23,2475.5
1983-11-25,2495.39990234375
1983-11-28,2507.5
1983-11-29,2539.60009765625
1983-11-30,2540.89990234375
1983-12-01,2558.0
1983-12-02,2550.199951171875
1983-12-05,2540.199951171875
1983-12-06,2536.800048828125
1983-12-07,2549.300048828125
1983-12-08,2535.5
1983-12-09,2532.0
1983-12-12,2536.300048828125
1983-12-13,2538.60009765625
1983-12-14,2530.300048828125
1983-12-15,2515.199951171875
1983-12-16,2506.800048828125
1983-12-19,2500.699951171875
1983-12-20,2511.699951171875
1983-12-21,2537.800048828125
1983-12-22,2532.800048828125
1983-12-23,2536.89990234375
1983-12-28,2542.699951171875
1983-12-29,2545.5
1983-12-30,2552.39990234375
1984-01-03,2551.60009765625
1984-01-04,2555.60009765625
1984-01-05,2578.0
1984-01-06,2585.699951171875
1984-01-09,2580.89990234375
1984-01-10,2582.89990234375
1984-01-11,2580.199951171875
1984-01-12,2577.199951171875
1984-01-13,2565.5
1984-01-16,2562.89990234375
1984-01-17,2565.199951171875
1984-01-18,2575.300048828125
1984-01-19,2580.5
1984-01-20,2572.60009765625
1984-01-23,2540.199951171875
1984-01-24,2526.300048828125
1984-01-25,2507.89990234375
1984-01-26,2508.0
1984-01-27,2504.300048828125
1984-01-30,2480.0
1984-01-31,2468.89990234375
1984-02-01,2466.699951171875
1984-02-02,2471.5
1984-02-03,2455.699951171875
1984-02-06,2415.89990234375
1984-02-07,2411.39990234375
1984-02-08,2395.699951171875
1984-02-09,2386.10009765625
1984-02-10,2401.60009765625
1984-02-13,2377.800048828125
1984-02-14,2385.800048828125
1984-02-15,2391.199951171875
1984-02-16,2387.0
1984-02-17,2383.10009765625
1984-02-21,2362.39990234375
1984-02-22,2366.199951171875
1984-02-23,2368.60009765625
1984-02-24,2402.10009765625
1984-02-27,2422.60009765625
1984-02-28,2403.5
1984-02-29,2419.800048828125
1984-03-01,2416.300048828125
1984-03-02,2425.10009765625
1984-03-05,2433.0
1984-03-06,2423.10009765625
1984-03-07,2399.89990234375
1984-03-08,2400.199951171875
1984-03-09,2386.89990234375
1984-03-12,2389.60009765625
1984-03-13,2400.60009765625
1984-03-14,2411.10009765625
1984-03-15,2406.5
1984-03-16,2422.800048828125
1984-03-19,2412.60009765625
1984-03-20,2407.699951171875
1984-03-21,2400.5
1984-03-22,2371.300048828125
1984-03-23,2365.199951171875
1984-03-26,2357.0
1984-03-27,2360.300048828125
1984-03-28,2379.39990234375
1984-03-29,2391.800048828125
1984-03-30,2382.10009765625
1984-04-02,2370.5
1984-04-03,2355.89990234375
1984-04-04,2347.89990234375
1984-04-05,2316.199951171875
1984-04-06,2315.89990234375
1984-04-09,2321.5
1984-04-10,2328.0
1984-04-11,2319.60009765625
1984-04-12,2331.60009765625
1984-04-13,2328.5
1984-04-16,2330.300048828125
1984-04-17,2333.89990234375
1984-04-18,2331.0
1984-04-19,2327.0
1984-04-23,2325.199951171875
1984-04-24,2321.5
1984-04-25,2319.699951171875
1984-04-26,2326.0
1984-04-27,2329.199951171875
1984-04-30,2323.300048828125
1984-05-01,2342.199951171875
1984-05-02,2359.199951171875
1984-05-03,2353.800048828125
1984-05-04,2327.5
1984-05-07,2324.5
1984-05-08,2336.5
1984-05-09,2325.0
1984-05-10,2321.199951171875
1984-05-11,2298.300048828125
1984-05-14,2271.300048828125
1984-05-15,2264.60009765625
1984-05-16,2270.300048828125
1984-05-17,2257.60009765625
1984-05-18,2242.699951171875
1984-05-22,2219.39990234375
1984-05-23,2208.199951171875
1984-05-24,2187.800048828125
1984-05-25,2196.60009765625
1984-05-29,2222.5
1984-05-30,2221.60009765625
1984-05-31,2229.800048828125
1984-06-01,2258.199951171875
1984-06-04,2284.5
1984-06-05,2280.89990234375
1984-06-06,2282.5
1984-06-07,2274.300048828125
1984-06-08,2274.699951171875
1984-06-11,2250.89990234375
1984-06-12,2236.0
1984-06-13,2242.60009765625
1984-06-14,2226.60009765625
1984-06-15,2218.5
1984-06-18,2225.800048828125
1984-06-19,2225.39990234375
1984-06-20,2232.89990234375
1984-06-21,2239.5
1984-06-22,2247.699951171875
1984-06-25,2238.800048828125
1984-06-26,2224.5
1984-06-27,2210.39990234375
1984-06-28,2210.699951171875
1984-06-29,2220.89990234375
1984-07-03,2220.60009765625
1984-07-04,2218.10009765625
1984-07-05,2213.199951171875
1984-07-06,2205.300048828125
1984-07-09,2206.699951171875
1984-07-10,2212.800048828125
1984-07-11,2196.800048828125
1984-07-12,2175.60009765625
1984-07-13,2176.300048828125
1984-07-16,2172.89990234375
1984-07-17,2163.89990234375
1984-07-18,2151.60009765625
1984-07-19,2130.5
1984-07-20,2119.60009765625
1984-07-23,2090.199951171875
1984-07-24,2079.699951171875
1984-07-25,2095.5
1984-07-26,2126.0
1984-07-27,2149.89990234375
1984-07-30,2138.39990234375
1984-07-31,2140.0
1984-08-01,2186.699951171875
1984-08-02,2253.300048828125
1984-08-03,2304.300048828125
1984-08-07,2290.199951171875
1984-08-08,2280.5
1984-08-09,2323.39990234375
1984-08-10,2352.699951171875
1984-08-13,2340.699951171875
1984-08-14,2337.5
1984-08-15,2326.0
1984-08-16,2333.199951171875
1984-08-17,2338.39990234375
1984-08-20,2332.0
1984-08-21,2359.5
1984-08-22,2358.800048828125
1984-08-23,2367.699951171875
1984-08-24,2376.5
1984-08-27,2364.89990234375
1984-08-28,2378.10009765625
1984-08-29,2382.300048828125
1984-08-30,2380.10009765625
1984-08-31,2388.800048828125
1984-09-04,2389.199951171875
1984-09-05,2366.10009765625
1984-09-06,2370.800048828125
1984-09-07,2356.0
1984-09-10,2344.0
1984-09-11,2345.10009765625
1984-09-12,2340.199951171875
1984-09-13,2376.5
1984-09-14,2397.199951171875
1984-09-17,2398.300048828125
1984-09-18,2400.39990234375
1984-09-19,2396.60009765625
1984-09-20,2399.0
1984-09-21,2385.199951171875
1984-09-24,2370.10009765625
1984-09-25,2366.5
1984-09-26,2379.300048828125
1984-09-27,2395.699951171875
1984-09-28,2392.699951171875
1984-10-01,2379.60009765625
1984-10-02,2383.10009765625
1984-10-03,2371.0
1984-10-04,2369.800048828125
1984-10-05,2366.300048828125
1984-10-09,2357.0
1984-10-10,2357.89990234375
1984-10-11,2365.89990234375
1984-10-12,2386.699951171875
1984-10-15,2404.10009765625
1984-10-16,2406.0
1984-10-17,2399.699951171875
1984-10-18,2407.39990234375
1984-10-19,2396.0
1984-10-22,2384.199951171875
1984-10-23,2382.5
1984-10-24,2372.699951171875
1984-10-25,2370.199951171875
1984-10-26,2365.300048828125
1984-10-29,2353.10009765625
1984-10-30,2362.10009765625
1984-10-31,2353.300048828125
1984-11-01,2354.699951171875
1984-11-02,2369.39990234375
1984-11-05,2389.800048828125
1984-11-06,2423.0
1984-11-07,2413.800048828125
1984-11-08,2415.199951171875
1984-11-09,2416.5
1984-11-12,2418.89990234375
1984-11-13,2412.199951171875
1984-11-14,2413.699951171875
1984-11-15,2411.60009765625
1984-11-16,2399.0
1984-11-19,2379.5
1984-11-20,2387.0
1984-11-21,2385.89990234375
1984-11-23,2414.39990234375
1984-11-26,2399.39990234375
1984-11-27,2397.89990234375
1984-11-28,2384.89990234375
1984-11-29,2376.699951171875
1984-11-30,2368.5
1984-12-03,2366.300048828125
1984-12-04,2368.60009765625
1984-12-05,2358.89990234375
1984-12-06,2353.0
1984-12-07,2352.10009765625
1984-12-10,2347.10009765625
1984-12-11,2349.5
1984-12-12,2341.800048828125
1984-12-13,2337.5
1984-12-14,2345.199951171875
1984-12-17,2352.39990234375
1984-12-18,2389.199951171875
1984-12-19,2391.10009765625
1984-12-20,2386.199951171875
1984-12-21,2380.60009765625
1984-12-24,2393.89990234375
1984-12-27,2384.199951171875
1984-12-28,2388.0
1984-12-31,2400.300048828125
1985-01-02,2394.89990234375
1985-01-03,2377.0
1985-01-04,2353.699951171875
1985-01-07,2355.300048828125
1985-01-08,2348.60009765625
1985-01-09,2359.10009765625
1985-01-10,2381.199951171875
1985-01-11,2375.699951171875
1985-01-14,2388.0
1985-01-15,2394.10009765625
1985-01-16,2406.300048828125
1985-01-17,2412.10009765625
1985-01-18,2419.60009765625
1985-01-21,2464.5
1985-01-22,2491.800048828125
1985-01-23,2509.89990234375
1985-01-24,2526.0
1985-01-25,2547.89990234375
1985-01-28,2566.0
1985-01-29,2580.10009765625
1985-01-30,2604.0
1985-01-31,2595.10009765625
1985-02-01,2575.5
1985-02-04,2588.89990234375
1985-02-05,2605.300048828125
1985-02-06,2614.5
1985-02-07,2620.699951171875
1985-02-08,2612.89990234375
1985-02-11,2602.800048828125
1985-02-12,2602.199951171875
1985-02-13,2628.300048828125
1985-02-14,2623.199951171875
1985-02-15,2614.39990234375
1985-02-18,2608.0
1985-02-19,2609.699951171875
1985-02-20,2614.699951171875
1985-02-21,2605.800048828125
1985-02-22,2591.199951171875
1985-02-25,2570.89990234375
1985-02-26,2584.800048828125
1985-02-27,2585.39990234375
1985-02-28,2595.0
1985-03-01,2625.199951171875
1985-03-04,2628.5
1985-03-05,2647.0
1985-03-06,2643.0
1985-03-07,2618.300048828125
1985-03-08,2613.800048828125
1985-03-11,2602.199951171875
1985-03-12,2607.60009765625
1985-03-13,2588.89990234375
1985-03-14,2588.0
1985-03-15,2584.699951171875
1985-03-18,2577.5
1985-03-19,2621.89990234375
1985-03-20,2606.699951171875
1985-03-21,2601.199951171875
1985-03-22,2605.60009765625
1985-03-25,2595.39990234375
1985-03-26,2594.60009765625
1985-03-27,2601.39990234375
1985-03-28,2608.39990234375
1985-03-29,2612.800048828125
1985-04-01,2615.699951171875
1985-04-02,2615.0
1985-04-03,2600.300048828125
1985-04-04,2604.39990234375
1985-04-08,2599.5
1985-04-09,2608.199951171875
1985-04-10,2625.699951171875
1985-04-11,2630.60009765625
1985-04-12,2628.0
1985-04-15,2629.800048828125
1985-04-16,2636.10009765625
1985-04-17,2647.300048828125
1985-04-18,2640.800048828125
1985-04-19,2636.5
1985-04-22,2630.800048828125
1985-04-23,2636.5
1985-04-24,2648.0
1985-04-25,2662.5
1985-04-26,2657.800048828125
1985-04-29,2650.89990234375
1985-04-30,2635.300048828125
1985-05-01,2626.300048828125
1985-05-02,2616.5
1985-05-03,2618.60009765625
1985-05-06,2615.0
1985-05-07,2615.39990234375
1985-05-08,2602.800048828125
1985-05-09,2615.60009765625
1985-05-10,2634.199951171875
1985-05-13,2648.10009765625
1985-05-14,2660.89990234375
1985-05-15,2672.300048828125
1985-05-16,2705.699951171875
1985-05-17,2723.199951171875
1985-05-21,2739.800048828125
1985-05-22,2708.199951171875
1985-05-23,2691.39990234375
1985-05-24,2716.5
1985-05-27,2733.0
1985-05-28,2739.10009765625
1985-05-29,2736.10009765625
1985-05-30,2728.60009765625
1985-05-31,2736.300048828125
1985-06-03,2744.800048828125
1985-06-04,2752.89990234375
1985-06-05,2766.10009765625
1985-06-06,2755.60009765625
1985-06-07,2738.10009765625
1985-06-10,2723.699951171875
1985-06-11,2717.199951171875
1985-06-12,2709.199951171875
1985-06-13,2699.5
1985-06-14,2712.5
1985-06-17,2712.800048828125
1985-06-18,2725.5
1985-06-19,2703.699951171875
1985-06-20,2691.699951171875
1985-06-21,2701.39990234375
1985-06-24,2704.89990234375
1985-06-25,2708.800048828125
1985-06-26,2704.800048828125
1985-06-27,2703.60009765625
1985-06-28,2712.5
1985-07-02,2723.39990234375
1985-07-03,2719.39990234375
1985-07-04,2728.0
1985-07-05,2739.5
1985-07-08,2733.60009765625
1985-07-09,2727.300048828125
1985-07-10,2736.10009765625
1985-07-11,2734.60009765625
1985-07-12,2737.5
1985-07-15,2756.39990234375
1985-07-16,2775.800048828125
1985-07-17,2804.199951171875
1985-07-18,2802.300048828125
1985-07-19,2804.10009765625
1985-07-22,2797.5
1985-07-23,2777.89990234375
1985-07-24,2776.10009765625
1985-07-25,2786.39990234375
1985-07-26,2804.699951171875
1985-07-29,2782.39990234375
1985-07-30,2772.60009765625
1985-07-31,2778.60009765625
1985-08-01,2794.89990234375
1985-08-02,2798.199951171875
1985-08-06,2761.5
1985-08-07,2756.699951171875
1985-08-08,2772.199951171875
1985-08-09,2778.39990234375
1985-08-12,2776.0
1985-08-13,2776.800048828125
1985-08-14,2783.10009765625
1985-08-15,2799.0
1985-08-16,2791.5
1985-08-19,2785.800048828125
1985-08-20,2781.39990234375
1985-08-21,2784.39990234375
1985-08-22,2765.300048828125
1985-08-23,2770.39990234375
1985-08-26,2775.199951171875
1985-08-27,2784.5
1985-08-28,2800.800048828125
1985-08-29,2809.699951171875
1985-08-30,2820.0
1985-09-03,2806.0
1985-09-04,2794.10009765625
1985-09-05,2789.300048828125
1985-09-06,2791.89990234375
1985-09-09,2780.699951171875
1985-09-10,2768.800048828125
1985-09-11,2753.60009765625
1985-09-12,2726.300048828125
1985-09-13,2710.300048828125
1985-09-16,2698.10009765625
1985-09-17,2651.60009765625
1985-09-18,2662.10009765625
1985-09-19,2672.39990234375
1985-09-20,2672.10009765625
1985-09-23,2689.10009765625
1985-09-24,2656.300048828125
1985-09-25,2615.89990234375
1985-09-26,2633.10009765625
1985-09-27,2651.0
1985-09-30,2632.300048828125
1985-10-01,2650.5
1985-10-02,2646.10009765625
1985-10-03,2658.0
1985-10-04,2646.300048828125
1985-10-07,2650.199951171875
1985-10-08,2620.89990234375
1985-10-09,2618.5
1985-10-10,2606.89990234375
1985-10-11,2618.199951171875
1985-10-15,2631.0
1985-10-16,2645.199951171875
1985-10-17,2648.60009765625
1985-10-18,2646.89990234375
1985-10-21,2644.39990234375
1985-10-22,2648.199951171875
1985-10-23,2653.0
1985-10-24,2647.300048828125
1985-10-25,2632.89990234375
1985-10-28,2637.300048828125
1985-10-29,2652.199951171875
1985-10-30,2669.39990234375
1985-10-31,2674.800048828125
1985-11-01,2705.39990234375
1985-11-04,2700.10009765625
1985-11-05,2709.60009765625
1985-11-06,2720.699951171875
1985-11-07,2734.89990234375
1985-11-08,2748.39990234375
1985-11-11,2773.5
1985-11-12,2785.300048828125
1985-11-13,2772.60009765625
1985-11-14,2794.199951171875
1985-11-15,2789.5
1985-11-18,2781.699951171875
1985-11-19,2793.0
1985-11-20,2811.0
1985-11-21,2838.699951171875
1985-11-22,2831.699951171875
1985-11-25,2819.89990234375
1985-11-26,2811.5
1985-11-27,2830.89990234375
1985-11-29,2857.199951171875
1985-12-02,2834.300048828125
1985-12-03,2848.39990234375
1985-12-04,2884.0
1985-12-05,2879.39990234375
1985-12-06,2863.199951171875
1985-12-09,2859.39990234375
1985-12-10,2858.699951171875
1985-12-11,2843.5
1985-12-12,2851.800048828125
1985-12-13,2866.0
1985-12-16,2882.800048828125
1985-12-17,2884.39990234375
1985-12-18,2871.199951171875
1985-12-19,2873.800048828125
1985-12-20,2878.39990234375
1985-12-23,2875.10009765625
1985-12-24,2874.699951171875
1985-12-27,2882.5
1985-12-30,2893.10009765625
1985-12-31,2900.60009765625
1986-01-02,2881.5
1986-01-03,2881.39990234375
1986-01-06,2867.199951171875
1986-01-07,2888.60009765625
1986-01-08,2859.800048828125
1986-01-09,2824.699951171875
1986-01-10,2817.60009765625
1986-01-13,2809.89990234375
1986-01-14,2812.0
1986-01-15,2853.60009765625
1986-01-16,2876.199951171875
1986-01-17,2869.300048828125
1986-01-20,2846.5
1986-01-21,2814.199951171875
1986-01-22,2758.800048828125
1986-01-23,2773.300048828125
1986-01-24,2810.10009765625
1986-01-27,2827.89990234375
1986-01-28,2837.89990234375
1986-01-29,2856.89990234375
1986-01-30,2844.5
1986-01-31,2843.0
1986-02-03,2842.89990234375
1986-02-04,2782.199951171875
1986-02-05,2771.60009765625
1986-02-06,2801.0
1986-02-07,2798.800048828125
1986-02-10,2793.0
1986-02-11,2768.699951171875
1986-02-12,2781.10009765625
1986-02-13,2760.800048828125
1986-02-14,2761.300048828125
1986-02-18,2781.89990234375
1986-02-19,2790.699951171875
1986-02-20,2801.39990234375
1986-02-21,2809.800048828125
1986-02-24,2801.699951171875
1986-02-25,2808.5
1986-02-26,2827.199951171875
1986-02-27,2833.300048828125
1986-02-28,2855.800048828125
1986-03-03,2866.60009765625
1986-03-04,2871.5
1986-03-05,2889.60009765625
1986-03-06,2914.0
1986-03-07,2927.0
1986-03-10,2926.300048828125
1986-03-11,2973.5
1986-03-12,2993.89990234375
1986-03-13,2961.699951171875
1986-03-14,2957.800048828125
1986-03-17,2957.10009765625
1986-03-18,2984.199951171875
1986-03-19,2996.60009765625
1986-03-20,3029.800048828125
1986-03-21,3055.39990234375
1986-03-24,3041.300048828125
1986-03-25,3012.10009765625
1986-03-26,3024.39990234375
1986-03-27,3036.10009765625
1986-03-31,3047.300048828125
1986-04-01,3028.699951171875
1986-04-02,3029.89990234375
1986-04-03,3036.199951171875
1986-04-04,3017.39990234375
1986-04-07,3029.89990234375
1986-04-08,3039.60009765625
1986-04-09,3059.10009765625
1986-04-10,3065.39990234375
1986-04-11,3083.60009765625
1986-04-14,3097.10009765625
1986-04-15,3100.300048828125
1986-04-16,3118.800048828125
1986-04-17,3118.699951171875
1986-04-18,3129.10009765625
1986-04-21,3121.800048828125
1986-04-22,3098.10009765625
1986-04-23,3098.300048828125
1986-04-24,3125.199951171875
1986-04-25,3125.800048828125
1986-04-28,3126.39990234375
1986-04-29,3116.199951171875
1986-04-30,3078.89990234375
1986-05-01,3067.60009765625
1986-05-02,3078.0
1986-05-05,3068.199951171875
1986-05-06,3074.699951171875
1986-05-07,3055.300048828125
1986-05-08,3064.10009765625
1986-05-09,3066.10009765625
1986-05-12,3069.0
1986-05-13,3072.10009765625
1986-05-14,3077.300048828125
1986-05-15,3062.60009765625
1986-05-16,3044.300048828125
1986-05-20,3038.5
1986-05-21,3027.5
1986-05-22,3038.89990234375
1986-05-23,3047.300048828125
1986-05-26,3054.0
1986-05-27,3062.60009765625
1986-05-28,3093.10009765625
1986-05-29,3109.39990234375
1986-05-30,3122.0
1986-06-02,3098.800048828125
1986-06-03,3096.5
1986-06-04,3095.5
1986-06-05,3084.39990234375
1986-06-06,3090.699951171875
1986-06-09,3064.10009765625
1986-06-10,3050.199951171875
1986-06-11,3069.800048828125
1986-06-12,3073.0
1986-06-13,3089.0
1986-06-16,3072.300048828125
1986-06-17,3066.10009765625
1986-06-18,3066.699951171875
1986-06-19,3060.199951171875
1986-06-20,3059.800048828125
1986-06-23,3052.199951171875
1986-06-24,3058.199951171875
1986-06-25,3068.199951171875
1986-06-26,3068.800048828125
1986-06-27,3070.300048828125
1986-06-30,3085.5
1986-07-02,3089.89990234375
1986-07-03,3092.10009765625
1986-07-04,3092.0
1986-07-07,3042.199951171875
1986-07-08,2997.300048828125
1986-07-09,3013.10009765625
1986-07-10,3014.89990234375
1986-07-11,3024.10009765625
1986-07-14,2999.39990234375
1986-07-15,2978.0
1986-07-16,2976.39990234375
1986-07-17,2969.0
1986-07-18,2962.5
1986-07-21,2968.10009765625
1986-07-22,2971.10009765625
1986-07-23,2966.5
1986-07-24,2952.5
1986-07-25,2957.5
1986-07-28,2940.89990234375
1986-07-29,2934.800048828125
1986-07-30,2931.10009765625
1986-07-31,2935.300048828125
1986-08-01,2932.5
1986-08-05,2955.699951171875
1986-08-06,2986.800048828125
1986-08-07,3004.199951171875
1986-08-08,3017.60009765625
1986-08-11,3041.89990234375
1986-08-12,3038.39990234375
1986-08-13,3039.0
1986-08-14,3030.800048828125
1986-08-15,3031.199951171875
1986-08-18,3017.199951171875
1986-08-19,3006.89990234375
1986-08-20,3019.199951171875
1986-08-21,3020.800048828125
1986-08-22,3015.800048828125
1986-08-25,3017.300048828125
1986-08-26,3036.39990234375
1986-08-27,3038.10009765625
1986-08-28,3034.60009765625
1986-08-29,3028.199951171875
1986-09-02,3040.0
1986-09-03,3058.300048828125
1986-09-04,3096.39990234375
1986-09-05,3107.60009765625
1986-09-08,3092.199951171875
1986-09-09,3094.699951171875
1986-09-10,3096.10009765625
1986-09-11,3020.89990234375
1986-09-12,3002.300048828125
1986-09-15,3019.0
1986-09-16,2996.89990234375
1986-09-17,2991.300048828125
1986-09-18,2984.800048828125
1986-09-19,3008.39990234375
1986-09-22,3019.10009765625
1986-09-23,3006.10009765625
1986-09-24,3017.300048828125
1986-09-25,2989.5
1986-09-26,2982.0
1986-09-29,2961.699951171875
1986-09-30,2979.300048828125
1986-10-01,2988.39990234375
1986-10-02,3002.0
1986-10-03,2999.0
1986-10-06,3016.39990234375
1986-10-07,3024.199951171875
1986-10-08,3041.89990234375
1986-10-09,3029.199951171875
1986-10-10,3034.0
1986-10-14,3018.199951171875
1986-10-15,3017.39990234375
1986-10-16,3029.699951171875
1986-10-17,3040.89990234375
1986-10-20,3023.10009765625
1986-10-21,3016.5
1986-10-22,3021.60009765625
1986-10-23,3014.0
1986-10-24,3007.10009765625
1986-10-27,3009.699951171875
1986-10-28,3012.60009765625
1986-10-29,3011.800048828125
1986-10-30,3026.60009765625
1986-10-31,3038.89990234375
1986-11-03,3051.5
1986-11-04,3062.800048828125
1986-11-05,3060.699951171875
1986-11-06,3070.800048828125
1986-11-07,3070.0
1986-11-10,3073.60009765625
1986-11-11,3079.699951171875
1986-11-12,3088.699951171875
1986-11-13,3062.0
1986-11-14,3070.0
1986-11-17,3047.5
1986-11-18,3018.800048828125
1986-11-19,3000.0
1986-11-20,3014.199951171875
1986-11-21,3021.300048828125
1986-11-24,3028.89990234375
1986-11-25,3025.0
1986-11-26,3025.10009765625
1986-11-28,3046.800048828125
1986-12-01,3045.10009765625
1986-12-02,3060.5
1986-12-03,3070.800048828125
1986-12-04,3072.60009765625
1986-12-05,3067.10009765625
1986-12-08,3052.800048828125
1986-12-09,3038.0
1986-12-10,3043.0
1986-12-11,3034.89990234375
1986-12-12,3041.60009765625
1986-12-15,3031.0
1986-12-16,3030.60009765625
1986-12-17,3028.39990234375
1986-12-18,3027.699951171875
1986-12-19,3048.5
1986-12-22,3044.60009765625
1986-12-23,3041.800048828125
1986-12-24,3046.699951171875
1986-12-29,3045.10009765625
1986-12-30,3050.5
1986-12-31,3066.199951171875
1987-01-02,3067.800048828125
1987-01-05,3097.699951171875
1987-01-06,3123.60009765625
1987-01-07,3155.0
1987-01-08,3178.5
1987-01-09,3208.800048828125
1987-01-12,3243.699951171875
1987-01-13,3254.0
1987-01-14,3266.800048828125
1987-01-15,3282.89990234375
1987-01-16,3271.89990234375
1987-01-19,3274.699951171875
1987-01-20,3251.300048828125
1987-01-21,3246.39990234375
1987-01-22,3299.10009765625
1987-01-23,3305.0
1987-01-26,3297.60009765625
1987-01-27,3339.89990234375
1987-01-28,3354.300048828125
1987-01-29,3350.699951171875
1987-01-30,3348.89990234375
1987-02-02,3378.699951171875
1987-02-03,3400.300048828125
1987-02-04,3448.10009765625
1987-02-05,3515.199951171875
1987-02-06,3525.199951171875
1987-02-09,3511.89990234375
1987-02-10,3465.699951171875
1987-02-11,3485.699951171875
1987-02-12,3502.699951171875
1987-02-13,3523.39990234375
1987-02-16,3531.0
1987-02-17,3559.89990234375
1987-02-18,3560.0
1987-02-19,3562.60009765625
1987-02-20,3541.800048828125
1987-02-23,3487.800048828125
1987-02-24,3487.10009765625
1987-02-25,3474.60009765625
1987-02-26,3478.199951171875
1987-02-27,3498.89990234375
1987-03-02,3510.10009765625
1987-03-03,3533.199951171875
1987-03-04,3593.5
1987-03-05,3619.10009765625
1987-03-06,3637.10009765625
1987-03-09,3611.39990234375
1987-03-10,3614.0
1987-03-11,3620.10009765625
1987-03-12,3670.10009765625
1987-03-13,3687.10009765625
1987-03-16,3672.89990234375
1987-03-17,3733.0
1987-03-18,3780.89990234375
1987-03-19,3809.89990234375
1987-03-20,3833.0
1987-03-23,3842.10009765625
1987-03-24,3836.10009765625
1987-03-25,3828.5
1987-03-26,3814.10009765625
1987-03-27,3805.300048828125
1987-03-30,3737.5
1987-03-31,3739.5
1987-04-01,3742.199951171875
1987-04-02,3784.10009765625
1987-04-03,3847.0
1987-04-06,3881.199951171875
1987-04-07,3871.0
1987-04-08,3866.89990234375
1987-04-09,3837.39990234375
1987-04-10,3841.800048828125
1987-04-13,3839.800048828125
1987-04-14,3773.39990234375
1987-04-15,3772.0
1987-04-16,3787.300048828125
1987-04-20,3805.300048828125
1987-04-21,3810.39990234375
1987-04-22,3788.5
1987-04-23,3766.39990234375
1987-04-24,3733.300048828125
1987-04-27,3658.199951171875
1987-04-28,3685.39990234375
1987-04-29,3704.199951171875
1987-04-30,3716.699951171875
1987-05-01,3708.5
1987-05-04,3730.300048828125
1987-05-05,3754.699951171875
1987-05-06,3767.5
1987-05-07,3793.699951171875
1987-05-08,3818.10009765625
1987-05-11,3824.5
1987-05-12,3823.699951171875
1987-05-13,3829.699951171875
1987-05-14,3832.89990234375
1987-05-15,3813.800048828125
1987-05-19,3764.699951171875
1987-05-20,3720.300048828125
1987-05-21,3696.89990234375
1987-05-22,3678.89990234375
1987-05-26,3675.800048828125
1987-05-27,3684.800048828125
1987-05-28,3688.300048828125
1987-05-29,3685.199951171875
1987-06-01,3659.60009765625
1987-06-02,3676.5
1987-06-03,3700.89990234375
1987-06-04,3726.199951171875
1987-06-05,3728.0
1987-06-08,3729.300048828125
1987-06-09,3717.800048828125
1987-06-10,3709.800048828125
1987-06-11,3726.39990234375
1987-06-12,3725.39990234375
1987-06-15,3718.300048828125
1987-06-16,3697.10009765625
1987-06-17,3719.10009765625
1987-06-18,3720.60009765625
1987-06-19,3740.199951171875
1987-06-22,3706.60009765625
1987-06-23,3691.0
1987-06-24,3692.5
1987-06-25,3706.0
1987-06-26,3727.199951171875
1987-06-29,3733.5
1987-06-30,3740.199951171875
1987-07-02,3767.60009765625
1987-07-03,3808.0
1987-07-06,3836.5
1987-07-07,3884.5
1987-07-08,3936.60009765625
1987-07-09,3932.5
1987-07-10,3925.0
1987-07-13,3925.39990234375
1987-07-14,3957.0
1987-07-15,3977.39990234375
1987-07-16,3998.0
1987-07-17,3984.300048828125
1987-07-20,3976.0
1987-07-21,3953.60009765625
1987-07-22,3940.300048828125
1987-07-23,3946.0
1987-07-24,3956.300048828125
1987-07-27,3946.300048828125
1987-07-28,3956.199951171875
1987-07-29,4000.800048828125
1987-07-30,4023.5
1987-07-31,4030.39990234375
1987-08-04,4054.89990234375
1987-08-05,4040.89990234375
1987-08-06,4039.699951171875
1987-08-07,4038.10009765625
1987-08-10,4067.5
1987-08-11,4104.10009765625
1987-08-12,4105.0
1987-08-13,4112.89990234375
1987-08-14,4083.199951171875
1987-08-17,4072.300048828125
1987-08-18,4032.5
1987-08-19,4016.89990234375
1987-08-20,4046.5
1987-08-21,4040.300048828125
1987-08-24,4020.199951171875
1987-08-25,4033.699951171875
1987-08-26,4008.0
1987-08-27,3995.10009765625
1987-08-28,3975.300048828125
1987-08-31,3993.60009765625
1987-09-01,3982.199951171875
1987-09-02,3977.89990234375
1987-09-03,3962.60009765625
1987-09-04,3955.39990234375
1987-09-08,3899.89990234375
1987-09-09,3888.800048828125
1987-09-10,3928.800048828125
1987-09-11,3940.800048828125
1987-09-14,3940.10009765625
1987-09-15,3921.60009765625
1987-09-16,3908.199951171875
1987-09-17,3901.0
1987-09-18,3913.60009765625
1987-09-21,3886.39990234375
1987-09-22,3891.800048828125
1987-09-23,3919.39990234375
1987-09-24,3938.199951171875
1987-09-25,3936.5
1987-09-28,3928.89990234375
1987-09-29,3909.699951171875
1987-09-30,3902.39990234375
1987-10-01,3898.0
1987-10-02,3893.5
1987-10-05,3918.10009765625
1987-10-06,3861.800048828125
1987-10-07,3838.39990234375
1987-10-08,3806.300048828125
1987-10-09,3781.199951171875
1987-10-13,3759.800048828125
1987-10-14,3719.5
1987-10-15,3674.89990234375
1987-10-16,3598.60009765625
1987-10-19,3198.199951171875
1987-10-20,2977.300048828125
1987-10-21,3246.199951171875
1987-10-22,3107.60009765625
1987-10-23,3079.39990234375
1987-10-26,2846.5
1987-10-27,2876.10009765625
1987-10-28,2837.800048828125
1987-10-29,2872.300048828125
1987-10-30,3019.300048828125
1987-11-02,3079.89990234375
1987-11-03,3005.89990234375
1987-11-04,2968.39990234375
1987-11-05,2960.199951171875
1987-11-06,2962.89990234375
1987-11-09,2899.60009765625
1987-11-10,2843.89990234375
1987-11-11,2872.39990234375
1987-11-12,2938.89990234375
1987-11-13,2946.10009765625
1987-11-16,2955.199951171875
1987-11-17,2911.300048828125
1987-11-18,2922.699951171875
1987-11-19,2887.39990234375
1987-11-20,2900.39990234375
1987-11-23,2918.300048828125
1987-11-24,2994.60009765625
1987-11-25,3028.0
1987-11-27,3086.10009765625
1987-11-30,2978.300048828125
1987-12-01,2997.699951171875
1987-12-02,3021.5
1987-12-03,2948.39990234375
1987-12-04,2909.199951171875
1987-12-07,2982.60009765625
1987-12-08,3050.60009765625
1987-12-09,3063.699951171875
1987-12-10,3054.10009765625
1987-12-11,3100.699951171875
1987-12-14,3171.10009765625
1987-12-15,3144.5
1987-12-16,3145.699951171875
1987-12-17,3113.199951171875
1987-12-18,3157.39990234375
1987-12-21,3170.0
1987-12-22,3156.60009765625
1987-12-23,3200.10009765625
1987-12-24,3207.699951171875
1987-12-28,3159.699951171875
1987-12-29,3149.800048828125
1987-12-30,3168.10009765625
1987-12-31,3160.10009765625
1988-01-04,3219.0
1988-01-05,3238.0
1988-01-06,3262.5
1988-01-07,3269.89990234375
1988-01-08,3151.89990234375
1988-01-11,3171.10009765625
1988-01-12,3141.300048828125
1988-01-13,3135.89990234375
1988-01-14,3131.800048828125
1988-01-15,3163.199951171875
1988-01-18,3170.300048828125
1988-01-19,3170.5
1988-01-20,3122.60009765625
1988-01-21,3106.89990234375
1988-01-22,3102.0
1988-01-25,3083.10009765625
1988-01-26,3069.199951171875
1988-01-27,3076.699951171875
1988-01-28,3060.699951171875
1988-01-29,3057.199951171875
1988-02-01,3036.39990234375
1988-02-02,3046.0
1988-02-03,2988.699951171875
1988-02-04,3000.60009765625
1988-02-05,2999.0
1988-02-08,2977.89990234375
1988-02-09,3003.199951171875
1988-02-10,3039.5
1988-02-11,3038.699951171875
1988-02-12,3070.10009765625
1988-02-15,3110.0
1988-02-16,3136.800048828125
1988-02-17,3130.60009765625
1988-02-18,3117.10009765625
1988-02-19,3137.199951171875
1988-02-22,3168.0
1988-02-23,3160.800048828125
1988-02-24,3159.60009765625
1988-02-25,3170.199951171875
1988-02-26,3167.89990234375
1988-02-29,3204.800048828125
1988-03-01,3212.89990234375
1988-03-02,3228.199951171875
1988-03-03,3231.199951171875
1988-03-04,3251.5
1988-03-07,3271.199951171875
1988-03-08,3303.60009765625
1988-03-09,3334.10009765625
1988-03-10,3313.699951171875
1988-03-11,3321.199951171875
1988-03-14,3315.89990234375
1988-03-15,3302.10009765625
1988-03-16,3302.39990234375
1988-03-17,3319.699951171875
1988-03-18,3322.60009765625
1988-03-21,3324.10009765625
1988-03-22,3330.5
1988-03-23,3359.800048828125
1988-03-24,3322.199951171875
1988-03-25,3280.800048828125
1988-03-28,3270.0
1988-03-29,3293.10009765625
1988-03-30,3302.60009765625
1988-03-31,3313.800048828125
1988-04-04,3312.89990234375
1988-04-05,3328.300048828125
1988-04-06,3360.89990234375
1988-04-07,3369.5
1988-04-08,3381.0
1988-04-11,3384.39990234375
1988-04-12,3402.39990234375
1988-04-13,3397.699951171875
1988-04-14,3344.199951171875
1988-04-15,3350.300048828125
1988-04-18,3371.300048828125
1988-04-19,3373.699951171875
1988-04-20,3345.39990234375
1988-04-21,3329.60009765625
1988-04-22,3332.89990234375
1988-04-25,3336.0
1988-04-26,3344.0
1988-04-27,3345.89990234375
1988-04-28,3341.0
1988-04-29,3339.800048828125
1988-05-02,3340.10009765625
1988-05-03,3351.300048828125
1988-05-04,3335.5
1988-05-05,3316.0
1988-05-06,3307.199951171875
1988-05-09,3285.89990234375
1988-05-10,3292.5
1988-05-11,3228.699951171875
1988-05-12,3220.89990234375
1988-05-13,3237.5
1988-05-16,3237.0
1988-05-17,3223.199951171875
1988-05-18,3178.5
1988-05-19,3169.0
1988-05-20,3173.5
1988-05-24,3183.5
1988-05-25,3179.60009765625
1988-05-26,3176.199951171875
1988-05-27,3173.10009765625
1988-05-30,3187.0
1988-05-31,3249.199951171875
1988-06-01,3279.39990234375
1988-06-02,3306.39990234375
1988-06-03,3325.0
1988-06-06,3340.300048828125
1988-06-07,3332.60009765625
1988-06-08,3366.5
1988-06-09,3378.199951171875
1988-06-10,3379.89990234375
1988-06-13,3376.60009765625
1988-06-14,3396.199951171875
1988-06-15,3399.89990234375
1988-06-16,3392.0
1988-06-17,3413.0
1988-06-20,3394.300048828125
1988-06-21,3416.300048828125
1988-06-22,3443.300048828125
1988-06-23,3440.0
1988-06-24,3449.89990234375
1988-06-27,3411.699951171875
1988-06-28,3435.199951171875
1988-06-29,3430.10009765625
1988-06-30,3441.5
1988-07-04,3444.0
1988-07-05,3465.39990234375
1988-07-06,3454.89990234375
1988-07-07,3458.0
1988-07-08,3456.60009765625
1988-07-11,3447.89990234375
1988-07-12,3417.60009765625
1988-07-13,3419.800048828125
1988-07-14,3431.699951171875
1988-07-15,3448.60009765625
1988-07-18,3431.699951171875
1988-07-19,3415.699951171875
1988-07-20,3420.800048828125
1988-07-21,3395.699951171875
1988-07-22,3381.699951171875
1988-07-25,3362.300048828125
1988-07-26,3357.300048828125
1988-07-27,3333.5
1988-07-28,3350.39990234375
1988-07-29,3376.699951171875
1988-08-02,3365.39990234375
1988-08-03,3354.0
1988-08-04,3346.0
1988-08-05,3345.39990234375
1988-08-08,3339.60009765625
1988-08-09,3310.0
1988-08-10,3274.89990234375
1988-08-11,3277.89990234375
1988-08-12,3285.199951171875
1988-08-15,3262.300048828125
1988-08-16,3268.699951171875
1988-08-17,3265.39990234375
1988-08-18,3273.300048828125
1988-08-19,3279.199951171875
1988-08-22,3251.39990234375
1988-08-23,3242.0
1988-08-24,3279.199951171875
1988-08-25,3253.89990234375
1988-08-26,3265.300048828125
1988-08-29,3280.5
1988-08-30,3274.10009765625
1988-08-31,3285.800048828125
1988-09-01,3263.199951171875
1988-09-02,3290.0
1988-09-06,3299.800048828125
1988-09-07,3297.89990234375
1988-09-08,3291.89990234375
1988-09-09,3269.199951171875
1988-09-12,3256.39990234375
1988-09-13,3264.300048828125
1988-09-14,3276.5
1988-09-15,3261.300048828125
1988-09-16,3261.800048828125
1988-09-19,3255.39990234375
1988-09-20,3261.199951171875
1988-09-21,3258.60009765625
1988-09-22,3252.300048828125
1988-09-23,3260.39990234375
1988-09-26,3260.60009765625
1988-09-27,3262.199951171875
1988-09-28,3266.199951171875
1988-09-29,3283.0
1988-09-30,3283.699951171875
1988-10-03,3284.5
1988-10-04,3295.89990234375
1988-10-05,3310.300048828125
1988-10-06,3343.10009765625
1988-10-07,3398.39990234375
1988-10-11,3390.699951171875
1988-10-12,3367.5
1988-10-13,3371.60009765625
1988-10-14,3373.800048828125
1988-10-17,3376.800048828125
1988-10-18,3385.199951171875
1988-10-19,3380.0
1988-10-20,3405.10009765625
1988-10-21,3416.800048828125
1988-10-24,3411.60009765625
1988-10-25,3424.5
1988-10-26,3430.199951171875
1988-10-27,3404.699951171875
1988-10-28,3405.5
1988-10-31,3395.5
1988-11-01,3396.60009765625
1988-11-02,3378.60009765625
1988-11-03,3373.10009765625
1988-11-04,3335.800048828125
1988-11-07,3260.699951171875
1988-11-08,3278.199951171875
1988-11-09,3262.199951171875
1988-11-10,3259.300048828125
1988-11-11,3231.10009765625
1988-11-14,3232.199951171875
1988-11-15,3245.0
1988-11-16,3209.800048828125
1988-11-17,3198.60009765625
1988-11-18,3221.10009765625
1988-11-21,3265.39990234375
1988-11-22,3258.699951171875
1988-11-23,3246.10009765625
1988-11-24,3265.0
1988-11-25,3275.0
1988-11-28,3261.199951171875
1988-11-29,3273.60009765625
1988-11-30,3294.699951171875
1988-12-01,3300.5
1988-12-02,3293.300048828125
1988-12-05,3311.199951171875
1988-12-06,3314.300048828125
1988-12-07,3324.10009765625
1988-12-08,3307.199951171875
1988-12-09,3301.0
1988-12-12,3295.199951171875
1988-12-13,3295.800048828125
1988-12-14,3290.0
1988-12-15,3284.0
1988-12-16,3303.0
1988-12-19,3320.300048828125
1988-12-20,3331.0
1988-12-21,3354.89990234375
1988-12-22,3358.60009765625
1988-12-23,3366.0
1988-12-27,3361.60009765625
1988-12-28,3359.300048828125
1988-12-29,3372.0
1988-12-30,3390.0
1989-01-03,3353.10009765625
1989-01-04,3381.800048828125
1989-01-05,3409.0
1989-01-06,3419.199951171875
1989-01-09,3445.10009765625
1989-01-10,3444.39990234375
1989-01-11,3468.5
1989-01-12,3486.300048828125
1989-01-13,3492.39990234375
1989-01-16,3504.60009765625
1989-01-17,3504.800048828125
1989-01-18,3532.199951171875
1989-01-19,3557.300048828125
1989-01-20,3573.39990234375
1989-01-23,3558.5
1989-01-24,3554.89990234375
1989-01-25,3567.800048828125
1989-01-26,3608.10009765625
1989-01-27,3617.60009765625
1989-01-30,3612.199951171875
1989-01-31,3616.60009765625
1989-02-01,3640.60009765625
1989-02-02,3653.5
1989-02-03,3667.0
1989-02-06,3661.800048828125
1989-02-07,3679.699951171875
1989-02-08,3696.10009765625
1989-02-09,3652.10009765625
1989-02-10,3594.699951171875
1989-02-13,3589.699951171875
1989-02-14,3629.699951171875
1989-02-15,3609.89990234375
1989-02-16,3606.699951171875
1989-02-17,3610.699951171875
1989-02-20,3599.0
1989-02-21,3608.199951171875
1989-02-22,3584.0
1989-02-23,3588.300048828125
1989-02-24,3562.0
1989-02-27,3568.60009765625
1989-02-28,3572.10009765625
1989-03-01,3551.60009765625
1989-03-02,3577.300048828125
1989-03-03,3594.300048828125
1989-03-06,3611.89990234375
1989-03-07,3620.800048828125
1989-03-08,3632.39990234375
1989-03-09,3638.0
1989-03-10,3631.199951171875
1989-03-13,3637.10009765625
1989-03-14,3624.699951171875
1989-03-15,3622.10009765625
1989-03-16,3651.699951171875
1989-03-17,3614.300048828125
1989-03-20,3576.699951171875
1989-03-21,3578.199951171875
1989-03-22,3558.10009765625
1989-03-23,3546.89990234375
1989-03-27,3555.39990234375
1989-03-28,3560.800048828125
1989-03-29,3560.89990234375
1989-03-30,3561.0
1989-03-31,3578.199951171875
1989-04-03,3562.199951171875
1989-04-04,3552.60009765625
1989-04-05,3556.10009765625
1989-04-06,3551.800048828125
1989-04-07,3553.0
1989-04-10,3552.89990234375
1989-04-11,3571.699951171875
1989-04-12,3568.60009765625
1989-04-13,3555.60009765625
1989-04-14,3577.800048828125
1989-04-17,3575.60009765625
1989-04-18,3595.89990234375
1989-04-19,3599.89990234375
1989-04-20,3595.39990234375
1989-04-21,3602.5
1989-04-24,3606.199951171875
1989-04-25,3585.10009765625
1989-04-26,3578.199951171875
1989-04-27,3600.60009765625
1989-04-28,3627.89990234375
1989-05-01,3613.10009765625
1989-05-02,3605.800048828125
1989-05-03,3588.800048828125
1989-05-04,3597.60009765625
1989-05-05,3599.199951171875
1989-05-08,3580.0
1989-05-09,3568.89990234375
1989-05-10,3575.10009765625
1989-05-11,3592.199951171875
1989-05-12,3638.699951171875
1989-05-15,3661.199951171875
1989-05-16,3658.800048828125
1989-05-17,3669.5
1989-05-18,3675.39990234375
1989-05-19,3686.800048828125
1989-05-23,3657.699951171875
1989-05-24,3667.39990234375
1989-05-25,3667.699951171875
1989-05-26,3683.199951171875
1989-05-29,3687.0
1989-05-30,3690.199951171875
1989-05-31,3707.39990234375
1989-06-01,3718.89990234375
1989-06-02,3730.10009765625
1989-06-05,3722.0
1989-06-06,3757.10009765625
1989-06-07,3785.699951171875
1989-06-08,3806.0
1989-06-09,3802.39990234375
1989-06-12,3805.10009765625
1989-06-13,3787.0
1989-06-14,3769.699951171875
1989-06-15,3737.39990234375
1989-06-16,3745.10009765625
1989-06-19,3751.10009765625
1989-06-20,3746.89990234375
1989-06-21,3730.5
1989-06-22,3740.0
1989-06-23,3773.199951171875
1989-06-26,3772.800048828125
1989-06-27,3778.39990234375
1989-06-28,3766.60009765625
1989-06-29,3743.5
1989-06-30,3760.89990234375
1989-07-04,3756.0
1989-07-05,3772.199951171875
1989-07-06,3776.5
1989-07-07,3802.199951171875
1989-07-10,3800.10009765625
1989-07-11,3816.699951171875
1989-07-12,3837.39990234375
1989-07-13,3842.39990234375
1989-07-14,3849.199951171875
1989-07-17,3854.699951171875
1989-07-18,3853.39990234375
1989-07-19,3872.60009765625
1989-07-20,3886.199951171875
1989-07-21,3901.39990234375
1989-07-24,3893.800048828125
1989-07-25,3899.800048828125
1989-07-26,3935.199951171875
1989-07-27,3958.800048828125
1989-07-28,3966.800048828125
1989-07-31,3970.800048828125
1989-08-01,3963.800048828125
1989-08-02,3980.5
1989-08-03,3981.0
1989-08-04,3985.10009765625
1989-08-08,4013.89990234375
1989-08-09,4003.699951171875
1989-08-10,4019.60009765625
1989-08-11,3996.39990234375
1989-08-14,3994.300048828125
1989-08-15,4002.10009765625
1989-08-16,4013.39990234375
1989-08-17,3994.10009765625
1989-08-18,3982.0
1989-08-21,3960.5
1989-08-22,3935.39990234375
1989-08-23,3942.10009765625
1989-08-24,3979.5
1989-08-25,3974.699951171875
1989-08-28,3968.10009765625
1989-08-29,3991.39990234375
1989-08-30,4009.10009765625
1989-08-31,4010.199951171875
1989-09-01,4014.60009765625
1989-09-05,3998.800048828125
1989-09-06,3971.300048828125
1989-09-07,3963.199951171875
1989-09-08,3962.5
1989-09-11,3926.300048828125
1989-09-12,3927.5
1989-09-13,3917.0
1989-09-14,3891.199951171875
1989-09-15,3896.300048828125
1989-09-18,3899.300048828125
1989-09-19,3901.0
1989-09-20,3906.5
1989-09-21,3901.300048828125
1989-09-22,3909.5
1989-09-25,3901.199951171875
1989-09-26,3921.0
1989-09-27,3918.10009765625
1989-09-28,3941.0
1989-09-29,3943.0
1989-10-02,3972.800048828125
1989-10-03,4011.89990234375
1989-10-04,4019.699951171875
1989-10-05,4023.10009765625
1989-10-06,4037.800048828125
1989-10-10,4025.39990234375
1989-10-11,4008.5
1989-10-12,4012.39990234375
1989-10-13,3870.699951171875
1989-10-16,3927.300048828125
1989-10-17,3904.199951171875
1989-10-18,3929.5
1989-10-19,3969.699951171875
1989-10-20,3954.800048828125
1989-10-23,3912.199951171875
1989-10-24,3899.10009765625
1989-10-25,3906.699951171875
1989-10-26,3886.39990234375
1989-10-27,3884.300048828125
1989-10-30,3887.199951171875
1989-10-31,3918.60009765625
1989-11-01,3935.60009765625
1989-11-02,3935.699951171875
1989-11-03,3929.10009765625
1989-11-06,3906.800048828125
1989-11-07,3923.300048828125
1989-11-08,3937.0
1989-11-09,3931.5
1989-11-10,3943.699951171875
1989-11-13,3949.699951171875
1989-11-14,3943.10009765625
1989-11-15,3968.699951171875
1989-11-16,3946.0
1989-11-17,3957.60009765625
1989-11-20,3947.5
1989-11-21,3933.60009765625
1989-11-22,3920.60009765625
1989-11-23,3916.0
1989-11-24,3933.5
1989-11-27,3930.699951171875
1989-11-28,3926.800048828125
1989-11-29,3946.699951171875
1989-11-30,3942.800048828125
1989-12-01,3958.699951171875
1989-12-04,3952.699951171875
1989-12-05,3939.800048828125
1989-12-06,3951.699951171875
1989-12-07,3969.5
1989-12-08,3982.699951171875
1989-12-11,3989.39990234375
1989-12-12,4003.0
1989-12-13,4005.800048828125
1989-12-14,3995.300048828125
1989-12-15,3986.199951171875
1989-12-18,3958.5
1989-12-19,3915.800048828125
1989-12-20,3920.199951171875
1989-12-21,3942.10009765625
1989-12-22,3937.199951171875
1989-12-27,3932.199951171875
1989-12-28,3932.199951171875
1989-12-29,3969.800048828125
1990-01-02,4004.39990234375
1990-01-03,4009.5
1990-01-04,4000.89990234375
1990-01-05,3990.39990234375
1990-01-08,3971.10009765625
1990-01-09,3952.39990234375
1990-01-10,3941.60009765625
1990-01-11,3941.699951171875
1990-01-12,3881.800048828125
1990-01-15,3894.0
1990-01-16,3900.0
1990-01-17,3872.300048828125
1990-01-18,3857.39990234375
1990-01-19,3865.10009765625
1990-01-22,3801.5
1990-01-23,3812.699951171875
1990-01-24,3761.5
1990-01-25,3749.39990234375
1990-01-26,3733.699951171875
1990-01-29,3722.5
1990-01-30,3707.0
1990-01-31,3704.39990234375
1990-02-01,3709.10009765625
1990-02-02,3719.60009765625
1990-02-05,3767.199951171875
1990-02-06,3769.10009765625
1990-02-07,3779.199951171875
1990-02-08,3783.300048828125
1990-02-09,3777.800048828125
1990-02-12,3766.300048828125
1990-02-13,3751.89990234375
1990-02-14,3750.39990234375
1990-02-15,3732.699951171875
1990-02-16,3731.699951171875
1990-02-19,3735.0
1990-02-20,3692.300048828125
1990-02-21,3672.5
1990-02-22,3668.60009765625
1990-02-23,3652.60009765625
1990-02-26,3649.5
1990-02-27,3660.300048828125
1990-02-28,3686.699951171875
1990-03-01,3700.199951171875
1990-03-02,3707.39990234375
1990-03-05,3712.0
1990-03-06,3723.199951171875
1990-03-07,3728.60009765625
1990-03-08,3752.0
1990-03-09,3732.89990234375
1990-03-12,3740.199951171875
1990-03-13,3734.10009765625
1990-03-14,3734.60009765625
1990-03-15,3757.39990234375
1990-03-16,3760.699951171875
1990-03-19,3772.10009765625
1990-03-20,3744.60009765625
1990-03-21,3735.800048828125
1990-03-22,3704.89990234375
1990-03-23,3701.39990234375
1990-03-26,3667.5
1990-03-27,3678.5
1990-03-28,3677.300048828125
1990-03-29,3665.89990234375
1990-03-30,3639.5
1990-04-02,3612.199951171875
1990-04-03,3648.10009765625
1990-04-04,3635.0
1990-04-05,3630.60009765625
1990-04-06,3632.300048828125
1990-04-09,3613.60009765625
1990-04-10,3594.89990234375
1990-04-11,3565.800048828125
1990-04-12,3561.10009765625
1990-04-16,3549.300048828125
1990-04-17,3513.300048828125
1990-04-18,3476.39990234375
1990-04-19,3410.60009765625
1990-04-20,3355.60009765625
1990-04-23,3344.10009765625
1990-04-24,3341.0
1990-04-25,3343.199951171875
1990-04-26,3369.5
1990-04-27,3336.10009765625
1990-04-30,3340.89990234375
1990-05-01,3334.10009765625
1990-05-02,3340.300048828125
1990-05-03,3346.699951171875
1990-05-04,3367.800048828125
1990-05-07,3421.5
1990-05-08,3438.0
1990-05-09,3464.0
1990-05-10,3486.5
1990-05-11,3535.0
1990-05-14,3526.5
1990-05-15,3505.300048828125
1990-05-16,3486.800048828125
1990-05-17,3509.39990234375
1990-05-18,3521.300048828125
1990-05-22,3540.5
1990-05-23,3519.39990234375
1990-05-24,3510.60009765625
1990-05-25,3494.699951171875
1990-05-28,3497.0
1990-05-29,3524.199951171875
1990-05-30,3565.60009765625
1990-05-31,3582.0
1990-06-01,3593.0
1990-06-04,3601.5
1990-06-05,3596.699951171875
1990-06-06,3611.89990234375
1990-06-07,3604.60009765625
1990-06-08,3571.300048828125
1990-06-11,3578.699951171875
1990-06-12,3607.699951171875
1990-06-13,3605.699951171875
1990-06-14,3577.10009765625
1990-06-15,3569.10009765625
1990-06-18,3519.89990234375
1990-06-19,3529.10009765625
1990-06-20,3530.5
1990-06-21,3526.199951171875
1990-06-22,3490.699951171875
1990-06-25,3474.199951171875
1990-06-26,3495.10009765625
1990-06-27,3519.300048828125
1990-06-28,3529.89990234375
1990-06-29,3543.89990234375
1990-07-03,3559.89990234375
1990-07-04,3575.0
1990-07-05,3551.300048828125
1990-07-06,3549.800048828125
1990-07-09,3540.60009765625
1990-07-10,3527.89990234375
1990-07-11,3544.5
1990-07-12,3569.800048828125
1990-07-13,3596.39990234375
1990-07-16,3638.89990234375
1990-07-17,3613.39990234375
1990-07-18,3580.800048828125
1990-07-19,3574.89990234375
1990-07-20,3577.699951171875
1990-07-23,3548.199951171875
1990-07-24,3547.60009765625
1990-07-25,3554.39990234375
1990-07-26,3543.5
1990-07-27,3541.89990234375
1990-07-30,3540.699951171875
1990-07-31,3561.10009765625
1990-08-01,3569.199951171875
1990-08-02,3547.0
1990-08-03,3516.89990234375
1990-08-07,3470.699951171875
1990-08-08,3476.0
1990-08-09,3476.89990234375
1990-08-10,3476.60009765625
1990-08-13,3478.5
1990-08-14,3497.5
1990-08-15,3508.10009765625
1990-08-16,3510.0
1990-08-17,3491.89990234375
1990-08-20,3487.699951171875
1990-08-21,3457.699951171875
1990-08-22,3431.199951171875
1990-08-23,3359.300048828125
1990-08-24,3361.199951171875
1990-08-27,3358.300048828125
1990-08-28,3354.199951171875
1990-08-29,3339.699951171875
1990-08-30,3329.800048828125
1990-08-31,3346.300048828125
1990-09-04,3333.300048828125
1990-09-05,3333.199951171875
1990-09-06,3312.800048828125
1990-09-07,3287.0
1990-09-10,3287.699951171875
1990-09-11,3272.199951171875
1990-09-12,3271.699951171875
1990-09-13,3264.39990234375
1990-09-14,3253.699951171875
1990-09-17,3262.0
1990-09-18,3266.699951171875
1990-09-19,3275.60009765625
1990-09-20,3256.39990234375
1990-09-21,3235.39990234375
1990-09-24,3227.10009765625
1990-09-25,3205.89990234375
1990-09-26,3181.5
1990-09-27,3161.5
1990-09-28,3159.39990234375
1990-10-01,3175.699951171875
1990-10-02,3191.39990234375
1990-10-03,3179.5
1990-10-04,3176.0
1990-10-05,3166.89990234375
1990-10-09,3139.5
1990-10-10,3109.89990234375
1990-10-11,3055.300048828125
1990-10-12,3047.89990234375
1990-10-15,3032.800048828125
1990-10-16,3009.89990234375
1990-10-17,3023.39990234375
1990-10-18,3060.0
1990-10-19,3086.60009765625
1990-10-22,3115.5
1990-10-23,3123.0
1990-10-24,3122.5
1990-10-25,3129.89990234375
1990-10-26,3086.5
1990-10-29,3083.39990234375
1990-10-30,3083.89990234375
1990-10-31,3081.300048828125
1990-11-01,3085.0
1990-11-02,3085.5
1990-11-05,3095.199951171875
1990-11-06,3094.699951171875
1990-11-07,3071.10009765625
1990-11-08,3060.60009765625
1990-11-09,3077.39990234375
1990-11-12,3120.0
1990-11-13,3135.10009765625
1990-11-14,3127.60009765625
1990-11-15,3114.5
1990-11-16,3128.5
1990-11-19,3133.0
1990-11-20,3107.199951171875
1990-11-21,3103.10009765625
1990-11-22,3104.0
1990-11-23,3118.39990234375
1990-11-26,3127.60009765625
1990-11-27,3140.0
1990-11-28,3144.699951171875
1990-11-29,3139.0
1990-11-30,3151.0
1990-12-03,3162.10009765625
1990-12-04,3189.800048828125
1990-12-05,3226.5
1990-12-06,3239.39990234375
1990-12-07,3233.60009765625
1990-12-10,3236.89990234375
1990-12-11,3239.300048828125
1990-12-12,3252.5
1990-12-13,3252.60009765625
1990-12-14,3244.199951171875
1990-12-17,3233.0
1990-12-18,3236.89990234375
1990-12-19,3253.699951171875
1990-12-20,3255.39990234375
1990-12-21,3243.800048828125
1990-12-24,3239.10009765625
1990-12-27,3233.699951171875
1990-12-28,3237.5
1990-12-31,3256.800048828125
1991-01-02,3239.39990234375
1991-01-03,3221.699951171875
1991-01-04,3216.60009765625
1991-01-07,3201.0
1991-01-08,3182.39990234375
1991-01-09,3169.60009765625
1991-01-10,3196.800048828125
1991-01-11,3183.60009765625
1991-01-14,3167.60009765625
1991-01-15,3162.0
1991-01-16,3164.5
1991-01-17,3201.60009765625
1991-01-18,3210.5
1991-01-21,3205.199951171875
1991-01-22,3196.800048828125
1991-01-23,3190.60009765625
1991-01-24,3212.60009765625
1991-01-25,3233.89990234375
1991-01-28,3228.60009765625
1991-01-29,3222.300048828125
1991-01-30,3248.699951171875
1991-01-31,3272.89990234375
1991-02-01,3293.5
1991-02-04,3327.89990234375
1991-02-05,3365.800048828125
1991-02-06,3424.0
1991-02-07,3431.699951171875
1991-02-08,3445.300048828125
1991-02-11,3501.199951171875
1991-02-12,3504.800048828125
1991-02-13,3519.199951171875
1991-02-14,3492.300048828125
1991-02-15,3506.60009765625
1991-02-18,3533.0
1991-02-19,3530.89990234375
1991-02-20,3493.5
1991-02-21,3471.89990234375
1991-02-22,3453.300048828125
1991-02-25,3445.60009765625
1991-02-26,3421.39990234375
1991-02-27,3445.10009765625
1991-02-28,3462.39990234375
1991-03-01,3471.39990234375
1991-03-04,3519.10009765625
1991-03-05,3561.89990234375
1991-03-06,3571.5
1991-03-07,3564.0
1991-03-08,3571.39990234375
1991-03-11,3555.0
1991-03-12,3544.39990234375
1991-03-13,3550.699951171875
1991-03-14,3530.10009765625
1991-03-15,3517.199951171875
1991-03-18,3515.0
1991-03-19,3495.5
1991-03-20,3481.300048828125
1991-03-21,3478.699951171875
1991-03-22,3457.0
1991-03-25,3459.800048828125
1991-03-26,3467.89990234375
1991-03-27,3486.300048828125
1991-03-28,3495.699951171875
1991-04-01,3486.89990234375
1991-04-02,3516.300048828125
1991-04-03,3516.39990234375
1991-04-04,3524.300048828125
1991-04-05,3518.10009765625
1991-04-08,3515.699951171875
1991-04-09,3505.10009765625
1991-04-10,3494.10009765625
1991-04-11,3504.800048828125
1991-04-12,3509.39990234375
1991-04-15,3516.39990234375
1991-04-16,3539.699951171875
1991-04-17,3545.89990234375
1991-04-18,3533.89990234375
1991-04-19,3496.0
1991-04-22,3491.60009765625
1991-04-23,3502.39990234375
1991-04-24,3504.10009765625
1991-04-25,3502.0
1991-04-26,3497.199951171875
1991-04-29,3472.199951171875
1991-04-30,3468.800048828125
1991-05-01,3493.10009765625
1991-05-02,3500.89990234375
1991-05-03,3491.300048828125
1991-05-06,3487.699951171875
1991-05-07,3478.800048828125
1991-05-08,3482.0
1991-05-09,3504.5
1991-05-10,3489.800048828125
1991-05-13,3492.699951171875
1991-05-14,3462.39990234375
1991-05-15,3444.699951171875
1991-05-16,3456.199951171875
1991-05-17,3449.699951171875
1991-05-21,3447.60009765625
1991-05-22,3448.10009765625
1991-05-23,3446.39990234375
1991-05-24,3456.89990234375
1991-05-27,3456.60009765625
1991-05-28,3492.800048828125
1991-05-29,3498.39990234375
1991-05-30,3519.5
1991-05-31,3546.10009765625
1991-06-03,3554.89990234375
1991-06-04,3549.60009765625
1991-06-05,3556.300048828125
1991-06-06,3576.89990234375
1991-06-07,3582.10009765625
1991-06-10,3569.300048828125
1991-06-11,3572.300048828125
1991-06-12,3558.10009765625
1991-06-13,3552.60009765625
1991-06-14,3559.800048828125
1991-06-17,3547.199951171875
1991-06-18,3549.89990234375
1991-06-19,3529.5
1991-06-20,3527.300048828125
1991-06-21,3516.699951171875
1991-06-24,3478.800048828125
1991-06-25,3478.699951171875
1991-06-26,3481.10009765625
1991-06-27,3474.60009765625
1991-06-28,3465.800048828125
1991-07-02,3493.60009765625
1991-07-03,3479.10009765625
1991-07-04,3485.39990234375
1991-07-05,3482.199951171875
1991-07-08,3488.800048828125
1991-07-09,3497.39990234375
1991-07-10,3504.199951171875
1991-07-11,3507.89990234375
1991-07-12,3516.300048828125
1991-07-15,3526.89990234375
1991-07-16,3535.5
1991-07-17,3541.800048828125
1991-07-18,3561.199951171875
1991-07-19,3561.300048828125
1991-07-22,3545.39990234375
1991-07-23,3535.39990234375
1991-07-24,3518.60009765625
1991-07-25,3523.60009765625
1991-07-26,3524.699951171875
1991-07-29,3530.300048828125
1991-07-30,3548.89990234375
1991-07-31,3539.60009765625
1991-08-01,3537.199951171875
1991-08-02,3522.699951171875
1991-08-06,3515.39990234375
1991-08-07,3528.60009765625
1991-08-08,3514.699951171875
1991-08-09,3502.800048828125
1991-08-12,3495.39990234375
1991-08-13,3524.199951171875
1991-08-14,3541.800048828125
1991-08-15,3534.39990234375
1991-08-16,3527.5
1991-08-19,3484.60009765625
1991-08-20,3485.300048828125
1991-08-21,3512.0
1991-08-22,3517.199951171875
1991-08-23,3532.10009765625
1991-08-26,3532.0
1991-08-27,3517.699951171875
1991-08-28,3521.300048828125
1991-08-29,3514.89990234375
1991-08-30,3517.89990234375
1991-09-03,3504.89990234375
1991-09-04,3486.800048828125
1991-09-05,3485.5
1991-09-06,3488.300048828125
1991-09-09,3479.0
1991-09-10,3448.199951171875
1991-09-11,3429.699951171875
1991-09-12,3437.60009765625
1991-09-13,3421.10009765625
1991-09-16,3428.199951171875
1991-09-17,3418.0
1991-09-18,3418.5
1991-09-19,3412.0
1991-09-20,3407.10009765625
1991-09-23,3396.60009765625
1991-09-24,3398.10009765625
1991-09-25,3390.10009765625
1991-09-26,3385.10009765625
1991-09-27,3381.800048828125
1991-09-30,3387.89990234375
1991-10-01,3395.300048828125
1991-10-02,3393.60009765625
1991-10-03,3393.300048828125
1991-10-04,3378.89990234375
1991-10-07,3357.10009765625
1991-10-08,3353.699951171875
1991-10-09,3339.5
1991-10-10,3345.10009765625
1991-10-11,3375.39990234375
1991-10-15,3416.699951171875
1991-10-16,3463.0
1991-10-17,3466.199951171875
1991-10-18,3482.300048828125
1991-10-21,3467.199951171875
1991-10-22,3467.39990234375
1991-10-23,3459.199951171875
1991-10-24,3446.89990234375
1991-10-25,3434.199951171875
1991-10-28,3455.800048828125
1991-10-29,3485.39990234375
1991-10-30,3497.60009765625
1991-10-31,3515.800048828125
1991-11-01,3512.60009765625
1991-11-04,3511.800048828125
1991-11-05,3525.699951171875
1991-11-06,3531.10009765625
1991-11-07,3546.699951171875
1991-11-08,3561.60009765625
1991-11-11,3579.300048828125
1991-11-12,3604.10009765625
1991-11-13,3596.89990234375
1991-11-14,3575.800048828125
1991-11-15,3535.5
1991-11-18,3550.800048828125
1991-11-19,3515.300048828125
1991-11-20,3501.699951171875
1991-11-21,3493.10009765625
1991-11-22,3451.89990234375
1991-11-25,3443.5
1991-11-26,3448.300048828125
1991-11-27,3440.10009765625
1991-11-28,3436.89990234375
1991-11-29,3448.5
1991-12-02,3456.39990234375
1991-12-03,3453.39990234375
1991-12-04,3427.5
1991-12-05,3426.60009765625
1991-12-06,3426.5
1991-12-09,3382.89990234375
1991-12-10,3374.699951171875
1991-12-11,3351.89990234375
1991-12-12,3348.39990234375
1991-12-13,3359.5
1991-12-16,3346.10009765625
1991-12-17,3325.10009765625
1991-12-18,3332.60009765625
1991-12-19,3326.10009765625
1991-12-20,3340.89990234375
1991-12-23,3378.199951171875
1991-12-24,3402.0
1991-12-27,3441.89990234375
1991-12-30,3505.89990234375
1991-12-31,3512.39990234375
1992-01-02,3493.699951171875
1992-01-03,3517.5
1992-01-06,3524.800048828125
1992-01-07,3512.89990234375
1992-01-08,3515.60009765625
1992-01-09,3580.60009765625
1992-01-10,3593.39990234375
1992-01-13,3594.39990234375
1992-01-14,3635.0
1992-01-15,3656.699951171875
1992-01-16,3666.0
1992-01-17,3658.300048828125
1992-01-20,3655.699951171875
1992-01-21,3620.39990234375
1992-01-22,3638.800048828125
1992-01-23,3624.5
1992-01-24,3630.800048828125
1992-01-27,3628.5
1992-01-28,3623.300048828125
1992-01-29,3598.60009765625
1992-01-30,3605.800048828125
1992-01-31,3596.10009765625
1992-02-03,3594.39990234375
1992-02-04,3618.10009765625
1992-02-05,3605.89990234375
1992-02-06,3606.699951171875
1992-02-07,3596.300048828125
1992-02-10,3608.5
1992-02-11,3597.89990234375
1992-02-12,3595.800048828125
1992-02-13,3581.800048828125
1992-02-14,3573.89990234375
1992-02-17,3570.800048828125
1992-02-18,3551.199951171875
1992-02-19,3543.300048828125
1992-02-20,3537.0
1992-02-21,3536.60009765625
1992-02-24,3543.300048828125
1992-02-25,3544.89990234375
1992-02-26,3580.5
1992-02-27,3584.10009765625
1992-02-28,3581.89990234375
1992-03-02,3579.5
1992-03-03,3576.800048828125
1992-03-04,3587.60009765625
1992-03-05,3545.60009765625
1992-03-06,3530.800048828125
1992-03-09,3518.60009765625
1992-03-10,3529.89990234375
1992-03-11,3503.60009765625
1992-03-12,3479.800048828125
1992-03-13,3475.800048828125
1992-03-16,3444.10009765625
1992-03-17,3439.800048828125
1992-03-18,3451.89990234375
1992-03-19,3466.699951171875
1992-03-20,3470.0
1992-03-23,3443.699951171875
1992-03-24,3437.800048828125
1992-03-25,3452.300048828125
1992-03-26,3448.5
1992-03-27,3416.800048828125
1992-03-30,3406.699951171875
1992-03-31,3412.10009765625
1992-04-01,3411.89990234375
1992-04-02,3395.89990234375
1992-04-03,3385.5
1992-04-06,3386.0
1992-04-07,3336.60009765625
1992-04-08,3318.10009765625
1992-04-09,3349.0
1992-04-10,3376.60009765625
1992-04-13,3389.800048828125
1992-04-14,3412.60009765625
1992-04-15,3411.300048828125
1992-04-16,3415.10009765625
1992-04-20,3398.800048828125
1992-04-21,3380.699951171875
1992-04-22,3367.800048828125
1992-04-23,3371.5
1992-04-24,3349.699951171875
1992-04-27,3326.5
1992-04-28,3337.89990234375
1992-04-29,3357.0
1992-04-30,3355.60009765625
1992-05-01,3357.10009765625
1992-05-04,3363.5
1992-05-05,3364.5
1992-05-06,3361.300048828125
1992-05-07,3362.89990234375
1992-05-08,3374.39990234375
1992-05-11,3427.199951171875
1992-05-12,3427.89990234375
1992-05-13,3404.199951171875
1992-05-14,3388.300048828125
1992-05-15,3391.39990234375
1992-05-19,3385.300048828125
1992-05-20,3381.199951171875
1992-05-21,3358.10009765625
1992-05-22,3372.199951171875
1992-05-25,3370.300048828125
1992-05-26,3382.300048828125
1992-05-27,3382.89990234375
1992-05-28,3375.300048828125
1992-05-29,3387.89990234375
1992-06-01,3404.0
1992-06-02,3410.199951171875
1992-06-03,3407.300048828125
1992-06-04,3403.39990234375
1992-06-05,3392.60009765625
1992-06-08,3394.5
1992-06-09,3386.10009765625
1992-06-10,3368.60009765625
1992-06-11,3385.39990234375
1992-06-12,3408.0
1992-06-15,3409.800048828125
1992-06-16,3407.300048828125
1992-06-17,3368.199951171875
1992-06-18,3357.199951171875
1992-06-19,3350.89990234375
1992-06-22,3340.699951171875
1992-06-23,3343.0
1992-06-24,3339.60009765625
1992-06-25,3338.60009765625
1992-06-26,3351.300048828125
1992-06-29,3375.800048828125
1992-06-30,3387.699951171875
1992-07-02,3408.10009765625
1992-07-03,3420.10009765625
1992-07-06,3426.89990234375
1992-07-07,3416.300048828125
1992-07-08,3418.39990234375
1992-07-09,3439.800048828125
1992-07-10,3447.60009765625
1992-07-13,3449.199951171875
1992-07-14,3463.199951171875
1992-07-15,3472.0
1992-07-16,3475.60009765625
1992-07-17,3463.0
1992-07-20,3452.60009765625
1992-07-21,3425.199951171875
1992-07-22,3412.10009765625
1992-07-23,3412.199951171875
1992-07-24,3400.89990234375
1992-07-27,3396.5
1992-07-28,3411.5
1992-07-29,3424.60009765625
1992-07-30,3425.60009765625
1992-07-31,3443.39990234375
1992-08-04,3426.0
1992-08-05,3406.199951171875
1992-08-06,3398.699951171875
1992-08-07,3406.300048828125
1992-08-10,3408.800048828125
1992-08-11,3404.699951171875
1992-08-12,3377.800048828125
1992-08-13,3360.5
1992-08-14,3368.5
1992-08-17,3379.800048828125
1992-08-18,3377.800048828125
1992-08-19,3385.5
1992-08-20,3403.699951171875
1992-08-21,3390.300048828125
1992-08-24,3380.800048828125
1992-08-25,3375.800048828125
1992-08-26,3383.0
1992-08-27,3392.60009765625
1992-08-28,3403.0
1992-08-31,3402.89990234375
1992-09-01,3407.60009765625
1992-09-02,3436.699951171875
1992-09-03,3453.199951171875
1992-09-04,3456.800048828125
1992-09-08,3452.0
1992-09-09,3449.10009765625
1992-09-10,3443.89990234375
1992-09-11,3440.60009765625
1992-09-14,3470.39990234375
1992-09-15,3464.10009765625
1992-09-16,3453.800048828125
1992-09-17,3446.10009765625
1992-09-18,3445.0
1992-09-21,3420.0
1992-09-22,3402.800048828125
1992-09-23,3404.39990234375
1992-09-24,3410.60009765625
1992-09-25,3385.5
1992-09-28,3368.0
1992-09-29,3327.199951171875
1992-09-30,3297.89990234375
1992-10-01,3275.0
1992-10-02,3231.10009765625
1992-10-05,3227.5
1992-10-06,3229.5
1992-10-07,3215.39990234375
1992-10-08,3237.199951171875
1992-10-09,3218.5
1992-10-13,3214.89990234375
1992-10-14,3195.39990234375
1992-10-15,3196.10009765625
1992-10-16,3207.699951171875
1992-10-19,3225.5
1992-10-20,3241.800048828125
1992-10-21,3252.60009765625
1992-10-22,3258.800048828125
1992-10-23,3246.800048828125
1992-10-26,3276.0
1992-10-27,3286.39990234375
1992-10-28,3334.699951171875
1992-10-29,3336.0
1992-10-30,3336.10009765625
1992-11-02,3379.0
1992-11-03,3361.60009765625
1992-11-04,3344.800048828125
1992-11-05,3339.800048828125
1992-11-06,3310.89990234375
1992-11-09,3293.800048828125
1992-11-10,3277.199951171875
1992-11-11,3286.39990234375
1992-11-12,3283.800048828125
1992-11-13,3269.5
1992-11-16,3236.39990234375
1992-11-17,3218.5
1992-11-18,3231.699951171875
1992-11-19,3233.699951171875
1992-11-20,3263.89990234375
1992-11-23,3258.300048828125
1992-11-24,3259.300048828125
1992-11-25,3260.39990234375
1992-11-26,3272.199951171875
1992-11-27,3276.5
1992-11-30,3282.800048828125
1992-12-01,3273.699951171875
1992-12-02,3265.300048828125
1992-12-03,3264.89990234375
1992-12-04,3289.39990234375
1992-12-07,3293.10009765625
1992-12-08,3290.89990234375
1992-12-09,3285.5
1992-12-10,3270.199951171875
1992-12-11,3267.5
1992-12-14,3262.0
1992-12-15,3264.60009765625
1992-12-16,3296.199951171875
1992-12-17,3304.300048828125
1992-12-18,3320.39990234375
1992-12-21,3310.39990234375
1992-12-22,3313.5
1992-12-23,3323.199951171875
1992-12-24,3319.89990234375
1992-12-29,3314.89990234375
1992-12-30,3326.800048828125
1992-12-31,3350.39990234375
1993-01-04,3351.0
1993-01-05,3353.5
1993-01-06,3353.0
1993-01-07,3318.89990234375
1993-01-08,3311.800048828125
1993-01-11,3310.199951171875
1993-01-12,3314.5
1993-01-13,3298.300048828125
1993-01-14,3303.800048828125
1993-01-15,3306.60009765625
1993-01-18,3295.60009765625
1993-01-19,3288.10009765625
1993-01-20,3290.10009765625
1993-01-21,3275.800048828125
1993-01-22,3276.0
1993-01-25,3295.60009765625
1993-01-26,3312.800048828125
1993-01-27,3311.60009765625
1993-01-28,3307.89990234375
1993-01-29,3305.5
1993-02-01,3310.89990234375
1993-02-02,3321.800048828125
1993-02-03,3344.0
1993-02-04,3366.39990234375
1993-02-05,3377.89990234375
1993-02-08,3394.800048828125
1993-02-09,3414.10009765625
1993-02-10,3443.0
1993-02-11,3443.199951171875
1993-02-12,3445.60009765625
1993-02-15,3442.10009765625
1993-02-16,3410.5
1993-02-17,3417.699951171875
1993-02-18,3409.39990234375
1993-02-19,3426.300048828125
1993-02-22,3447.699951171875
1993-02-23,3452.800048828125
1993-02-24,3465.800048828125
1993-02-25,3459.89990234375
1993-02-26,3451.699951171875
1993-03-01,3432.699951171875
1993-03-02,3446.199951171875
1993-03-03,3467.199951171875
1993-03-04,3501.300048828125
1993-03-05,3524.5
1993-03-08,3551.0
1993-03-09,3553.199951171875
1993-03-10,3552.0
1993-03-11,3552.39990234375
1993-03-12,3548.10009765625
1993-03-15,3562.10009765625
1993-03-16,3556.800048828125
1993-03-17,3541.0
1993-03-18,3559.300048828125
1993-03-19,3577.0
1993-03-22,3583.699951171875
1993-03-23,3598.699951171875
1993-03-24,3603.699951171875
1993-03-25,3612.0
1993-03-26,3599.699951171875
1993-03-29,3585.300048828125
1993-03-30,3586.10009765625
1993-03-31,3602.39990234375
1993-04-01,3614.60009765625
1993-04-02,3595.10009765625
1993-04-05,3604.39990234375
1993-04-06,3598.800048828125
1993-04-07,3601.39990234375
1993-04-08,3591.800048828125
1993-04-12,3615.0
1993-04-13,3624.800048828125
1993-04-14,3629.89990234375
1993-04-15,3634.199951171875
1993-04-16,3651.89990234375
1993-04-19,3663.199951171875
1993-04-20,3663.300048828125
1993-04-21,3663.699951171875
1993-04-22,3665.699951171875
1993-04-23,3685.39990234375
1993-04-26,3683.800048828125
1993-04-27,3691.199951171875
1993-04-28,3710.199951171875
1993-04-29,3755.10009765625
1993-04-30,3789.39990234375
1993-05-03,3773.5
1993-05-04,3779.199951171875
1993-05-05,3788.89990234375
1993-05-06,3794.699951171875
1993-05-07,3779.10009765625
1993-05-10,3778.5
1993-05-11,3780.39990234375
1993-05-12,3796.5
1993-05-13,3801.300048828125
1993-05-14,3813.300048828125
1993-05-17,3792.5
1993-05-18,3826.89990234375
1993-05-19,3811.300048828125
1993-05-20,3831.60009765625
1993-05-21,3836.0
1993-05-25,3859.89990234375
1993-05-26,3865.199951171875
1993-05-27,3869.699951171875
1993-05-28,3866.39990234375
1993-05-31,3882.60009765625
1993-06-01,3856.89990234375
1993-06-02,3859.800048828125
1993-06-03,3875.0
1993-06-04,3894.60009765625
1993-06-07,3892.199951171875
1993-06-08,3862.699951171875
1993-06-09,3859.699951171875
1993-06-10,3875.39990234375
1993-06-11,3866.5
1993-06-14,3872.199951171875
1993-06-15,3887.800048828125
1993-06-16,3892.39990234375
1993-06-17,3903.699951171875
1993-06-18,3906.89990234375
1993-06-21,3922.39990234375
1993-06-22,3935.699951171875
1993-06-23,3951.60009765625
1993-06-24,3979.60009765625
1993-06-25,3991.800048828125
1993-06-28,3965.5
1993-06-29,3963.199951171875
1993-06-30,3966.39990234375
1993-07-02,3997.699951171875
1993-07-05,3990.39990234375
1993-07-06,3984.39990234375
1993-07-07,3972.699951171875
1993-07-08,3920.89990234375
1993-07-09,3927.39990234375
1993-07-12,3950.5
1993-07-13,3951.699951171875
1993-07-14,3941.699951171875
1993-07-15,3931.300048828125
1993-07-16,3901.800048828125
1993-07-19,3867.699951171875
1993-07-20,3876.10009765625
1993-07-21,3867.39990234375
1993-07-22,3838.5
1993-07-23,3830.199951171875
1993-07-26,3869.5
1993-07-27,3911.60009765625
1993-07-28,3923.10009765625
1993-07-29,3957.60009765625
1993-07-30,3967.199951171875
1993-08-03,3976.5
1993-08-04,3988.5
1993-08-05,3947.60009765625
1993-08-06,3960.0
1993-08-09,4002.199951171875
1993-08-10,4028.39990234375
1993-08-11,4015.89990234375
1993-08-12,4009.0
1993-08-13,4014.60009765625
1993-08-16,4020.199951171875
1993-08-17,4032.5
1993-08-18,4069.300048828125
1993-08-19,4069.60009765625
1993-08-20,4077.199951171875
1993-08-23,4091.800048828125
1993-08-24,4112.2001953125
1993-08-25,4122.89990234375
1993-08-26,4115.60009765625
1993-08-27,4133.39990234375
1993-08-30,4138.7998046875
1993-08-31,4137.60009765625
1993-09-01,4143.7001953125
1993-09-02,4137.10009765625
1993-09-03,4125.60009765625
1993-09-07,4023.699951171875
1993-09-08,3952.89990234375
1993-09-09,4009.300048828125
1993-09-10,4001.699951171875
1993-09-13,3971.800048828125
1993-09-14,3972.10009765625
1993-09-15,3967.89990234375
1993-09-16,3988.10009765625
1993-09-17,3978.300048828125
1993-09-20,3952.800048828125
1993-09-21,3937.300048828125
1993-09-22,3954.89990234375
1993-09-23,3970.89990234375
1993-09-24,3982.39990234375
1993-09-27,3983.800048828125
1993-09-28,3978.800048828125
1993-09-29,3983.199951171875
1993-09-30,3990.60009765625
1993-10-01,3988.199951171875
1993-10-04,4002.0
1993-10-05,4014.10009765625
1993-10-06,4055.5
1993-10-07,4060.800048828125
1993-10-08,4067.300048828125
1993-10-12,4107.2998046875
1993-10-13,4111.7998046875
1993-10-14,4145.0
1993-10-15,4182.60009765625
1993-10-18,4188.7001953125
1993-10-19,4174.7001953125
1993-10-20,4182.2001953125
1993-10-21,4163.2001953125
1993-10-22,4153.7998046875
1993-10-25,4155.2998046875
1993-10-26,4187.2001953125
1993-10-27,4197.5
1993-10-28,4235.2001953125
1993-10-29,4255.5
1993-11-01,4248.0
1993-11-02,4250.2998046875
1993-11-03,4244.7001953125
1993-11-04,4213.7001953125
1993-11-05,4202.0
1993-11-08,4216.5
1993-11-09,4251.39990234375
1993-11-10,4269.5
1993-11-11,4291.2998046875
1993-11-12,4302.7998046875
1993-11-15,4281.7998046875
1993-11-16,4257.2001953125
1993-11-17,4236.5
1993-11-18,4234.7001953125
1993-11-19,4238.2001953125
1993-11-22,4200.2001953125
1993-11-23,4215.2998046875
1993-11-24,4223.2998046875
1993-11-25,4229.10009765625
1993-11-26,4220.60009765625
1993-11-29,4170.2998046875
1993-11-30,4180.2001953125
1993-12-01,4220.39990234375
1993-12-02,4226.2998046875
1993-12-03,4239.39990234375
1993-12-06,4236.0
1993-12-07,4265.5
1993-12-08,4307.7001953125
1993-12-09,4290.60009765625
1993-12-10,4280.2998046875
1993-12-13,4293.39990234375
1993-12-14,4244.39990234375
1993-12-15,4225.60009765625
1993-12-16,4216.2001953125
1993-12-17,4223.60009765625
1993-12-20,4223.60009765625
1993-12-21,4214.7001953125
1993-12-22,4226.89990234375
1993-12-23,4246.39990234375
1993-12-28,4288.89990234375
1993-12-29,4309.89990234375
1993-12-30,4329.89990234375
1993-12-31,4321.39990234375
1994-01-04,4368.5
1994-01-05,4401.10009765625
1994-01-06,4425.39990234375
1994-01-07,4420.7001953125
1994-01-10,4453.2001953125
1994-01-11,4447.39990234375
1994-01-12,4454.7001953125
1994-01-13,4479.89990234375
1994-01-14,4489.10009765625
1994-01-17,4544.2001953125
1994-01-18,4561.89990234375
1994-01-19,4562.89990234375
1994-01-20,4542.39990234375
1994-01-21,4501.89990234375
1994-01-24,4465.7998046875
1994-01-25,4456.2001953125
1994-01-26,4460.2998046875
1994-01-27,4467.39990234375
1994-01-28,4492.2001953125
1994-01-31,4554.89990234375
1994-02-01,4591.2998046875
1994-02-02,4573.39990234375
1994-02-03,4560.2998046875
1994-02-04,4447.2001953125
1994-02-07,4448.7001953125
1994-02-08,4452.2001953125
1994-02-09,4463.2001953125
1994-02-10,4442.0
1994-02-11,4405.60009765625
1994-02-14,4395.2001953125
1994-02-15,4414.39990234375
1994-02-16,4424.10009765625
1994-02-17,4407.2998046875
1994-02-18,4378.39990234375
1994-02-21,4349.0
1994-02-22,4371.10009765625
1994-02-23,4368.39990234375
1994-02-24,4329.10009765625
1994-02-25,4364.2001953125
1994-02-28,4423.7998046875
1994-03-01,4390.39990234375
1994-03-02,4362.2001953125
1994-03-03,4370.2998046875
1994-03-04,4398.60009765625
1994-03-07,4436.7001953125
1994-03-08,4431.2001953125
1994-03-09,4444.5
1994-03-10,4443.2001953125
1994-03-11,4446.89990234375
1994-03-14,4470.39990234375
1994-03-15,4500.60009765625
1994-03-16,4525.60009765625
1994-03-17,4543.2998046875
1994-03-18,4566.60009765625
1994-03-21,4523.5
1994-03-22,4551.89990234375
1994-03-23,4609.89990234375
1994-03-24,4569.7001953125
1994-03-25,4528.2998046875
1994-03-28,4488.0
1994-03-29,4393.60009765625
1994-03-30,4313.89990234375
1994-03-31,4329.60009765625
1994-04-04,4230.10009765625
1994-04-05,4273.2998046875
1994-04-06,4313.2998046875
1994-04-07,4339.10009765625
1994-04-08,4327.39990234375
1994-04-11,4303.0
1994-04-12,4295.39990234375
1994-04-13,4248.7998046875
1994-04-14,4254.89990234375
1994-04-15,4240.0
1994-04-18,4168.10009765625
1994-04-19,4115.10009765625
1994-04-20,4105.89990234375
1994-04-21,4167.2001953125
1994-04-22,4167.2001953125
1994-04-25,4236.7001953125
1994-04-26,4263.7998046875
1994-04-27,4287.7001953125
1994-04-28,4270.7998046875
1994-04-29,4267.10009765625
1994-05-02,4282.2998046875
1994-05-03,4283.60009765625
1994-05-04,4269.2001953125
1994-05-05,4259.7998046875
1994-05-06,4254.10009765625
1994-05-09,4179.10009765625
1994-05-10,4189.89990234375
1994-05-11,4168.2001953125
1994-05-12,4162.5
1994-05-13,4175.39990234375
1994-05-16,4208.2998046875
1994-05-17,4269.2001953125
1994-05-18,4278.0
1994-05-19,4285.7001953125
1994-05-20,4298.39990234375
1994-05-24,4287.0
1994-05-25,4291.39990234375
1994-05-26,4330.7001953125
1994-05-27,4328.89990234375
1994-05-30,4320.60009765625
1994-05-31,4326.7998046875
1994-06-01,4289.7001953125
1994-06-02,4280.60009765625
1994-06-03,4281.0
1994-06-06,4269.0
1994-06-07,4252.10009765625
1994-06-08,4201.2998046875
1994-06-09,4196.7998046875
1994-06-10,4210.5
1994-06-13,4206.7998046875
1994-06-14,4198.60009765625
1994-06-15,4166.2998046875
1994-06-16,4163.5
1994-06-17,4156.7998046875
1994-06-20,4088.5
1994-06-21,4047.60009765625
1994-06-22,4052.199951171875
1994-06-23,4034.5
1994-06-24,3959.89990234375
1994-06-27,4003.60009765625
1994-06-28,3996.800048828125
1994-06-29,4028.199951171875
1994-06-30,4025.300048828125
1994-07-04,4053.60009765625
1994-07-05,4053.60009765625
1994-07-06,4043.39990234375
1994-07-07,4079.89990234375
1994-07-08,4098.89990234375
1994-07-11,4103.89990234375
1994-07-12,4131.7001953125
1994-07-13,4140.60009765625
1994-07-14,4195.7001953125
1994-07-15,4193.39990234375
1994-07-18,4199.7998046875
1994-07-19,4200.10009765625
1994-07-20,4181.7001953125
1994-07-21,4172.60009765625
1994-07-22,4176.2001953125
1994-07-25,4168.39990234375
1994-07-26,4149.89990234375
1994-07-27,4134.0
1994-07-28,4149.7998046875
1994-07-29,4179.0
1994-08-02,4194.2998046875
1994-08-03,4206.10009765625
1994-08-04,4202.10009765625
1994-08-05,4168.5
1994-08-08,4175.39990234375
1994-08-09,4186.7998046875
1994-08-10,4205.10009765625
1994-08-11,4174.7001953125
1994-08-12,4175.10009765625
1994-08-15,4169.7001953125
1994-08-16,4202.7998046875
1994-08-17,4205.2998046875
1994-08-18,4184.39990234375
1994-08-19,4187.10009765625
1994-08-22,4186.39990234375
1994-08-23,4211.7001953125
1994-08-24,4263.7001953125
1994-08-25,4257.0
1994-08-26,4304.39990234375
1994-08-29,4332.39990234375
1994-08-30,4333.7001953125
1994-08-31,4349.5
1994-09-01,4344.2998046875
1994-09-02,4344.2001953125
1994-09-06,4347.2001953125
1994-09-07,4339.10009765625
1994-09-08,4354.39990234375
1994-09-09,4329.10009765625
1994-09-12,4329.89990234375
1994-09-13,4344.2001953125
1994-09-14,4345.0
1994-09-15,4385.5
1994-09-16,4403.89990234375
1994-09-19,4436.0
1994-09-20,4376.89990234375
1994-09-21,4358.60009765625
1994-09-22,4362.7001953125
1994-09-23,4367.5
1994-09-26,4341.39990234375
1994-09-27,4360.7998046875
1994-09-28,4372.5
1994-09-29,4362.10009765625
1994-09-30,4354.2001953125
1994-10-03,4344.7001953125
1994-10-04,4274.2998046875
1994-10-05,4253.39990234375
1994-10-06,4276.2998046875
1994-10-07,4290.7998046875
1994-10-11,4315.39990234375
1994-10-12,4355.0
1994-10-13,4343.39990234375
1994-10-14,4332.39990234375
1994-10-17,4327.0
1994-10-18,4316.0
1994-10-19,4320.7998046875
1994-10-20,4319.7998046875
1994-10-21,4285.10009765625
1994-10-24,4266.0
1994-10-25,4242.7998046875
1994-10-26,4260.0
1994-10-27,4265.5
1994-10-28,4288.60009765625
1994-10-31,4291.7001953125
1994-11-01,4264.5
1994-11-02,4229.0
1994-11-03,4226.7998046875
1994-11-04,4198.60009765625
1994-11-07,4188.0
1994-11-08,4209.10009765625
1994-11-09,4191.39990234375
1994-11-10,4179.2001953125
1994-11-11,4170.7001953125
1994-11-14,4177.2001953125
1994-11-15,4168.89990234375
1994-11-16,4171.7001953125
1994-11-17,4143.7998046875
1994-11-18,4114.5
1994-11-21,4074.300048828125
1994-11-22,4058.199951171875
1994-11-23,4048.60009765625
1994-11-24,4085.60009765625
1994-11-25,4099.2998046875
1994-11-28,4088.39990234375
1994-11-29,4103.7001953125
1994-11-30,4093.39990234375
1994-12-01,4082.39990234375
1994-12-02,4093.0
1994-12-05,4096.60009765625
1994-12-06,4079.39990234375
1994-12-07,4079.800048828125
1994-12-08,4046.60009765625
1994-12-09,4034.300048828125
1994-12-12,4045.10009765625
1994-12-13,4044.39990234375
1994-12-14,4078.89990234375
1994-12-15,4111.7001953125
1994-12-16,4118.0
1994-12-19,4136.7998046875
1994-12-20,4154.10009765625
1994-12-21,4175.60009765625
1994-12-22,4182.7001953125
1994-12-23,4193.2001953125
1994-12-28,4201.5
1994-12-29,4202.7001953125
1994-12-30,4213.60009765625
1995-01-03,4185.89990234375
1995-01-04,4154.5
1995-01-05,4160.39990234375
1995-01-06,4151.7001953125
1995-01-09,4160.5
1995-01-10,4191.89990234375
1995-01-11,4186.7001953125
1995-01-12,4152.7001953125
1995-01-13,4133.39990234375
1995-01-16,4164.7001953125
1995-01-17,4147.60009765625
1995-01-18,4170.7998046875
1995-01-19,4141.89990234375
1995-01-20,4098.7998046875
1995-01-23,4049.39990234375
1995-01-24,4080.60009765625
1995-01-25,4106.39990234375
1995-01-26,4087.5
1995-01-27,4042.800048828125
1995-01-30,3991.39990234375
1995-01-31,4017.5
1995-02-01,4019.10009765625
1995-02-02,4061.10009765625
1995-02-03,4105.10009765625
1995-02-06,4119.7998046875
1995-02-07,4101.0
1995-02-08,4104.2001953125
1995-02-09,4116.0
1995-02-10,4110.60009765625
1995-02-13,4100.39990234375
1995-02-14,4110.5
1995-02-15,4125.2001953125
1995-02-16,4099.7001953125
1995-02-17,4101.2001953125
1995-02-20,4106.60009765625
1995-02-21,4101.89990234375
1995-02-22,4121.10009765625
1995-02-23,4143.10009765625
1995-02-24,4120.10009765625
1995-02-27,4094.10009765625
1995-02-28,4124.7998046875
1995-03-01,4083.800048828125
1995-03-02,4081.199951171875
1995-03-03,4097.0
1995-03-06,4117.10009765625
1995-03-07,4122.5
1995-03-08,4136.0
1995-03-09,4147.0
1995-03-10,4167.5
1995-03-13,4177.89990234375
1995-03-14,4190.5
1995-03-15,4218.7998046875
1995-03-16,4225.60009765625
1995-03-17,4228.0
1995-03-20,4249.7998046875
1995-03-21,4246.2001953125
1995-03-22,4263.2001953125
1995-03-23,4290.39990234375
1995-03-24,4317.10009765625
1995-03-27,4307.39990234375
1995-03-28,4299.7001953125
1995-03-29,4299.0
1995-03-30,4319.5
1995-03-31,4313.60009765625
1995-04-03,4277.2001953125
1995-04-04,4251.7998046875
1995-04-05,4285.10009765625
1995-04-06,4284.39990234375
1995-04-07,4264.89990234375
1995-04-10,4247.10009765625
1995-04-11,4275.0
1995-04-12,4296.5
1995-04-13,4303.2998046875
1995-04-17,4302.7001953125
1995-04-18,4299.39990234375
1995-04-19,4283.2998046875
1995-04-20,4250.0
1995-04-21,4258.10009765625
1995-04-24,4280.7001953125
1995-04-25,4281.10009765625
1995-04-26,4282.89990234375
1995-04-27,4273.7998046875
1995-04-28,4279.5
1995-05-01,4292.39990234375
1995-05-02,4297.89990234375
1995-05-03,4300.2998046875
1995-05-04,4298.89990234375
1995-05-05,4278.2998046875
1995-05-08,4295.2001953125
1995-05-09,4282.60009765625
1995-05-10,4281.2001953125
1995-05-11,4264.10009765625
1995-05-12,4268.39990234375
1995-05-15,4310.7998046875
1995-05-16,4345.60009765625
1995-05-17,4373.39990234375
1995-05-18,4374.7001953125
1995-05-19,4367.2998046875
1995-05-23,4427.60009765625
1995-05-24,4441.2001953125
1995-05-25,4447.39990234375
1995-05-26,4425.89990234375
1995-05-29,4432.2001953125
1995-05-30,4436.7998046875
1995-05-31,4448.60009765625
1995-06-01,4445.60009765625
1995-06-02,4449.7998046875
1995-06-05,4463.5
1995-06-06,4484.60009765625
1995-06-07,4476.2998046875
1995-06-08,4479.89990234375
1995-06-09,4463.60009765625
1995-06-12,4466.7998046875
1995-06-13,4492.10009765625
1995-06-14,4494.2998046875
1995-06-15,4518.5
1995-06-16,4525.2998046875
1995-06-19,4562.10009765625
1995-06-20,4547.39990234375
1995-06-21,4530.39990234375
1995-06-22,4536.10009765625
1995-06-23,4544.7998046875
1995-06-26,4503.10009765625
1995-06-27,4520.89990234375
1995-06-28,4528.89990234375
1995-06-29,4521.10009765625
1995-06-30,4527.2001953125
1995-07-04,4538.2998046875
1995-07-05,4553.2998046875
1995-07-06,4560.2001953125
1995-07-07,4624.7998046875
1995-07-10,4640.39990234375
1995-07-11,4649.7998046875
1995-07-12,4710.2998046875
1995-07-13,4698.0
1995-07-14,4688.7998046875
1995-07-17,4700.39990234375
1995-07-18,4667.39990234375
1995-07-19,4607.5
1995-07-20,4611.39990234375
1995-07-21,4600.0
1995-07-24,4620.60009765625
1995-07-25,4619.2001953125
1995-07-26,4601.89990234375
1995-07-27,4601.10009765625
1995-07-28,4609.5
1995-07-31,4615.10009765625
1995-08-01,4586.89990234375
1995-08-02,4594.7001953125
1995-08-03,4603.7998046875
1995-08-04,4613.89990234375
1995-08-08,4621.7001953125
1995-08-09,4623.89990234375
1995-08-10,4609.5
1995-08-11,4588.39990234375
1995-08-14,4598.5
1995-08-15,4593.2998046875
1995-08-16,4608.39990234375
1995-08-17,4620.2001953125
1995-08-18,4619.89990234375
1995-08-21,4608.2998046875
1995-08-22,4601.7001953125
1995-08-23,4608.0
1995-08-24,4596.39990234375
1995-08-25,4591.0
1995-08-28,4576.7998046875
1995-08-29,4551.89990234375
1995-08-30,4531.2001953125
1995-08-31,4516.7001953125
1995-09-01,4525.89990234375
1995-09-05,4560.2001953125
1995-09-06,4572.10009765625
1995-09-07,4567.2998046875
1995-09-08,4571.5
1995-09-11,4592.7998046875
1995-09-12,4613.2001953125
1995-09-13,4586.89990234375
1995-09-14,4582.7001953125
1995-09-15,4560.7998046875
1995-09-18,4549.39990234375
1995-09-19,4538.5
1995-09-20,4550.5
1995-09-21,4542.2001953125
1995-09-22,4522.7998046875
1995-09-25,4521.2998046875
1995-09-26,4519.89990234375
1995-09-27,4500.10009765625
1995-09-28,4521.5
1995-09-29,4529.7998046875
1995-10-02,4494.89990234375
1995-10-03,4499.5
1995-10-04,4492.60009765625
1995-10-05,4499.7998046875
1995-10-06,4495.39990234375
1995-10-10,4472.2998046875
1995-10-11,4474.60009765625
1995-10-12,4476.7001953125
1995-10-13,4507.7998046875
1995-10-16,4503.39990234375
1995-10-17,4515.60009765625
1995-10-18,4488.89990234375
1995-10-19,4475.5
1995-10-20,4438.2998046875
1995-10-23,4315.5
1995-10-24,4352.2001953125
1995-10-25,4331.5
1995-10-26,4314.2001953125
1995-10-27,4335.2998046875
1995-10-30,4379.7998046875
1995-10-31,4459.2001953125
1995-11-01,4453.0
1995-11-02,4500.0
1995-11-03,4536.5
1995-11-06,4590.7001953125
1995-11-07,4584.5
1995-11-08,4576.39990234375
1995-11-09,4582.0
1995-11-10,4578.0
1995-11-13,4592.7001953125
1995-11-14,4572.2001953125
1995-11-15,4560.5
1995-11-16,4575.7001953125
1995-11-17,4599.60009765625
1995-11-20,4600.7998046875
1995-11-21,4624.7001953125
1995-11-22,4658.89990234375
1995-11-23,4672.2998046875
1995-11-24,4672.0
1995-11-27,4660.0
1995-11-28,4674.2001953125
1995-11-29,4670.7998046875
1995-11-30,4661.2001953125
1995-12-01,4674.0
1995-12-04,4711.89990234375
1995-12-05,4722.7001953125
1995-12-06,4745.2001953125
1995-12-07,4724.2998046875
1995-12-08,4740.60009765625
1995-12-11,4739.7998046875
1995-12-12,4703.7001953125
1995-12-13,4698.39990234375
1995-12-14,4680.7998046875
1995-12-15,4672.89990234375
1995-12-18,4613.39990234375
1995-12-19,4653.60009765625
1995-12-20,4680.0
1995-12-21,4700.0
1995-12-22,4710.7001953125
1995-12-27,4684.2001953125
1995-12-28,4689.10009765625
1995-12-29,4713.5
1996-01-02,4767.7998046875
1996-01-03,4819.5
1996-01-04,4806.7998046875
1996-01-05,4839.7001953125
1996-01-08,4855.39990234375
1996-01-09,4812.5
1996-01-10,4781.10009765625
1996-01-11,4771.2001953125
1996-01-12,4753.0
1996-01-15,4739.7001953125
1996-01-16,4766.0
1996-01-17,4773.0
1996-01-18,4798.10009765625
1996-01-19,4821.10009765625
1996-01-22,4849.0
1996-01-23,4847.60009765625
1996-01-24,4864.10009765625
1996-01-25,4870.5
1996-01-26,4901.2001953125
1996-01-29,4949.2001953125
1996-01-30,4987.89990234375
1996-01-31,4968.39990234375
1996-02-01,5011.10009765625
1996-02-02,5032.0
1996-02-05,5033.2998046875
1996-02-06,5049.5
1996-02-07,5026.5
1996-02-08,5040.5
1996-02-09,5037.89990234375
1996-02-12,5049.89990234375
1996-02-13,5045.2998046875
1996-02-14,5059.7001953125
1996-02-15,5026.10009765625
1996-02-16,5044.60009765625
1996-02-19,5026.39990234375
1996-02-20,4963.7998046875
1996-02-21,4961.10009765625
1996-02-22,4980.89990234375
1996-02-23,4962.89990234375
1996-02-26,4957.10009765625
1996-02-27,4954.2998046875
1996-02-28,4947.2001953125
1996-02-29,4933.7001953125
1996-03-01,4956.60009765625
1996-03-04,4979.89990234375
1996-03-05,4995.89990234375
1996-03-06,4973.2998046875
1996-03-07,4980.7998046875
1996-03-08,4895.39990234375
1996-03-11,4933.60009765625
1996-03-12,4936.2001953125
1996-03-13,4948.7998046875
1996-03-14,4975.39990234375
1996-03-15,4953.60009765625
1996-03-18,4960.39990234375
1996-03-19,4967.2998046875
1996-03-20,4961.2998046875
1996-03-21,4946.7001953125
1996-03-22,4952.60009765625
1996-03-25,4967.2998046875
1996-03-26,4985.2001953125
1996-03-27,4987.5
1996-03-28,4975.2001953125
1996-03-29,4970.7998046875
1996-04-01,4994.2998046875
1996-04-02,5024.7998046875
1996-04-03,5021.5
1996-04-04,5016.39990234375
1996-04-08,5004.0
1996-04-09,5007.2998046875
1996-04-10,5023.60009765625
1996-04-11,5027.7001953125
1996-04-12,5021.89990234375
1996-04-15,5059.0
1996-04-16,5085.39990234375
1996-04-17,5062.89990234375
1996-04-18,5068.7001953125
1996-04-19,5069.60009765625
1996-04-22,5095.5
1996-04-23,5116.89990234375
1996-04-24,5116.2998046875
1996-04-25,5132.10009765625
1996-04-26,5147.7998046875
1996-04-29,5152.39990234375
1996-04-30,5146.5
1996-05-01,5151.10009765625
1996-05-02,5117.2001953125
1996-05-03,5124.5
1996-05-06,5140.10009765625
1996-05-07,5167.10009765625
1996-05-08,5160.7998046875
1996-05-09,5161.2001953125
1996-05-10,5176.7998046875
1996-05-13,5191.10009765625
1996-05-14,5206.60009765625
1996-05-15,5213.0
1996-05-16,5208.2998046875
1996-05-17,5220.5
1996-05-21,5238.2998046875
1996-05-22,5239.89990234375
1996-05-23,5223.2001953125
1996-05-24,5229.89990234375
1996-05-27,5235.5
1996-05-28,5219.2998046875
1996-05-29,5209.7998046875
1996-05-30,5225.39990234375
1996-05-31,5246.39990234375
1996-06-03,5234.2998046875
1996-06-04,5224.5
1996-06-05,5194.89990234375
1996-06-06,5158.39990234375
1996-06-07,5137.2998046875
1996-06-10,5134.10009765625
1996-06-11,5106.2998046875
1996-06-12,5094.60009765625
1996-06-13,5069.60009765625
1996-06-14,5030.2001953125
1996-06-17,5043.39990234375
1996-06-18,5060.7001953125
1996-06-19,5072.7001953125
1996-06-20,5058.0
1996-06-21,5047.5
1996-06-24,5074.2998046875
1996-06-25,5069.60009765625
1996-06-26,5027.7001953125
1996-06-27,5011.60009765625
1996-06-28,5044.10009765625
1996-07-02,5061.5
1996-07-03,5073.89990234375
1996-07-04,5086.39990234375
1996-07-05,5062.7998046875
1996-07-08,5034.5
1996-07-09,5076.7001953125
1996-07-10,5098.2998046875
1996-07-11,5055.39990234375
1996-07-12,5041.5
1996-07-15,4955.2998046875
1996-07-16,4920.60009765625
1996-07-17,4940.0
1996-07-18,5006.89990234375
1996-07-19,5005.0
1996-07-22,4971.7001953125
1996-07-23,4918.60009765625
1996-07-24,4880.2998046875
1996-07-25,4906.2998046875
1996-07-26,4933.2998046875
1996-07-29,4896.2998046875
1996-07-30,4901.2001953125
1996-07-31,4929.2001953125
1996-08-01,4953.0
1996-08-02,5015.60009765625
1996-08-06,5024.2998046875
1996-08-07,5031.7998046875
1996-08-08,5041.7001953125
1996-08-09,5046.2998046875
1996-08-12,5064.2001953125
1996-08-13,5048.2001953125
1996-08-14,5048.7998046875
1996-08-15,5073.10009765625
1996-08-16,5089.2001953125
1996-08-19,5117.60009765625
1996-08-20,5150.89990234375
1996-08-21,5167.10009765625
1996-08-22,5182.10009765625
1996-08-23,5193.0
1996-08-26,5186.7001953125
1996-08-27,5173.89990234375
1996-08-28,5184.10009765625
1996-08-29,5162.7998046875
1996-08-30,5143.39990234375
1996-09-03,5151.89990234375
1996-09-04,5163.7998046875
1996-09-05,5136.2998046875
1996-09-06,5149.89990234375
1996-09-09,5148.60009765625
1996-09-10,5147.10009765625
1996-09-11,5160.39990234375
1996-09-12,5191.60009765625
1996-09-13,5243.2998046875
1996-09-16,5265.89990234375
1996-09-17,5268.5
1996-09-18,5271.7998046875
1996-09-19,5276.0
1996-09-20,5287.5
1996-09-23,5284.2001953125
1996-09-24,5299.7001953125
1996-09-25,5322.60009765625
1996-09-26,5304.60009765625
1996-09-27,5301.10009765625
1996-09-30,5291.10009765625
1996-10-01,5329.60009765625
1996-10-02,5388.0
1996-10-03,5380.0
1996-10-04,5415.7001953125
1996-10-07,5441.5
1996-10-08,5436.5
1996-10-09,5436.10009765625
1996-10-10,5433.60009765625
1996-10-11,5461.2001953125
1996-10-15,5480.60009765625
1996-10-16,5481.0
1996-10-17,5474.2001953125
1996-10-18,5492.60009765625
1996-10-21,5518.10009765625
1996-10-22,5533.0
1996-10-23,5576.2001953125
1996-10-24,5558.89990234375
1996-10-25,5549.7998046875
1996-10-28,5553.39990234375
1996-10-29,5565.10009765625
1996-10-30,5590.7998046875
1996-10-31,5598.7998046875
1996-11-01,5591.2998046875
1996-11-04,5609.2998046875
1996-11-05,5664.5
1996-11-06,5749.89990234375
1996-11-07,5739.2001953125
1996-11-08,5758.7998046875
1996-11-11,5802.39990234375
1996-11-12,5807.0
1996-11-13,5799.0
1996-11-14,5820.89990234375
1996-11-15,5870.60009765625
1996-11-18,5872.7001953125
1996-11-19,5905.60009765625
1996-11-20,5966.10009765625
1996-11-21,5922.2001953125
1996-11-22,5917.7998046875
1996-11-25,5952.39990234375
1996-11-26,5975.60009765625
1996-11-27,5986.39990234375
1996-11-28,6018.7001953125
1996-11-29,6016.7001953125
1996-12-02,5985.0
1996-12-03,5940.7001953125
1996-12-04,5910.7001953125
1996-12-05,5841.7998046875
1996-12-06,5810.10009765625
1996-12-09,5906.5
1996-12-10,5919.89990234375
1996-12-11,5781.7001953125
1996-12-12,5722.7998046875
1996-12-13,5706.89990234375
1996-12-16,5712.39990234375
1996-12-17,5710.2001953125
1996-12-18,5727.60009765625
1996-12-19,5844.2998046875
1996-12-20,5869.7001953125
1996-12-23,5862.89990234375
1996-12-24,5867.7998046875
1996-12-27,5902.60009765625
1996-12-30,5954.2998046875
1996-12-31,5927.0
1997-01-02,5904.2998046875
1997-01-03,5919.5
1997-01-06,5920.7001953125
1997-01-07,5946.89990234375
1997-01-08,5930.0
1997-01-09,5959.39990234375
1997-01-10,5984.89990234375
1997-01-13,6001.5
1997-01-14,6054.89990234375
1997-01-15,6065.2998046875
1997-01-16,6103.7001953125
1997-01-17,6138.7998046875
1997-01-20,6113.89990234375
1997-01-21,6076.0
1997-01-22,6058.7001953125
1997-01-23,6040.5
1997-01-24,6033.60009765625
1997-01-27,6040.7998046875
1997-01-28,6046.7001953125
1997-01-29,6071.2998046875
1997-01-30,6085.10009765625
1997-01-31,6109.60009765625
1997-02-03,6140.89990234375
1997-02-04,6145.39990234375
1997-02-05,6112.39990234375
1997-02-06,6071.89990234375
1997-02-07,6101.7001953125
1997-02-10,6081.2998046875
1997-02-11,6126.89990234375
1997-02-12,6165.39990234375
1997-02-13,6225.7998046875
1997-02-14,6214.2001953125
1997-02-17,6217.60009765625
1997-02-18,6238.2001953125
1997-02-19,6248.89990234375
1997-02-20,6205.10009765625
1997-02-21,6227.0
1997-02-24,6242.5
1997-02-25,6247.7998046875
1997-02-26,6201.39990234375
1997-02-27,6187.5
1997-02-28,6157.7998046875
1997-03-03,6146.0
1997-03-04,6155.10009765625
1997-03-05,6203.10009765625
1997-03-06,6214.7001953125
1997-03-07,6268.39990234375
1997-03-10,6332.89990234375
1997-03-11,6305.5
1997-03-12,6257.2001953125
1997-03-13,6165.89990234375
1997-03-14,6197.7001953125
1997-03-17,6154.5
1997-03-18,6129.2998046875
1997-03-19,6089.0
1997-03-20,6055.2998046875
1997-03-21,6074.7998046875
1997-03-24,6144.2998046875
1997-03-25,6143.7998046875
1997-03-26,6122.7998046875
1997-03-27,5931.7998046875
1997-03-31,5850.2001953125
1997-04-01,5900.39990234375
1997-04-02,5849.10009765625
1997-04-03,5826.60009765625
1997-04-04,5817.2998046875
1997-04-07,5840.7998046875
1997-04-08,5821.0
1997-04-09,5798.7001953125
1997-04-10,5790.10009765625
1997-04-11,5683.60009765625
1997-04-14,5679.2998046875
1997-04-15,5743.60009765625
1997-04-16,5798.7998046875
1997-04-17,5828.60009765625
1997-04-18,5826.2998046875
1997-04-21,5797.7001953125
1997-04-22,5855.39990234375
1997-04-23,5874.10009765625
1997-04-24,5864.7998046875
1997-04-25,5835.2998046875
1997-04-28,5835.60009765625
1997-04-29,5903.60009765625
1997-04-30,5976.60009765625
1997-05-01,6009.89990234375
1997-05-02,6106.89990234375
1997-05-05,6150.7001953125
1997-05-06,6130.0
1997-05-07,6121.5
1997-05-08,6157.39990234375
1997-05-09,6229.5
1997-05-12,6272.60009765625
1997-05-13,6249.2001953125
1997-05-14,6248.2001953125
1997-05-15,6276.7001953125
1997-05-16,6247.39990234375
1997-05-20,6260.10009765625
1997-05-21,6307.10009765625
1997-05-22,6336.0
1997-05-23,6421.5
1997-05-26,6491.10009765625
1997-05-27,6442.5
1997-05-28,6389.0
1997-05-29,6370.2998046875
1997-05-30,6382.10009765625
1997-06-02,6406.10009765625
1997-06-03,6432.7001953125
1997-06-04,6428.60009765625
1997-06-05,6449.5
1997-06-06,6492.10009765625
1997-06-09,6467.39990234375
1997-06-10,6473.0
1997-06-11,6459.5
1997-06-12,6515.60009765625
1997-06-13,6550.60009765625
1997-06-16,6537.5
1997-06-17,6532.2998046875
1997-06-18,6498.10009765625
1997-06-19,6512.7001953125
1997-06-20,6511.39990234375
1997-06-23,6437.7001953125
1997-06-24,6491.0
1997-06-25,6515.10009765625
1997-06-26,6453.7001953125
1997-06-27,6426.39990234375
1997-06-30,6437.7001953125
1997-07-02,6549.0
1997-07-03,6588.0
1997-07-04,6585.39990234375
1997-07-07,6529.10009765625
1997-07-08,6580.7998046875
1997-07-09,6574.60009765625
1997-07-10,6592.89990234375
1997-07-11,6626.39990234375
1997-07-14,6639.60009765625
1997-07-15,6655.89990234375
1997-07-16,6744.7998046875
1997-07-17,6755.10009765625
1997-07-18,6738.2001953125
1997-07-21,6647.39990234375
1997-07-22,6714.2998046875
1997-07-23,6765.2001953125
1997-07-24,6785.2001953125
1997-07-25,6780.2998046875
1997-07-28,6792.2998046875
1997-07-29,6801.2001953125
1997-07-30,6850.60009765625
1997-07-31,6877.7001953125
1997-08-01,6851.10009765625
1997-08-05,6903.10009765625
1997-08-06,6933.7001953125
1997-08-07,6945.10009765625
1997-08-08,6895.2001953125
1997-08-11,6840.39990234375
1997-08-12,6808.5
1997-08-13,6791.0
1997-08-14,6766.89990234375
1997-08-15,6695.10009765625
1997-08-18,6655.2998046875
1997-08-19,6715.89990234375
1997-08-20,6773.10009765625
1997-08-21,6733.0
1997-08-22,6709.7998046875
1997-08-25,6732.89990234375
1997-08-26,6697.89990234375
1997-08-27,6674.2001953125
1997-08-28,6633.0
1997-08-29,6611.7998046875
1997-09-02,6673.2998046875
1997-09-03,6704.2001953125
1997-09-04,6722.10009765625
1997-09-05,6743.2001953125
1997-09-08,6764.10009765625
1997-09-09,6799.5
1997-09-10,6769.5
1997-09-11,6741.89990234375
1997-09-12,6766.10009765625
1997-09-15,6787.89990234375
1997-09-16,6865.2998046875
1997-09-17,6898.10009765625
1997-09-18,6970.2998046875
1997-09-19,6982.7001953125
1997-09-22,7015.10009765625
1997-09-23,7014.2001953125
1997-09-24,7011.7998046875
1997-09-25,6975.7001953125
1997-09-26,6975.89990234375
1997-09-29,7012.5
1997-09-30,7040.2001953125
1997-10-01,7044.60009765625
1997-10-02,7055.5
1997-10-03,7091.89990234375
1997-10-06,7168.39990234375
1997-10-07,7209.89990234375
1997-10-08,7193.5
1997-10-09,7132.5
1997-10-10,7110.39990234375
1997-10-14,7168.7998046875
1997-10-15,7128.89990234375
1997-10-16,7092.10009765625
1997-10-17,7036.5
1997-10-20,7075.39990234375
1997-10-21,7137.2998046875
1997-10-22,7163.7998046875
1997-10-23,7073.7998046875
1997-10-24,7033.5
1997-10-27,6599.2001953125
1997-10-28,6736.2998046875
1997-10-29,6845.0
1997-10-30,6783.7001953125
1997-10-31,6842.39990234375
1997-11-03,6945.7998046875
1997-11-04,6927.10009765625
1997-11-05,6976.60009765625
1997-11-06,6961.5
1997-11-07,6851.7001953125
1997-11-10,6819.0
1997-11-11,6786.5
1997-11-12,6648.2001953125
1997-11-13,6702.7998046875
1997-11-14,6726.2001953125
1997-11-17,6798.60009765625
1997-11-18,6752.2001953125
1997-11-19,6719.2998046875
1997-11-20,6763.89990234375
1997-11-21,6773.89990234375
1997-11-24,6724.60009765625
1997-11-25,6630.5
1997-11-26,6505.39990234375
1997-11-27,6450.0
1997-11-28,6512.7998046875
1997-12-01,6623.89990234375
1997-12-02,6667.5
1997-12-03,6681.2001953125
1997-12-04,6662.2998046875
1997-12-05,6724.39990234375
1997-12-08,6787.7001953125
1997-12-09,6767.0
1997-12-10,6754.5
1997-12-11,6644.89990234375
1997-12-12,6641.89990234375
1997-12-15,6584.7001953125
1997-12-16,6567.39990234375
1997-12-17,6625.5
1997-12-18,6594.89990234375
1997-12-19,6535.2998046875
1997-12-22,6595.5
1997-12-23,6553.10009765625
1997-12-24,6539.5
1997-12-29,6650.0
1997-12-30,6691.2001953125
1997-12-31,6699.39990234375
1998-01-02,6711.39990234375
1998-01-05,6742.10009765625
1998-01-06,6656.2998046875
1998-01-07,6590.60009765625
1998-01-08,6490.7001953125
1998-01-09,6272.39990234375
1998-01-12,6240.0
1998-01-13,6329.60009765625
1998-01-14,6351.10009765625
1998-01-15,6327.0
1998-01-16,6418.7001953125
1998-01-19,6475.60009765625
1998-01-20,6509.5
1998-01-21,6494.60009765625
1998-01-22,6387.2001953125
1998-01-23,6491.0
1998-01-26,6583.10009765625
1998-01-27,6721.7001953125
1998-01-28,6731.10009765625
1998-01-29,6719.0
1998-01-30,6700.2001953125
1998-02-02,6771.39990234375
1998-02-03,6773.5
1998-02-04,6762.60009765625
1998-02-05,6815.0
1998-02-06,6847.10009765625
1998-02-09,6846.89990234375
1998-02-10,6881.5
1998-02-11,6944.7998046875
1998-02-12,6980.7001953125
1998-02-13,6972.0
1998-02-16,6985.2001953125
1998-02-17,6960.5
1998-02-18,6944.2001953125
1998-02-19,6886.2998046875
1998-02-20,6920.7001953125
1998-02-23,6942.2001953125
1998-02-24,6948.2998046875
1998-02-25,7002.10009765625
1998-02-26,7087.7001953125
1998-02-27,7092.5
1998-03-02,7113.10009765625
1998-03-03,7137.89990234375
1998-03-04,7142.7998046875
1998-03-05,7127.7001953125
1998-03-06,7185.60009765625
1998-03-09,7228.10009765625
1998-03-10,7296.0
1998-03-11,7345.7998046875
1998-03-12,7402.2998046875
1998-03-13,7385.10009765625
1998-03-16,7427.89990234375
1998-03-17,7440.39990234375
1998-03-18,7426.7998046875
1998-03-19,7382.2001953125
1998-03-20,7412.7998046875
1998-03-23,7510.2001953125
1998-03-24,7551.2001953125
1998-03-25,7579.2001953125
1998-03-26,7569.2998046875
1998-03-27,7622.5
1998-03-30,7567.89990234375
1998-03-31,7558.5
1998-04-01,7527.89990234375
1998-04-02,7543.39990234375
1998-04-03,7612.7001953125
1998-04-06,7645.7998046875
1998-04-07,7579.7998046875
1998-04-08,7571.10009765625
1998-04-09,7620.60009765625
1998-04-13,7655.39990234375
1998-04-14,7780.5
1998-04-15,7817.7001953125
1998-04-16,7803.89990234375
1998-04-17,7764.7998046875
1998-04-20,7754.39990234375
1998-04-21,7765.5
1998-04-22,7822.2998046875
1998-04-23,7816.39990234375
1998-04-24,7703.2001953125
1998-04-27,7564.7998046875
1998-04-28,7567.7001953125
1998-04-29,7609.5
1998-04-30,7665.0
1998-05-01,7702.10009765625
1998-05-04,7737.2998046875
1998-05-05,7720.10009765625
1998-05-06,7678.7001953125
1998-05-07,7612.5
1998-05-08,7699.2001953125
1998-05-11,7720.7001953125
1998-05-12,7717.7001953125
1998-05-13,7707.5
1998-05-14,7677.89990234375
1998-05-15,7684.0
1998-05-19,7662.39990234375
1998-05-20,7695.39990234375
1998-05-21,7718.2001953125
1998-05-22,7725.2001953125
1998-05-25,7768.2001953125
1998-05-26,7626.0
1998-05-27,7542.89990234375
1998-05-28,7579.60009765625
1998-05-29,7589.7998046875
1998-06-01,7512.60009765625
1998-06-02,7534.0
1998-06-03,7493.2001953125
1998-06-04,7485.39990234375
1998-06-05,7508.2001953125
1998-06-08,7557.2001953125
1998-06-09,7535.39990234375
1998-06-10,7433.7998046875
1998-06-11,7295.7998046875
1998-06-12,7310.89990234375
1998-06-15,7104.5
1998-06-16,7143.7001953125
1998-06-17,7195.10009765625
1998-06-18,7138.2998046875
1998-06-19,7153.39990234375
1998-06-22,7137.5
1998-06-23,7175.2001953125
1998-06-24,7264.39990234375
1998-06-25,7314.7001953125
1998-06-26,7338.7001953125
1998-06-29,7409.39990234375
1998-06-30,7366.89990234375
1998-07-02,7370.60009765625
1998-07-03,7383.7001953125
1998-07-06,7434.5
1998-07-07,7454.60009765625
1998-07-08,7451.2998046875
1998-07-09,7413.2001953125
1998-07-10,7389.7001953125
1998-07-13,7348.89990234375
1998-07-14,7387.10009765625
1998-07-15,7388.10009765625
1998-07-16,7405.7998046875
1998-07-17,7418.2998046875
1998-07-20,7432.7001953125
1998-07-21,7409.39990234375
1998-07-22,7349.89990234375
1998-07-23,7227.39990234375
1998-07-24,7170.60009765625
1998-07-27,7140.60009765625
1998-07-28,7067.7998046875
1998-07-29,7000.10009765625
1998-07-30,7046.0
1998-07-31,6931.39990234375
1998-08-04,6704.2998046875
1998-08-05,6731.0
1998-08-06,6675.7998046875
1998-08-07,6641.10009765625
1998-08-10,6523.7001953125
1998-08-11,6312.89990234375
1998-08-12,6495.39990234375
1998-08-13,6345.2001953125
1998-08-14,6297.5
1998-08-17,6404.5
1998-08-18,6517.7001953125
1998-08-19,6511.7998046875
1998-08-20,6421.0
1998-08-21,6294.2998046875
1998-08-24,6248.89990234375
1998-08-25,6256.0
1998-08-26,6172.2998046875
1998-08-27,5799.5
1998-08-28,5766.2998046875
1998-08-31,5530.7001953125
1998-09-01,5538.10009765625
1998-09-02,5682.5
1998-09-03,5711.2001953125
1998-09-04,5742.5
1998-09-08,5977.10009765625
1998-09-09,5871.7998046875
1998-09-10,5796.7998046875
1998-09-11,5889.39990234375
1998-09-14,5879.39990234375
1998-09-15,5857.0
1998-09-16,5906.10009765625
1998-09-17,5725.60009765625
1998-09-18,5771.39990234375
1998-09-21,5774.2998046875
1998-09-22,5822.7001953125
1998-09-23,6015.10009765625
1998-09-24,5892.39990234375
1998-09-25,5845.7001953125
1998-09-28,5869.2998046875
1998-09-29,5762.10009765625
1998-09-30,5614.10009765625
1998-10-01,5438.0
1998-10-02,5517.10009765625
1998-10-05,5336.2001953125
1998-10-06,5398.10009765625
1998-10-07,5463.39990234375
1998-10-08,5401.60009765625
1998-10-09,5481.7998046875
1998-10-13,5544.89990234375
1998-10-14,5595.7001953125
1998-10-15,5864.0
1998-10-16,5880.10009765625
1998-10-19,5832.2998046875
1998-10-20,5870.7001953125
1998-10-21,5848.39990234375
1998-10-22,5853.10009765625
1998-10-23,5842.0
1998-10-26,5929.0
1998-10-27,5996.7998046875
1998-10-28,6033.7998046875
1998-10-29,6115.39990234375
1998-10-30,6208.2998046875
1998-11-02,6315.7001953125
1998-11-03,6296.5
1998-11-04,6365.7998046875
1998-11-05,6413.0
1998-11-06,6417.89990234375
1998-11-09,6341.39990234375
1998-11-10,6258.2998046875
1998-11-11,6279.2998046875
1998-11-12,6256.10009765625
1998-11-13,6336.10009765625
1998-11-16,6357.2998046875
1998-11-17,6337.7998046875
1998-11-18,6342.2001953125
1998-11-19,6439.60009765625
1998-11-20,6522.2998046875
1998-11-23,6672.89990234375
1998-11-24,6570.2998046875
1998-11-25,6526.7998046875
1998-11-26,6559.7998046875
1998-11-27,6468.2998046875
1998-11-30,6343.89990234375
1998-12-01,6457.10009765625
1998-12-02,6380.5
1998-12-03,6295.7998046875
1998-12-04,6339.0
1998-12-07,6366.89990234375
1998-12-08,6399.7998046875
1998-12-09,6406.2998046875
1998-12-10,6315.7001953125
1998-12-11,6258.7998046875
1998-12-14,6217.7001953125
1998-12-15,6236.7001953125
1998-12-16,6283.7998046875
1998-12-17,6291.5
1998-12-18,6353.2998046875
1998-12-21,6381.0
1998-12-22,6373.7998046875
1998-12-23,6447.2001953125
1998-12-24,6465.39990234375
1998-12-29,6472.2001953125
1998-12-30,6430.10009765625
1998-12-31,6485.89990234375
1999-01-04,6554.2998046875
1999-01-05,6660.5
1999-01-06,6805.2998046875
1999-01-07,6802.2001953125
1999-01-08,6868.89990234375
1999-01-11,6842.2998046875
1999-01-12,6700.7998046875
1999-01-13,6632.10009765625
1999-01-14,6594.2001953125
1999-01-15,6759.39990234375
1999-01-18,6822.7998046875
1999-01-19,6758.89990234375
1999-01-20,6712.2998046875
1999-01-21,6635.7998046875
1999-01-22,6593.89990234375
1999-01-25,6618.5
1999-01-26,6663.5
1999-01-27,6651.7001953125
1999-01-28,6668.5
1999-01-29,6729.60009765625
1999-02-01,6765.39990234375
1999-02-02,6683.7998046875
1999-02-03,6721.5
1999-02-04,6661.10009765625
1999-02-05,6633.39990234375
1999-02-08,6583.7998046875
1999-02-09,6444.0
1999-02-10,6400.7001953125
1999-02-11,6490.7998046875
1999-02-12,6433.7001953125
1999-02-15,6447.60009765625
1999-02-16,6386.5
1999-02-17,6324.7001953125
1999-02-18,6364.10009765625
1999-02-19,6409.5
1999-02-22,6504.60009765625
1999-02-23,6454.7001953125
1999-02-24,6339.39990234375
1999-02-25,6306.7001953125
1999-02-26,6312.7001953125
1999-03-01,6302.2001953125
1999-03-02,6225.2001953125
1999-03-03,6180.2998046875
1999-03-04,6268.7001953125
1999-03-05,6415.10009765625
1999-03-08,6503.39990234375
1999-03-09,6488.39990234375
1999-03-10,6572.60009765625
1999-03-11,6565.7998046875
1999-03-12,6562.10009765625
1999-03-15,6606.0
1999-03-16,6619.7998046875
1999-03-17,6593.7998046875
1999-03-18,6586.39990234375
1999-03-19,6598.7998046875
1999-03-22,6596.60009765625
1999-03-23,6482.2001953125
1999-03-24,6527.2998046875
1999-03-25,6593.5
1999-03-26,6635.2001953125
1999-03-29,6652.7998046875
1999-03-30,6575.89990234375
1999-03-31,6597.7998046875
1999-04-01,6624.7998046875
1999-04-05,6739.7001953125
1999-04-06,6768.5
1999-04-07,6786.7001953125
1999-04-08,6932.60009765625
1999-04-09,6889.7998046875
1999-04-12,6938.89990234375
1999-04-13,6913.2998046875
1999-04-14,6948.89990234375
1999-04-15,6990.5
1999-04-16,7013.2001953125
1999-04-19,6907.7001953125
1999-04-20,6925.2998046875
1999-04-21,7019.7998046875
1999-04-22,7017.0
1999-04-23,7028.5
1999-04-26,7052.10009765625
1999-04-27,7063.2998046875
1999-04-28,7101.10009765625
1999-04-29,7093.2998046875
1999-04-30,7014.7001953125
1999-05-03,7082.0
1999-05-04,7054.7998046875
1999-05-05,7023.60009765625
1999-05-06,6989.2998046875
1999-05-07,6958.89990234375
1999-05-10,6997.10009765625
1999-05-11,7010.60009765625
1999-05-12,7003.7998046875
1999-05-13,7057.2001953125
1999-05-14,6886.5
1999-05-17,6873.60009765625
1999-05-18,6926.5
1999-05-19,7014.39990234375
1999-05-20,6974.89990234375
1999-05-21,6966.0
1999-05-25,6799.5
1999-05-26,6784.89990234375
1999-05-27,6727.7998046875
1999-05-28,6802.7001953125
1999-05-31,6841.7998046875
1999-06-01,6852.39990234375
1999-06-02,6850.7998046875
1999-06-03,6887.10009765625
1999-06-04,6940.10009765625
1999-06-07,7010.7998046875
1999-06-08,6937.7001953125
1999-06-09,6960.39990234375
1999-06-10,6921.39990234375
1999-06-11,6917.10009765625
1999-06-14,6895.60009765625
1999-06-15,6865.7998046875
1999-06-16,6925.2998046875
1999-06-17,6929.10009765625
1999-06-18,7005.10009765625
1999-06-21,6995.10009765625
1999-06-22,6954.89990234375
1999-06-23,6937.0
1999-06-24,6902.7001953125
1999-06-25,6939.2998046875
1999-06-28,6916.7998046875
1999-06-29,6958.89990234375
1999-06-30,7010.10009765625
1999-07-02,7137.7998046875
1999-07-05,7254.5
1999-07-06,7235.0
1999-07-07,7172.10009765625
1999-07-08,7138.7998046875
1999-07-09,7198.2001953125
1999-07-12,7193.2001953125
1999-07-13,7139.0
1999-07-14,7253.10009765625
1999-07-15,7292.7001953125
1999-07-16,7285.60009765625
1999-07-19,7275.89990234375
1999-07-20,7154.39990234375
1999-07-21,7136.39990234375
1999-07-22,7082.60009765625
1999-07-23,7069.5
1999-07-26,6984.2001953125
1999-07-27,7022.7001953125
1999-07-28,7111.2001953125
1999-07-29,7050.2998046875
1999-07-30,7081.0
1999-08-03,7033.2998046875
1999-08-04,6963.2001953125
1999-08-05,6906.60009765625
1999-08-06,6878.7998046875
1999-08-09,6863.7001953125
1999-08-10,6790.2998046875
1999-08-11,6909.10009765625
1999-08-12,6915.0
1999-08-13,7006.2001953125
1999-08-16,7045.7001953125
1999-08-17,7053.0
1999-08-18,7042.5
1999-08-19,7098.10009765625
1999-08-20,7129.2001953125
1999-08-23,7175.0
1999-08-24,7169.7998046875
1999-08-25,7222.60009765625
1999-08-26,7159.2001953125
1999-08-27,7106.2001953125
1999-08-30,7039.7001953125
1999-08-31,6970.7998046875
1999-09-01,6978.2998046875
1999-09-02,6907.0
1999-09-03,7006.10009765625
1999-09-07,7058.5
1999-09-08,7055.0
1999-09-09,7126.5
1999-09-10,7163.39990234375
1999-09-13,7118.10009765625
1999-09-14,7138.10009765625
1999-09-15,7063.60009765625
1999-09-16,7017.7001953125
1999-09-17,7062.2998046875
1999-09-20,7049.10009765625
1999-09-21,6917.89990234375
1999-09-22,6886.2998046875
1999-09-23,6812.10009765625
1999-09-24,6763.39990234375
1999-09-27,6895.7001953125
1999-09-28,6877.89990234375
1999-09-29,6878.7998046875
1999-09-30,6957.7001953125
1999-10-01,6931.2998046875
1999-10-04,7042.2998046875
1999-10-05,6990.5
1999-10-06,7025.5
1999-10-07,7063.5
1999-10-08,7116.0
1999-10-12,7135.0
1999-10-13,7037.0
1999-10-14,6969.7001953125
1999-10-15,6884.39990234375
1999-10-18,6868.2001953125
1999-10-19,6854.0
1999-10-20,6930.7998046875
1999-10-21,6952.39990234375
1999-10-22,7040.2998046875
1999-10-25,7058.2998046875
1999-10-26,7064.89990234375
1999-10-27,7011.5
1999-10-28,7114.39990234375
1999-10-29,7256.2001953125
1999-11-01,7271.2998046875
1999-11-02,7215.2998046875
1999-11-03,7233.7001953125
1999-11-04,7261.5
1999-11-05,7297.60009765625
1999-11-08,7287.7998046875
1999-11-09,7292.60009765625
1999-11-10,7366.5
1999-11-11,7488.5
1999-11-12,7526.2001953125
1999-11-15,7600.2001953125
1999-11-16,7579.7001953125
1999-11-17,7591.2998046875
1999-11-18,7646.39990234375
1999-11-19,7693.10009765625
1999-11-22,7645.2998046875
1999-11-23,7709.60009765625
1999-11-24,7764.5
1999-11-25,7853.39990234375
1999-11-26,7889.89990234375
1999-11-29,7772.10009765625
1999-11-30,7523.2001953125
1999-12-01,7592.5
1999-12-02,7665.60009765625
1999-12-03,7794.7001953125
1999-12-06,7857.5
1999-12-07,7889.10009765625
1999-12-08,7820.10009765625
1999-12-09,7821.10009765625
1999-12-10,7954.60009765625
1999-12-13,7989.89990234375
1999-12-14,7930.2998046875
1999-12-15,7985.2998046875
1999-12-16,8047.2001953125
1999-12-17,8098.2001953125
1999-12-20,8131.39990234375
1999-12-21,8250.0
1999-12-22,8262.2001953125
1999-12-23,8367.2001953125
1999-12-24,8452.900390625
1999-12-29,8472.599609375
1999-12-30,8406.099609375
1999-12-31,8413.7998046875
2000-01-04,8202.599609375
2000-01-05,8119.39990234375
2000-01-06,8114.2001953125
2000-01-07,8429.400390625
2000-01-10,8602.5
2000-01-11,8442.599609375
2000-01-12,8360.0
2000-01-13,8417.900390625
2000-01-14,8357.5
2000-01-17,8479.2998046875
2000-01-18,8589.7001953125
2000-01-19,8635.099609375
2000-01-20,8682.900390625
2000-01-21,8634.900390625
2000-01-24,8458.7998046875
2000-01-25,8505.5
2000-01-26,8582.599609375
2000-01-27,8645.7998046875
2000-01-28,8390.400390625
2000-01-31,8481.099609375
2000-02-01,8535.2998046875
2000-02-02,8769.5
2000-02-03,8894.400390625
2000-02-04,9209.2001953125
2000-02-07,9156.0
2000-02-08,9300.7998046875
2000-02-09,9255.2001953125
2000-02-10,9321.0
2000-02-11,9156.7001953125
2000-02-14,9314.5
2000-02-15,9356.099609375
2000-02-16,9428.599609375
2000-02-17,9463.5
2000-02-18,9295.5
2000-02-21,9231.2001953125
2000-02-22,9194.900390625
2000-02-23,9315.0
2000-02-24,9214.2001953125
2000-02-25,9141.2001953125
2000-02-28,9223.400390625
2000-02-29,9129.0
2000-03-01,9411.599609375
2000-03-02,9516.099609375
2000-03-03,9462.900390625
2000-03-06,9580.900390625
2000-03-07,9425.5
2000-03-08,9281.099609375
2000-03-09,9413.7001953125
2000-03-10,9487.099609375
2000-03-13,9461.599609375
2000-03-14,9393.7998046875
2000-03-15,9293.599609375
2000-03-16,9488.0
2000-03-17,9528.7998046875
2000-03-20,9568.2998046875
2000-03-21,9651.400390625
2000-03-22,9871.599609375
2000-03-23,9990.099609375
2000-03-24,10052.7001953125
2000-03-27,10043.0
2000-03-28,9922.900390625
2000-03-29,9702.2001953125
2000-03-30,9394.0
2000-03-31,9462.400390625
2000-04-03,9374.7001953125
2000-04-04,9141.7998046875
2000-04-05,9226.5
2000-04-06,9441.2998046875
2000-04-07,9465.2001953125
2000-04-10,9460.900390625
2000-04-11,9358.0
2000-04-12,9047.7001953125
2000-04-13,8965.400390625
2000-04-14,8473.5
2000-04-17,8769.599609375
2000-04-18,9069.5
2000-04-19,9034.0
2000-04-20,8959.7001953125
2000-04-24,8822.5
2000-04-25,9108.400390625
2000-04-26,9378.0
2000-04-27,9322.7001953125
2000-04-28,9347.599609375
2000-05-01,9527.2998046875
2000-05-02,9510.2998046875
2000-05-03,9291.2998046875
2000-05-04,9414.099609375
2000-05-05,9597.2998046875
2000-05-08,9337.5
2000-05-09,9294.400390625
2000-05-10,9097.099609375
2000-05-11,9132.599609375
2000-05-12,9211.7998046875
2000-05-15,9281.900390625
2000-05-16,9582.0
2000-05-17,9552.7998046875
2000-05-18,9549.900390625
2000-05-19,9293.099609375
2000-05-23,8986.599609375
2000-05-24,9144.2001953125
2000-05-25,9043.7001953125
2000-05-26,9020.900390625
2000-05-29,9060.099609375
2000-05-30,9344.099609375
2000-05-31,9252.0
2000-06-01,9552.2001953125
2000-06-02,9747.7001953125
2000-06-05,9679.7001953125
2000-06-06,9609.900390625
2000-06-07,9557.7001953125
2000-06-08,9652.400390625
2000-06-09,9728.7998046875
2000-06-12,9819.599609375
2000-06-13,9836.5
2000-06-14,9972.099609375
2000-06-15,10110.599609375
2000-06-16,10035.7001953125
2000-06-19,10136.7998046875
2000-06-20,10239.900390625
2000-06-21,10197.2998046875
2000-06-22,10064.5
2000-06-23,10091.099609375
2000-06-26,10227.400390625
2000-06-27,10165.5
2000-06-28,10231.2998046875
2000-06-29,10111.0
2000-06-30,10195.5
2000-07-04,10301.400390625
2000-07-05,10323.7998046875
2000-07-06,10242.599609375
2000-07-07,10380.2998046875
2000-07-10,10235.400390625
2000-07-11,10350.2998046875
2000-07-12,10572.900390625
2000-07-13,10679.2998046875
2000-07-14,10778.7998046875
2000-07-17,10844.5
2000-07-18,10735.5
2000-07-19,10633.2001953125
2000-07-20,10740.7998046875
2000-07-21,10842.099609375
2000-07-24,10783.5
2000-07-25,10867.099609375
2000-07-26,10916.099609375
2000-07-27,10696.2001953125
2000-07-28,10343.0
2000-07-31,10406.2998046875
2000-08-01,10352.900390625
2000-08-02,10368.5
2000-08-03,10413.7001953125
2000-08-04,10567.5
2000-08-08,10858.7001953125
2000-08-09,10863.0
2000-08-10,10796.5
2000-08-11,10788.7998046875
2000-08-14,10999.099609375
2000-08-15,11032.2998046875
2000-08-16,11031.0
2000-08-17,11098.2001953125
2000-08-18,11133.7998046875
2000-08-21,11073.2998046875
2000-08-22,11137.2001953125
2000-08-23,11107.7998046875
2000-08-24,11179.0
2000-08-25,11246.0
2000-08-28,11224.5
2000-08-29,11128.400390625
2000-08-30,11173.599609375
2000-08-31,11247.900390625
2000-09-01,11388.7998046875
2000-09-05,11328.2001953125
2000-09-06,11150.7001953125
2000-09-07,11061.599609375
2000-09-08,10819.7998046875
2000-09-11,10682.099609375
2000-09-12,10557.0
2000-09-13,10749.599609375
2000-09-14,11078.099609375
2000-09-15,11063.599609375
2000-09-18,10782.0
2000-09-19,10914.5
2000-09-20,10813.099609375
2000-09-21,10601.0
2000-09-22,10566.0
2000-09-25,10631.0
2000-09-26,10478.599609375
2000-09-27,10250.0
2000-09-28,10431.900390625
2000-09-29,10377.900390625
2000-10-02,10442.7998046875
2000-10-03,10456.400390625
2000-10-04,10524.7001953125
2000-10-05,10701.400390625
2000-10-06,10432.5
2000-10-10,10394.7998046875
2000-10-11,10145.0
2000-10-12,10026.900390625
2000-10-13,10320.7998046875
2000-10-16,10493.0
2000-10-17,10132.599609375
2000-10-18,9926.7998046875
2000-10-19,10231.599609375
2000-10-20,10485.2001953125
2000-10-23,10473.0
2000-10-24,10352.099609375
2000-10-25,9511.7998046875
2000-10-26,9428.7001953125
2000-10-27,9321.900390625
2000-10-30,9253.099609375
2000-10-31,9639.599609375
2000-11-01,9594.0
2000-11-02,9623.2998046875
2000-11-03,9720.400390625
2000-11-06,9714.2001953125
2000-11-07,9576.7998046875
2000-11-08,9552.5
2000-11-09,9411.5
2000-11-10,9199.099609375
2000-11-13,9115.099609375
2000-11-14,9265.2998046875
2000-11-15,9187.099609375
2000-11-16,8964.2001953125
2000-11-17,8953.0
2000-11-20,8935.099609375
2000-11-21,9013.900390625
2000-11-22,8844.599609375
2000-11-23,8924.7001953125
2000-11-24,9024.400390625
2000-11-27,9127.400390625
2000-11-28,8925.2001953125
2000-11-29,8821.099609375
2000-11-30,8819.900390625
2000-12-01,8941.2001953125
2000-12-04,8944.7001953125
2000-12-05,9279.0
2000-12-06,9230.599609375
2000-12-07,9166.7998046875
2000-12-08,9548.7001953125
2000-12-11,9581.900390625
2000-12-12,9343.0
2000-12-13,9098.099609375
2000-12-14,9069.400390625
2000-12-15,9020.0
2000-12-18,9008.599609375
2000-12-19,8886.400390625
2000-12-20,8642.5
2000-12-21,8599.7001953125
2000-12-22,8769.900390625
2000-12-27,8857.099609375
2000-12-28,8876.099609375
2000-12-29,8933.7001953125
2001-01-02,8611.5
2001-01-03,8937.7998046875
2001-01-04,8905.7001953125
2001-01-05,8690.2001953125
2001-01-08,8671.7001953125
2001-01-09,8572.0
2001-01-10,8600.7998046875
2001-01-11,8805.400390625
2001-01-12,8716.400390625
2001-01-15,8778.5
2001-01-16,8744.0
2001-01-17,8879.400390625
2001-01-18,8899.099609375
2001-01-19,9161.099609375
2001-01-22,9121.0
2001-01-23,9268.7998046875
2001-01-24,9306.2001953125
2001-01-25,9183.400390625
2001-01-26,9158.2001953125
2001-01-29,9302.2001953125
2001-01-30,9348.400390625
2001-01-31,9321.900390625
2001-02-01,9287.7001953125
2001-02-02,9224.099609375
2001-02-05,9306.099609375
2001-02-06,9301.400390625
2001-02-07,9137.599609375
2001-02-08,9080.7001953125
2001-02-09,8957.599609375
2001-02-12,8999.900390625
2001-02-13,8942.099609375
2001-02-14,8911.5
2001-02-15,8967.2998046875
2001-02-16,8393.2001953125
2001-02-19,8459.7001953125
2001-02-20,8236.7001953125
2001-02-21,8060.7998046875
2001-02-22,8133.2998046875
2001-02-23,8028.7998046875
2001-02-26,8140.7998046875
2001-02-27,8065.7001953125
2001-02-28,8078.7001953125
2001-03-01,8103.7998046875
2001-03-02,8006.89990234375
2001-03-05,8099.2998046875
2001-03-06,8205.599609375
2001-03-07,8301.7998046875
2001-03-08,8227.599609375
2001-03-09,8135.5
2001-03-12,7930.2998046875
2001-03-13,7959.5
2001-03-14,7806.89990234375
2001-03-15,7823.10009765625
2001-03-16,7752.2001953125
2001-03-19,7911.10009765625
2001-03-20,7756.5
2001-03-21,7665.5
2001-03-22,7665.7001953125
2001-03-23,7639.7998046875
2001-03-26,7686.60009765625
2001-03-27,7751.2998046875
2001-03-28,7506.5
2001-03-29,7444.7998046875
2001-03-30,7608.0
2001-04-02,7642.7001953125
2001-04-03,7444.39990234375
2001-04-04,7415.5
2001-04-05,7572.2998046875
2001-04-06,7474.7998046875
2001-04-09,7538.10009765625
2001-04-10,7745.7998046875
2001-04-11,7712.7001953125
2001-04-12,7835.2001953125
2001-04-16,7790.5
2001-04-17,7819.10009765625
2001-04-18,8131.2001953125
2001-04-19,8147.7001953125
2001-04-20,8099.39990234375
2001-04-23,7929.7998046875
2001-04-24,7891.7001953125
2001-04-25,7945.2998046875
2001-04-26,7960.2998046875
2001-04-27,7967.2998046875
2001-04-30,7946.60009765625
2001-05-01,7946.2998046875
2001-05-02,8018.39990234375
2001-05-03,7955.5
2001-05-04,7981.7001953125
2001-05-07,8022.60009765625
2001-05-08,8064.2001953125
2001-05-09,8070.60009765625
2001-05-10,8121.5
2001-05-11,8023.7001953125
2001-05-14,8010.0
2001-05-15,8041.7001953125
2001-05-16,8146.0
2001-05-17,8229.0
2001-05-18,8270.599609375
2001-05-22,8395.2998046875
2001-05-23,8348.599609375
2001-05-24,8346.7998046875
2001-05-25,8292.7998046875
2001-05-28,8291.099609375
2001-05-29,8252.0
2001-05-30,8101.39990234375
2001-05-31,8161.89990234375
2001-06-01,8250.900390625
2001-06-04,8301.2001953125
2001-06-05,8258.7998046875
2001-06-06,8194.400390625
2001-06-07,8191.5
2001-06-08,8128.39990234375
2001-06-11,8091.7998046875
2001-06-12,8094.7998046875
2001-06-13,8012.7001953125
2001-06-14,7920.10009765625
2001-06-15,7816.10009765625
2001-06-18,7707.10009765625
2001-06-19,7702.89990234375
2001-06-20,7675.7001953125
2001-06-21,7706.89990234375
2001-06-22,7739.7001953125
2001-06-25,7697.7001953125
2001-06-26,7612.0
2001-06-27,7530.60009765625
2001-06-28,7600.10009765625
2001-06-29,7736.39990234375
2001-07-03,7748.2998046875
2001-07-04,7730.60009765625
2001-07-05,7683.0
2001-07-06,7594.10009765625
2001-07-09,7640.7001953125
2001-07-10,7558.7001953125
2001-07-11,7570.7998046875
2001-07-12,7670.7998046875
2001-07-13,7765.60009765625
2001-07-16,7643.7001953125
2001-07-17,7694.10009765625
2001-07-18,7620.5
2001-07-19,7642.39990234375
2001-07-20,7648.0
2001-07-23,7627.2001953125
2001-07-24,7586.5
2001-07-25,7623.7998046875
2001-07-26,7602.60009765625
2001-07-27,7682.2001953125
2001-07-30,7641.2998046875
2001-07-31,7689.7001953125
2001-08-01,7741.39990234375
2001-08-02,7756.2001953125
2001-08-03,7744.2001953125
2001-08-07,7772.2001953125
2001-08-08,7654.2001953125
2001-08-09,7695.2998046875
2001-08-10,7644.7001953125
2001-08-13,7632.7001953125
2001-08-14,7605.5
2001-08-15,7532.7001953125
2001-08-16,7569.5
2001-08-17,7502.7998046875
2001-08-20,7525.2001953125
2001-08-21,7473.0
2001-08-22,7538.60009765625
2001-08-23,7542.39990234375
2001-08-24,7630.0
2001-08-27,7662.2001953125
2001-08-28,7578.39990234375
2001-08-29,7494.2998046875
2001-08-30,7417.7001953125
2001-08-31,7399.2001953125
2001-09-04,7462.0
2001-09-05,7447.7001953125
2001-09-06,7416.0
2001-09-07,7368.7998046875
2001-09-10,7344.7001953125
2001-09-11,7048.7998046875
2001-09-13,7102.2998046875
2001-09-14,6890.89990234375
2001-09-17,6908.0
2001-09-18,6844.5
2001-09-19,6696.2998046875
2001-09-20,6521.7998046875
2001-09-21,6513.10009765625
2001-09-24,6662.0
2001-09-25,6702.0
2001-09-26,6654.7998046875
2001-09-27,6669.5
2001-09-28,6838.60009765625
2001-10-01,6799.0
2001-10-02,6839.60009765625
2001-10-03,6903.7998046875
2001-10-04,6899.39990234375
2001-10-05,6894.2001953125
2001-10-09,6869.2998046875
2001-10-10,6952.2998046875
2001-10-11,7060.10009765625
2001-10-12,7031.0
2001-10-15,6955.60009765625
2001-10-16,7026.89990234375
2001-10-17,6956.7998046875
2001-10-18,6900.0
2001-10-19,6911.0
2001-10-22,6905.2001953125
2001-10-23,6904.2001953125
2001-10-24,6896.89990234375
2001-10-25,6943.7001953125
2001-10-26,7004.89990234375
2001-10-29,6896.2998046875
2001-10-30,6825.39990234375
2001-10-31,6885.7001953125
2001-11-01,6984.60009765625
2001-11-02,7024.0
2001-11-05,7079.2998046875
2001-11-06,7145.5
2001-11-07,7147.2998046875
2001-11-08,7140.7998046875
2001-11-09,7209.7001953125
2001-11-12,7223.89990234375
2001-11-13,7324.39990234375
2001-11-14,7349.5
2001-11-15,7262.89990234375
2001-11-16,7315.2998046875
2001-11-19,7422.7998046875
2001-11-20,7381.2001953125
2001-11-21,7330.89990234375
2001-11-22,7382.5
2001-11-23,7432.39990234375
2001-11-26,7466.39990234375
2001-11-27,7462.60009765625
2001-11-28,7358.2001953125
2001-11-29,7400.5
2001-11-30,7425.7001953125
2001-12-03,7374.7998046875
2001-12-04,7450.10009765625
2001-12-05,7620.2001953125
2001-12-06,7613.7001953125
2001-12-07,7616.7998046875
2001-12-10,7559.7998046875
2001-12-11,7531.60009765625
2001-12-12,7577.7001953125
2001-12-13,7451.2001953125
2001-12-14,7425.7001953125
2001-12-17,7515.39990234375
2001-12-18,7586.5
2001-12-19,7501.10009765625
2001-12-20,7455.0
2001-12-21,7528.2998046875
2001-12-24,7552.60009765625
2001-12-27,7650.60009765625
2001-12-28,7675.0
2001-12-31,7688.39990234375
2002-01-02,7646.7998046875
2002-01-03,7774.2001953125
2002-01-04,7833.2001953125
2002-01-07,7870.2998046875
2002-01-08,7782.0
2002-01-09,7775.7998046875
2002-01-10,7722.39990234375
2002-01-11,7701.89990234375
2002-01-14,7623.2998046875
2002-01-15,7643.89990234375
2002-01-16,7584.0
2002-01-17,7652.7001953125
2002-01-18,7604.7998046875
2002-01-21,7582.89990234375
2002-01-22,7559.2998046875
2002-01-23,7598.5
2002-01-24,7657.60009765625
2002-01-25,7659.2998046875
2002-01-28,7643.7001953125
2002-01-29,7567.10009765625
2002-01-30,7548.7998046875
2002-01-31,7648.5
2002-02-01,7690.5
2002-02-04,7591.10009765625
2002-02-05,7523.5
2002-02-06,7497.10009765625
2002-02-07,7483.39990234375
2002-02-08,7535.39990234375
2002-02-11,7604.5
2002-02-12,7543.7998046875
2002-02-13,7561.39990234375
2002-02-14,7526.39990234375
2002-02-15,7515.2998046875
2002-02-18,7558.60009765625
2002-02-19,7471.0
2002-02-20,7431.7998046875
2002-02-21,7418.10009765625
2002-02-22,7426.60009765625
2002-02-25,7512.5
2002-02-26,7567.5
2002-02-27,7646.89990234375
2002-02-28,7637.5
2002-03-01,7710.7998046875
2002-03-04,7861.7998046875
2002-03-05,7856.10009765625
2002-03-06,7944.2998046875
2002-03-07,7958.10009765625
2002-03-08,7910.2998046875
2002-03-11,7908.2001953125
2002-03-12,7866.10009765625
2002-03-13,7864.2001953125
2002-03-14,7828.60009765625
2002-03-15,7871.7001953125
2002-03-18,7917.7001953125
2002-03-19,7936.89990234375
2002-03-20,7915.39990234375
2002-03-21,7856.2001953125
2002-03-22,7856.10009765625
2002-03-25,7751.2998046875
2002-03-26,7756.7001953125
2002-03-27,7835.89990234375
2002-03-28,7851.5
2002-04-01,7888.5
2002-04-02,7893.39990234375
2002-04-03,7842.2998046875
2002-04-04,7784.5
2002-04-05,7782.10009765625
2002-04-08,7747.60009765625
2002-04-09,7722.10009765625
2002-04-10,7800.10009765625
2002-04-11,7688.7001953125
2002-04-12,7731.0
2002-04-15,7761.2998046875
2002-04-16,7841.60009765625
2002-04-17,7868.10009765625
2002-04-18,7818.10009765625
2002-04-19,7899.60009765625
2002-04-22,7814.2998046875
2002-04-23,7717.7998046875
2002-04-24,7713.39990234375
2002-04-25,7686.2998046875
2002-04-26,7629.60009765625
2002-04-29,7582.5
2002-04-30,7663.39990234375
2002-05-01,7647.2998046875
2002-05-02,7670.5
2002-05-03,7663.89990234375
2002-05-06,7581.10009765625
2002-05-07,7561.39990234375
2002-05-08,7707.7998046875
2002-05-09,7632.2998046875
2002-05-10,7596.10009765625
2002-05-13,7661.39990234375
2002-05-14,7716.89990234375
2002-05-15,7707.0
2002-05-16,7738.10009765625
2002-05-17,7727.0
2002-05-21,7688.2998046875
2002-05-22,7638.39990234375
2002-05-23,7725.10009765625
2002-05-24,7667.7998046875
2002-05-27,7667.0
2002-05-28,7660.60009765625
2002-05-29,7611.89990234375
2002-05-30,7580.60009765625
2002-05-31,7656.10009765625
2002-06-03,7599.5
2002-06-04,7568.0
2002-06-05,7547.89990234375
2002-06-06,7498.89990234375
2002-06-07,7478.60009765625
2002-06-10,7460.7001953125
2002-06-11,7398.7998046875
2002-06-12,7359.60009765625
2002-06-13,7283.60009765625
2002-06-14,7249.0
2002-06-17,7357.39990234375
2002-06-18,7327.5
2002-06-19,7247.7998046875
2002-06-20,7225.39990234375
2002-06-21,7139.39990234375
2002-06-24,7129.89990234375
2002-06-25,7120.7998046875
2002-06-26,7021.0
2002-06-27,7073.7998046875
2002-06-28,7145.60009765625
2002-07-02,7013.39990234375
2002-07-03,7024.10009765625
2002-07-04,7029.7998046875
2002-07-05,7112.5
2002-07-08,7092.0
2002-07-09,7034.7998046875
2002-07-10,6916.39990234375
2002-07-11,6863.2998046875
2002-07-12,6819.7998046875
2002-07-15,6677.7998046875
2002-07-16,6695.7001953125
2002-07-17,6699.7001953125
2002-07-18,6715.39990234375
2002-07-19,6535.39990234375
2002-07-22,6366.7001953125
2002-07-23,6161.10009765625
2002-07-24,6382.10009765625
2002-07-25,6278.39990234375
2002-07-26,6309.89990234375
2002-07-29,6483.10009765625
2002-07-30,6511.2001953125
2002-07-31,6605.39990234375
2002-08-01,6550.7001953125
2002-08-02,6536.5
2002-08-06,6519.2001953125
2002-08-07,6486.7001953125
2002-08-08,6612.2001953125
2002-08-09,6645.89990234375
2002-08-12,6571.39990234375
2002-08-13,6529.0
2002-08-14,6550.10009765625
2002-08-15,6557.60009765625
2002-08-16,6571.7001953125
2002-08-19,6658.10009765625
2002-08-20,6655.2998046875
2002-08-21,6664.89990234375
2002-08-22,6727.7998046875
2002-08-23,6614.2998046875
2002-08-26,6697.89990234375
2002-08-27,6642.7998046875
2002-08-28,6579.89990234375
2002-08-29,6590.0
2002-08-30,6612.0
2002-09-03,6453.5
2002-09-04,6517.7001953125
2002-09-05,6484.89990234375
2002-09-06,6479.7998046875
2002-09-09,6522.2001953125
2002-09-10,6544.2001953125
2002-09-11,6618.2998046875
2002-09-12,6517.0
2002-09-13,6495.2998046875
2002-09-16,6500.60009765625
2002-09-17,6392.2998046875
2002-09-18,6304.7998046875
2002-09-19,6188.2001953125
2002-09-20,6202.0
2002-09-23,6080.10009765625
2002-09-24,6068.89990234375
2002-09-25,6165.0
2002-09-26,6179.39990234375
2002-09-27,6111.10009765625
2002-09-30,6180.39990234375
2002-10-01,6218.60009765625
2002-10-02,6100.7001953125
2002-10-03,6026.7998046875
2002-10-04,5935.2998046875
2002-10-07,5841.0
2002-10-08,5830.60009765625
2002-10-09,5695.2998046875
2002-10-10,5812.89990234375
2002-10-11,5978.7001953125
2002-10-15,6219.39990234375
2002-10-16,6157.10009765625
2002-10-17,6274.7998046875
2002-10-18,6326.60009765625
2002-10-21,6362.2998046875
2002-10-22,6291.7001953125
2002-10-23,6335.2001953125
2002-10-24,6336.89990234375
2002-10-25,6405.89990234375
2002-10-28,6419.39990234375
2002-10-29,6294.7998046875
2002-10-30,6330.39990234375
2002-10-31,6248.7998046875
2002-11-01,6321.39990234375
2002-11-04,6432.7001953125
2002-11-05,6399.60009765625
2002-11-06,6437.89990234375
2002-11-07,6384.39990234375
2002-11-08,6390.0
2002-11-11,6293.89990234375
2002-11-12,6329.7001953125
2002-11-13,6301.7998046875
2002-11-14,6370.89990234375
2002-11-15,6457.39990234375
2002-11-18,6485.0
2002-11-19,6423.7001953125
2002-11-20,6493.10009765625
2002-11-21,6567.7998046875
2002-11-22,6553.89990234375
2002-11-25,6578.2001953125
2002-11-26,6477.7998046875
2002-11-27,6604.2998046875
2002-11-28,6629.39990234375
2002-11-29,6570.39990234375
2002-12-02,6665.2998046875
2002-12-03,6640.60009765625
2002-12-04,6610.39990234375
2002-12-05,6542.0
2002-12-06,6577.2001953125
2002-12-09,6504.10009765625
2002-12-10,6597.2001953125
2002-12-11,6587.2998046875
2002-12-12,6637.10009765625
2002-12-13,6664.2998046875
2002-12-16,6724.39990234375
2002-12-17,6621.5
2002-12-18,6560.89990234375
2002-12-19,6537.0
2002-12-20,6560.60009765625
2002-12-23,6628.2998046875
2002-12-24,6609.10009765625
2002-12-27,6595.7998046875
2002-12-30,6617.60009765625
2002-12-31,6614.5
2003-01-02,6740.10009765625
2003-01-03,6772.7001953125
2003-01-06,6837.2998046875
2003-01-07,6802.7998046875
2003-01-08,6723.10009765625
2003-01-09,6772.2001953125
2003-01-10,6801.7998046875
2003-01-13,6809.89990234375
2003-01-14,6811.0
2003-01-15,6801.39990234375
2003-01-16,6827.0
2003-01-17,6755.89990234375
2003-01-20,6740.39990234375
2003-01-21,6690.7998046875
2003-01-22,6721.2998046875
2003-01-23,6737.39990234375
2003-01-24,6664.89990234375
2003-01-27,6556.5
2003-01-28,6570.10009765625
2003-01-29,6573.2001953125
2003-01-30,6546.2998046875
2003-01-31,6569.5
2003-02-03,6593.7001953125
2003-02-04,6544.89990234375
2003-02-05,6521.0
2003-02-06,6489.2998046875
2003-02-07,6477.7001953125
2003-02-10,6444.10009765625
2003-02-11,6474.0
2003-02-12,6452.5
2003-02-13,6453.10009765625
2003-02-14,6487.10009765625
2003-02-17,6564.10009765625
2003-02-18,6592.60009765625
2003-02-19,6559.7001953125
2003-02-20,6566.10009765625
2003-02-21,6558.60009765625
2003-02-24,6502.2998046875
2003-02-25,6503.5
2003-02-26,6508.2998046875
2003-02-27,6582.2001953125
2003-02-28,6555.10009765625
2003-03-03,6472.5
2003-03-04,6422.2998046875
2003-03-05,6389.89990234375
2003-03-06,6328.60009765625
2003-03-07,6359.89990234375
2003-03-10,6277.7001953125
2003-03-11,6290.7001953125
2003-03-12,6228.60009765625
2003-03-13,6295.39990234375
2003-03-14,6304.5
2003-03-17,6406.60009765625
2003-03-18,6438.60009765625
2003-03-19,6453.5
2003-03-20,6475.60009765625
2003-03-21,6535.89990234375
2003-03-24,6364.0
2003-03-25,6385.0
2003-03-26,6357.0
2003-03-27,6353.39990234375
2003-03-28,6379.5
2003-03-31,6343.2998046875
2003-04-01,6335.10009765625
2003-04-02,6411.2001953125
2003-04-03,6396.60009765625
2003-04-04,6395.0
2003-04-07,6434.2998046875
2003-04-08,6438.7001953125
2003-04-09,6414.5
2003-04-10,6418.5
2003-04-11,6432.10009765625
2003-04-14,6462.39990234375
2003-04-15,6488.2001953125
2003-04-16,6481.39990234375
2003-04-17,6525.7001953125
2003-04-21,6570.7998046875
2003-04-22,6582.89990234375
2003-04-23,6616.89990234375
2003-04-24,6561.60009765625
2003-04-25,6521.7001953125
2003-04-28,6548.7001953125
2003-04-29,6545.39990234375
2003-04-30,6586.10009765625
2003-05-01,6569.2998046875
2003-05-02,6618.10009765625
2003-05-05,6659.7001953125
2003-05-06,6693.7001953125
2003-05-07,6650.60009765625
2003-05-08,6620.7998046875
2003-05-09,6650.0
2003-05-12,6717.5
2003-05-13,6702.89990234375
2003-05-14,6742.39990234375
2003-05-15,6758.39990234375
2003-05-16,6742.0
2003-05-20,6732.10009765625
2003-05-21,6726.39990234375
2003-05-22,6779.2998046875
2003-05-23,6782.89990234375
2003-05-26,6784.89990234375
2003-05-27,6840.2001953125
2003-05-28,6836.2001953125
2003-05-29,6836.60009765625
2003-05-30,6859.7998046875
2003-06-02,6940.2001953125
2003-06-03,6931.2998046875
2003-06-04,7001.2998046875
2003-06-05,7034.89990234375
2003-06-06,7046.89990234375
2003-06-09,6972.39990234375
2003-06-10,7042.7001953125
2003-06-11,7100.7998046875
2003-06-12,7106.89990234375
2003-06-13,7010.60009765625
2003-06-16,7099.2998046875
2003-06-17,7121.0
2003-06-18,7103.5
2003-06-19,7078.5
2003-06-20,7070.89990234375
2003-06-23,7014.7001953125
2003-06-24,6988.89990234375
2003-06-25,6970.60009765625
2003-06-26,6991.39990234375
2003-06-27,6979.10009765625
2003-06-30,6983.10009765625
2003-07-02,6990.2998046875
2003-07-03,6999.7998046875
2003-07-04,7001.89990234375
2003-07-07,7068.39990234375
2003-07-08,7089.60009765625
2003-07-09,7117.2998046875
2003-07-10,7071.5
2003-07-11,7077.60009765625
2003-07-14,7116.0
2003-07-15,7116.10009765625
2003-07-16,7082.0
2003-07-17,7069.39990234375
2003-07-18,7114.7001953125
2003-07-21,7136.0
2003-07-22,7185.2001953125
2003-07-23,7231.2998046875
2003-07-24,7251.39990234375
2003-07-25,7262.60009765625
2003-07-28,7284.5
2003-07-29,7227.39990234375
2003-07-30,7205.0
2003-07-31,7257.89990234375
2003-08-01,7218.60009765625
2003-08-05,7189.5
2003-08-06,7139.10009765625
2003-08-07,7180.2998046875
2003-08-08,7252.0
2003-08-11,7317.7998046875
2003-08-12,7354.0
2003-08-13,7372.2998046875
2003-08-14,7393.7998046875
2003-08-15,7390.60009765625
2003-08-18,7411.2998046875
2003-08-19,7474.89990234375
2003-08-20,7491.10009765625
2003-08-21,7516.5
2003-08-22,7467.2001953125
2003-08-25,7441.2001953125
2003-08-26,7442.7998046875
2003-08-27,7500.60009765625
2003-08-28,7517.0
2003-08-29,7510.2998046875
2003-09-02,7566.89990234375
2003-09-03,7580.39990234375
2003-09-04,7594.89990234375
2003-09-05,7612.5
2003-09-08,7636.0
2003-09-09,7596.5
2003-09-10,7571.10009765625
2003-09-11,7598.5
2003-09-12,7580.10009765625
2003-09-15,7575.2998046875
2003-09-16,7625.39990234375
2003-09-17,7613.60009765625
2003-09-18,7600.60009765625
2003-09-19,7602.2001953125
2003-09-22,7566.5
2003-09-23,7644.0
2003-09-24,7602.2998046875
2003-09-25,7513.39990234375
2003-09-26,7433.10009765625
2003-09-29,7445.60009765625
2003-09-30,7421.10009765625
2003-10-01,7509.7001953125
2003-10-02,7541.39990234375
2003-10-03,7519.60009765625
2003-10-06,7562.89990234375
2003-10-07,7561.2001953125
2003-10-08,7569.2998046875
2003-10-09,7604.5
2003-10-10,7633.60009765625
2003-10-14,7749.39990234375
2003-10-15,7783.2001953125
2003-10-16,7792.7998046875
2003-10-17,7717.5
2003-10-20,7719.89990234375
2003-10-21,7768.0
2003-10-22,7711.2001953125
2003-10-23,7650.2001953125
2003-10-24,7614.39990234375
2003-10-27,7664.2001953125
2003-10-28,7719.2001953125
2003-10-29,7730.5
2003-10-30,7739.39990234375
2003-10-31,7772.7001953125
2003-11-03,7843.5
2003-11-04,7863.7001953125
2003-11-05,7867.7001953125
2003-11-06,7870.89990234375
2003-11-07,7860.39990234375
2003-11-10,7815.5
2003-11-11,7772.2001953125
2003-11-12,7797.2998046875
2003-11-13,7767.60009765625
2003-11-14,7752.39990234375
2003-11-17,7766.10009765625
2003-11-18,7737.39990234375
2003-11-19,7801.10009765625
2003-11-20,7809.7998046875
2003-11-21,7783.60009765625
2003-11-24,7850.2001953125
2003-11-25,7822.2998046875
2003-11-26,7860.39990234375
2003-11-27,7880.5
2003-11-28,7859.39990234375
2003-12-01,7924.60009765625
2003-12-02,7927.60009765625
2003-12-03,7959.89990234375
2003-12-04,7993.2998046875
2003-12-05,7990.2998046875
2003-12-08,7990.7998046875
2003-12-09,7975.89990234375
2003-12-10,7887.10009765625
2003-12-11,7956.2001953125
2003-12-12,7979.2001953125
2003-12-15,7932.10009765625
2003-12-16,7987.2998046875
2003-12-17,8040.2001953125
2003-12-18,8124.7001953125
2003-12-19,8113.7998046875
2003-12-22,8135.39990234375
2003-12-23,8138.39990234375
2003-12-24,8136.7998046875
2003-12-29,8260.5
2003-12-30,8213.7998046875
2003-12-31,8220.900390625
2004-01-02,8293.7001953125
2004-01-05,8381.7001953125
2004-01-06,8405.099609375
2004-01-07,8388.5
2004-01-08,8386.400390625
2004-01-09,8352.2001953125
2004-01-12,8380.400390625
2004-01-13,8380.2998046875
2004-01-14,8403.7998046875
2004-01-15,8423.900390625
2004-01-16,8522.2998046875
2004-01-19,8580.400390625
2004-01-20,8623.599609375
2004-01-21,8621.900390625
2004-01-22,8589.099609375
2004-01-23,8604.7001953125
2004-01-26,8594.900390625
2004-01-27,8588.2001953125
2004-01-28,8535.7001953125
2004-01-29,8449.400390625
2004-01-30,8521.400390625
2004-02-02,8639.900390625
2004-02-03,8660.7001953125
2004-02-04,8538.099609375
2004-02-05,8548.400390625
2004-02-06,8638.599609375
2004-02-09,8695.2001953125
2004-02-10,8751.5
2004-02-11,8767.7001953125
2004-02-12,8725.0
2004-02-13,8694.5
2004-02-16,8747.5
2004-02-17,8767.099609375
2004-02-18,8717.7998046875
2004-02-19,8699.099609375
2004-02-20,8641.900390625
2004-02-23,8609.599609375
2004-02-24,8605.0
2004-02-25,8637.2998046875
2004-02-26,8737.7998046875
2004-02-27,8788.5
2004-03-01,8874.7001953125
2004-03-02,8808.0
2004-03-03,8795.7001953125
2004-03-04,8773.2998046875
2004-03-05,8845.0
2004-03-08,8801.2001953125
2004-03-09,8750.2998046875
2004-03-10,8585.400390625
2004-03-11,8503.900390625
2004-03-12,8592.0
2004-03-15,8434.400390625
2004-03-16,8503.2998046875
2004-03-17,8601.7001953125
2004-03-18,8555.900390625
2004-03-19,8583.7998046875
2004-03-22,8478.5
2004-03-23,8474.5
2004-03-24,8420.900390625
2004-03-25,8513.900390625
2004-03-26,8509.599609375
2004-03-29,8555.2001953125
2004-03-30,8622.2001953125
2004-03-31,8585.900390625
2004-04-01,8652.099609375
2004-04-02,8798.7998046875
2004-04-05,8858.5
2004-04-06,8832.7001953125
2004-04-07,8807.599609375
2004-04-08,8833.5
2004-04-12,8898.7998046875
2004-04-13,8763.599609375
2004-04-14,8640.099609375
2004-04-15,8637.2001953125
2004-04-16,8695.400390625
2004-04-19,8702.7998046875
2004-04-20,8603.0
2004-04-21,8573.099609375
2004-04-22,8680.0
2004-04-23,8667.900390625
2004-04-26,8616.2001953125
2004-04-27,8535.0
2004-04-28,8234.900390625
2004-04-29,8231.900390625
2004-04-30,8244.0
2004-05-03,8257.599609375
2004-05-04,8455.900390625
2004-05-05,8457.2998046875
2004-05-06,8427.7001953125
2004-05-07,8274.7998046875
2004-05-10,8129.5
2004-05-11,8205.099609375
2004-05-12,8187.7001953125
2004-05-13,8176.60009765625
2004-05-14,8188.10009765625
2004-05-17,8123.5
2004-05-18,8162.7001953125
2004-05-19,8196.7998046875
2004-05-20,8147.89990234375
2004-05-21,8210.5
2004-05-25,8354.2001953125
2004-05-26,8319.0
2004-05-27,8343.599609375
2004-05-28,8347.099609375
2004-05-31,8417.2998046875
2004-06-01,8418.400390625
2004-06-02,8374.7998046875
2004-06-03,8329.099609375
2004-06-04,8348.7001953125
2004-06-07,8412.7998046875
2004-06-08,8412.0
2004-06-09,8317.099609375
2004-06-10,8345.5
2004-06-11,8366.599609375
2004-06-14,8292.2998046875
2004-06-15,8390.2001953125
2004-06-16,8427.900390625
2004-06-17,8497.599609375
2004-06-18,8468.0
2004-06-21,8472.2001953125
2004-06-22,8517.900390625
2004-06-23,8575.400390625
2004-06-24,8530.7998046875
2004-06-25,8497.7998046875
2004-06-28,8468.900390625
2004-06-29,8498.5
2004-06-30,8545.599609375
2004-07-02,8487.2998046875
2004-07-05,8486.0
2004-07-06,8484.7001953125
2004-07-07,8481.900390625
2004-07-08,8420.400390625
2004-07-09,8473.2001953125
2004-07-12,8422.2001953125
2004-07-13,8452.599609375
2004-07-14,8458.2998046875
2004-07-15,8397.2998046875
2004-07-16,8350.5
2004-07-19,8414.7998046875
2004-07-20,8418.5
2004-07-21,8454.2001953125
2004-07-22,8398.099609375
2004-07-23,8383.2998046875
2004-07-26,8314.599609375
2004-07-27,8294.400390625
2004-07-28,8356.2998046875
2004-07-29,8443.2001953125
2004-07-30,8458.099609375
2004-08-03,8464.099609375
2004-08-04,8363.0
2004-08-05,8267.900390625
2004-08-06,8176.7001953125
2004-08-09,8183.39990234375
2004-08-10,8231.2998046875
2004-08-11,8168.2001953125
2004-08-12,8132.2998046875
2004-08-13,8172.60009765625
2004-08-16,8241.5
2004-08-17,8232.2001953125
2004-08-18,8223.0
2004-08-19,8293.900390625
2004-08-20,8335.599609375
2004-08-23,8315.5
2004-08-24,8316.400390625
2004-08-25,8371.400390625
2004-08-26,8331.2998046875
2004-08-27,8334.2998046875
2004-08-30,8309.0
2004-08-31,8377.0
2004-09-01,8410.099609375
2004-09-02,8388.900390625
2004-09-03,8344.400390625
2004-09-07,8369.400390625
2004-09-08,8354.7998046875
2004-09-09,8394.0
2004-09-10,8368.599609375
2004-09-13,8513.400390625
2004-09-14,8492.599609375
2004-09-15,8467.0
2004-09-16,8493.400390625
2004-09-17,8529.900390625
2004-09-20,8539.7998046875
2004-09-21,8642.900390625
2004-09-22,8586.099609375
2004-09-23,8591.7001953125
2004-09-24,8588.400390625
2004-09-27,8498.0
2004-09-28,8617.2001953125
2004-09-29,8634.099609375
2004-09-30,8668.2998046875
2004-10-01,8747.099609375
2004-10-04,8812.900390625
2004-10-05,8797.099609375
2004-10-06,8871.900390625
2004-10-07,8825.400390625
2004-10-08,8814.900390625
2004-10-12,8785.900390625
2004-10-13,8729.599609375
2004-10-14,8745.599609375
2004-10-15,8788.900390625
2004-10-18,8788.900390625
2004-10-19,8720.5
2004-10-20,8788.099609375
2004-10-21,8846.7001953125
2004-10-22,8780.7998046875
2004-10-25,8749.2001953125
2004-10-26,8818.2001953125
2004-10-27,8791.0
2004-10-28,8781.0
2004-10-29,8871.0
2004-11-01,8858.2001953125
2004-11-02,8870.900390625
2004-11-03,8841.400390625
2004-11-04,8866.599609375
2004-11-05,8868.7001953125
2004-11-08,8825.7001953125
2004-11-09,8845.2001953125
2004-11-10,8841.7001953125
2004-11-11,8886.2001953125
2004-11-12,8896.400390625
2004-11-15,8937.2001953125
2004-11-16,8952.0
2004-11-17,8987.599609375
2004-11-18,8971.5
2004-11-19,8959.400390625
2004-11-22,8991.5
2004-11-23,8995.2001953125
2004-11-24,8976.099609375
2004-11-25,9025.900390625
2004-11-26,9058.0
2004-11-29,9056.400390625
2004-11-30,9030.099609375
2004-12-01,9064.5
2004-12-02,9038.5
2004-12-03,9055.7001953125
2004-12-06,9060.7001953125
2004-12-07,8991.0
2004-12-08,9003.7001953125
2004-12-09,9013.599609375
2004-12-10,8965.2998046875
2004-12-13,9032.7998046875
2004-12-14,9086.400390625
2004-12-15,9106.2001953125
2004-12-16,9116.599609375
2004-12-17,9122.599609375
2004-12-20,9122.599609375
2004-12-21,9237.5
2004-12-22,9251.2001953125
2004-12-23,9235.2001953125
2004-12-24,9287.400390625
2004-12-29,9229.099609375
2004-12-30,9264.400390625
2004-12-31,9246.7001953125
2005-01-04,9143.0
2005-01-05,9021.099609375
2005-01-06,9064.2998046875
2005-01-07,9006.2001953125
2005-01-10,9026.7998046875
2005-01-11,9020.7001953125
2005-01-12,9022.7001953125
2005-01-13,9009.099609375
2005-01-14,9057.2001953125
2005-01-17,9063.7998046875
2005-01-18,9134.7998046875
2005-01-19,9120.400390625
2005-01-20,9089.0
2005-01-21,9086.7998046875
2005-01-24,9078.2001953125
2005-01-25,9125.099609375
2005-01-26,9162.400390625
2005-01-27,9174.400390625
2005-01-28,9141.7998046875
2005-01-31,9204.099609375
2005-02-01,9270.099609375
2005-02-02,9303.900390625
2005-02-03,9303.7001953125
2005-02-04,9358.2998046875
2005-02-07,9371.900390625
2005-02-08,9392.7001953125
2005-02-09,9402.599609375
2005-02-10,9496.400390625
2005-02-11,9558.5
2005-02-14,9585.2001953125
2005-02-15,9570.0
2005-02-16,9639.599609375
2005-02-17,9619.2998046875
2005-02-18,9658.7998046875
2005-02-21,9682.2998046875
2005-02-22,9640.5
2005-02-23,9675.7001953125
2005-02-24,9657.7001953125
2005-02-25,9741.400390625
2005-02-28,9668.2998046875
2005-03-01,9728.0
2005-03-02,9800.099609375
2005-03-03,9859.5
2005-03-04,9927.2001953125
2005-03-07,9886.099609375
2005-03-08,9903.2998046875
2005-03-09,9795.099609375
2005-03-10,9675.599609375
2005-03-11,9691.400390625
2005-03-14,9715.400390625
2005-03-15,9709.2998046875
2005-03-16,9712.599609375
2005-03-17,9778.2001953125
2005-03-18,9754.7001953125
2005-03-21,9693.599609375
2005-03-22,9647.2001953125
2005-03-23,9549.7001953125
2005-03-24,9533.099609375
2005-03-28,9482.400390625
2005-03-29,9395.400390625
2005-03-30,9484.2998046875
2005-03-31,9612.400390625
2005-04-01,9638.599609375
2005-04-04,9630.900390625
2005-04-05,9619.099609375
2005-04-06,9673.0
2005-04-07,9625.400390625
2005-04-08,9623.7001953125
2005-04-11,9643.7001953125
2005-04-12,9629.0
2005-04-13,9492.099609375
2005-04-14,9409.599609375
2005-04-15,9277.099609375
2005-04-18,9331.0
2005-04-19,9415.7001953125
2005-04-20,9378.099609375
2005-04-21,9405.7998046875
2005-04-22,9367.5
2005-04-25,9416.099609375
2005-04-26,9427.7001953125
2005-04-27,9323.5
2005-04-28,9275.099609375
2005-04-29,9369.2998046875
2005-05-02,9430.2001953125
2005-05-03,9371.0
2005-05-04,9473.2998046875
2005-05-05,9476.2998046875
2005-05-06,9522.7001953125
2005-05-09,9561.2001953125
2005-05-10,9493.599609375
2005-05-11,9446.400390625
2005-05-12,9331.7001953125
2005-05-13,9278.5
2005-05-16,9323.2998046875
2005-05-17,9371.400390625
2005-05-18,9407.7998046875
2005-05-19,9469.7998046875
2005-05-20,9452.2001953125
2005-05-24,9518.400390625
2005-05-25,9509.5
2005-05-26,9579.099609375
2005-05-27,9619.400390625
2005-05-30,9673.2001953125
2005-05-31,9607.2998046875
2005-06-01,9654.2001953125
2005-06-02,9626.599609375
2005-06-03,9671.2001953125
2005-06-06,9654.0
2005-06-07,9656.2001953125
2005-06-08,9707.900390625
2005-06-09,9763.400390625
2005-06-10,9790.099609375
2005-06-13,9839.900390625
2005-06-14,9822.900390625
2005-06-15,9866.599609375
2005-06-16,9968.7001953125
2005-06-17,9947.599609375
2005-06-20,9998.099609375
2005-06-21,9939.2001953125
2005-06-22,10051.5
2005-06-23,9998.400390625
2005-06-24,9996.2001953125
2005-06-27,9998.099609375
2005-06-28,10041.0
2005-06-29,10029.2998046875
2005-06-30,9902.7998046875
2005-07-04,9941.7998046875
2005-07-05,10075.099609375
2005-07-06,10111.900390625
2005-07-07,10121.0
2005-07-08,10177.900390625
2005-07-11,10217.7001953125
2005-07-12,10207.900390625
2005-07-13,10203.599609375
2005-07-14,10124.900390625
2005-07-15,10149.0
2005-07-18,10163.0
2005-07-19,10263.2001953125
2005-07-20,10329.599609375
2005-07-21,10317.7001953125
2005-07-22,10374.7998046875
2005-07-25,10362.599609375
2005-07-26,10367.900390625
2005-07-27,10500.7001953125
2005-07-28,10516.2001953125
2005-07-29,10422.900390625
2005-08-02,10621.2001953125
2005-08-03,10598.7998046875
2005-08-04,10626.7001953125
2005-08-05,10550.5
2005-08-08,10614.400390625
2005-08-09,10585.900390625
2005-08-10,10671.400390625
2005-08-11,10699.900390625
2005-08-12,10683.099609375
2005-08-15,10650.7001953125
2005-08-16,10534.7998046875
2005-08-17,10500.7001953125
2005-08-18,10391.2998046875
2005-08-19,10502.099609375
2005-08-22,10525.5
2005-08-23,10480.0
2005-08-24,10509.7001953125
2005-08-25,10538.900390625
2005-08-26,10484.099609375
2005-08-29,10558.400390625
2005-08-30,10573.099609375
2005-08-31,10668.900390625
2005-09-01,10813.2998046875
2005-09-02,10771.900390625
2005-09-06,10798.099609375
2005-09-07,10810.099609375
2005-09-08,10777.2001953125
2005-09-09,10898.2001953125
2005-09-12,10885.2001953125
2005-09-13,10825.2001953125
2005-09-14,10932.400390625
2005-09-15,10966.2998046875
2005-09-16,10990.599609375
2005-09-19,11024.7001953125
2005-09-20,10903.5
2005-09-21,10957.099609375
2005-09-22,10870.7998046875
2005-09-23,10904.2998046875
2005-09-26,11005.5
2005-09-27,11067.2001953125
2005-09-28,11042.2998046875
2005-09-29,11018.5
2005-09-30,11011.7998046875
2005-10-03,11081.2001953125
2005-10-04,10960.599609375
2005-10-05,10748.099609375
2005-10-06,10562.2001953125
2005-10-07,10612.2001953125
2005-10-11,10620.5
2005-10-12,10493.099609375
2005-10-13,10429.7001953125
2005-10-14,10488.7998046875
2005-10-17,10553.400390625
2005-10-18,10345.099609375
2005-10-19,10425.7998046875
2005-10-20,10190.7001953125
2005-10-21,10290.900390625
2005-10-24,10360.7998046875
2005-10-25,10363.7001953125
2005-10-26,10283.7001953125
2005-10-27,10245.5
2005-10-28,10312.2998046875
2005-10-31,10383.2998046875
2005-11-01,10390.7998046875
2005-11-02,10585.7001953125
2005-11-03,10672.599609375
2005-11-04,10674.7998046875
2005-11-07,10681.2001953125
2005-11-08,10616.2001953125
2005-11-09,10656.5
2005-11-10,10565.2998046875
2005-11-11,10669.400390625
2005-11-14,10684.7001953125
2005-11-15,10628.900390625
2005-11-16,10727.0
2005-11-17,10733.099609375
2005-11-18,10722.099609375
2005-11-21,10817.2998046875
2005-11-22,10892.7998046875
2005-11-23,10919.7998046875
2005-11-24,11081.7998046875
2005-11-25,11002.599609375
2005-11-28,10939.2001953125
2005-11-29,10942.599609375
2005-11-30,10824.099609375
2005-12-01,10999.599609375
2005-12-02,11005.2001953125
2005-12-05,11008.7998046875
2005-12-06,11096.7998046875
2005-12-07,11131.400390625
2005-12-08,11167.2001953125
2005-12-09,11132.0
2005-12-12,11099.2998046875
2005-12-13,11137.400390625
2005-12-14,11095.7998046875
2005-12-15,11092.7998046875
2005-12-16,11136.599609375
2005-12-19,11154.2998046875
2005-12-20,11180.599609375
2005-12-21,11247.2998046875
2005-12-22,11255.400390625
2005-12-23,11245.400390625
2005-12-28,11261.2001953125
2005-12-29,11296.2998046875
2005-12-30,11272.2998046875
2006-01-03,11441.599609375
2006-01-04,11501.5
2006-01-05,11507.7001953125
2006-01-06,11620.5
2006-01-09,11565.2001953125
2006-01-10,11597.599609375
2006-01-11,11621.0
2006-01-12,11595.2001953125
2006-01-13,11604.7998046875
2006-01-16,11721.0
2006-01-17,11689.599609375
2006-01-18,11554.5
2006-01-19,11693.0
2006-01-20,11605.7001953125
2006-01-23,11733.400390625
2006-01-24,11692.400390625
2006-01-25,11675.2001953125
2006-01-26,11737.400390625
2006-01-27,11856.7998046875
2006-01-30,11947.5
2006-01-31,11945.599609375
2006-02-01,11952.099609375
2006-02-02,11929.900390625
2006-02-03,11937.599609375
2006-02-06,12080.5
2006-02-07,11817.2998046875
2006-02-08,11735.099609375
2006-02-09,11709.2998046875
2006-02-10,11651.7001953125
2006-02-13,11519.5
2006-02-14,11616.400390625
2006-02-15,11557.2998046875
2006-02-16,11704.2998046875
2006-02-17,11758.0
2006-02-20,11865.7998046875
2006-02-21,11826.400390625
2006-02-22,11800.2001953125
2006-02-23,11738.599609375
2006-02-24,11810.599609375
2006-02-27,11706.5
2006-02-28,11688.2998046875
2006-03-01,11794.599609375
2006-03-02,11906.900390625
2006-03-03,11978.7001953125
2006-03-06,11883.2998046875
2006-03-07,11816.5
2006-03-08,11737.099609375
2006-03-09,11765.2998046875
2006-03-10,11833.599609375
2006-03-13,11906.7001953125
2006-03-14,11973.2998046875
2006-03-15,12055.599609375
2006-03-16,12085.7001953125
2006-03-17,12000.7001953125
2006-03-20,11929.2998046875
2006-03-21,11947.599609375
2006-03-22,11970.7001953125
2006-03-23,12017.900390625
2006-03-24,12111.099609375
2006-03-27,12078.5
2006-03-28,12048.7998046875
2006-03-29,12190.599609375
2006-03-30,12207.0
2006-03-31,12110.599609375
2006-04-03,12210.900390625
2006-04-04,12174.099609375
2006-04-05,12299.099609375
2006-04-06,12342.0
2006-04-07,12241.2001953125
2006-04-10,12289.7001953125
2006-04-11,12177.2998046875
2006-04-12,12167.7001953125
2006-04-13,12248.599609375
2006-04-17,12309.0
2006-04-18,12446.7998046875
2006-04-19,12487.2998046875
2006-04-20,12313.7001953125
2006-04-21,12437.2001953125
2006-04-24,12342.2001953125
2006-04-25,12329.7998046875
2006-04-26,12321.7001953125
2006-04-27,12187.7001953125
2006-04-28,12204.2001953125
2006-05-01,12234.599609375
2006-05-02,12274.5
2006-05-03,12196.2001953125
2006-05-04,12125.900390625
2006-05-05,12270.099609375
2006-05-08,12294.2001953125
2006-05-09,12328.2001953125
2006-05-10,12316.2998046875
2006-05-11,12165.400390625
2006-05-12,12038.099609375
2006-05-15,11831.7001953125
2006-05-16,11829.400390625
2006-05-17,11640.599609375
2006-05-18,11540.0
2006-05-19,11545.7998046875
2006-05-23,11539.900390625
2006-05-24,11423.900390625
2006-05-25,11653.0
2006-05-26,11762.7998046875
2006-05-29,11845.5
2006-05-30,11705.400390625
2006-05-31,11744.5
2006-06-01,11847.0
2006-06-02,11898.7001953125
2006-06-05,11699.5
2006-06-06,11666.099609375
2006-06-07,11475.400390625
2006-06-08,11415.5
2006-06-09,11390.7001953125
2006-06-12,11197.599609375
2006-06-13,10904.2998046875
2006-06-14,10960.7001953125
2006-06-15,11213.2001953125
2006-06-16,11208.0
2006-06-19,11007.599609375
2006-06-20,10995.5
2006-06-21,11112.7998046875
2006-06-22,11130.2001953125
2006-06-23,11249.0
2006-06-26,11372.2001953125
2006-06-27,11293.2001953125
2006-06-28,11332.2998046875
2006-06-29,11520.900390625
2006-06-30,11612.900390625
2006-07-04,11733.2001953125
2006-07-05,11626.400390625
2006-07-06,11602.0
2006-07-07,11631.900390625
2006-07-10,11654.7001953125
2006-07-11,11793.0
2006-07-12,11771.099609375
2006-07-13,11601.900390625
2006-07-14,11630.0
2006-07-17,11480.599609375
2006-07-18,11471.7001953125
2006-07-19,11619.599609375
2006-07-20,11465.5
2006-07-21,11418.2998046875
2006-07-24,11625.2001953125
2006-07-25,11754.599609375
2006-07-26,11879.599609375
2006-07-27,11758.900390625
2006-07-28,11823.7001953125
2006-07-31,11831.0
2006-08-01,11907.7001953125
2006-08-02,11969.900390625
2006-08-03,11936.7001953125
2006-08-04,11936.7001953125
2006-08-08,11998.2001953125
2006-08-09,12008.2001953125
2006-08-10,11959.099609375
2006-08-11,11944.900390625
2006-08-14,11850.2001953125
2006-08-15,11977.2001953125
2006-08-16,12030.2998046875
2006-08-17,12056.0
2006-08-18,12044.7998046875
2006-08-21,12136.900390625
2006-08-22,12201.2001953125
2006-08-23,12195.099609375
2006-08-24,12132.2998046875
2006-08-25,12119.7998046875
2006-08-28,12167.400390625
2006-08-29,12060.5
2006-08-30,12068.400390625
2006-08-31,12073.7998046875
2006-09-01,12145.099609375
2006-09-05,12198.599609375
2006-09-06,11999.7001953125
2006-09-07,11895.0
2006-09-08,11869.599609375
2006-09-11,11656.599609375
2006-09-12,11678.900390625
2006-09-13,11777.2001953125
2006-09-14,11648.7001953125
2006-09-15,11656.0
2006-09-18,11763.599609375
2006-09-19,11701.7001953125
2006-09-20,11635.400390625
2006-09-21,11627.7001953125
2006-09-22,11581.599609375
2006-09-25,11582.7001953125
2006-09-26,11642.400390625
2006-09-27,11751.599609375
2006-09-28,11817.400390625
2006-09-29,11761.2998046875
2006-10-02,11787.400390625
2006-10-03,11526.099609375
2006-10-04,11618.099609375
2006-10-05,11750.0
2006-10-06,11690.900390625
2006-10-10,11755.2001953125
2006-10-11,11619.099609375
2006-10-12,11719.099609375
2006-10-13,11908.599609375
2006-10-16,12061.5
2006-10-17,11996.599609375
2006-10-18,11966.0
2006-10-19,12060.599609375
2006-10-20,12035.599609375
2006-10-23,12119.2001953125
2006-10-24,12195.5
2006-10-25,12341.7001953125
2006-10-26,12335.7001953125
2006-10-27,12268.900390625
2006-10-30,12274.400390625
2006-10-31,12344.599609375
2006-11-01,12050.400390625
2006-11-02,12130.7001953125
2006-11-03,12239.0
2006-11-06,12333.2998046875
2006-11-07,12310.2001953125
2006-11-08,12378.2001953125
2006-11-09,12410.2001953125
2006-11-10,12340.5
2006-11-13,12309.400390625
2006-11-14,12279.599609375
2006-11-15,12425.400390625
2006-11-16,12365.900390625
2006-11-17,12372.900390625
2006-11-20,12416.599609375
2006-11-21,12602.2998046875
2006-11-22,12557.0
2006-11-23,12644.900390625
2006-11-24,12631.099609375
2006-11-27,12542.5
2006-11-28,12530.900390625
2006-11-29,12668.2001953125
2006-11-30,12752.400390625
2006-12-01,12754.7998046875
2006-12-04,12848.7001953125
2006-12-05,12895.900390625
2006-12-06,12889.7998046875
2006-12-07,12915.7001953125
2006-12-08,12899.599609375
2006-12-11,12878.2001953125
2006-12-12,12858.5
2006-12-13,12910.2998046875
2006-12-14,13021.7998046875
2006-12-15,12866.2998046875
2006-12-18,12785.2001953125
2006-12-19,12781.5
2006-12-20,12783.0
2006-12-21,12737.2001953125
2006-12-22,12718.2001953125
2006-12-27,12852.599609375
2006-12-28,12909.5
2006-12-29,12908.400390625
2007-01-02,12923.7001953125
2007-01-03,12701.400390625
2007-01-04,12553.599609375
2007-01-05,12478.0
2007-01-08,12553.099609375
2007-01-09,12468.0
2007-01-10,12457.599609375
2007-01-11,12519.900390625
2007-01-12,12678.7998046875
2007-01-15,12755.400390625
2007-01-16,12720.2998046875
2007-01-17,12730.400390625
2007-01-18,12640.7001953125
2007-01-19,12719.0
2007-01-22,12705.7998046875
2007-01-23,12910.900390625
2007-01-24,13010.7001953125
2007-01-25,12927.2998046875
2007-01-26,12979.2998046875
2007-01-29,12946.0
2007-01-30,13014.599609375
2007-01-31,13034.099609375
2007-02-01,13144.7001953125
2007-02-02,13111.599609375
2007-02-05,13166.7001953125
2007-02-06,13183.2998046875
2007-02-07,13142.2998046875
2007-02-08,13184.2998046875
2007-02-09,13084.0
2007-02-12,13040.5
2007-02-13,13171.7998046875
2007-02-14,13204.5
2007-02-15,13288.2001953125
2007-02-16,13312.0
2007-02-19,13291.5
2007-02-20,13319.7001953125
2007-02-21,13330.2998046875
2007-02-22,13318.0
2007-02-23,13343.5
2007-02-26,13404.5
2007-02-27,13040.099609375
2007-02-28,13045.0
2007-03-01,12981.099609375
2007-03-02,12863.2998046875
2007-03-05,12711.2998046875
2007-03-06,12868.2001953125
2007-03-07,12989.599609375
2007-03-08,13051.0
2007-03-09,13057.400390625
2007-03-12,13065.2001953125
2007-03-13,12809.599609375
2007-03-14,12808.7001953125
2007-03-15,12874.2998046875
2007-03-16,12829.7001953125
2007-03-19,13011.7001953125
2007-03-20,12977.400390625
2007-03-21,13155.599609375
2007-03-22,13139.599609375
2007-03-23,13237.7001953125
2007-03-26,13302.900390625
2007-03-27,13218.7998046875
2007-03-28,13197.2001953125
2007-03-29,13258.0
2007-03-30,13165.5
2007-04-02,13265.7998046875
2007-04-03,13361.2001953125
2007-04-04,13448.2998046875
2007-04-05,13425.0
2007-04-09,13482.2998046875
2007-04-10,13431.2998046875
2007-04-11,13401.0
2007-04-12,13499.7001953125
2007-04-13,13578.599609375
2007-04-16,13660.0
2007-04-17,13658.0
2007-04-18,13712.0
2007-04-19,13574.7001953125
2007-04-20,13664.7001953125
2007-04-23,13629.0
2007-04-24,13590.2998046875
2007-04-25,13672.900390625
2007-04-26,13597.5
2007-04-27,13632.0
2007-04-30,13416.7001953125
2007-05-01,13406.2998046875
2007-05-02,13578.7001953125
2007-05-03,13687.0
2007-05-04,13769.900390625
2007-05-07,13865.5
2007-05-08,13915.400390625
2007-05-09,13895.2001953125
2007-05-10,13853.099609375
2007-05-11,14003.7998046875
2007-05-14,13903.2998046875
2007-05-15,13934.599609375
2007-05-16,14025.0
2007-05-17,14100.7001953125
2007-05-18,14105.2998046875
2007-05-22,14112.2001953125
2007-05-23,14142.5
2007-05-24,13946.2998046875
2007-05-25,14024.099609375
2007-05-28,14073.7001953125
2007-05-29,13962.7001953125
2007-05-30,14081.7001953125
2007-05-31,14056.7998046875
2007-06-01,14119.400390625
2007-06-04,14146.7001953125
2007-06-05,14141.7001953125
2007-06-06,13941.599609375
2007-06-07,13703.900390625
2007-06-08,13798.5
2007-06-11,13832.7998046875
2007-06-12,13724.2998046875
2007-06-13,13859.5
2007-06-14,14002.0
2007-06-15,14137.400390625
2007-06-18,14176.400390625
2007-06-19,14119.5
2007-06-20,13978.2001953125
2007-06-21,14095.7001953125
2007-06-22,13986.0
2007-06-25,13841.900390625
2007-06-26,13663.900390625
2007-06-27,13741.900390625
2007-06-28,13715.7001953125
2007-06-29,13906.599609375
2007-07-03,14064.7001953125
2007-07-04,14060.400390625
2007-07-05,14079.400390625
2007-07-06,14118.7001953125
2007-07-09,14177.5
2007-07-10,14131.900390625
2007-07-11,14166.099609375
2007-07-12,14356.0
2007-07-13,14496.5
2007-07-16,14338.2998046875
2007-07-17,14382.0
2007-07-18,14583.7001953125
2007-07-19,14625.7998046875
2007-07-20,14582.900390625
2007-07-23,14468.2998046875
2007-07-24,14068.2001953125
2007-07-25,14105.2998046875
2007-07-26,13844.599609375
2007-07-27,13748.5
2007-07-30,13864.7001953125
2007-07-31,13868.599609375
2007-08-01,13654.7001953125
2007-08-02,13813.599609375
2007-08-03,13565.2001953125
2007-08-07,13560.599609375
2007-08-08,13758.2001953125
2007-08-09,13478.0
2007-08-10,13466.2998046875
2007-08-13,13427.5
2007-08-14,13242.599609375
2007-08-15,13048.7998046875
2007-08-16,12848.7001953125
2007-08-17,13049.599609375
2007-08-20,13110.2998046875
2007-08-21,13238.7001953125
2007-08-22,13463.099609375
2007-08-23,13451.099609375
2007-08-24,13520.2998046875
2007-08-27,13487.400390625
2007-08-28,13264.900390625
2007-08-29,13490.099609375
2007-08-30,13444.599609375
2007-08-31,13660.5
2007-09-04,13755.2001953125
2007-09-05,13683.2998046875
2007-09-06,13795.7001953125
2007-09-07,13651.2001953125
2007-09-10,13625.5
2007-09-11,13704.2998046875
2007-09-12,13756.7001953125
2007-09-13,13843.2001953125
2007-09-14,13846.400390625
2007-09-17,13809.900390625
2007-09-18,14005.400390625
2007-09-19,13939.7998046875
2007-09-20,13838.400390625
2007-09-21,13940.099609375
2007-09-24,13958.2998046875
2007-09-25,13997.599609375
2007-09-26,14035.0
2007-09-27,14129.7001953125
2007-09-28,14098.900390625
2007-10-01,14200.599609375
2007-10-02,14152.7001953125
2007-10-03,14020.900390625
2007-10-04,14125.099609375
2007-10-05,14233.2998046875
2007-10-09,14262.2001953125
2007-10-10,14276.2001953125
2007-10-11,14229.400390625
2007-10-12,14295.900390625
2007-10-15,14231.2998046875
2007-10-16,14153.0
2007-10-17,14219.5
2007-10-18,14332.0
2007-10-19,14001.7001953125
2007-10-22,14043.599609375
2007-10-23,14087.5
2007-10-24,14088.5
2007-10-25,14124.900390625
2007-10-26,14296.400390625
2007-10-29,14427.400390625
2007-10-30,14312.099609375
2007-10-31,14625.0
2007-11-01,14372.5
2007-11-02,14363.900390625
2007-11-05,14273.400390625
2007-11-06,14370.599609375
2007-11-07,14118.2001953125
2007-11-08,14128.599609375
2007-11-09,13869.7998046875
2007-11-12,13605.0
2007-11-13,13705.099609375
2007-11-14,13774.5
2007-11-15,13524.400390625
2007-11-16,13530.400390625
2007-11-19,13348.2001953125
2007-11-20,13459.7998046875
2007-11-21,13280.599609375
2007-11-22,13381.0
2007-11-23,13467.2001953125
2007-11-26,13321.099609375
2007-11-27,13369.099609375
2007-11-28,13632.2001953125
2007-11-29,13663.900390625
2007-11-30,13689.099609375
2007-12-03,13657.2001953125
2007-12-04,13579.599609375
2007-12-05,13734.5
2007-12-06,13849.7998046875
2007-12-07,13863.0
2007-12-10,13940.400390625
2007-12-11,13723.7001953125
2007-12-12,13809.400390625
2007-12-13,13747.2998046875
2007-12-14,13674.2001953125
2007-12-17,13387.099609375
2007-12-18,13358.099609375
2007-12-19,13389.7998046875
2007-12-20,13407.0
2007-12-21,13596.099609375
2007-12-24,13694.7998046875
2007-12-27,13675.599609375
2007-12-28,13821.2998046875
2007-12-31,13833.099609375
2008-01-02,13926.7998046875
2008-01-03,13978.2001953125
2008-01-04,13778.599609375
2008-01-07,13618.900390625
2008-01-08,13541.7998046875
2008-01-09,13579.900390625
2008-01-10,13642.7001953125
2008-01-11,13632.599609375
2008-01-14,13698.2998046875
2008-01-15,13316.7998046875
2008-01-16,13074.900390625
2008-01-17,12795.599609375
2008-01-18,12737.099609375
2008-01-21,12132.099609375
2008-01-22,12640.900390625
2008-01-23,12657.400390625
2008-01-24,12907.2998046875
2008-01-25,12894.7998046875
2008-01-28,12986.900390625
2008-01-29,13046.400390625
2008-01-30,12998.2001953125
2008-01-31,13155.099609375
2008-02-01,13318.400390625
2008-02-04,13258.2001953125
2008-02-05,12932.0
2008-02-06,12867.2001953125
2008-02-07,12925.400390625
2008-02-08,12989.2998046875
2008-02-11,13130.900390625
2008-02-12,13087.400390625
2008-02-13,13282.2998046875
2008-02-14,13208.0
2008-02-15,13226.7998046875
2008-02-19,13447.7001953125
2008-02-20,13551.7001953125
2008-02-21,13509.599609375
2008-02-22,13585.900390625
2008-02-25,13697.5
2008-02-26,13797.0
2008-02-27,13778.400390625
2008-02-28,13873.900390625
2008-02-29,13582.7001953125
2008-03-03,13544.400390625
2008-03-04,13476.7998046875
2008-03-05,13603.2998046875
2008-03-06,13360.400390625
2008-03-07,13281.7001953125
2008-03-10,13005.099609375
2008-03-11,13344.5
2008-03-12,13297.400390625
2008-03-13,13443.5
2008-03-14,13252.7998046875
2008-03-17,12952.2001953125
2008-03-18,13136.7001953125
2008-03-19,12709.400390625
2008-03-20,12775.599609375
2008-03-24,13019.7001953125
2008-03-25,13322.2001953125
2008-03-26,13391.900390625
2008-03-27,13405.7998046875
2008-03-28,13233.7998046875
2008-03-31,13350.099609375
2008-04-01,13440.7001953125
2008-04-02,13514.099609375
2008-04-03,13551.2998046875
2008-04-04,13668.2001953125
2008-04-07,13745.0
2008-04-08,13727.5
2008-04-09,13750.599609375
2008-04-10,13909.599609375
2008-04-11,13683.0
2008-04-14,13738.599609375
2008-04-15,13851.0
2008-04-16,14099.5
2008-04-17,14115.5
2008-04-18,14237.099609375
2008-04-21,14321.2001953125
2008-04-22,14266.2998046875
2008-04-23,14069.7998046875
2008-04-24,13966.2998046875
2008-04-25,14103.900390625
2008-04-28,14085.900390625
2008-04-29,13825.599609375
2008-04-30,13937.0
2008-05-01,14065.7998046875
2008-05-02,14280.2998046875
2008-05-05,14274.2998046875
2008-05-06,14414.2998046875
2008-05-07,14371.5
2008-05-08,14608.0
2008-05-09,14521.2001953125
2008-05-12,14666.099609375
2008-05-13,14616.7001953125
2008-05-14,14626.2998046875
2008-05-15,14828.099609375
2008-05-16,14984.2001953125
2008-05-20,15047.2998046875
2008-05-21,14790.400390625
2008-05-22,14792.400390625
2008-05-23,14723.400390625
2008-05-26,14758.599609375
2008-05-27,14522.099609375
2008-05-28,14688.599609375
2008-05-29,14577.2001953125
2008-05-30,14714.7001953125
2008-06-02,14814.2001953125
2008-06-03,14728.599609375
2008-06-04,14690.5
2008-06-05,14982.900390625
2008-06-06,14969.599609375
2008-06-09,14960.7998046875
2008-06-10,14736.2001953125
2008-06-11,14716.5
2008-06-12,14602.599609375
2008-06-13,14778.5
2008-06-16,14944.2998046875
2008-06-17,15068.7998046875
2008-06-18,15073.099609375
2008-06-19,14790.2001953125
2008-06-20,14580.7001953125
2008-06-23,14691.7998046875
2008-06-24,14409.599609375
2008-06-25,14441.099609375
2008-06-26,14292.099609375
2008-06-27,14355.2001953125
2008-06-30,14467.0
2008-07-02,14034.099609375
2008-07-03,14143.599609375
2008-07-04,14010.400390625
2008-07-07,13712.7998046875
2008-07-08,13809.7998046875
2008-07-09,13610.7998046875
2008-07-10,13743.900390625
2008-07-11,13709.099609375
2008-07-14,13741.2998046875
2008-07-15,13357.599609375
2008-07-16,13503.7998046875
2008-07-17,13460.2998046875
2008-07-18,13516.0
2008-07-21,13689.2001953125
2008-07-22,13643.2001953125
2008-07-23,13512.7001953125
2008-07-24,13206.099609375
2008-07-25,13378.7998046875
2008-07-28,13304.0
2008-07-29,13342.599609375
2008-07-30,13683.2001953125
2008-07-31,13592.900390625
2008-08-01,13496.5
2008-08-05,13242.2001953125
2008-08-06,13453.5
2008-08-07,13385.2001953125
2008-08-08,13341.7001953125
2008-08-11,13203.2001953125
2008-08-12,13167.0
2008-08-13,13377.2001953125
2008-08-14,13358.900390625
2008-08-15,13096.7001953125
2008-08-18,13119.400390625
2008-08-19,13063.900390625
2008-08-20,13350.099609375
2008-08-21,13539.2001953125
2008-08-22,13447.2998046875
2008-08-25,13289.0
2008-08-26,13299.099609375
2008-08-27,13530.7001953125
2008-08-28,13750.5
2008-08-29,13771.2998046875
2008-09-02,13299.5
2008-09-03,13137.7001953125
2008-09-04,12814.099609375
2008-09-05,12816.400390625
2008-09-08,12634.599609375
2008-09-09,12146.7998046875
2008-09-10,12497.2001953125
2008-09-11,12612.7998046875
2008-09-12,12769.599609375
2008-09-15,12254.0
2008-09-16,12227.0
2008-09-17,11877.7001953125
2008-09-18,12064.599609375
2008-09-19,12913.0
2008-09-22,12638.099609375
2008-09-23,12532.599609375
2008-09-24,12513.400390625
2008-09-25,12546.5
2008-09-26,12126.0
2008-09-29,11285.099609375
2008-09-30,11752.900390625
2008-10-01,11714.5
2008-10-02,10900.5
2008-10-03,10803.400390625
2008-10-06,10230.400390625
2008-10-07,9829.599609375
2008-10-08,10056.2998046875
2008-10-09,9600.2001953125
2008-10-10,9065.2001953125
2008-10-14,9955.7001953125
2008-10-15,9323.900390625
2008-10-16,9270.0
2008-10-17,9562.5
2008-10-20,10251.400390625
2008-10-21,9795.7998046875
2008-10-22,9236.900390625
2008-10-23,9331.400390625
2008-10-24,9294.099609375
2008-10-27,8537.2998046875
2008-10-28,9151.599609375
2008-10-29,9501.599609375
2008-10-30,9856.2001953125
2008-10-31,9762.7998046875
2008-11-03,9721.2998046875
2008-11-04,10116.599609375
2008-11-05,9887.2001953125
2008-11-06,9555.400390625
2008-11-07,9596.2001953125
2008-11-10,9688.7998046875
2008-11-11,9424.0
2008-11-12,8922.599609375
2008-11-13,9352.7998046875
2008-11-14,9056.0
2008-11-17,8795.5
2008-11-18,8835.7001953125
2008-11-19,8490.599609375
2008-11-20,7724.7998046875
2008-11-21,8155.39990234375
2008-11-24,8440.900390625
2008-11-25,8442.900390625
2008-11-26,8643.5
2008-11-27,8753.7998046875
2008-11-28,9270.599609375
2008-12-01,8406.2001953125
2008-12-02,8327.7998046875
2008-12-03,8297.0
2008-12-04,8057.7998046875
2008-12-05,8117.0
2008-12-08,8567.099609375
2008-12-09,8397.599609375
2008-12-10,8634.0
2008-12-11,8391.900390625
2008-12-12,8515.5
2008-12-15,8461.7998046875
2008-12-16,8724.099609375
2008-12-17,8724.099609375
2008-12-18,8425.400390625
2008-12-19,8552.0
2008-12-22,8249.5
2008-12-23,8311.900390625
2008-12-24,8310.599609375
2008-12-29,8637.2998046875
2008-12-30,8830.7001953125
2008-12-31,8987.7001953125
2009-01-02,9234.099609375
2009-01-05,9285.5
2009-01-06,9472.099609375
2009-01-07,9121.2998046875
2009-01-08,9221.599609375
2009-01-09,9085.2001953125
2009-01-12,8793.2998046875
2009-01-13,8961.599609375
2009-01-14,8688.400390625
2009-01-15,8879.599609375
2009-01-16,8920.400390625
2009-01-19,8841.5
2009-01-20,8504.900390625
2009-01-21,8757.900390625
2009-01-22,8486.599609375
2009-01-23,8628.0
2009-01-26,8656.5
2009-01-27,8759.599609375
2009-01-28,8906.2001953125
2009-01-29,8762.7998046875
2009-01-30,8694.900390625
2009-02-02,8624.7998046875
2009-02-03,8628.599609375
2009-02-04,8693.099609375
2009-02-05,8861.0
2009-02-06,9008.0
2009-02-09,9047.2998046875
2009-02-10,8817.900390625
2009-02-11,8737.900390625
2009-02-12,8778.7998046875
2009-02-13,8678.099609375
2009-02-17,8378.7001953125
2009-02-18,8176.0
2009-02-19,8185.39990234375
2009-02-20,7950.0
2009-02-23,7647.7001953125
2009-02-24,7859.2998046875
2009-02-25,7932.2998046875
2009-02-26,8186.7998046875
2009-02-27,8123.0
2009-03-02,7687.5
2009-03-03,7631.60009765625
2009-03-04,7814.7998046875
2009-03-05,7629.2001953125
2009-03-06,7591.5
2009-03-09,7566.89990234375
2009-03-10,7880.39990234375
2009-03-11,8011.0
2009-03-12,8282.2998046875
2009-03-13,8303.400390625
2009-03-16,8386.7001953125
2009-03-17,8559.599609375
2009-03-18,8629.099609375
2009-03-19,8690.5
2009-03-20,8506.400390625
2009-03-23,8958.5
2009-03-24,8849.400390625
2009-03-25,8797.400390625
2009-03-26,8995.5
2009-03-27,8821.099609375
2009-03-30,8596.2001953125
2009-03-31,8720.400390625
2009-04-01,8941.7998046875
2009-04-02,9073.099609375
2009-04-03,9065.7998046875
2009-04-06,9016.2001953125
2009-04-07,8824.7998046875
2009-04-08,8969.2998046875
2009-04-09,9187.099609375
2009-04-13,9285.599609375
2009-04-14,9231.599609375
2009-04-15,9246.099609375
2009-04-16,9343.400390625
2009-04-17,9437.7001953125
2009-04-20,9126.2001953125
2009-04-21,9247.2001953125
2009-04-22,9279.2001953125
2009-04-23,9409.5
2009-04-24,9549.5
2009-04-27,9394.7998046875
2009-04-28,9348.0
2009-04-29,9416.2998046875
2009-04-30,9324.7998046875
2009-05-01,9497.0
2009-05-04,9870.400390625
2009-05-05,9880.7001953125
2009-05-06,10143.400390625
2009-05-07,9967.099609375
2009-05-08,10238.0
2009-05-11,10094.099609375
2009-05-12,10077.7001953125
2009-05-13,9709.5
2009-05-14,9849.2001953125
2009-05-15,9762.900390625
2009-05-19,10101.0
2009-05-20,10232.400390625
2009-05-21,9949.599609375
2009-05-22,9993.400390625
2009-05-25,10069.5
2009-05-26,10285.900390625
2009-05-27,10142.2001953125
2009-05-28,10392.400390625
2009-05-29,10370.099609375
2009-06-01,10604.099609375
2009-06-02,10588.7998046875
2009-06-03,10290.099609375
2009-06-04,10477.2001953125
2009-06-05,10569.2998046875
2009-06-08,10549.099609375
2009-06-09,10547.900390625
2009-06-10,10598.0
2009-06-11,10714.099609375
2009-06-12,10645.0
2009-06-15,10394.7998046875
2009-06-16,10307.400390625
2009-06-17,10066.099609375
2009-06-18,10121.5
2009-06-19,10288.0
2009-06-22,9834.2001953125
2009-06-23,9896.7001953125
2009-06-24,10100.900390625
2009-06-25,10355.900390625
2009-06-26,10389.7998046875
2009-06-29,10476.7998046875
2009-06-30,10374.900390625
2009-07-02,10245.900390625
2009-07-03,10283.099609375
2009-07-06,10027.400390625
2009-07-07,9844.400390625
2009-07-08,9653.5
2009-07-09,9773.900390625
2009-07-10,9747.099609375
2009-07-13,9891.900390625
2009-07-14,9986.2001953125
2009-07-15,10215.5
2009-07-16,10304.400390625
2009-07-17,10369.400390625
2009-07-20,10540.7001953125
2009-07-21,10515.2998046875
2009-07-22,10432.400390625
2009-07-23,10675.7001953125
2009-07-24,10687.900390625
2009-07-27,10757.400390625
2009-07-28,10570.5
2009-07-29,10455.2998046875
2009-07-30,10676.7001953125
2009-07-31,10787.2001953125
2009-08-04,11018.099609375
2009-08-05,11046.900390625
2009-08-06,10793.400390625
2009-08-07,10885.2998046875
2009-08-10,10793.7001953125
2009-08-11,10629.5
2009-08-12,10659.900390625
2009-08-13,10825.599609375
2009-08-14,10848.0
2009-08-17,10531.599609375
2009-08-18,10673.7998046875
2009-08-19,10686.7998046875
2009-08-20,10700.5
2009-08-21,10831.2001953125
2009-08-24,10790.0
2009-08-25,10920.5
2009-08-26,10912.2001953125
2009-08-27,10934.0
2009-08-28,10978.0
2009-08-31,10868.2001953125
2009-09-01,10689.7998046875
2009-09-02,10701.2998046875
2009-09-03,10921.5
2009-09-04,11017.5
2009-09-08,11105.2998046875
2009-09-09,11000.2001953125
2009-09-10,11155.0
2009-09-11,11253.2001953125
2009-09-14,11332.0
2009-09-15,11495.7998046875
2009-09-16,11555.599609375
2009-09-17,11528.2001953125
2009-09-18,11446.0
2009-09-21,11424.599609375
2009-09-22,11585.7001953125
2009-09-23,11517.5
2009-09-24,11285.7998046875
2009-09-25,11212.400390625
2009-09-28,11338.7001953125
2009-09-29,11395.0
2009-09-30,11395.0
2009-10-01,11071.7998046875
2009-10-02,10958.2998046875
2009-10-05,11102.599609375
2009-10-06,11248.0
2009-10-07,11349.900390625
2009-10-08,11484.5
2009-10-09,11436.900390625
2009-10-13,11413.5
2009-10-14,11532.7998046875
2009-10-15,11504.5
2009-10-16,11504.7998046875
2009-10-19,11538.400390625
2009-10-20,11538.099609375
2009-10-21,11442.0
2009-10-22,11533.400390625
2009-10-23,11382.099609375
2009-10-26,11234.900390625
2009-10-27,11053.5
2009-10-28,10805.2998046875
2009-10-29,11075.2001953125
2009-10-30,10910.7998046875
2009-11-02,10878.400390625
2009-11-03,11025.900390625
2009-11-04,11071.2001953125
2009-11-05,11180.7001953125
2009-11-06,11250.400390625
2009-11-09,11486.900390625
2009-11-10,11426.7001953125
2009-11-11,11439.7998046875
2009-11-12,11360.7998046875
2009-11-13,11407.7001953125
2009-11-16,11512.2998046875
2009-11-17,11630.0
2009-11-18,11652.7001953125
2009-11-19,11600.2998046875
2009-11-20,11579.2998046875
2009-11-23,11624.0
2009-11-24,11539.599609375
2009-11-25,11636.900390625
2009-11-26,11436.7998046875
2009-11-27,11464.400390625
2009-11-30,11447.2001953125
2009-12-01,11707.2998046875
2009-12-02,11779.7001953125
2009-12-03,11636.599609375
2009-12-04,11510.7998046875
2009-12-07,11489.599609375
2009-12-08,11368.900390625
2009-12-09,11379.2001953125
2009-12-10,11464.599609375
2009-12-11,11423.900390625
2009-12-14,11545.7001953125
2009-12-15,11541.0
2009-12-16,11637.0
2009-12-17,11473.099609375
2009-12-18,11463.400390625
2009-12-21,11554.7001953125
2009-12-22,11628.0
2009-12-23,11658.7001953125
2009-12-24,11754.599609375
2009-12-29,11701.7998046875
2009-12-30,11717.5
2009-12-31,11746.099609375
2010-01-04,11866.900390625
2010-01-05,11888.099609375
2010-01-06,11944.5
2010-01-07,11887.5
2010-01-08,11953.7998046875
2010-01-11,11947.099609375
2010-01-12,11820.2001953125
2010-01-13,11853.599609375
2010-01-14,11804.400390625
2010-01-15,11685.400390625
2010-01-18,11750.5
2010-01-19,11763.400390625
2010-01-20,11679.2998046875
2010-01-21,11469.099609375
2010-01-22,11343.400390625
2010-01-25,11354.5
2010-01-26,11361.2001953125
2010-01-27,11344.099609375
2010-01-28,11274.2001953125
2010-01-29,11094.2998046875
2010-02-01,11317.599609375
2010-02-02,11408.2998046875
2010-02-03,11390.5
2010-02-04,11128.7998046875
2010-02-05,11223.099609375
2010-02-08,11115.2998046875
2010-02-09,11274.2001953125
2010-02-10,11286.2998046875
2010-02-11,11435.5
2010-02-12,11469.7998046875
2010-02-16,11586.400390625
2010-02-17,11635.5
2010-02-18,11694.7998046875
2010-02-19,11709.2998046875
2010-02-22,11634.7998046875
2010-02-23,11526.7001953125
2010-02-24,11521.7998046875
2010-02-25,11631.400390625
2010-02-26,11629.599609375
2010-03-01,11728.099609375
2010-03-02,11828.2998046875
2010-03-03,11852.900390625
2010-03-04,11825.0
2010-03-05,11975.099609375
2010-03-08,11963.7998046875
2010-03-09,11918.7001953125
2010-03-10,11961.099609375
2010-03-11,11979.7001953125
2010-03-12,12013.7998046875
2010-03-15,12008.7998046875
2010-03-16,12089.400390625
2010-03-17,12100.7001953125
2010-03-18,12040.0
2010-03-19,11948.0
2010-03-22,11967.2001953125
2010-03-23,12044.5
2010-03-24,11963.0
2010-03-25,11958.099609375
2010-03-26,11957.400390625
2010-03-29,12029.7001953125
2010-03-30,12044.2001953125
2010-03-31,12037.7001953125
2010-04-01,12151.099609375
2010-04-05,12186.400390625
2010-04-06,12156.7001953125
2010-04-07,12110.900390625
2010-04-08,12113.5
2010-04-09,12176.7998046875
2010-04-12,12148.7001953125
2010-04-13,12101.5
2010-04-14,12204.400390625
2010-04-15,12211.5
2010-04-16,12070.7001953125
2010-04-19,12103.0
2010-04-20,12113.5
2010-04-21,12134.599609375
2010-04-22,12160.900390625
2010-04-23,12239.599609375
2010-04-26,12281.0
2010-04-27,12146.7001953125
2010-04-28,12076.900390625
2010-04-29,12200.2998046875
2010-04-30,12210.7001953125
2010-05-03,12196.5
2010-05-04,12030.900390625
2010-05-05,11875.099609375
2010-05-06,11842.400390625
2010-05-07,11692.400390625
2010-05-10,11947.900390625
2010-05-11,12000.599609375
2010-05-12,12196.0
2010-05-13,12116.599609375
2010-05-14,12015.0
2010-05-17,11813.0
2010-05-18,11764.5
2010-05-19,11665.7998046875
2010-05-20,11406.0
2010-05-21,11521.400390625
2010-05-25,11518.099609375
2010-05-26,11543.900390625
2010-05-27,11749.099609375
2010-05-28,11671.400390625
2010-05-31,11763.0
2010-06-01,11572.0
2010-06-02,11780.7001953125
2010-06-03,11811.900390625
2010-06-04,11569.599609375
2010-06-07,11504.7001953125
2010-06-08,11517.2001953125
2010-06-09,11450.599609375
2010-06-10,11635.900390625
2010-06-11,11666.900390625
2010-06-14,11667.2998046875
2010-06-15,11907.5
2010-06-16,11921.099609375
2010-06-17,11946.0
2010-06-18,11927.599609375
2010-06-21,11936.099609375
2010-06-22,11797.900390625
2010-06-23,11807.5
2010-06-24,11670.2001953125
2010-06-25,11707.900390625
2010-06-28,11607.0
2010-06-29,11263.7998046875
2010-06-30,11294.400390625
2010-07-02,11196.099609375
2010-07-05,11092.5
2010-07-06,11200.2001953125
2010-07-07,11397.2998046875
2010-07-08,11433.400390625
2010-07-09,11570.5
2010-07-12,11565.7998046875
2010-07-13,11672.7998046875
2010-07-14,11620.2001953125
2010-07-15,11741.7998046875
2010-07-16,11569.7001953125
2010-07-19,11543.5
2010-07-20,11629.900390625
2010-07-21,11513.2998046875
2010-07-22,11667.7998046875
2010-07-23,11714.2001953125
2010-07-26,11746.099609375
2010-07-27,11716.7001953125
2010-07-28,11696.599609375
2010-07-29,11728.599609375
2010-07-30,11713.400390625
2010-08-03,11782.599609375
2010-08-04,11845.099609375
2010-08-05,11774.7998046875
2010-08-06,11800.0
2010-08-09,11863.599609375
2010-08-10,11838.2998046875
2010-08-11,11582.2001953125
2010-08-12,11523.599609375
2010-08-13,11528.2998046875
2010-08-16,11552.7998046875
2010-08-17,11728.599609375
2010-08-18,11781.099609375
2010-08-19,11710.2001953125
2010-08-20,11722.099609375
2010-08-23,11718.599609375
2010-08-24,11557.400390625
2010-08-25,11648.099609375
2010-08-26,11653.2001953125
2010-08-27,11879.7001953125
2010-08-30,11895.599609375
2010-08-31,11913.900390625
2010-09-01,12003.7998046875
2010-09-02,12111.099609375
2010-09-03,12144.900390625
2010-09-07,12102.0
2010-09-08,12042.2998046875
2010-09-09,12033.5
2010-09-10,12097.099609375
2010-09-13,12149.900390625
2010-09-14,12193.0
2010-09-15,12144.7998046875
2010-09-16,12173.400390625
2010-09-17,12164.599609375
2010-09-20,12234.5
2010-09-21,12170.599609375
2010-09-22,12147.2998046875
2010-09-23,12101.7998046875
2010-09-24,12204.900390625
2010-09-27,12190.599609375
2010-09-28,12278.900390625
2010-09-29,12382.7998046875
2010-09-30,12368.7001953125
2010-10-01,12363.099609375
2010-10-04,12322.900390625
2010-10-05,12498.0
2010-10-06,12501.7001953125
2010-10-07,12445.900390625
2010-10-08,12535.599609375
2010-10-12,12575.599609375
2010-10-13,12673.2998046875
2010-10-14,12619.7001953125
2010-10-15,12609.099609375
2010-10-18,12668.0
2010-10-19,12570.599609375
2010-10-20,12649.900390625
2010-10-21,12599.2001953125
2010-10-22,12601.2001953125
2010-10-25,12663.599609375
2010-10-26,12684.7001953125
2010-10-27,12567.2998046875
2010-10-28,12564.099609375
2010-10-29,12676.2001953125
2010-11-01,12664.7998046875
2010-11-02,12681.400390625
2010-11-03,12671.099609375
2010-11-04,12878.7998046875
2010-11-05,12925.099609375
2010-11-08,13052.5
2010-11-09,12916.599609375
2010-11-10,12942.599609375
2010-11-11,12934.7001953125
2010-11-12,12749.2001953125
2010-11-15,12735.400390625
2010-11-16,12602.2001953125
2010-11-17,12657.7998046875
2010-11-18,12870.0
2010-11-19,12956.2998046875
2010-11-22,12929.0
2010-11-23,12793.7998046875
2010-11-24,12902.0
2010-11-25,12945.7998046875
2010-11-26,12892.7001953125
2010-11-29,12895.7001953125
2010-11-30,12952.900390625
2010-12-01,13148.400390625
2010-12-02,13163.5
2010-12-03,13179.0
2010-12-06,13276.0
2010-12-07,13250.7001953125
2010-12-08,13152.0
2010-12-09,13166.900390625
2010-12-10,13239.5
2010-12-13,13295.900390625
2010-12-14,13280.099609375
2010-12-15,13229.099609375
2010-12-16,13181.2001953125
2010-12-17,13201.5
2010-12-20,13193.2998046875
2010-12-21,13365.2001953125
2010-12-22,13380.7001953125
2010-12-23,13371.2001953125
2010-12-24,13383.2001953125
2010-12-29,13449.2001953125
2010-12-30,13434.400390625
2010-12-31,13443.2001953125
2011-01-04,13402.2998046875
2011-01-05,13396.0
2011-01-06,13311.7001953125
2011-01-07,13272.2998046875
2011-01-10,13245.099609375
2011-01-11,13401.099609375
2011-01-12,13460.2001953125
2011-01-13,13401.5
2011-01-14,13464.099609375
2011-01-17,13440.099609375
2011-01-18,13559.2001953125
2011-01-19,13439.0
2011-01-20,13331.2998046875
2011-01-21,13258.599609375
2011-01-24,13347.599609375
2011-01-25,13259.599609375
2011-01-26,13465.7998046875
2011-01-27,13410.2001953125
2011-01-28,13437.599609375
2011-01-31,13552.0
2011-02-01,13712.599609375
2011-02-02,13680.2998046875
2011-02-03,13841.400390625
2011-02-04,13791.900390625
2011-02-07,13811.900390625
2011-02-08,13892.5
2011-02-09,13784.2998046875
2011-02-10,13840.599609375
2011-02-11,13766.7998046875
2011-02-14,13910.7998046875
2011-02-15,13929.400390625
2011-02-16,14059.2001953125
2011-02-17,14136.2001953125
2011-02-18,14123.099609375
2011-02-22,13963.7001953125
2011-02-23,13956.2001953125
2011-02-24,13867.2998046875
2011-02-25,14052.099609375
2011-02-28,14136.5
2011-03-01,14122.900390625
2011-03-02,14144.0
2011-03-03,14214.7001953125
2011-03-04,14252.7998046875
2011-03-07,14092.400390625
2011-03-08,14013.0
2011-03-09,13884.7001953125
2011-03-10,13638.599609375
2011-03-11,13674.2998046875
2011-03-14,13619.2001953125
2011-03-15,13547.0
2011-03-16,13524.7998046875
2011-03-17,13746.2001953125
2011-03-18,13789.599609375
2011-03-21,14013.7001953125
2011-03-22,14000.0
2011-03-23,14087.2001953125
2011-03-24,14029.400390625
2011-03-25,14039.400390625
2011-03-28,13892.7001953125
2011-03-29,13930.400390625
2011-03-30,14083.599609375
2011-03-31,14116.099609375
2011-04-01,14130.2001953125
2011-04-04,14218.400390625
2011-04-05,14270.5
2011-04-06,14202.7001953125
2011-04-07,14107.7998046875
2011-04-08,14208.400390625
2011-04-11,13996.900390625
2011-04-12,13801.400390625
2011-04-13,13833.599609375
2011-04-14,13821.7998046875
2011-04-15,13799.099609375
2011-04-18,13702.2998046875
2011-04-19,13736.7998046875
2011-04-20,13897.5
2011-04-21,13972.0
2011-04-25,13907.2998046875
2011-04-26,13909.099609375
2011-04-27,13892.599609375
2011-04-28,13894.400390625
2011-04-29,13944.7998046875
2011-05-02,13934.5
2011-05-03,13692.400390625
2011-05-04,13611.2998046875
2011-05-05,13455.400390625
2011-05-06,13566.599609375
2011-05-09,13677.099609375
2011-05-10,13642.099609375
2011-05-11,13419.7001953125
2011-05-12,13389.400390625
2011-05-13,13377.2001953125
2011-05-16,13391.400390625
2011-05-17,13441.099609375
2011-05-18,13607.2998046875
2011-05-19,13625.099609375
2011-05-20,13652.2998046875
2011-05-24,13595.099609375
2011-05-25,13751.5
2011-05-26,13775.900390625
2011-05-27,13797.599609375
2011-05-30,13829.7001953125
2011-05-31,13802.900390625
2011-06-01,13527.900390625
2011-06-02,13519.5
2011-06-03,13517.900390625
2011-06-06,13318.7001953125
2011-06-07,13282.900390625
2011-06-08,13183.7998046875
2011-06-09,13255.7001953125
2011-06-10,13084.0
2011-06-13,12939.7001953125
2011-06-14,13097.7998046875
2011-06-15,12972.0
2011-06-16,12853.099609375
2011-06-17,12790.0
2011-06-20,12857.7001953125
2011-06-21,13063.2998046875
2011-06-22,13060.599609375
2011-06-23,12979.599609375
2011-06-24,12908.900390625
2011-06-27,12966.5
2011-06-28,13105.0
2011-06-29,13188.900390625
2011-06-30,13300.900390625
2011-07-04,13386.5
2011-07-05,13425.2998046875
2011-07-06,13403.099609375
2011-07-07,13406.0
2011-07-08,13371.7001953125
2011-07-11,13179.7998046875
2011-07-12,13234.099609375
2011-07-13,13324.900390625
2011-07-14,13252.900390625
2011-07-15,13299.5
2011-07-18,13254.099609375
2011-07-19,13332.900390625
2011-07-20,13340.7998046875
2011-07-21,13434.2998046875
2011-07-22,13494.599609375
2011-07-25,13436.0
2011-07-26,13300.599609375
2011-07-27,13032.7001953125
2011-07-28,13047.7998046875
2011-07-29,12945.599609375
2011-08-02,12752.2998046875
2011-08-03,12816.0
2011-08-04,12380.099609375
2011-08-05,12162.2001953125
2011-08-08,11671.0
2011-08-09,12109.2998046875
2011-08-10,12198.900390625
2011-08-11,12539.7998046875
2011-08-12,12542.2001953125
2011-08-15,12683.599609375
2011-08-16,12530.7001953125
2011-08-17,12579.599609375
2011-08-18,12186.7001953125
2011-08-19,12007.5
2011-08-22,12068.400390625
2011-08-23,12338.2998046875
2011-08-24,12343.7998046875
2011-08-25,12284.2998046875
2011-08-26,12327.5
2011-08-29,12504.900390625
2011-08-30,12634.7001953125
2011-08-31,12768.7001953125
2011-09-01,12700.7001953125
2011-09-02,12602.400390625
2011-09-06,12518.5
2011-09-07,12720.599609375
2011-09-08,12684.0
2011-09-09,12387.5
2011-09-12,12148.7998046875
2011-09-13,12205.5
2011-09-14,12293.400390625
2011-09-15,12424.7998046875
2011-09-16,12263.7001953125
2011-09-19,12172.0
2011-09-20,12209.900390625
2011-09-21,11955.0
2011-09-22,11562.5
2011-09-23,11462.900390625
2011-09-26,11707.2001953125
2011-09-27,11821.099609375
2011-09-28,11585.900390625
2011-09-29,11686.2998046875
2011-09-30,11623.7998046875
2011-10-03,11251.7998046875
2011-10-04,11177.900390625
2011-10-05,11457.2001953125
2011-10-06,11780.099609375
2011-10-07,11588.400390625
2011-10-11,11875.599609375
2011-10-12,12030.0
2011-10-13,11911.900390625
2011-10-14,12081.7001953125
2011-10-17,11923.0
2011-10-18,12053.099609375
2011-10-19,11849.5
2011-10-20,11830.2998046875
2011-10-21,11949.5
2011-10-24,12162.2998046875
2011-10-25,12109.7998046875
2011-10-26,12186.099609375
2011-10-27,12465.400390625
2011-10-28,12519.5
2011-10-31,12252.099609375
2011-11-01,12115.099609375
2011-11-02,12241.7998046875
2011-11-03,12468.400390625
2011-11-04,12408.2998046875
2011-11-07,12462.0
2011-11-08,12488.900390625
2011-11-09,12156.2001953125
2011-11-10,12108.900390625
2011-11-11,12276.900390625
2011-11-14,12224.2001953125
2011-11-15,12229.2998046875
2011-11-16,12174.400390625
2011-11-17,11915.400390625
2011-11-18,11892.400390625
2011-11-21,11784.7001953125
2011-11-22,11795.2001953125
2011-11-23,11571.7001953125
2011-11-24,11485.2998046875
2011-11-25,11462.099609375
2011-11-28,11640.2001953125
2011-11-29,11732.5
2011-11-30,12204.099609375
2011-12-01,12113.2998046875
2011-12-02,12075.099609375
2011-12-05,12119.2998046875
2011-12-06,12081.2998046875
2011-12-07,12148.7001953125
2011-12-08,11951.7998046875
2011-12-09,12034.7998046875
2011-12-12,11907.900390625
2011-12-13,11759.900390625
2011-12-14,11543.099609375
2011-12-15,11504.400390625
2011-12-16,11635.400390625
2011-12-19,11539.7001953125
2011-12-20,11716.900390625
2011-12-21,11753.5
2011-12-22,11876.5
2011-12-23,11926.7001953125
2011-12-28,11728.400390625
2011-12-29,11841.7001953125
2011-12-30,11955.099609375
2012-01-03,12208.400390625
2012-01-04,12226.5
2012-01-05,12237.400390625
2012-01-06,12188.599609375
2012-01-09,12196.7001953125
2012-01-10,12270.7001953125
2012-01-11,12260.900390625
2012-01-12,12274.2998046875
2012-01-13,12231.099609375
2012-01-16,12258.599609375
2012-01-17,12232.7998046875
2012-01-18,12327.5
2012-01-19,12380.7001953125
2012-01-20,12397.099609375
2012-01-23,12521.7001953125
2012-01-24,12395.2001953125
2012-01-25,12539.2001953125
2012-01-26,12464.2998046875
2012-01-27,12466.5
2012-01-30,12436.400390625
2012-01-31,12452.2001953125
2012-02-01,12517.7001953125
2012-02-02,12553.5
2012-02-03,12577.2998046875
2012-02-06,12559.900390625
2012-02-07,12512.400390625
2012-02-08,12521.0
2012-02-09,12497.900390625
2012-02-10,12389.400390625
2012-02-13,12398.7001953125
2012-02-14,12354.5
2012-02-15,12362.0
2012-02-16,12485.599609375
2012-02-17,12458.2998046875
2012-02-21,12623.400390625
2012-02-22,12701.2998046875
2012-02-23,12731.2998046875
2012-02-24,12725.7998046875
2012-02-27,12700.400390625
2012-02-28,12740.5
2012-02-29,12644.0
2012-03-01,12723.5
2012-03-02,12643.7998046875
2012-03-05,12524.0
2012-03-06,12298.599609375
2012-03-07,12350.2001953125
2012-03-08,12461.900390625
2012-03-09,12503.599609375
2012-03-12,12428.0
2012-03-13,12537.7001953125
2012-03-14,12377.900390625
2012-03-15,12455.7998046875
2012-03-16,12497.0
2012-03-19,12479.7001953125
2012-03-20,12430.7001953125
2012-03-21,12436.5
2012-03-22,12361.7998046875
2012-03-23,12465.7001953125
2012-03-26,12574.7998046875
2012-03-27,12512.0
2012-03-28,12413.900390625
2012-03-29,12339.400390625
2012-03-30,12392.2001953125
2012-04-02,12507.099609375
2012-04-03,12323.599609375
2012-04-04,12178.7001953125
2012-04-05,12103.099609375
2012-04-09,12018.5
2012-04-10,11935.2998046875
2012-04-11,12026.7998046875
2012-04-12,12214.7001953125
2012-04-13,12040.400390625
2012-04-16,12037.599609375
2012-04-17,12136.900390625
2012-04-18,12128.900390625
2012-04-19,12153.7001953125
2012-04-20,12147.2998046875
2012-04-23,11989.0
2012-04-24,11980.099609375
2012-04-25,12111.099609375
2012-04-26,12145.900390625
2012-04-27,12237.7998046875
2012-04-30,12292.7001953125
2012-05-01,12332.7998046875
2012-05-02,12230.099609375
2012-05-03,12014.900390625
2012-05-04,11871.2001953125
2012-05-07,11860.7001953125
2012-05-08,11704.7001953125
2012-05-09,11675.0
2012-05-10,11736.2001953125
2012-05-11,11694.7001953125
2012-05-14,11488.5
2012-05-15,11343.099609375
2012-05-16,11326.099609375
2012-05-17,11330.7001953125
2012-05-18,11280.599609375
2012-05-22,11451.7998046875
2012-05-23,11564.7998046875
2012-05-24,11566.099609375
2012-05-25,11576.5
2012-05-28,11566.2001953125
2012-05-29,11609.2998046875
2012-05-30,11433.2001953125
2012-05-31,11513.2001953125
2012-06-01,11361.2001953125
2012-06-04,11335.7998046875
2012-06-05,11507.7001953125
2012-06-06,11633.400390625
2012-06-07,11592.099609375
2012-06-08,11500.599609375
2012-06-11,11401.7998046875
2012-06-12,11497.2998046875
2012-06-13,11497.900390625
2012-06-14,11466.400390625
2012-06-15,11524.900390625
2012-06-18,11601.099609375
2012-06-19,11788.400390625
2012-06-20,11759.2998046875
2012-06-21,11408.2998046875
2012-06-22,11435.5
2012-06-25,11330.400390625
2012-06-26,11334.400390625
2012-06-27,11410.900390625
2012-06-28,11424.7001953125
2012-06-29,11596.599609375
2012-07-03,11848.7998046875
2012-07-04,11913.900390625
2012-07-05,11817.0
2012-07-06,11660.0
2012-07-09,11634.7001953125
2012-07-10,11512.2001953125
2012-07-11,11544.599609375
2012-07-12,11425.5
2012-07-13,11514.5
2012-07-16,11521.2001953125
2012-07-17,11571.2001953125
2012-07-18,11579.2001953125
2012-07-19,11665.7001953125
2012-07-20,11622.900390625
2012-07-23,11545.5
2012-07-24,11467.0
2012-07-25,11492.5
2012-07-26,11639.7998046875
2012-07-27,11766.400390625
2012-07-30,11757.900390625
2012-07-31,11664.7001953125
2012-08-01,11618.5
2012-08-02,11506.5
2012-08-03,11662.599609375
2012-08-07,11863.5
2012-08-08,11781.0
2012-08-09,11858.099609375
2012-08-10,11890.900390625
2012-08-13,11838.2998046875
2012-08-14,11853.599609375
2012-08-15,11905.400390625
2012-08-16,12032.599609375
2012-08-17,12089.900390625
2012-08-20,12076.0
2012-08-21,12116.900390625
2012-08-22,12119.0
2012-08-23,12062.5
2012-08-24,12082.2001953125
2012-08-27,12048.7998046875
2012-08-28,12009.900390625
2012-08-29,12009.7998046875
2012-08-30,11886.7001953125
2012-08-31,11949.2998046875
2012-09-04,11941.7001953125
2012-09-05,11990.099609375
2012-09-06,12139.7001953125
2012-09-07,12268.0
2012-09-10,12215.400390625
2012-09-11,12220.5
2012-09-12,12232.599609375
2012-09-13,12360.2001953125
2012-09-14,12499.5
2012-09-17,12446.900390625
2012-09-18,12422.7001953125
2012-09-19,12436.2001953125
2012-09-20,12409.2998046875
2012-09-21,12383.599609375
2012-09-24,12313.5
2012-09-25,12257.2001953125
2012-09-26,12232.900390625
2012-09-27,12338.900390625
2012-09-28,12317.5
2012-10-01,12370.2001953125
2012-10-02,12391.2001953125
2012-10-03,12359.5
2012-10-04,12447.7001953125
2012-10-05,12419.0
2012-10-09,12273.599609375
2012-10-10,12212.400390625
2012-10-11,12234.0
2012-10-12,12202.0
2012-10-15,12230.0
2012-10-16,12407.7001953125
2012-10-17,12461.2998046875
2012-10-18,12466.099609375
2012-10-19,12416.0
2012-10-22,12403.5
2012-10-23,12225.7998046875
2012-10-24,12195.0
2012-10-25,12300.2001953125
2012-10-26,12300.2998046875
2012-10-29,12312.7998046875
2012-10-30,12377.0
2012-10-31,12422.900390625
2012-11-01,12499.7998046875
2012-11-02,12380.400390625
2012-11-05,12352.7998046875
2012-11-06,12361.2001953125
2012-11-07,12230.599609375
2012-11-08,12191.099609375
2012-11-09,12196.7998046875
2012-11-12,12191.5
2012-11-13,12134.7001953125
2012-11-14,11929.7998046875
2012-11-15,11811.400390625
2012-11-16,11877.7001953125
2012-11-19,12040.400390625
2012-11-20,12046.2998046875
2012-11-21,12100.099609375
2012-11-22,12153.099609375
2012-11-23,12213.2001953125
2012-11-26,12185.099609375
2012-11-27,12111.599609375
2012-11-28,12140.2998046875
2012-11-29,12202.900390625
2012-11-30,12239.400390625
2012-12-03,12169.7001953125
2012-12-04,12137.2001953125
2012-12-05,12157.2998046875
2012-12-06,12151.099609375
2012-12-07,12159.599609375
2012-12-10,12230.5
2012-12-11,12282.400390625
2012-12-12,12353.099609375
2012-12-13,12289.2001953125
2012-12-14,12296.7001953125
2012-12-17,12281.400390625
2012-12-18,12334.2998046875
2012-12-19,12403.599609375
2012-12-20,12388.7001953125
2012-12-21,12385.7001953125
2012-12-24,12370.7998046875
2012-12-27,12373.7998046875
2012-12-28,12316.099609375
2012-12-31,12433.5
2013-01-02,12540.7998046875
2013-01-03,12470.400390625
2013-01-04,12540.7998046875
2013-01-07,12499.599609375
2013-01-08,12504.7998046875
2013-01-09,12522.2001953125
2013-01-10,12599.7001953125
2013-01-11,12602.2001953125
2013-01-14,12603.099609375
2013-01-15,12642.0
2013-01-16,12608.7998046875
2013-01-17,12674.7001953125
2013-01-18,12725.7001953125
2013-01-21,12794.2998046875
2013-01-22,12824.599609375
2013-01-23,12794.099609375
2013-01-24,12823.599609375
2013-01-25,12816.599609375
2013-01-28,12815.900390625
2013-01-29,12830.599609375
2013-01-30,12794.400390625
2013-01-31,12685.2001953125
2013-02-01,12768.7998046875
2013-02-04,12717.599609375
2013-02-05,12745.7001953125
2013-02-06,12761.599609375
2013-02-07,12755.900390625
2013-02-08,12801.2001953125
2013-02-11,12748.2001953125
2013-02-12,12789.0
2013-02-13,12775.2998046875
2013-02-14,12721.7998046875
2013-02-15,12686.599609375
2013-02-19,12810.2001953125
2013-02-20,12714.099609375
2013-02-21,12640.0
2013-02-22,12701.599609375
2013-02-25,12650.900390625
2013-02-26,12660.400390625
2013-02-27,12732.400390625
2013-02-28,12821.7998046875
2013-03-01,12773.099609375
2013-03-04,12707.400390625
2013-03-05,12736.0
2013-03-06,12832.0
2013-03-07,12826.5
2013-03-08,12835.599609375
2013-03-11,12858.5
2013-03-12,12878.599609375
2013-03-13,12744.099609375
2013-03-14,12799.900390625
2013-03-15,12830.0
2013-03-18,12781.7998046875
2013-03-19,12773.900390625
2013-03-20,12826.599609375
2013-03-21,12747.900390625
2013-03-22,12757.400390625
2013-03-25,12680.7001953125
2013-03-26,12706.400390625
2013-03-27,12699.7001953125
2013-03-28,12749.900390625
2013-04-01,12695.099609375
2013-04-02,12682.099609375
2013-04-03,12422.099609375
2013-04-04,12363.099609375
2013-04-05,12331.900390625
2013-04-08,12344.599609375
2013-04-09,12484.099609375
2013-04-10,12534.900390625
2013-04-11,12481.400390625
2013-04-12,12337.599609375
2013-04-15,12004.900390625
2013-04-16,12119.900390625
2013-04-17,11947.2998046875
2013-04-18,11996.2998046875
2013-04-19,12065.599609375
2013-04-22,12090.7001953125
2013-04-23,12090.900390625
2013-04-24,12270.400390625
2013-04-25,12329.5
2013-04-26,12220.2001953125
2013-04-29,12312.7001953125
2013-04-30,12456.5
2013-05-01,12321.2998046875
2013-05-02,12379.599609375
2013-05-03,12438.0
2013-05-06,12453.900390625
2013-05-07,12464.099609375
2013-05-08,12585.0
2013-05-09,12543.900390625
2013-05-10,12589.099609375
2013-05-13,12529.5
2013-05-14,12577.0
2013-05-15,12473.7001953125
2013-05-16,12507.599609375
2013-05-17,12613.0
2013-05-21,12742.400390625
2013-05-22,12752.5
2013-05-23,12658.099609375
2013-05-24,12667.2001953125
2013-05-27,12696.400390625
2013-05-28,12750.5
2013-05-29,12732.599609375
2013-05-30,12746.5
2013-05-31,12650.400390625
2013-06-03,12609.7998046875
2013-06-04,12594.0
2013-06-05,12443.7001953125
2013-06-06,12409.2998046875
2013-06-07,12373.2998046875
2013-06-10,12382.7001953125
2013-06-11,12223.599609375
2013-06-12,12109.900390625
2013-06-13,12277.099609375
2013-06-14,12187.400390625
2013-06-17,12288.900390625
2013-06-18,12367.5
2013-06-19,12268.2998046875
2013-06-20,11968.599609375
2013-06-21,11995.7001953125
2013-06-24,11836.900390625
2013-06-25,12005.400390625
2013-06-26,11951.900390625
2013-06-27,12005.7998046875
2013-06-28,12129.099609375
2013-07-02,12178.400390625
2013-07-03,12145.7001953125
2013-07-04,12166.7001953125
2013-07-05,12134.900390625
2013-07-08,12208.900390625
2013-07-09,12297.099609375
2013-07-10,12306.900390625
2013-07-11,12493.2998046875
2013-07-12,12462.2001953125
2013-07-15,12528.2998046875
2013-07-16,12516.900390625
2013-07-17,12568.7998046875
2013-07-18,12628.7998046875
2013-07-19,12685.099609375
2013-07-22,12758.400390625
2013-07-23,12745.400390625
2013-07-24,12672.2998046875
2013-07-25,12669.099609375
2013-07-26,12647.900390625
2013-07-29,12669.0
2013-07-30,12581.7998046875
2013-07-31,12486.599609375
2013-08-01,12594.0
2013-08-02,12603.2998046875
2013-08-06,12469.2998046875
2013-08-07,12412.7001953125
2013-08-08,12552.900390625
2013-08-09,12542.099609375
2013-08-12,12594.2998046875
2013-08-13,12642.2001953125
2013-08-14,12639.2998046875
2013-08-15,12704.5
2013-08-16,12736.900390625
2013-08-19,12588.0
2013-08-20,12670.099609375
2013-08-21,12573.099609375
2013-08-22,12674.400390625
2013-08-23,12762.2998046875
2013-08-26,12760.2998046875
2013-08-27,12591.2001953125
2013-08-28,12607.2001953125
2013-08-29,12704.7001953125
2013-08-30,12653.900390625
2013-09-03,12740.5
2013-09-04,12757.7998046875
2013-09-05,12845.099609375
2013-09-06,12820.900390625
2013-09-09,12854.599609375
2013-09-10,12824.5
2013-09-11,12825.400390625
2013-09-12,12701.0
2013-09-13,12723.400390625
2013-09-16,12816.900390625
2013-09-17,12834.099609375
2013-09-18,12931.400390625
2013-09-19,12926.7998046875
2013-09-20,12806.5
2013-09-23,12811.2001953125
2013-09-24,12848.900390625
2013-09-25,12836.7001953125
2013-09-26,12841.599609375
2013-09-27,12844.099609375
2013-09-30,12787.2001953125
2013-10-01,12847.400390625
2013-10-02,12839.0
2013-10-03,12735.099609375
2013-10-04,12758.7001953125
2013-10-07,12788.2998046875
2013-10-08,12692.400390625
2013-10-09,12730.2998046875
2013-10-10,12894.400390625
2013-10-11,12892.099609375
2013-10-15,12931.5
2013-10-16,12957.2001953125
2013-10-17,13036.400390625
2013-10-18,13136.099609375
2013-10-21,13186.5
2013-10-22,13248.099609375
2013-10-23,13243.2998046875
2013-10-24,13324.7998046875
2013-10-25,13399.400390625
2013-10-28,13371.7998046875
2013-10-29,13440.599609375
2013-10-30,13455.2998046875
2013-10-31,13361.2998046875
2013-11-01,13337.5
2013-11-04,13361.7998046875
2013-11-05,13361.7001953125
2013-11-06,13380.400390625
2013-11-07,13294.2001953125
2013-11-08,13378.2998046875
2013-11-11,13358.400390625
2013-11-12,13326.0
2013-11-13,13370.7001953125
2013-11-14,13431.400390625
2013-11-15,13482.599609375
2013-11-18,13458.099609375
2013-11-19,13442.7998046875
2013-11-20,13430.0
2013-11-21,13475.2998046875
2013-11-22,13478.2998046875
2013-11-25,13472.2001953125
2013-11-26,13349.7998046875
2013-11-27,13362.099609375
2013-11-28,13370.7998046875
2013-11-29,13395.400390625
2013-12-02,13419.599609375
2013-12-03,13319.900390625
2013-12-04,13304.900390625
2013-12-05,13200.400390625
2013-12-06,13280.7001953125
2013-12-09,13312.7998046875
2013-12-10,13324.0
2013-12-11,13133.400390625
2013-12-12,13114.400390625
2013-12-13,13125.7001953125
2013-12-16,13184.400390625
2013-12-17,13180.2001953125
2013-12-18,13334.7001953125
2013-12-19,13392.2001953125
2013-12-20,13399.599609375
2013-12-23,13447.7001953125
2013-12-24,13518.0
2013-12-27,13588.0
2013-12-30,13581.400390625
2013-12-31,13621.599609375
2014-01-02,13594.2001953125
2014-01-03,13548.900390625
2014-01-06,13495.5
2014-01-07,13596.900390625
2014-01-08,13614.599609375
2014-01-09,13629.400390625
2014-01-10,13747.5
2014-01-13,13681.5
2014-01-14,13692.400390625
2014-01-15,13772.599609375
2014-01-16,13831.599609375
2014-01-17,13888.2001953125
2014-01-20,13990.2998046875
2014-01-21,13951.7998046875
2014-01-22,13988.2001953125
2014-01-23,13933.0
2014-01-24,13717.7998046875
2014-01-27,13582.2998046875
2014-01-28,13687.7001953125
2014-01-29,13643.2001953125
2014-01-30,13735.2998046875
2014-01-31,13694.900390625
2014-02-03,13486.2001953125
2014-02-04,13504.5
2014-02-05,13559.7001953125
2014-02-06,13713.400390625
2014-02-07,13786.5
2014-02-10,13794.2001953125
2014-02-11,13881.0
2014-02-12,13900.5
2014-02-13,14001.7001953125
2014-02-14,14054.7998046875
2014-02-18,14077.5
2014-02-19,14119.7001953125
2014-02-20,14210.400390625
2014-02-21,14205.7001953125
2014-02-24,14227.099609375
2014-02-25,14189.0
2014-02-26,14188.599609375
2014-02-27,14214.7001953125
2014-02-28,14209.599609375
2014-03-03,14212.7001953125
2014-03-04,14289.900390625
2014-03-05,14304.2001953125
2014-03-06,14271.900390625
2014-03-07,14299.099609375
2014-03-10,14302.099609375
2014-03-11,14267.2001953125
2014-03-12,14319.0
2014-03-13,14245.099609375
2014-03-14,14227.7001953125
2014-03-17,14231.900390625
2014-03-18,14369.0
2014-03-19,14334.0
2014-03-20,14361.7998046875
2014-03-21,14335.7998046875
2014-03-24,14278.599609375
2014-03-25,14299.5
2014-03-26,14184.099609375
2014-03-27,14178.7998046875
2014-03-28,14260.7001953125
2014-03-31,14335.2998046875
2014-04-01,14380.599609375
2014-04-02,14459.099609375
2014-04-03,14402.2001953125
2014-04-04,14393.099609375
2014-04-07,14270.2998046875
2014-04-08,14372.5
2014-04-09,14435.599609375
2014-04-10,14308.0
2014-04-11,14257.7001953125
2014-04-14,14284.400390625
2014-04-15,14303.900390625
2014-04-16,14446.5
2014-04-17,14500.400390625
2014-04-21,14493.7001953125
2014-04-22,14556.0
2014-04-23,14533.400390625
2014-04-24,14554.2998046875
2014-04-25,14533.599609375
2014-04-28,14530.900390625
2014-04-29,14583.099609375
2014-04-30,14651.900390625
2014-05-01,14664.099609375
2014-05-02,14765.2001953125
2014-05-05,14697.0
2014-05-06,14612.2998046875
2014-05-07,14656.400390625
2014-05-08,14546.0
2014-05-09,14534.099609375
2014-05-12,14654.900390625
2014-05-13,14679.7998046875
2014-05-14,14673.7001953125
2014-05-15,14588.900390625
2014-05-16,14514.7001953125
2014-05-20,14525.2001953125
2014-05-21,14649.900390625
2014-05-22,14702.2998046875
2014-05-23,14708.099609375
2014-05-26,14715.7001953125
2014-05-27,14658.0
2014-05-28,14611.0
2014-05-29,14589.0
2014-05-30,14604.2001953125
2014-06-02,14680.7998046875
2014-06-03,14734.7001953125
2014-06-04,14796.7998046875
2014-06-05,14800.2001953125
2014-06-06,14838.900390625
2014-06-09,14871.2001953125
2014-06-10,14904.400390625
2014-06-11,14892.099609375
2014-06-12,14909.599609375
2014-06-13,15001.599609375
2014-06-16,15040.400390625
2014-06-17,15055.900390625
2014-06-18,15109.2998046875
2014-06-19,15112.2001953125
2014-06-20,15109.0
2014-06-23,15105.599609375
2014-06-24,14962.400390625
2014-06-25,14974.7001953125
2014-06-26,15030.7001953125
2014-06-27,15094.2998046875
2014-06-30,15146.0
2014-07-02,15209.7998046875
2014-07-03,15207.099609375
2014-07-04,15215.0
2014-07-07,15172.900390625
2014-07-08,15137.2001953125
2014-07-09,15215.2001953125
2014-07-10,15114.5
2014-07-11,15125.5
2014-07-14,15171.2001953125
2014-07-15,15081.2998046875
2014-07-16,15226.2998046875
2014-07-17,15204.5
2014-07-18,15266.599609375
2014-07-21,15250.0
2014-07-22,15315.099609375
2014-07-23,15394.400390625
2014-07-24,15394.5
2014-07-25,15455.0
2014-07-28,15445.2001953125
2014-07-29,15446.599609375
2014-07-30,15524.7998046875
2014-07-31,15330.7001953125
2014-08-01,15215.2998046875
2014-08-05,15187.7001953125
2014-08-06,15202.099609375
2014-08-07,15118.400390625
2014-08-08,15196.2998046875
2014-08-11,15261.599609375
2014-08-12,15274.2001953125
2014-08-13,15262.7001953125
2014-08-14,15291.2001953125
2014-08-15,15304.2001953125
2014-08-18,15338.5
2014-08-19,15477.2001953125
2014-08-20,15562.0
2014-08-21,15556.099609375
2014-08-22,15535.599609375
2014-08-25,15598.7001953125
2014-08-26,15619.2001953125
2014-08-27,15602.7001953125
2014-08-28,15558.2001953125
2014-08-29,15625.7001953125
2014-09-02,15619.099609375
2014-09-03,15657.599609375
2014-09-04,15576.7998046875
2014-09-05,15569.900390625
2014-09-08,15509.400390625
2014-09-09,15536.7998046875
2014-09-10,15471.900390625
2014-09-11,15534.2998046875
2014-09-12,15531.599609375
2014-09-15,15482.599609375
2014-09-16,15510.5
2014-09-17,15458.900390625
2014-09-18,15465.5
2014-09-19,15265.400390625
2014-09-22,15129.0
2014-09-23,15125.7001953125
2014-09-24,15120.5
2014-09-25,14893.599609375
2014-09-26,15026.7998046875
2014-09-29,14976.900390625
2014-09-30,14960.5
2014-10-01,14805.400390625
2014-10-02,14760.599609375
2014-10-03,14789.7998046875
2014-10-06,14743.099609375
2014-10-07,14576.5
2014-10-08,14666.5
2014-10-09,14460.599609375
2014-10-10,14227.400390625
2014-10-14,14036.7001953125
2014-10-15,13869.900390625
2014-10-16,14053.0
2014-10-17,14227.7001953125
2014-10-20,14337.7998046875
2014-10-21,14547.7001953125
2014-10-22,14312.099609375
2014-10-23,14486.7998046875
2014-10-24,14543.7998046875
2014-10-27,14469.0
2014-10-28,14624.2998046875
2014-10-29,14527.599609375
2014-10-30,14458.7001953125
2014-10-31,14613.2998046875
2014-11-03,14537.599609375
2014-11-04,14390.400390625
2014-11-05,14548.2998046875
2014-11-06,14563.400390625
2014-11-07,14690.7998046875
2014-11-10,14709.7998046875
2014-11-11,14760.2998046875
2014-11-12,14856.2001953125
2014-11-13,14778.7998046875
2014-11-14,14843.099609375
2014-11-17,14882.5
2014-11-18,14973.0
2014-11-19,14980.2001953125
2014-11-20,15075.2001953125
2014-11-21,15111.099609375
2014-11-24,15015.400390625
2014-11-25,15073.7001953125
2014-11-26,15038.400390625
2014-11-27,14922.400390625
2014-11-28,14744.7001953125
2014-12-01,14625.2998046875
2014-12-02,14620.099609375
2014-12-03,14754.099609375
2014-12-04,14583.400390625
2014-12-05,14473.7001953125
2014-12-08,14144.2001953125
2014-12-09,14195.7001953125
2014-12-10,13853.0
2014-12-11,13905.099609375
2014-12-12,13731.099609375
2014-12-15,13705.099609375
2014-12-16,13861.5
2014-12-17,14213.900390625
2014-12-18,14346.7998046875
2014-12-19,14468.2998046875
2014-12-22,14432.400390625
2014-12-23,14594.0
2014-12-24,14609.2998046875
2014-12-29,14663.900390625
2014-12-30,14640.0
2014-12-31,14632.400390625
2015-01-02,14753.7001953125
2015-01-05,14392.7001953125
2015-01-06,14246.7998046875
2015-01-07,14285.0
2015-01-08,14457.7001953125
2015-01-09,14384.900390625
2015-01-12,14265.0
2015-01-13,14187.2001953125
2015-01-14,14084.400390625
2015-01-15,14041.7998046875
2015-01-16,14309.400390625
2015-01-19,14312.5
2015-01-20,14308.400390625
2015-01-21,14560.400390625
2015-01-22,14764.0
2015-01-23,14779.400390625
2015-01-26,14797.7998046875
2015-01-27,14833.900390625
2015-01-28,14602.900390625
2015-01-29,14637.2998046875
2015-01-30,14673.5
2015-02-02,14900.5
2015-02-03,15062.900390625
2015-02-04,14995.7001953125
2015-02-05,15124.900390625
2015-02-06,15083.900390625
2015-02-09,15100.7001953125
2015-02-10,15112.5
2015-02-11,15151.5
2015-02-12,15228.5
2015-02-13,15264.7998046875
2015-02-17,15284.599609375
2015-02-18,15212.7998046875
2015-02-19,15180.2998046875
2015-02-20,15172.2001953125
2015-02-23,15200.2998046875
2015-02-24,15165.0
2015-02-25,15228.599609375
2015-02-26,15241.2001953125
2015-02-27,15234.2998046875
2015-03-02,15264.099609375
2015-03-03,15133.900390625
2015-03-04,15082.7998046875
2015-03-05,15103.099609375
2015-03-06,14952.5
2015-03-09,14854.5
2015-03-10,14641.7998046875
2015-03-11,14739.2001953125
2015-03-12,14770.7001953125
2015-03-13,14731.5
2015-03-16,14862.7998046875
2015-03-17,14898.5
2015-03-18,14962.2001953125
2015-03-19,14873.900390625
2015-03-20,14942.400390625
2015-03-23,14957.2001953125
2015-03-24,15081.2998046875
2015-03-25,14929.400390625
2015-03-26,14869.7998046875
2015-03-27,14812.400390625
2015-03-30,14908.400390625
2015-03-31,14902.400390625
2015-04-01,14942.599609375
2015-04-02,15026.599609375
2015-04-06,15100.7001953125
2015-04-07,15188.7998046875
2015-04-08,15213.599609375
2015-04-09,15326.2998046875
2015-04-10,15388.400390625
2015-04-13,15383.599609375
2015-04-14,15389.2998046875
2015-04-15,15450.900390625
2015-04-16,15386.7998046875
2015-04-17,15360.599609375
2015-04-20,15412.599609375
2015-04-21,15346.400390625
2015-04-22,15304.7998046875
2015-04-23,15392.400390625
2015-04-24,15408.2998046875
2015-04-27,15344.099609375
2015-04-28,15346.099609375
2015-04-29,15347.2998046875
2015-04-30,15224.5
2015-05-01,15339.7998046875
2015-05-04,15367.5
2015-05-05,15173.900390625
2015-05-06,15023.900390625
2015-05-07,15088.7998046875
2015-05-08,15170.0
2015-05-11,15152.599609375
2015-05-12,15043.2001953125
2015-05-13,14980.7001953125
2015-05-14,15028.099609375
2015-05-15,15108.099609375
2015-05-19,15121.0
2015-05-20,15072.7998046875
2015-05-21,15203.599609375
2015-05-22,15200.7998046875
2015-05-25,15187.400390625
2015-05-26,15050.7998046875
2015-05-27,15110.5
2015-05-28,15107.0
2015-05-29,15014.099609375
2015-06-01,15074.099609375
2015-06-02,15104.7001953125
2015-06-03,15154.7001953125
2015-06-04,15019.400390625
2015-06-05,14957.2001953125
2015-06-08,14743.2998046875
2015-06-09,14817.7001953125
2015-06-10,14889.0
2015-06-11,14830.900390625
2015-06-12,14741.2001953125
2015-06-15,14756.099609375
2015-06-16,14753.099609375
2015-06-17,14733.0
2015-06-18,14770.599609375
2015-06-19,14653.099609375
2015-06-22,14790.5
2015-06-23,14904.900390625
2015-06-24,14947.5
2015-06-25,14897.5
2015-06-26,14808.099609375
2015-06-29,14490.2001953125
2015-06-30,14553.2998046875
2015-07-02,14638.0
2015-07-03,14682.400390625
2015-07-06,14593.599609375
2015-07-07,14624.5
2015-07-08,14412.099609375
2015-07-09,14278.5
2015-07-10,14411.099609375
2015-07-13,14533.2001953125
2015-07-14,14599.400390625
2015-07-15,14662.2998046875
2015-07-16,14731.099609375
2015-07-17,14642.7998046875
2015-07-20,14425.599609375
2015-07-21,14376.2001953125
2015-07-22,14307.099609375
2015-07-23,14265.400390625
2015-07-24,14186.2001953125
2015-07-27,14001.400390625
2015-07-28,14077.400390625
2015-07-29,14301.7998046875
2015-07-30,14382.7998046875
2015-07-31,14468.400390625
2015-08-04,14491.099609375
2015-08-05,14503.0
2015-08-06,14405.900390625
2015-08-07,14302.7001953125
2015-08-10,14466.400390625
2015-08-11,14414.7001953125
2015-08-12,14339.5
2015-08-13,14238.400390625
2015-08-14,14277.900390625
2015-08-17,14251.5
2015-08-18,14193.900390625
2015-08-19,14036.599609375
2015-08-20,13737.0
2015-08-21,13473.7001953125
2015-08-24,13052.7001953125
2015-08-25,13150.900390625
2015-08-26,13381.599609375
2015-08-27,13766.7001953125
2015-08-28,13865.099609375
2015-08-31,13859.099609375
2015-09-01,13481.900390625
2015-09-02,13545.2998046875
2015-09-03,13596.400390625
2015-09-04,13478.2998046875
2015-09-08,13630.7001953125
2015-09-09,13531.900390625
2015-09-10,13569.900390625
2015-09-11,13461.5
2015-09-14,13353.2998046875
2015-09-15,13462.7001953125
2015-09-16,13763.7998046875
2015-09-17,13787.2001953125
2015-09-18,13646.900390625
2015-09-21,13779.400390625
2015-09-22,13491.099609375
2015-09-23,13383.7001953125
2015-09-24,13338.7001953125
2015-09-25,13378.599609375
2015-09-28,13004.599609375
2015-09-29,13037.0
2015-09-30,13307.0
2015-10-01,13241.900390625
2015-10-02,13339.7001953125
2015-10-05,13552.2001953125
2015-10-06,13647.2998046875
2015-10-07,13868.400390625
2015-10-08,13978.7001953125
2015-10-09,13964.400390625
2015-10-13,13844.7001953125
2015-10-14,13875.2998046875
2015-10-15,13829.0
2015-10-16,13838.099609375
2015-10-19,13758.400390625
2015-10-20,13841.900390625
2015-10-21,13704.2001953125
2015-10-22,13878.099609375
2015-10-23,13953.7001953125
2015-10-26,13790.900390625
2015-10-27,13699.599609375
2015-10-28,13863.2001953125
2015-10-29,13791.900390625
2015-10-30,13529.2001953125
2015-11-02,13623.0
2015-11-03,13710.2998046875
2015-11-04,13661.7998046875
2015-11-05,13558.7998046875
2015-11-06,13553.2998046875
2015-11-09,13482.599609375
2015-11-10,13411.599609375
2015-11-11,13341.900390625
2015-11-12,13127.2001953125
2015-11-13,13075.400390625
2015-11-16,13317.5
2015-11-17,13280.400390625
2015-11-18,13400.0
2015-11-19,13473.7998046875
2015-11-20,13433.5
2015-11-23,13382.400390625
2015-11-24,13407.7998046875
2015-11-25,13403.400390625
2015-11-26,13425.2001953125
2015-11-27,13368.2001953125
2015-11-30,13469.7998046875
2015-12-01,13636.099609375
2015-12-02,13463.7998046875
2015-12-03,13324.7001953125
2015-12-04,13358.7998046875
2015-12-07,13042.7998046875
2015-12-08,12922.5
2015-12-09,12937.599609375
2015-12-10,13016.599609375
2015-12-11,12790.0
2015-12-14,12695.5
2015-12-15,12919.599609375
2015-12-16,13166.099609375
2015-12-17,13009.900390625
2015-12-18,13024.2998046875
2015-12-21,13034.400390625
2015-12-22,13082.900390625
2015-12-23,13284.900390625
2015-12-24,13309.7998046875
2015-12-29,13245.7998046875
2015-12-30,13142.2998046875
2015-12-31,13010.0
2016-01-04,12927.2001953125
2016-01-05,12920.099609375
2016-01-06,12726.7998046875
2016-01-07,12448.2001953125
2016-01-08,12445.5
2016-01-11,12319.2998046875
2016-01-12,12373.900390625
2016-01-13,12170.400390625
2016-01-14,12336.0
2016-01-15,12073.5
2016-01-18,11942.2001953125
2016-01-19,12002.2001953125
2016-01-20,11843.099609375
2016-01-21,12035.900390625
2016-01-22,12389.599609375
2016-01-25,12143.2001953125
2016-01-26,12331.2998046875
2016-01-27,12377.7998046875
2016-01-28,12591.900390625
2016-01-29,12822.099609375
2016-02-01,12674.400390625
2016-02-02,12442.2998046875
2016-02-03,12593.0
2016-02-04,12774.5
2016-02-05,12764.0
2016-02-08,12535.400390625
2016-02-09,12282.7001953125
2016-02-10,12185.7001953125
2016-02-11,12087.400390625
2016-02-12,12381.2001953125
2016-02-16,12555.0
2016-02-17,12867.2001953125
2016-02-18,12931.400390625
2016-02-19,12813.400390625
2016-02-22,12845.599609375
2016-02-23,12763.400390625
2016-02-24,12740.2998046875
2016-02-25,12753.599609375
2016-02-26,12797.7998046875
2016-02-29,12860.400390625
2016-03-01,12982.099609375
2016-03-02,13017.900390625
2016-03-03,13123.7001953125
2016-03-04,13212.5
2016-03-07,13383.599609375
2016-03-08,13311.099609375
2016-03-09,13392.900390625
2016-03-10,13379.099609375
2016-03-11,13522.0
2016-03-14,13477.5
2016-03-15,13400.2998046875
2016-03-16,13478.099609375
2016-03-17,13621.2998046875
2016-03-18,13497.099609375
2016-03-21,13561.099609375
2016-03-22,13493.5
2016-03-23,13379.5
2016-03-24,13358.099609375
2016-03-28,13390.2001953125
2016-03-29,13426.2001953125
2016-03-30,13504.0
2016-03-31,13494.400390625
2016-04-01,13440.400390625
2016-04-04,13336.2001953125
2016-04-05,13304.7001953125
2016-04-06,13347.5
2016-04-07,13266.400390625
2016-04-08,13396.7001953125
2016-04-11,13422.7998046875
2016-04-12,13581.400390625
2016-04-13,13671.400390625
2016-04-14,13668.2998046875
2016-04-15,13637.2001953125
2016-04-18,13719.7998046875
2016-04-19,13867.2998046875
2016-04-20,13911.2998046875
2016-04-21,13881.2001953125
2016-04-22,13874.0
2016-04-25,13796.0
2016-04-26,13809.400390625
2016-04-27,13887.7001953125
2016-04-28,13886.400390625
2016-04-29,13951.5
2016-05-02,13865.599609375
2016-05-03,13707.7001953125
2016-05-04,13632.0
2016-05-05,13632.0
2016-05-06,13701.5
2016-05-09,13563.7998046875
2016-05-10,13775.2001953125
2016-05-11,13788.2001953125
2016-05-12,13787.7998046875
2016-05-13,13748.599609375
2016-05-16,13893.5
2016-05-17,13917.099609375
2016-05-18,13826.0
2016-05-19,13817.2998046875
2016-05-20,13919.599609375
2016-05-24,13952.900390625
2016-05-25,14053.7001953125
2016-05-26,14049.2001953125
2016-05-27,14105.2001953125
2016-05-30,14086.7001953125
2016-05-31,14065.7998046875
2016-06-01,14063.5
2016-06-02,14137.0
2016-06-03,14226.7998046875
2016-06-06,14276.2001953125
2016-06-07,14365.599609375
2016-06-08,14313.099609375
2016-06-09,14240.0
2016-06-10,14037.5
2016-06-13,13993.900390625
2016-06-14,13884.2001953125
2016-06-15,13923.5
2016-06-16,13882.400390625
2016-06-17,13901.7998046875
2016-06-20,14015.099609375
2016-06-21,14012.2998046875
2016-06-22,14003.7998046875
2016-06-23,14131.400390625
2016-06-24,13891.900390625
2016-06-27,13689.7998046875
2016-06-28,13842.7001953125
2016-06-29,14036.7001953125
2016-06-30,14064.5
2016-07-04,14258.900390625
2016-07-05,14219.599609375
2016-07-06,14231.099609375
2016-07-07,14134.5
2016-07-08,14259.7998046875
2016-07-11,14361.900390625
2016-07-12,14477.7001953125
2016-07-13,14493.7998046875
2016-07-14,14514.5
2016-07-15,14482.400390625
2016-07-18,14532.400390625
2016-07-19,14524.599609375
2016-07-20,14533.599609375
2016-07-21,14565.7998046875
2016-07-22,14600.7001953125
2016-07-25,14498.099609375
2016-07-26,14550.0
2016-07-27,14546.5
2016-07-28,14552.7001953125
2016-07-29,14582.7001953125
2016-08-02,14477.0
2016-08-03,14512.099609375
2016-08-04,14528.7998046875
2016-08-05,14648.7998046875
2016-08-08,14755.599609375
2016-08-09,14801.2001953125
2016-08-10,14775.0
2016-08-11,14796.099609375
2016-08-12,14747.5
2016-08-15,14777.0
2016-08-16,14703.400390625
2016-08-17,14697.599609375
2016-08-18,14695.7001953125
2016-08-19,14687.5
2016-08-22,14748.2001953125
2016-08-23,14764.7998046875
2016-08-24,14626.2001953125
2016-08-25,14630.7001953125
2016-08-26,14639.900390625
2016-08-29,14682.0
2016-08-30,14684.900390625
2016-08-31,14598.0
2016-09-01,14683.900390625
2016-09-02,14795.7001953125
2016-09-06,14813.0
2016-09-07,14796.7998046875
2016-09-08,14803.2998046875
2016-09-09,14540.0
2016-09-12,14597.099609375
2016-09-13,14349.099609375
2016-09-14,14366.5
2016-09-15,14503.7001953125
2016-09-16,14450.7001953125
2016-09-19,14496.2001953125
2016-09-20,14522.0
2016-09-21,14710.7998046875
2016-09-22,14797.2001953125
2016-09-23,14697.900390625
2016-09-26,14619.5
2016-09-27,14558.0
2016-09-28,14731.400390625
2016-09-29,14754.599609375
2016-09-30,14725.900390625
2016-10-03,14689.0
2016-10-04,14521.0
2016-10-05,14610.599609375
2016-10-06,14595.5
2016-10-07,14566.2998046875
2016-10-11,14549.599609375
2016-10-12,14619.0
2016-10-13,14643.7001953125
2016-10-14,14585.0
2016-10-17,14596.5
2016-10-18,14752.2998046875
2016-10-19,14840.5
2016-10-20,14847.900390625
2016-10-21,14939.0
2016-10-24,14923.0
2016-10-25,14870.599609375
2016-10-26,14807.599609375
2016-10-27,14833.7998046875
2016-10-28,14785.2998046875
2016-10-31,14787.2998046875
2016-11-01,14778.2998046875
2016-11-02,14594.7001953125
2016-11-03,14583.400390625
2016-11-04,14509.2998046875
2016-11-07,14652.5
2016-11-08,14656.7998046875
2016-11-09,14759.900390625
2016-11-10,14744.2998046875
2016-11-11,14555.400390625
2016-11-14,14598.5
2016-11-15,14756.099609375
2016-11-16,14733.2001953125
2016-11-17,14826.099609375
2016-11-18,14864.0
2016-11-21,15039.900390625
2016-11-22,15100.400390625
2016-11-23,15080.900390625
2016-11-24,15075.2001953125
2016-11-25,15075.400390625
2016-11-28,15015.400390625
2016-11-29,14999.7998046875
2016-11-30,15082.900390625
2016-12-01,15027.5
2016-12-02,15052.5
2016-12-05,15095.2001953125
2016-12-06,15125.7998046875
2016-12-07,15237.7998046875
2016-12-08,15295.2001953125
2016-12-09,15312.2001953125
2016-12-12,15287.7001953125
2016-12-13,15385.2998046875
2016-12-14,15197.2001953125
2016-12-15,15218.2998046875
2016-12-16,15252.2001953125
2016-12-19,15269.900390625
2016-12-20,15293.0
2016-12-21,15305.900390625
2016-12-22,15335.2001953125
2016-12-23,15328.2001953125
2016-12-28,15361.099609375
2016-12-29,15422.099609375
2016-12-30,15287.599609375
2017-01-03,15403.0
2017-01-04,15516.7998046875
2017-01-05,15586.599609375
2017-01-06,15496.099609375
2017-01-09,15389.0
2017-01-10,15426.2998046875
2017-01-11,15491.5
2017-01-12,15418.2001953125
2017-01-13,15497.2998046875
2017-01-16,15479.2998046875
2017-01-17,15441.400390625
2017-01-18,15397.900390625
2017-01-19,15409.7998046875
2017-01-20,15547.900390625
2017-01-23,15480.099609375
2017-01-24,15610.7001953125
2017-01-25,15643.7998046875
2017-01-26,15615.5
2017-01-27,15575.7998046875
2017-01-30,15405.099609375
2017-01-31,15386.0
2017-02-01,15402.400390625
2017-02-02,15399.099609375
2017-02-03,15476.400390625
2017-02-06,15456.900390625
2017-02-07,15498.7998046875
2017-02-08,15554.0
2017-02-09,15617.2998046875
2017-02-10,15729.099609375
2017-02-13,15756.599609375
2017-02-14,15786.0
2017-02-15,15845.0
2017-02-16,15864.2001953125
2017-02-17,15838.599609375
2017-02-21,15922.400390625
2017-02-22,15830.2001953125
2017-02-23,15781.2001953125
2017-02-24,15533.5
2017-02-27,15463.5
2017-02-28,15399.2001953125
2017-03-01,15599.7001953125
2017-03-02,15536.7001953125
2017-03-03,15608.5
2017-03-06,15629.7998046875
2017-03-07,15608.7998046875
2017-03-08,15497.0
2017-03-09,15496.7998046875
2017-03-10,15506.7001953125
2017-03-13,15544.7998046875
2017-03-14,15379.599609375
2017-03-15,15520.900390625
2017-03-16,15562.400390625
2017-03-17,15490.5
2017-03-20,15442.2998046875
2017-03-21,15313.099609375
2017-03-22,15348.5
2017-03-23,15433.599609375
2017-03-24,15442.7001953125
2017-03-27,15506.2001953125
2017-03-28,15598.599609375
2017-03-29,15657.599609375
2017-03-30,15578.7998046875
2017-03-31,15547.7998046875
2017-04-03,15584.400390625
2017-04-04,15669.099609375
2017-04-05,15643.0
2017-04-06,15697.2001953125
2017-04-07,15667.099609375
2017-04-10,15730.7998046875
2017-04-11,15727.099609375
2017-04-12,15648.400390625
2017-04-13,15535.5
2017-04-17,15684.900390625
2017-04-18,15622.599609375
2017-04-19,15552.900390625
2017-04-20,15625.599609375
2017-04-21,15614.5
2017-04-24,15712.5
2017-04-25,15745.2001953125
2017-04-26,15649.5
2017-04-27,15506.5
2017-04-28,15586.099609375
2017-05-01,15575.599609375
2017-05-02,15619.7001953125
2017-05-03,15543.099609375
2017-05-04,15396.7001953125
2017-05-05,15582.0
2017-05-08,15652.099609375
2017-05-09,15569.2001953125
2017-05-10,15633.2001953125
2017-05-11,15550.599609375
2017-05-12,15537.900390625
2017-05-15,15629.5
2017-05-16,15543.2998046875
2017-05-17,15273.7001953125
2017-05-18,15277.2001953125
2017-05-19,15458.5
2017-05-23,15476.900390625
2017-05-24,15419.5
2017-05-25,15410.7001953125
2017-05-26,15416.900390625
2017-05-29,15421.900390625
2017-05-30,15372.400390625
2017-05-31,15349.900390625
2017-06-01,15469.900390625
2017-06-02,15442.7998046875
2017-06-05,15409.7998046875
2017-06-06,15464.599609375
2017-06-07,15372.099609375
2017-06-08,15423.099609375
2017-06-09,15473.2001953125
2017-06-12,15383.7998046875
2017-06-13,15379.7998046875
2017-06-14,15170.099609375
2017-06-15,15160.400390625
2017-06-16,15192.5
2017-06-19,15266.0
2017-06-20,15149.599609375
2017-06-21,15148.5
2017-06-22,15219.900390625
2017-06-23,15319.599609375
2017-06-26,15316.0
2017-06-27,15281.2001953125
2017-06-28,15355.599609375
2017-06-29,15213.400390625
2017-06-30,15182.2001953125
2017-07-04,15130.599609375
2017-07-05,15153.099609375
2017-07-06,15078.0
2017-07-07,15027.2001953125
2017-07-10,15105.2998046875
2017-07-11,15149.099609375
2017-07-12,15144.0
2017-07-13,15135.0
2017-07-14,15174.7998046875
2017-07-17,15165.400390625
2017-07-18,15149.599609375
2017-07-19,15244.7001953125
2017-07-20,15264.599609375
2017-07-21,15183.099609375
2017-07-24,15128.7001953125
2017-07-25,15202.400390625
2017-07-26,15171.400390625
2017-07-27,15191.400390625
2017-07-28,15128.7001953125
2017-07-31,15143.900390625
2017-08-01,15202.099609375
2017-08-02,15265.599609375
2017-08-03,15192.0
2017-08-04,15258.0
2017-08-08,15256.400390625
2017-08-09,15217.2998046875
2017-08-10,15074.2998046875
2017-08-11,15033.400390625
2017-08-14,15119.900390625
2017-08-15,15097.7998046875
2017-08-16,15082.2001953125
2017-08-17,15033.599609375
2017-08-18,14952.2998046875
2017-08-21,14951.900390625
2017-08-22,14985.0
2017-08-23,15063.2001953125
2017-08-24,15076.2001953125
2017-08-25,15056.0
2017-08-28,15052.0
2017-08-29,15082.7001953125
2017-08-30,15133.099609375
2017-08-31,15211.900390625
2017-09-01,15191.599609375
2017-09-05,15090.2001953125
2017-09-06,15059.7998046875
2017-09-07,15024.5
2017-09-08,14985.2998046875
2017-09-11,15040.2998046875
2017-09-12,15143.400390625
2017-09-13,15126.7998046875
2017-09-14,15172.7001953125
2017-09-15,15173.0
2017-09-18,15236.7001953125
2017-09-19,15293.0
2017-09-20,15389.599609375
2017-09-21,15454.900390625
2017-09-22,15454.2001953125
2017-09-25,15516.2001953125
2017-09-26,15474.099609375
2017-09-27,15609.7001953125
2017-09-28,15618.2998046875
2017-09-29,15634.900390625
2017-10-02,15705.0
2017-10-03,15728.5
2017-10-04,15721.0
2017-10-05,15776.2998046875
2017-10-06,15728.2998046875
2017-10-10,15770.400390625
2017-10-11,15800.400390625
2017-10-12,15742.2001953125
2017-10-13,15807.2001953125
2017-10-16,15802.7001953125
2017-10-17,15816.900390625
2017-10-18,15782.2001953125
2017-10-19,15818.0
2017-10-20,15857.2001953125
2017-10-23,15855.7998046875
2017-10-24,15905.099609375
2017-10-25,15854.7998046875
2017-10-26,15891.599609375
2017-10-27,15953.5
2017-10-30,16002.7998046875
2017-10-31,16025.599609375
2017-11-01,16029.2998046875
2017-11-02,16015.0
2017-11-03,16020.2001953125
2017-11-06,16092.2001953125
2017-11-07,16131.7998046875
2017-11-08,16105.400390625
2017-11-09,16082.099609375
2017-11-10,16039.2998046875
2017-11-13,16026.2998046875
2017-11-14,15913.099609375
2017-11-15,15878.5
2017-11-16,15935.400390625
2017-11-17,15998.599609375
2017-11-20,16004.400390625
2017-11-21,16076.7001953125
2017-11-22,16073.599609375
2017-11-23,16074.2998046875
2017-11-24,16108.099609375
2017-11-27,16042.099609375
2017-11-28,16029.599609375
2017-11-29,15967.7001953125
2017-11-30,16067.5
2017-12-01,16039.0
2017-12-04,15969.0
2017-12-05,15915.7001953125
2017-12-06,15908.7998046875
2017-12-07,16015.7001953125
2017-12-08,16096.099609375
2017-12-11,16103.5
2017-12-12,16114.0
2017-12-13,16136.599609375
2017-12-14,16016.5
2017-12-15,16042.0
2017-12-18,16131.599609375
2017-12-19,16133.400390625
2017-12-20,16159.7001953125
2017-12-21,16182.599609375
2017-12-22,16165.2998046875
2017-12-27,16203.099609375
2017-12-28,16222.0
2017-12-29,16209.099609375
2018-01-02,16310.0
2018-01-03,16371.599609375
2018-01-04,16412.900390625
2018-01-05,16349.400390625
2018-01-08,16317.7001953125
2018-01-09,16319.2001953125
2018-01-10,16248.0
2018-01-11,16286.900390625
2018-01-12,16308.2001953125
2018-01-15,16371.7998046875
2018-01-16,16298.900390625
2018-01-17,16326.7001953125
2018-01-18,16284.5
2018-01-19,16353.5
2018-01-22,16348.0
2018-01-23,16357.599609375
2018-01-24,16284.2001953125
2018-01-25,16204.0
2018-01-26,16239.2001953125
2018-01-29,16094.7001953125
2018-01-30,15955.5
2018-01-31,15951.7001953125
2018-02-01,15860.900390625
2018-02-02,15606.0
2018-02-05,15334.7998046875
2018-02-06,15363.900390625
2018-02-07,15330.599609375
2018-02-08,15065.599609375
2018-02-09,15034.5
2018-02-12,15241.900390625
2018-02-13,15216.5
2018-02-14,15328.2998046875
2018-02-15,15407.7001953125
2018-02-16,15452.599609375
2018-02-20,15439.400390625
2018-02-21,15524.0
2018-02-22,15508.2001953125
2018-02-23,15638.5
2018-02-26,15714.7001953125
2018-02-27,15671.2001953125
2018-02-28,15442.7001953125
2018-03-01,15394.0
2018-03-02,15384.599609375
2018-03-05,15541.2998046875
2018-03-06,15545.2001953125
2018-03-07,15472.599609375
2018-03-08,15538.7001953125
2018-03-09,15577.7998046875
2018-03-12,15604.7998046875
2018-03-13,15647.099609375
2018-03-14,15653.599609375
2018-03-15,15670.599609375
2018-03-16,15711.2998046875
2018-03-19,15589.400390625
2018-03-20,15616.400390625
2018-03-21,15675.2998046875
2018-03-22,15399.900390625
2018-03-23,15223.7001953125
2018-03-26,15298.599609375
2018-03-27,15216.2001953125
2018-03-28,15169.900390625
2018-03-29,15367.2998046875
2018-04-02,15213.5
2018-04-03,15180.7998046875
2018-04-04,15164.400390625
2018-04-05,15356.099609375
2018-04-06,15207.400390625
2018-04-09,15227.7001953125
2018-04-10,15262.099609375
2018-04-11,15257.900390625
2018-04-12,15269.2998046875
2018-04-13,15274.0
2018-04-16,15300.400390625
2018-04-17,15353.2998046875
2018-04-18,15530.0
2018-04-19,15454.400390625
2018-04-20,15484.2998046875
2018-04-23,15552.099609375
2018-04-24,15477.0
2018-04-25,15509.7998046875
2018-04-26,15637.599609375
2018-04-27,15668.900390625
2018-04-30,15607.900390625
2018-05-01,15618.900390625
2018-05-02,15627.900390625
2018-05-03,15621.5
2018-05-04,15729.400390625
2018-05-07,15808.599609375
2018-05-08,15842.7001953125
2018-05-09,15910.7998046875
2018-05-10,15959.5
2018-05-11,15983.2998046875
2018-05-14,16085.599609375
2018-05-15,16097.7998046875
2018-05-16,16108.099609375
2018-05-17,16143.599609375
2018-05-18,16162.2998046875
2018-05-22,16144.7998046875
2018-05-23,16133.7998046875
2018-05-24,16113.599609375
2018-05-25,16075.7001953125
2018-05-28,16016.099609375
2018-05-29,15922.599609375
2018-05-30,16048.7001953125
2018-05-31,16061.5
2018-06-01,16043.5
2018-06-04,16052.2001953125
2018-06-05,16122.2998046875
2018-06-06,16183.900390625
2018-06-07,16192.7998046875
2018-06-08,16202.7001953125
2018-06-11,16263.2998046875
2018-06-12,16289.0
2018-06-13,16265.7998046875
2018-06-14,16329.0
2018-06-15,16314.400390625
2018-06-18,16383.599609375
2018-06-19,16316.5
2018-06-20,16421.0
2018-06-21,16335.2001953125
2018-06-22,16450.099609375
2018-06-25,16184.0
2018-06-26,16280.099609375
2018-06-27,16231.2998046875
2018-06-28,16179.900390625
2018-06-29,16277.7001953125
2018-07-03,16263.2001953125
2018-07-04,16304.7001953125
2018-07-05,16266.599609375
2018-07-06,16371.7998046875
2018-07-09,16452.30078125
2018-07-10,16548.69921875
2018-07-11,16417.30078125
2018-07-12,16567.400390625
2018-07-13,16561.099609375
2018-07-16,16494.69921875
2018-07-17,16519.19921875
2018-07-18,16477.400390625
2018-07-19,16543.0
2018-07-20,16435.5
2018-07-23,16420.80078125
2018-07-24,16390.099609375
2018-07-25,16420.80078125
2018-07-26,16455.69921875
2018-07-27,16394.0
2018-07-30,16345.5
2018-07-31,16434.0
2018-08-01,16376.7998046875
2018-08-02,16409.19921875
2018-08-03,16420.19921875
2018-08-07,16286.2998046875
2018-08-08,16315.099609375
2018-08-09,16417.0
2018-08-10,16326.5
2018-08-13,16250.7998046875
2018-08-14,16330.7001953125
2018-08-15,16148.5
2018-08-16,16225.7001953125
2018-08-17,16323.7001953125
2018-08-20,16331.0
2018-08-21,16297.0
2018-08-22,16347.2998046875
2018-08-23,16326.7998046875
2018-08-24,16356.099609375
2018-08-27,16444.400390625
2018-08-28,16355.5
2018-08-29,16390.30078125
2018-08-30,16371.599609375
2018-08-31,16262.900390625
2018-09-04,16161.2998046875
2018-09-05,16137.599609375
2018-09-06,16100.900390625
2018-09-07,16090.2998046875
2018-09-10,16057.099609375
2018-09-11,16094.2998046875
2018-09-12,16049.0
2018-09-13,16001.7001953125
2018-09-14,16013.5
2018-09-17,16082.2998046875
2018-09-18,16196.0
2018-09-19,16149.900390625
2018-09-20,16214.7998046875
2018-09-21,16224.099609375
2018-09-24,16207.2998046875
2018-09-25,16159.5
2018-09-26,16169.2998046875
2018-09-27,16204.599609375
2018-09-28,16073.099609375
2018-10-01,16104.400390625
2018-10-02,16017.2001953125
2018-10-03,16072.099609375
2018-10-04,16006.7001953125
2018-10-05,15946.2001953125
2018-10-09,15854.099609375
2018-10-10,15517.400390625
2018-10-11,15317.099609375
2018-10-12,15414.2998046875
2018-10-15,15409.5
2018-10-16,15579.7001953125
2018-10-17,15529.900390625
2018-10-18,15404.099609375
2018-10-19,15470.099609375
2018-10-22,15412.7001953125
2018-10-23,15285.2001953125
2018-10-24,14909.099609375
2018-10-25,14924.099609375
2018-10-26,14888.2998046875
2018-10-29,14721.7998046875
2018-10-30,14894.5
2018-10-31,15027.2998046875
2018-11-01,15150.2001953125
2018-11-02,15119.2998046875
2018-11-05,15217.7001953125
2018-11-06,15292.7001953125
2018-11-07,15369.400390625
2018-11-08,15357.5
2018-11-09,15274.400390625
2018-11-12,15156.400390625
2018-11-13,15131.7998046875
2018-11-14,15133.099609375
2018-11-15,15144.900390625
2018-11-16,15155.5
2018-11-19,15071.0
2018-11-20,14877.0
2018-11-21,15095.0
2018-11-22,15091.599609375
2018-11-23,15010.7001953125
2018-11-26,15012.7001953125
2018-11-27,14944.099609375
2018-11-28,15171.2998046875
2018-11-29,15194.0
2018-11-30,15197.7998046875
2018-12-03,15275.0
2018-12-04,15063.599609375
2018-12-05,15182.599609375
2018-12-06,14937.0
2018-12-07,14795.099609375
2018-12-10,14728.2998046875
2018-12-11,14667.7998046875
2018-12-12,14783.099609375
2018-12-13,14750.400390625
2018-12-14,14595.099609375
2018-12-17,14362.7001953125
2018-12-18,14416.900390625
2018-12-19,14264.099609375
2018-12-20,14141.7998046875
2018-12-21,13935.400390625
2018-12-24,13780.2001953125
2018-12-27,14165.2001953125
2018-12-28,14222.0
2018-12-31,14322.900390625
2019-01-02,14347.2001953125
2019-01-03,14212.7998046875
2019-01-04,14426.599609375
2019-01-07,14504.099609375
2019-01-08,14605.2001953125
2019-01-09,14804.7001953125
2019-01-10,14903.5
2019-01-11,14939.2001953125
2019-01-14,14975.5
2019-01-15,15046.2998046875
2019-01-16,15111.2998046875
2019-01-17,15211.2001953125
2019-01-18,15303.7998046875
2019-01-21,15354.2001953125
2019-01-22,15233.7998046875
2019-01-23,15208.2998046875
2019-01-24,15280.7998046875
2019-01-25,15366.099609375
2019-01-28,15378.599609375
2019-01-29,15463.099609375
2019-01-30,15484.599609375
2019-01-31,15540.599609375
2019-02-01,15506.2998046875
2019-02-04,15602.2998046875
2019-02-05,15702.7001953125
2019-02-06,15712.2998046875
2019-02-07,15703.400390625
2019-02-08,15633.2998046875
2019-02-11,15568.900390625
2019-02-12,15642.099609375
2019-02-13,15626.7001953125
2019-02-14,15696.0
2019-02-15,15838.2001953125
2019-02-19,15937.400390625
2019-02-20,16031.2001953125
2019-02-21,16000.900390625
2019-02-22,16013.0
2019-02-25,16057.0
2019-02-26,16067.900390625
2019-02-27,16074.2998046875
2019-02-28,15999.0
2019-03-01,16068.2998046875
2019-03-04,16038.099609375
2019-03-05,16086.5
2019-03-06,16092.099609375
2019-03-07,16056.5
2019-03-08,15996.2001953125
2019-03-11,16106.2001953125
2019-03-12,16136.7001953125
2019-03-13,16150.0
2019-03-14,16087.599609375
2019-03-15,16140.400390625
2019-03-18,16251.400390625
2019-03-19,16188.099609375
2019-03-20,16167.599609375
2019-03-21,16244.599609375
2019-03-22,16089.2998046875
2019-03-25,16065.900390625
2019-03-26,16155.2001953125
2019-03-27,16132.5
2019-03-28,16155.5
2019-03-29,16102.099609375
2019-04-01,16228.099609375
2019-04-02,16263.900390625
2019-04-03,16279.900390625
2019-04-04,16311.599609375
2019-04-05,16396.19921875
2019-04-08,16407.30078125
2019-04-09,16336.5
2019-04-10,16396.30078125
2019-04-11,16399.5
2019-04-12,16480.5
2019-04-15,16515.5
2019-04-16,16502.19921875
2019-04-17,16544.19921875
2019-04-18,16612.80078125
2019-04-22,16577.30078125
2019-04-23,16669.400390625
2019-04-24,16586.5
2019-04-25,16576.099609375
2019-04-26,16613.5
2019-04-29,16600.400390625
2019-04-30,16580.69921875
2019-05-01,16502.80078125
2019-05-02,16410.900390625
2019-05-03,16494.400390625
2019-05-06,16493.5
2019-05-07,16357.7998046875
2019-05-08,16397.400390625
2019-05-09,16321.7998046875
2019-05-10,16297.599609375
2019-05-13,16193.400390625
2019-05-14,16284.5
2019-05-15,16318.099609375
2019-05-16,16443.900390625
2019-05-17,16401.80078125
2019-05-21,16426.5
2019-05-22,16327.400390625
2019-05-23,16164.599609375
2019-05-24,16230.0
2019-05-27,16346.7001953125
2019-05-28,16297.5
2019-05-29,16131.5
2019-05-30,16089.2001953125
2019-05-31,16037.5
2019-06-03,16015.900390625
2019-06-04,16166.2001953125
2019-06-05,16212.7001953125
2019-06-06,16227.7998046875
2019-06-07,16231.0
2019-06-10,16216.2998046875
2019-06-11,16248.7998046875
2019-06-12,16227.2001953125
2019-06-13,16239.2998046875
2019-06-14,16301.900390625
2019-06-17,16353.5
2019-06-18,16503.400390625
2019-06-19,16511.80078125
2019-06-20,16574.80078125
2019-06-21,16525.400390625
2019-06-24,16523.5
2019-06-25,16371.2998046875
2019-06-26,16312.2001953125
2019-06-27,16307.7001953125
2019-06-28,16382.2001953125
2019-07-02,16471.30078125
2019-07-03,16576.19921875
2019-07-04,16588.900390625
2019-07-05,16542.0
2019-07-08,16463.0
2019-07-09,16545.19921875
2019-07-10,16563.30078125
2019-07-11,16527.900390625
2019-07-12,16488.099609375
2019-07-15,16510.80078125
2019-07-16,16502.400390625
2019-07-17,16484.19921875
2019-07-18,16494.19921875
2019-07-19,16485.900390625
2019-07-22,16518.900390625
2019-07-23,16572.69921875
2019-07-24,16611.80078125
2019-07-25,16488.19921875
2019-07-26,16531.0
2019-07-29,16492.19921875
2019-07-30,16466.099609375
2019-07-31,16406.599609375
2019-08-01,16377.0
2019-08-02,16271.7001953125
2019-08-06,16149.5
2019-08-07,16265.2001953125
2019-08-08,16404.5
2019-08-09,16341.2998046875
2019-08-12,16237.7998046875
2019-08-13,16350.7998046875
2019-08-14,16045.900390625
2019-08-15,16012.5
2019-08-16,16149.7998046875
2019-08-19,16304.099609375
2019-08-20,16213.2998046875
2019-08-21,16309.2001953125
2019-08-22,16253.5
2019-08-23,16037.599609375
2019-08-26,16098.7998046875
2019-08-27,16183.599609375
2019-08-28,16271.7001953125
2019-08-29,16384.5
2019-08-30,16442.099609375
2019-09-03,16399.19921875
2019-09-04,16448.80078125
2019-09-05,16574.80078125
2019-09-06,16535.30078125
2019-09-09,16495.099609375
2019-09-10,16537.30078125
2019-09-11,16611.099609375
2019-09-12,16643.30078125
2019-09-13,16682.400390625
2019-09-16,16751.30078125
2019-09-17,16834.80078125
2019-09-18,16800.30078125
2019-09-19,16858.400390625
2019-09-20,16899.69921875
2019-09-23,16867.19921875
2019-09-24,16798.30078125
2019-09-25,16784.30078125
2019-09-26,16790.400390625
2019-09-27,16694.30078125
2019-09-30,16658.599609375
2019-10-01,16447.69921875
2019-10-02,16311.0
2019-10-03,16369.0
2019-10-04,16449.400390625
2019-10-07,16421.80078125
2019-10-08,16294.0
2019-10-09,16379.900390625
2019-10-10,16422.69921875
2019-10-11,16415.19921875
2019-10-15,16418.400390625
2019-10-16,16427.19921875
2019-10-17,16426.30078125
2019-10-18,16377.099609375
2019-10-21,16418.5
2019-10-22,16391.5
2019-10-23,16335.900390625
2019-10-24,16369.2998046875
2019-10-25,16404.5
2019-10-28,16387.5
2019-10-29,16418.099609375
2019-10-30,16501.400390625
2019-10-31,16483.19921875
2019-11-01,16594.099609375
2019-11-04,16669.80078125
2019-11-05,16681.900390625
2019-11-06,16745.599609375
2019-11-07,16805.80078125
2019-11-08,16877.400390625
2019-11-11,16882.80078125
2019-11-12,16909.400390625
2019-11-13,16958.0
2019-11-14,16972.19921875
2019-11-15,17028.5
2019-11-18,17025.099609375
2019-11-19,17011.400390625
2019-11-20,17005.80078125
2019-11-21,16999.19921875
2019-11-22,16954.80078125
2019-11-25,17032.900390625
2019-11-26,17035.900390625
2019-11-27,17100.599609375
2019-11-28,17114.5
2019-11-29,17040.19921875
2019-12-02,16981.5
2019-12-03,16892.19921875
2019-12-04,16897.30078125
2019-12-05,16854.900390625
2019-12-06,16997.0
2019-12-09,16950.900390625
2019-12-10,16950.69921875
2019-12-11,16939.599609375
2019-12-12,16946.900390625
2019-12-13,17003.099609375
2019-12-16,17056.400390625
2019-12-17,17075.19921875
2019-12-18,17032.0
2019-12-19,17064.0
2019-12-20,17118.400390625
2019-12-23,17128.69921875
2019-12-24,17180.19921875
2019-12-27,17168.19921875
2019-12-30,17098.599609375
2019-12-31,17063.400390625
2020-01-02,17100.0
2020-01-03,17066.099609375
2020-01-06,17105.5
2020-01-07,17168.099609375
2020-01-08,17167.80078125
2020-01-09,17235.599609375
2020-01-10,17234.5
2020-01-13,17293.400390625
2020-01-14,17352.900390625
2020-01-15,17415.19921875
2020-01-16,17484.80078125
2020-01-17,17559.0
2020-01-20,17597.400390625
2020-01-21,17572.30078125
2020-01-22,17599.900390625
2020-01-23,17621.80078125
2020-01-24,17565.30078125
2020-01-27,17442.5
2020-01-28,17500.900390625
2020-01-29,17511.80078125
2020-01-30,17490.599609375
2020-01-31,17318.5
2020-02-03,17379.80078125
2020-02-04,17512.69921875
2020-02-05,17651.599609375
2020-02-06,17757.5
2020-02-07,17655.5
2020-02-10,17740.599609375
2020-02-11,17777.099609375
2020-02-12,17832.900390625
2020-02-13,17821.19921875
2020-02-14,17848.400390625
2020-02-18,17858.30078125
2020-02-19,17925.400390625
2020-02-20,17944.099609375
2020-02-21,17843.5
2020-02-24,17562.69921875
2020-02-25,17177.400390625
2020-02-26,17041.900390625
2020-02-27,16717.400390625
2020-02-28,16263.099609375
2020-03-02,16553.30078125
2020-03-03,16423.599609375
2020-03-04,16779.5
2020-03-05,16554.0
2020-03-06,16175.0
2020-03-09,14514.2001953125
2020-03-10,14958.099609375
2020-03-11,14270.099609375
2020-03-12,12508.5
2020-03-13,13716.2998046875
2020-03-16,12360.400390625
2020-03-17,12685.2001953125
2020-03-18,11721.400390625
2020-03-19,12170.5
2020-03-20,11851.7998046875
2020-03-23,11228.5
2020-03-24,12571.099609375
2020-03-25,13139.2001953125
2020-03-26,13371.2001953125
2020-03-27,12687.7001953125
2020-03-30,13038.5
2020-03-31,13378.7998046875
2020-04-01,12876.400390625
2020-04-02,13097.7998046875
2020-04-03,12938.2998046875
2020-04-06,13592.7001953125
2020-04-07,13614.099609375
2020-04-08,13925.7001953125
2020-04-09,14166.599609375
2020-04-13,14075.900390625
2020-04-14,14258.400390625
2020-04-15,13958.599609375
2020-04-16,13899.2998046875
2020-04-17,14359.900390625
2020-04-20,14388.2998046875
2020-04-21,13940.099609375
2020-04-22,14288.2001953125
2020-04-23,14251.099609375
2020-04-24,14420.400390625
2020-04-27,14642.099609375
2020-04-28,14798.2998046875
2020-04-29,15228.099609375
2020-04-30,14780.7001953125
2020-05-01,14620.2998046875
2020-05-04,14745.0
2020-05-05,14811.599609375
2020-05-06,14830.7001953125
2020-05-07,14833.7001953125
2020-05-08,14966.599609375
2020-05-11,15103.2001953125
2020-05-12,14881.2001953125
2020-05-13,14503.2001953125
2020-05-14,14509.7001953125
2020-05-15,14638.900390625
2020-05-19,14885.5
2020-05-20,14997.599609375
2020-05-21,14884.900390625
2020-05-22,14913.599609375
2020-05-25,15075.400390625
2020-05-26,15148.099609375
2020-05-27,15272.0
2020-05-28,15262.7001953125
2020-05-29,15192.7998046875
2020-06-01,15236.2001953125
2020-06-02,15394.400390625
2020-06-03,15575.099609375
2020-06-04,15527.900390625
2020-06-05,15854.099609375
2020-06-08,15974.900390625
2020-06-09,15833.7001953125
2020-06-10,15701.2998046875
2020-06-11,15050.900390625
2020-06-12,15256.599609375
2020-06-15,15359.7001953125
2020-06-16,15515.7998046875
2020-06-17,15428.7001953125
2020-06-18,15479.7998046875
2020-06-19,15474.2001953125
2020-06-22,15516.900390625
2020-06-23,15564.7998046875
2020-06-24,15294.400390625
2020-06-25,15446.099609375
2020-06-26,15189.0
2020-06-29,15389.7001953125
2020-06-30,15515.2001953125
2020-07-02,15622.400390625
2020-07-03,15596.7998046875
2020-07-06,15669.7001953125
2020-07-07,15595.5
2020-07-08,15629.2001953125
2020-07-09,15568.599609375
2020-07-10,15713.7998046875
2020-07-13,15639.400390625
2020-07-14,15908.5
2020-07-15,16063.2998046875
2020-07-16,16024.5
2020-07-17,16123.5
2020-07-20,16183.7001953125
2020-07-21,16163.0
2020-07-22,16171.099609375
2020-07-23,16018.7001953125
2020-07-24,15997.099609375
2020-07-27,16161.2998046875
2020-07-28,16121.2998046875
2020-07-29,16294.7001953125
2020-07-30,16299.2998046875
2020-07-31,16169.2001953125
2020-08-04,16368.0
2020-08-05,16501.599609375
2020-08-06,16579.099609375
2020-08-07,16544.5
2020-08-10,16605.5
2020-08-11,16497.0
2020-08-12,16575.30078125
2020-08-13,16530.099609375
2020-08-14,16514.599609375
2020-08-17,16656.099609375
2020-08-18,16626.099609375
2020-08-19,16577.400390625
2020-08-20,16606.80078125
2020-08-21,16517.900390625
2020-08-24,16626.599609375
2020-08-25,16617.5
2020-08-26,16790.0
2020-08-27,16731.5
2020-08-28,16705.80078125
2020-08-31,16514.400390625
2020-09-01,16645.0
2020-09-02,16698.0
2020-09-03,16448.900390625
2020-09-04,16218.0
2020-09-08,16099.5
2020-09-09,16383.599609375
2020-09-10,16185.2998046875
2020-09-11,16222.5
2020-09-14,16360.099609375
2020-09-15,16431.30078125
2020-09-16,16295.7001953125
2020-09-17,16246.7001953125
2020-09-18,16199.0
2020-09-21,15981.7998046875
2020-09-22,16142.900390625
2020-09-23,15817.099609375
2020-09-24,15912.2998046875
2020-09-25,16065.400390625
2020-09-28,16242.7998046875
2020-09-29,16211.5
2020-09-30,16121.400390625
2020-10-01,16184.5
2020-10-02,16199.2998046875
2020-10-05,16410.19921875
2020-10-06,16236.099609375
2020-10-07,16428.30078125
2020-10-08,16534.5
2020-10-09,16562.80078125
2020-10-13,16510.80078125
2020-10-14,16455.400390625
2020-10-15,16501.0
2020-10-16,16438.80078125
2020-10-19,16274.099609375
2020-10-20,16273.2998046875
2020-10-21,16230.2001953125
2020-10-22,16279.400390625
2020-10-23,16304.099609375
2020-10-26,16079.599609375
2020-10-27,16020.900390625
2020-10-28,15586.599609375
2020-10-29,15670.7001953125
2020-10-30,15580.599609375
2020-11-02,15696.900390625
2020-11-03,15939.2001953125
2020-11-04,15998.7001953125
2020-11-05,16298.2001953125
2020-11-06,16282.7998046875
2020-11-09,16475.900390625
2020-11-10,16615.400390625
2020-11-11,16774.099609375
2020-11-12,16582.19921875
2020-11-13,16675.599609375
2020-11-16,16889.80078125
2020-11-17,16948.099609375
2020-11-18,16889.80078125
2020-11-19,16909.80078125
2020-11-20,17019.099609375
2020-11-23,17094.5
2020-11-24,17274.30078125
2020-11-25,17313.099609375
2020-11-26,17351.30078125
2020-11-27,17396.599609375
2020-11-30,17190.30078125
2020-12-01,17296.900390625
2020-12-02,17358.19921875
2020-12-03,17398.0
2020-12-04,17521.0
2020-12-07,17582.400390625
2020-12-08,17639.0
2020-12-09,17559.900390625
2020-12-10,17593.30078125
2020-12-11,17548.900390625
2020-12-14,17387.400390625
2020-12-15,17506.5
2020-12-16,17567.400390625
2020-12-17,17652.900390625
2020-12-18,17534.599609375
2020-12-21,17500.900390625
2020-12-22,17552.5
2020-12-23,17593.599609375
2020-12-24,17623.900390625
2020-12-29,17543.400390625
2020-12-30,17545.80078125
2020-12-31,17433.400390625
2021-01-04,17527.80078125
2021-01-05,17682.5
2021-01-06,17828.099609375
2021-01-07,18027.599609375
2021-01-08,18042.099609375
2021-01-11,17934.5
2021-01-12,17985.80078125
2021-01-13,17934.69921875
2021-01-14,17958.099609375
2021-01-15,17909.0
2021-01-18,17944.900390625
2021-01-19,17957.400390625
2021-01-20,18014.900390625
2021-01-21,17916.19921875
2021-01-22,17845.900390625
2021-01-25,17906.0
2021-01-26,17779.400390625
2021-01-27,17424.400390625
2021-01-28,17657.19921875
2021-01-29,17337.0
2021-02-01,17692.5
2021-02-02,17874.5
2021-02-03,17915.900390625
2021-02-04,18042.0
2021-02-05,18135.900390625
2021-02-08,18330.30078125
2021-02-09,18408.599609375
2021-02-10,18457.80078125
2021-02-11,18393.0
2021-02-12,18460.19921875
2021-02-16,18492.5
2021-02-17,18374.80078125
2021-02-18,18274.099609375
2021-02-19,18384.30078125
2021-02-22,18416.69921875
2021-02-23,18330.099609375
2021-02-24,18484.5
2021-02-25,18223.5
2021-02-26,18060.30078125
2021-03-01,18299.599609375
2021-03-02,18421.599609375
2021-03-03,18320.69921875
2021-03-04,18125.69921875
2021-03-05,18381.0
2021-03-08,18457.80078125
2021-03-09,18599.19921875
2021-03-10,18690.0
2021-03-11,18844.599609375
2021-03-12,18851.30078125
2021-03-15,18954.80078125
2021-03-16,18874.0
2021-03-17,18983.099609375
2021-03-18,18836.5
2021-03-19,18854.0
2021-03-22,18815.099609375
2021-03-23,18669.80078125
2021-03-24,18628.30078125
2021-03-25,18651.099609375
2021-03-26,18752.599609375
2021-03-29,18719.19921875
2021-03-30,18705.599609375
2021-03-31,18700.69921875
2021-04-01,18990.30078125
2021-04-05,19026.80078125
2021-04-06,19104.099609375
2021-04-07,19129.099609375
2021-04-08,19228.900390625
2021-04-09,19228.0
2021-04-12,19201.30078125
2021-04-13,19203.69921875
2021-04-14,19171.69921875
2021-04-15,19321.900390625
2021-04-16,19351.30078125
2021-04-19,19204.400390625
2021-04-20,19040.80078125
2021-04-21,19143.30078125
2021-04-22,19031.599609375
2021-04-23,19102.30078125
2021-04-26,19170.599609375
2021-04-27,19175.099609375
2021-04-28,19357.0
2021-04-29,19255.900390625
2021-04-30,19108.30078125
2021-05-03,19213.19921875
2021-05-04,19188.0
2021-05-05,19310.69921875
2021-05-06,19291.0
2021-05-07,19472.69921875
2021-05-10,19361.900390625
2021-05-11,19274.0
2021-05-12,19107.80078125
2021-05-13,19135.80078125
2021-05-14,19366.69921875
2021-05-17,19474.69921875
2021-05-18,19507.099609375
2021-05-19,19417.0
2021-05-20,19543.0
2021-05-21,19527.30078125
2021-05-25,19564.099609375
2021-05-26,19745.5
2021-05-27,19774.400390625
2021-05-28,19852.19921875
2021-05-31,19731.0
2021-06-01,19976.0
2021-06-02,19971.19921875
2021-06-03,19941.400390625
2021-06-04,20029.19921875
2021-06-07,20035.30078125
2021-06-08,20065.900390625
2021-06-09,20002.30078125
2021-06-10,20049.5
2021-06-11,20138.400390625
2021-06-14,20157.69921875
2021-06-15,20231.30078125
2021-06-16,20231.0
2021-06-17,20144.0
2021-06-18,19999.599609375
2021-06-21,20156.400390625
2021-06-22,20200.69921875
2021-06-23,20164.400390625
2021-06-24,20215.099609375
2021-06-25,20230.30078125
2021-06-28,20145.30078125
2021-06-29,20171.0
2021-06-30,20165.599609375
2021-07-02,20226.099609375
2021-07-05,20281.5
2021-07-06,20300.0
2021-07-07,20290.599609375
2021-07-08,20061.19921875
2021-07-09,20258.0
2021-07-12,20233.099609375
2021-07-13,20270.69921875
2021-07-14,20147.19921875
2021-07-15,20183.69921875
2021-07-16,19985.5
2021-07-19,19726.5
2021-07-20,19942.69921875
2021-07-21,20110.099609375
2021-07-22,20097.5
2021-07-23,20188.400390625
2021-07-26,20165.0
2021-07-27,20173.400390625
2021-07-28,20230.400390625
2021-07-29,20311.80078125
2021-07-30,20287.80078125
2021-08-03,20365.900390625
2021-08-04,20329.69921875
2021-08-05,20375.5
2021-08-06,20475.400390625
2021-08-09,20437.400390625
2021-08-10,20495.69921875
2021-08-11,20554.0
2021-08-12,20520.599609375
2021-08-13,20518.099609375
2021-08-16,20483.400390625
2021-08-17,20363.599609375
2021-08-18,20302.099609375
2021-08-19,20215.400390625
2021-08-20,20339.0
2021-08-23,20477.30078125
2021-08-24,20547.80078125
2021-08-25,20587.30078125
2021-08-26,20504.19921875
2021-08-27,20644.599609375
2021-08-30,20595.0
2021-08-31,20582.900390625
2021-09-01,20689.599609375
2021-09-02,20795.099609375
2021-09-03,20821.400390625
2021-09-07,20806.599609375
2021-09-08,20741.80078125
2021-09-09,20705.30078125
2021-09-10,20633.099609375
2021-09-13,20666.400390625
2021-09-14,20553.30078125
2021-09-15,20693.80078125
2021-09-16,20602.099609375
2021-09-17,20490.400390625
2021-09-20,20154.5
2021-09-21,20244.30078125
2021-09-22,20401.5
2021-09-23,20461.900390625
2021-09-24,20402.69921875
2021-09-27,20463.400390625
2021-09-28,20174.099609375
2021-09-29,20158.099609375
2021-09-30,20070.30078125
2021-10-01,20150.900390625
2021-10-04,20052.30078125
2021-10-05,20183.400390625
2021-10-06,20191.69921875
2021-10-07,20416.19921875
2021-10-08,20416.30078125
2021-10-12,20437.099609375
2021-10-13,20618.5
2021-10-14,20819.900390625
2021-10-15,20928.099609375
2021-10-18,20985.400390625
2021-10-19,21087.0
2021-10-20,21188.19921875
2021-10-21,21212.400390625
2021-10-22,21216.19921875
2021-10-25,21284.80078125
2021-10-26,21173.5
2021-10-27,20955.0
2021-10-28,21197.5
2021-10-29,21037.099609375
2021-11-01,21247.0
2021-11-02,21170.0
2021-11-03,21265.099609375
2021-11-04,21342.099609375
2021-11-05,21455.80078125
2021-11-08,21556.5
2021-11-09,21594.5
2021-11-10,21461.900390625
2021-11-11,21582.0
2021-11-12,21768.5
2021-11-15,21683.099609375
2021-11-16,21717.19921875
2021-11-17,21653.0
2021-11-18,21637.5
2021-11-19,21555.0
2021-11-22,21420.80078125
2021-11-23,21453.80078125
2021-11-24,21548.400390625
2021-11-25,21613.19921875
2021-11-26,21125.900390625
2021-11-29,21149.0
2021-11-30,20660.0
2021-12-01,20464.599609375
2021-12-02,20762.0
2021-12-03,20633.30078125
2021-12-06,20861.099609375
2021-12-07,21162.69921875
2021-12-08,21077.400390625
2021-12-09,20925.5
2021-12-10,20890.599609375
2021-12-13,20748.5
2021-12-14,20648.599609375
2021-12-15,20769.19921875
2021-12-16,20739.80078125
2021-12-17,20739.19921875
2021-12-20,20538.19921875
2021-12-21,20924.900390625
2021-12-22,21070.099609375
2021-12-23,21218.900390625
2021-12-24,21229.69921875
2021-12-29,21344.69921875
2021-12-30,21294.599609375
2021-12-31,21222.80078125
2022-01-04,21236.5
2022-01-05,21039.69921875
2022-01-06,21072.19921875
2022-01-07,21084.5
2022-01-10,21072.30078125
2022-01-11,21274.80078125
2022-01-12,21395.0
2022-01-13,21293.0
2022-01-14,21357.599609375
2022-01-17,21537.5
2022-01-18,21274.599609375
2022-01-19,21205.19921875
2022-01-20,21058.19921875
2022-01-21,20621.400390625
2022-01-24,20571.30078125
2022-01-25,20591.0
2022-01-26,20595.900390625
2022-01-27,20544.099609375
2022-01-28,20741.80078125
2022-01-31,21098.30078125
2022-02-01,21319.900390625
2022-02-02,21362.400390625
2022-02-03,21094.0
2022-02-04,21271.900390625
2022-02-07,21235.5
2022-02-08,21377.19921875
2022-02-09,21604.19921875
2022-02-10,21531.69921875
2022-02-11,21548.80078125
2022-02-14,21352.5
2022-02-15,21502.599609375
2022-02-16,21383.599609375
2022-02-17,21176.30078125
2022-02-18,21008.19921875
2022-02-22,20907.80078125
2022-02-23,20744.19921875
2022-02-24,20761.900390625
2022-02-25,21106.0
2022-02-28,21126.400390625
2022-03-01,21004.5
2022-03-02,21255.599609375
2022-03-03,21250.400390625
2022-03-04,21402.400390625
2022-03-07,21304.400390625
2022-03-08,21232.0
2022-03-09,21493.19921875
2022-03-10,21581.69921875
2022-03-11,21461.80078125
2022-03-14,21180.80078125
2022-03-15,21187.80078125
2022-03-16,21468.80078125
2022-03-17,21771.19921875
2022-03-18,21818.5
2022-03-21,22009.099609375
2022-03-22,22074.400390625
2022-03-23,21932.19921875
2022-03-24,21937.900390625
2022-03-25,22005.900390625
2022-03-28,21977.80078125
2022-03-29,22087.19921875
2022-03-30,22076.0
2022-03-31,21890.19921875
2022-04-01,21953.0
2022-04-04,22085.599609375
2022-04-05,21930.80078125
2022-04-06,21788.599609375
2022-04-07,21834.900390625
2022-04-08,21874.400390625
2022-04-11,21790.5
2022-04-12,21715.400390625
2022-04-13,21838.0
2022-04-14,21855.69921875
2022-04-18,21878.400390625
2022-04-19,22018.80078125
2022-04-20,21998.400390625
2022-04-21,21650.400390625
2022-04-22,21186.400390625
2022-04-25,21011.900390625
2022-04-26,20690.80078125
2022-04-27,20744.19921875
2022-04-28,21121.099609375
2022-04-29,20762.0
2022-05-02,20692.19921875
2022-05-03,20905.30078125
2022-05-04,21185.0
2022-05-05,20696.19921875
2022-05-06,20633.30078125
2022-05-09,19999.69921875
2022-05-10,19890.099609375
2022-05-11,19837.30078125
2022-05-12,19699.099609375
2022-05-13,20099.80078125
2022-05-16,20206.400390625
2022-05-17,20491.0
2022-05-18,20101.400390625
2022-05-19,20181.900390625
2022-05-20,20197.599609375
2022-05-24,20286.19921875
2022-05-25,20383.80078125
2022-05-26,20532.19921875
2022-05-27,20748.599609375
2022-05-30,20919.400390625
2022-05-31,20729.30078125
2022-06-01,20713.69921875
2022-06-02,21031.80078125
2022-06-03,20790.69921875
2022-06-06,20819.099609375
2022-06-07,20928.19921875
2022-06-08,20792.400390625
2022-06-09,20563.900390625
2022-06-10,20274.80078125
2022-06-13,19742.599609375
2022-06-14,19548.5
2022-06-15,19611.599609375
2022-06-16,19004.099609375
2022-06-17,18930.5
2022-06-20,19183.599609375
2022-06-21,19257.30078125
2022-06-22,19004.0
2022-06-23,18717.099609375
2022-06-24,19062.900390625
2022-06-27,19258.30078125
2022-06-28,19222.69921875
2022-06-29,19078.599609375
2022-06-30,18861.400390625
2022-07-04,19028.900390625
2022-07-05,18834.19921875
2022-07-06,18729.69921875
2022-07-07,19063.19921875
2022-07-08,19022.900390625
2022-07-11,18816.80078125
2022-07-12,18678.599609375
2022-07-13,18615.19921875
2022-07-14,18329.099609375
2022-07-15,18394.5
2022-07-18,18595.599609375
2022-07-19,18937.69921875
2022-07-20,19020.69921875
2022-07-21,19062.900390625
2022-07-22,18982.900390625
2022-07-25,19104.5
2022-07-26,18972.69921875
2022-07-27,19254.599609375
2022-07-28,19456.69921875
2022-07-29,19692.900390625
2022-08-02,19505.30078125
2022-08-03,19545.900390625
2022-08-04,19577.0
2022-08-05,19620.099609375
2022-08-08,19669.19921875
2022-08-09,19578.30078125
2022-08-10,19885.900390625
2022-08-11,19991.900390625
2022-08-12,20179.80078125
2022-08-15,20180.599609375
2022-08-16,20270.0
2022-08-17,20181.400390625
2022-08-18,20265.400390625
2022-08-19,20111.400390625
2022-08-22,19974.900390625
2022-08-23,19985.400390625
2022-08-24,20021.400390625
2022-08-25,20172.30078125
2022-08-26,19873.30078125
2022-08-29,19836.099609375
2022-08-30,19512.900390625
2022-08-31,19330.80078125
2022-09-01,19142.69921875
2022-09-02,19270.900390625
2022-09-06,19088.19921875
2022-09-07,19241.400390625
2022-09-08,19413.0
2022-09-09,19773.30078125
2022-09-12,19987.19921875
2022-09-13,19645.400390625
2022-09-14,19726.099609375
2022-09-15,19560.19921875
2022-09-16,19385.900390625
2022-09-19,19562.400390625
2022-09-20,19368.69921875
2022-09-21,19184.5
2022-09-22,19002.69921875
2022-09-23,18481.0
2022-09-26,18327.0
2022-09-27,18307.900390625
2022-09-28,18648.900390625
2022-09-29,18441.80078125
2022-09-30,18444.19921875
2022-10-03,18881.19921875
2022-10-04,19371.0
2022-10-05,19235.099609375
2022-10-06,18979.0
2022-10-07,18583.099609375
2022-10-11,18216.69921875
2022-10-12,18206.30078125
2022-10-13,18613.599609375
2022-10-14,18326.400390625
2022-10-17,18621.0
2022-10-18,18798.19921875
2022-10-19,18674.400390625
2022-10-20,18579.30078125
2022-10-21,18861.0
2022-10-24,18918.400390625
2022-10-25,19097.0
2022-10-26,19279.80078125
2022-10-27,19352.099609375
2022-10-28,19471.19921875
2022-10-31,19426.099609375
2022-11-01,19517.69921875
2022-11-02,19277.0
2022-11-03,19241.19921875
2022-11-04,19449.80078125
2022-11-07,19545.900390625
2022-11-08,19660.30078125
2022-11-09,19344.30078125
2022-11-10,19990.400390625
2022-11-11,20111.5
2022-11-14,19921.80078125
2022-11-15,19994.80078125
2022-11-16,19958.0
2022-11-17,19884.599609375
2022-11-18,19980.900390625
2022-11-21,19977.099609375
2022-11-22,20220.0
2022-11-23,20282.30078125
2022-11-24,20344.099609375
2022-11-25,20383.80078125
2022-11-28,20220.5
2022-11-29,20277.400390625
2022-11-30,20453.30078125
2022-12-01,20525.5
2022-12-02,20485.69921875
2022-12-05,20242.30078125
2022-12-06,19990.19921875
2022-12-07,19973.19921875
2022-12-08,19969.19921875
2022-12-09,19947.099609375
2022-12-12,20019.69921875
2022-12-13,20023.5
2022-12-14,19891.69921875
2022-12-15,19600.599609375
2022-12-16,19443.30078125
2022-12-19,19200.80078125
2022-12-20,19306.900390625
2022-12-21,19571.099609375
2022-12-22,19349.69921875
2022-12-23,19506.69921875
2022-12-28,19284.099609375
2022-12-29,19485.900390625
2022-12-30,19384.900390625
2023-01-03,19443.80078125
2023-01-04,19588.80078125
2023-01-05,19506.80078125
2023-01-06,19814.5
2023-01-09,19857.099609375
2023-01-10,19898.900390625
2023-01-11,20025.099609375
2023-01-12,20211.19921875
2023-01-13,20360.099609375
2023-01-16,20390.30078125
2023-01-17,20457.5
2023-01-18,20376.19921875
2023-01-19,20341.400390625
2023-01-20,20503.19921875
2023-01-23,20631.599609375
2023-01-24,20629.599609375
2023-01-25,20599.599609375
2023-01-26,20700.5
2023-01-27,20714.5
2023-01-30,20572.099609375
2023-01-31,20767.400390625
2023-02-01,20751.099609375
2023-02-02,20740.400390625
2023-02-03,20758.30078125
2023-02-06,20628.900390625
2023-02-07,20725.0
2023-02-08,20679.5
2023-02-09,20597.80078125
2023-02-10,20612.099609375
2023-02-13,20702.19921875
2023-02-14,20704.80078125
2023-02-15,20720.400390625
2023-02-16,20606.400390625
2023-02-17,20515.19921875
2023-02-21,20252.599609375
2023-02-22,20193.30078125
2023-02-23,20188.19921875
2023-02-24,20219.19921875
2023-02-27,20260.099609375
2023-02-28,20221.19921875
2023-03-01,20259.80078125
2023-03-02,20337.19921875
2023-03-03,20581.599609375
2023-03-06,20514.80078125
2023-03-07,20275.5
2023-03-08,20346.5
2023-03-09,20086.69921875
2023-03-10,19774.900390625
2023-03-13,19588.900390625
2023-03-14,19694.19921875
2023-03-15,19378.80078125
2023-03-16,19539.0
2023-03-17,19387.69921875
2023-03-20,19519.400390625
2023-03-21,19654.900390625
2023-03-22,19532.80078125
2023-03-23,19459.900390625
2023-03-24,19501.5
2023-03-27,19624.69921875
2023-03-28,19657.5
2023-03-29,19837.69921875
2023-03-30,19941.0
2023-03-31,20099.900390625
2023-04-03,20278.30078125
2023-04-04,20275.80078125
2023-04-05,20159.599609375
2023-04-06,20196.69921875
2023-04-10,20275.80078125
2023-04-11,20421.900390625
2023-04-12,20454.30078125
2023-04-13,20564.5
2023-04-14,20579.900390625
2023-04-17,20642.0
2023-04-18,20684.69921875
2023-04-19,20680.80078125
2023-04-20,20630.69921875
2023-04-21,20693.19921875
2023-04-24,20676.69921875
2023-04-25,20439.900390625
2023-04-26,20366.69921875
2023-04-27,20522.599609375
2023-04-28,20636.5
2023-05-01,20615.099609375
2023-05-02,20407.599609375
2023-05-03,20354.69921875
2023-05-04,20238.19921875
2023-05-05,20542.0
2023-05-08,20585.19921875
2023-05-09,20585.69921875
2023-05-10,20499.30078125
2023-05-11,20417.599609375
2023-05-12,20419.599609375
2023-05-15,20540.0
2023-05-16,20242.099609375
2023-05-17,20296.400390625
2023-05-18,20297.099609375
2023-05-19,20351.099609375
2023-05-23,20146.0
2023-05-24,19927.69921875
2023-05-25,19774.099609375
2023-05-26,19920.30078125
2023-05-29,19968.0
2023-05-30,19739.69921875
2023-05-31,19572.19921875
2023-06-01,19672.30078125
2023-06-02,20024.599609375
2023-06-05,19931.599609375
2023-06-06,20055.599609375
2023-06-07,19983.69921875
2023-06-08,19942.69921875
2023-06-09,19892.099609375
2023-06-12,19921.30078125
2023-06-13,19990.400390625
2023-06-14,20015.099609375
2023-06-15,20027.400390625
2023-06-16,19975.400390625
2023-06-19,19934.19921875
2023-06-20,19754.099609375
2023-06-21,19706.0
2023-06-22,19580.900390625
2023-06-23,19418.19921875
2023-06-26,19587.30078125
2023-06-27,19733.099609375
2023-06-28,19818.900390625
2023-06-29,19913.19921875
2023-06-30,20155.30078125
2023-07-04,20204.900390625
2023-07-05,20103.900390625
2023-07-06,19810.69921875
2023-07-07,19831.0
2023-07-10,19822.5
2023-07-11,19878.599609375
2023-07-12,20070.80078125
2023-07-13,20277.599609375
2023-07-14,20262.099609375
2023-07-17,20226.80078125
2023-07-18,20376.599609375
2023-07-19,20491.19921875
2023-07-20,20436.900390625
2023-07-21,20547.5
2023-07-24,20582.099609375
2023-07-25,20551.5
2023-07-26,20561.599609375
2023-07-27,20385.5
2023-07-28,20519.400390625
2023-07-31,20626.599609375
2023-08-01,20532.900390625
2023-08-02,20218.19921875
2023-08-03,20120.69921875
2023-08-04,20236.0
2023-08-08,20206.0
2023-08-09,20275.30078125
2023-08-10,20342.900390625
2023-08-11,20407.599609375
2023-08-14,20290.5
2023-08-15,19899.80078125
2023-08-16,19899.099609375
2023-08-17,19812.19921875
2023-08-18,19818.400390625
2023-08-21,19784.900390625
2023-08-22,19691.19921875
2023-08-23,19879.80078125
2023-08-24,19775.80078125
2023-08-25,19835.80078125
2023-08-28,20025.099609375
2023-08-29,20290.400390625
2023-08-30,20330.30078125
2023-08-31,20292.599609375
2023-09-01,20545.400390625
2023-09-05,20413.80078125
2023-09-06,20227.0
2023-09-07,20132.099609375
2023-09-08,20074.69921875
2023-09-11,20182.80078125
2023-09-12,20223.099609375
2023-09-13,20278.900390625
2023-09-14,20567.80078125
2023-09-15,20622.30078125
2023-09-18,20492.80078125
2023-09-19,20218.900390625
2023-09-20,20214.69921875
2023-09-21,19791.599609375
2023-09-22,19780.0
2023-09-25,19800.599609375
2023-09-26,19556.19921875
2023-09-27,19436.0
2023-09-28,19590.69921875
2023-09-29,19541.30078125
2023-10-02,19177.19921875
2023-10-03,19020.900390625
2023-10-04,19034.80078125
2023-10-05,19137.80078125
2023-10-06,19246.099609375
2023-10-10,19501.19921875
2023-10-11,19663.80078125
2023-10-12,19500.19921875
2023-10-13,19462.900390625
2023-10-16,19620.80078125
2023-10-17,19692.80078125
2023-10-18,19450.69921875
2023-10-19,19348.80078125
2023-10-20,19115.599609375
2023-10-23,19046.69921875
2023-10-24,18986.5
2023-10-25,18947.900390625
2023-10-26,18875.30078125
2023-10-27,18737.400390625
2023-10-30,18856.80078125
2023-10-31,18873.5
2023-11-01,19079.0
2023-11-02,19626.30078125
2023-11-03,19824.900390625
2023-11-06,19743.900390625
2023-11-07,19575.599609375
2023-11-08,19530.19921875
2023-11-09,19587.400390625
2023-11-10,19654.5
2023-11-13,19709.19921875
2023-11-14,20023.69921875
2023-11-15,20057.900390625
2023-11-16,20053.099609375
2023-11-17,20175.80078125
2023-11-20,20246.5
2023-11-21,20110.0
2023-11-22,20114.0
2023-11-23,20116.69921875
2023-11-24,20103.099609375
2023-11-27,20032.69921875
2023-11-28,20036.80078125
2023-11-29,20116.19921875
2023-11-30,20236.30078125
2023-12-01,20452.900390625
2023-12-04,20410.19921875
2023-12-05,20375.900390625
2023-12-06,20274.19921875
2023-12-07,20278.5
2023-12-08,20331.5
2023-12-11,20318.400390625
2023-12-12,20233.80078125
2023-12-13,20629.5
2023-12-14,20778.80078125
2023-12-15,20529.19921875
2023-12-18,20622.69921875
2023-12-19,20839.599609375
2023-12-20,20600.80078125
2023-12-21,20765.69921875
2023-12-22,20881.19921875
2023-12-27,21015.900390625
2023-12-28,20929.400390625
2023-12-29,20958.400390625
2024-01-02,20872.099609375
2024-01-03,20818.599609375
2024-01-04,20871.400390625
2024-01-05,20937.599609375
2024-01-08,21074.900390625
2024-01-09,20971.0
2024-01-10,20989.400390625
2024-01-11,20918.400390625
2024-01-12,20990.19921875
2024-01-15,21061.900390625
2024-01-16,20948.099609375
2024-01-17,20695.0
2024-01-18,20756.69921875
2024-01-19,20906.5
2024-01-22,20924.30078125
2024-01-23,21034.599609375
2024-01-24,21025.80078125
2024-01-25,21101.5
2024-01-26,21125.30078125
2024-01-29,21200.099609375
2024-01-30,21227.900390625
2024-01-31,21021.900390625
2024-02-01,21119.19921875
2024-02-02,21085.099609375
2024-02-05,20871.900390625
2024-02-06,20957.69921875
2024-02-07,20969.19921875
2024-02-08,20919.599609375
2024-02-09,21009.599609375
2024-02-12,21067.30078125
2024-02-13,20585.0
2024-02-14,20889.400390625
2024-02-15,21222.69921875
2024-02-16,21255.599609375
2024-02-20,21217.5
2024-02-21,21172.400390625
2024-02-22,21318.099609375
2024-02-23,21413.19921875
2024-02-26,21324.30078125
2024-02-27,21318.900390625
2024-02-28,21243.80078125
2024-02-29,21363.599609375
2024-03-01,21552.400390625
2024-03-04,21531.099609375
2024-03-05,21525.900390625
2024-03-06,21594.0
2024-03-07,21794.599609375
2024-03-08,21737.5
2024-03-11,21769.19921875
2024-03-12,21831.0
2024-03-13,21970.099609375
2024-03-14,21829.900390625
2024-03-15,21849.19921875
2024-03-18,21837.19921875
2024-03-19,21860.599609375
2024-03-20,22045.69921875
2024-03-21,22087.30078125
2024-03-22,21984.099609375
2024-03-25,21942.30078125
2024-03-26,21912.5
2024-03-27,22107.099609375
2024-03-28,22167.0
2024-04-01,22185.30078125
2024-04-02,22075.099609375
2024-04-03,22112.5
2024-04-04,22051.80078125
2024-04-05,22264.400390625
2024-04-08,22260.30078125
2024-04-09,22361.80078125
2024-04-10,22199.099609375
2024-04-11,22110.099609375
2024-04-12,21900.0
2024-04-15,21740.19921875
2024-04-16,21642.900390625
2024-04-17,21656.099609375
2024-04-18,21708.400390625
2024-04-19,21807.400390625
2024-04-22,21872.0
2024-04-23,22011.69921875
2024-04-24,21873.69921875
2024-04-25,21885.400390625
2024-04-26,21969.19921875
2024-04-29,22011.599609375
2024-04-30,21714.5
2024-05-01,21728.599609375
2024-05-02,21823.19921875
2024-05-03,21947.400390625
2024-05-06,22259.5
2024-05-07,22290.599609375
2024-05-08,22259.19921875
2024-05-09,22375.80078125
2024-05-10,22308.900390625
2024-05-13,22259.19921875
2024-05-14,22243.30078125
2024-05-15,22284.80078125
2024-05-16,22299.80078125
2024-05-17,22465.400390625
2024-05-21,22468.19921875
2024-05-22,22346.80078125
2024-05-23,22200.80078125
2024-05-24,22320.900390625
2024-05-27,22373.400390625
2024-05-28,22265.099609375
2024-05-29,21898.0
2024-05-30,22071.69921875
2024-05-31,22269.099609375
2024-06-03,22116.69921875
2024-06-04,21978.19921875
2024-06-05,22145.0
2024-06-06,22229.099609375
2024-06-07,22007.0
2024-06-10,22069.80078125
2024-06-11,21887.30078125
2024-06-12,21961.599609375
2024-06-13,21698.099609375
2024-06-14,21639.099609375
2024-06-17,21587.900390625
2024-06-18,21611.30078125
2024-06-19,21516.900390625
2024-06-20,21581.400390625
2024-06-21,21554.900390625
2024-06-24,21848.599609375
